job_id,case_id,family,policy_slots,global_common,native_success,clear_success,contiguous_success,local_common_s,longest_local_common_s,environment_record_s,upward_load_gt_1pct_s,longest_upward_load_s,below_floor_normal_record_s,max_normal_sum_n,max_net_force_n,min_floor_clearance_m,limited_diagnosis,full_wrench_verdict,trace_sha256
000f79d7478981cbe989,v3_new1_cube_random_05,cube_random,baseline:6;repair:6;no_extra:6,False,False,False,False,13.21,13.21,13.21,13.21,13.21,0.0,0.598104899152848,0.7091013102789387,-0.0003160530376380283,sustained_measured_upward_load,UNKNOWN_PENDING_REPLAY,892e4b86fe4c02b5139b067a870efb34dec03605b781c7424b091ba941fd3d07
008da7e74f78f588b3ec,v3_new3_bar_random_10,bar_random,baseline:4;repair:4;no_extra:4,True,True,False,True,15.31,15.31,15.31,15.31,15.31,0.0,9.594896902098691,10.131007148208147,-0.002460566086684046,sustained_measured_upward_load,UNKNOWN_PENDING_REPLAY,2e3b1da059d7335e2fad6a2c3cc73d094f6ed6ee5d1974124cd74924fe724ab3
00ab82b10edc360a7497,v3_new2_bar_random_03,bar_random,baseline:2;repair:2;no_extra:2,True,True,False,True,15.604000000000001,15.604000000000001,15.604000000000001,15.604000000000001,15.604000000000001,0.0,9.45802854909193,10.110975234007718,-0.0023079391999774185,sustained_measured_upward_load,UNKNOWN_PENDING_REPLAY,349c7c58df1e0b408d67f49b0d0be96d6ca9950426c6b570ebd128bb5198ac64
010a8063861c63b878ee,v3_new1_cube_random_08,cube_random,baseline:1;repair:1;no_extra:1,True,True,False,True,21.246000000000002,20.342,21.244,21.244,20.342,0.0,0.5665774052049888,0.641562669747888,-0.00025113906688188636,sustained_measured_upward_load,UNKNOWN_PENDING_REPLAY,beb27fe78f0452845076c74f195de0f6c06ea61013a95cb3a4c317ca8d023bb3
0112511ef0c6815bdb33,v3_new1_bar_random_08,bar_random,baseline:4;repair:4;no_extra:4,False,False,False,False,0.0,0.0,0.0,0.0,0.0,0.0,0.0,0.0,,no_local_common_interval,UNKNOWN_PENDING_REPLAY,453508395d49e7121b3403abd198b4792f9b686142d139287bc984733d3c14b4
0303e45357e1cd864171,v3_new1_cube_random_18,cube_random,baseline:5;repair:5;no_extra:5,True,True,False,True,15.6,15.6,15.6,15.6,15.6,0.0,0.5161190642672464,0.5490455083038104,-0.00023699169910708362,sustained_measured_upward_load,UNKNOWN_PENDING_REPLAY,b36d4329a04dcc86283c07bac417b0e17a9b7a34a2c5708f501ee7c7a00b10aa
0405215aa279dc85cb11,v3_new1_cube_random_15,cube_random,baseline:2;repair:2;no_extra:2,True,True,False,True,16.424,15.564,16.384,16.384,15.096,0.0,1.746634431513912,2.4691021909420052,-0.00040628774691119085,sustained_measured_upward_load,UNKNOWN_PENDING_REPLAY,b85c8ae2cd17753b9e9842882d0617cf72bee46530e1734e169ee835a10f2ec7
041db92f0efc819550aa,v3_new2_bar_random_13,bar_random,baseline:6;repair:6;no_extra:6,False,False,False,False,0.0,0.0,0.0,0.0,0.0,0.0,0.0,0.0,,no_local_common_interval,UNKNOWN_PENDING_REPLAY,208202535fbf6f5bafd46fd89859e50d572199128df85fdbde7e824729fb384c
0423e824b2fc2d164257,v3_new1_bar_random_19,bar_random,baseline:4;repair:4;no_extra:4,False,False,False,False,0.0,0.0,0.0,0.0,0.0,0.0,0.0,0.0,,no_local_common_interval,UNKNOWN_PENDING_REPLAY,60aefd78937a4aae70f40f9a44b1cd37616d70611a9deff281e237a144b4ec83
0424f1cbc0b544b69002,v3_new2_bar_random_12,bar_random,baseline:2;repair:2;no_extra:2,False,False,False,False,0.0,0.0,0.0,0.0,0.0,0.0,0.0,0.0,,no_local_common_interval,UNKNOWN_PENDING_REPLAY,d9bc9dc14cfe5bc12c12e81ebbad89b161cebc78cc5820fcb00cf13576299057
048c3b225e41567fae90,v3_new3_cube_random_09,cube_random,baseline:4;repair:4;no_extra:4,False,False,False,False,20.79,15.188,20.79,20.79,15.188,0.0,0.6258450991508575,0.6870255856580278,-0.00028287654061025236,sustained_measured_upward_load,UNKNOWN_PENDING_REPLAY,41fa4d133e6f7268b49c80f0a4c2dd3596184ed876ea93cfc23549c93760e0b5
055ba35e68e8fa994b1a,v3_new3_cube_random_16,cube_random,baseline:5;repair:5;no_extra:5,True,True,False,True,17.03,15.214,17.03,17.03,15.214,0.0,0.583871491201302,0.6208324418032098,-0.00024156723616565456,sustained_measured_upward_load,UNKNOWN_PENDING_REPLAY,98f0c1d7c1390a8138046f027354da50e639ef5f573a59c5aed5daa20a2b1c21
0595e356e7747a5f25f2,v3_new3_flat_box_random_12,flat_box_random,baseline:2;repair:2;no_extra:2,True,True,False,True,15.544,15.248000000000001,15.544,15.544,15.248000000000001,0.0,1.038960264103188,1.2292864150137166,-0.0003175831323831563,sustained_measured_upward_load,UNKNOWN_PENDING_REPLAY,c677e07321eb21c41891ebaea43f22b18c3cac6873c8590836c0a32dceed79b4
05ae1c3ffb8e4806c0cd,v3_new2_cube_random_17,cube_random,baseline:4;repair:4;no_extra:4,False,False,False,False,0.0,0.0,0.0,0.0,0.0,0.0,0.0,0.0,,no_local_common_interval,UNKNOWN_PENDING_REPLAY,6b21e6d1522eade5647d2ba02e3fec0b87703691fb50cd3b44e8fdcaf9df9d65
061068bea9418d4b7a89,v3_new2_cube_random_05,cube_random,baseline:1;repair:1;no_extra:1,True,True,False,True,20.872,20.382,20.872,20.872,20.382,0.0,0.5605035541753915,0.6301286843732787,-0.0002611446538108436,sustained_measured_upward_load,UNKNOWN_PENDING_REPLAY,acfc2efe5f21dc2dc136870319f31e8172458ef40101434020cba8e5a838d6c6
062c3834bce9b70bbf54,v3_new3_cube_random_15,cube_random,baseline:5;repair:5;no_extra:5,True,True,False,True,18.624,15.454,18.612000000000002,18.612000000000002,15.454,0.0,1.889526029567598,2.324256289117387,-0.000742570515164867,sustained_measured_upward_load,UNKNOWN_PENDING_REPLAY,e048b33a4bcd1579ca6902b105309f65557a6956fb1b28e2be5fe835e3093f31
06f591211be1b388dcc6,v3_new3_bar_random_01,bar_random,baseline:4;repair:4;no_extra:4,False,False,False,False,0.0,0.0,0.0,0.0,0.0,0.0,0.0,0.0,,no_local_common_interval,UNKNOWN_PENDING_REPLAY,aa6c0459920633f4d90463d09d17ea0f927f0168c963b50c78c335e59cb77594
08b8b1e056fa032637cb,v3_new2_bar_random_11,bar_random,baseline:4;repair:4;no_extra:4,False,False,False,False,0.0,0.0,0.0,0.0,0.0,0.0,0.0,0.0,,no_local_common_interval,UNKNOWN_PENDING_REPLAY,f24a628e2dac8b828a3e08d4ce4e8c147e6f2612a440059f5d8a7ed4dcabfaf4
091d76ef1460ec885957,v3_new2_cube_random_08,cube_random,baseline:5;repair:5;no_extra:5,True,True,False,True,17.634,17.06,17.634,17.634,17.06,0.0,0.556699397705277,0.6276026427332366,-0.0002815786599243003,sustained_measured_upward_load,UNKNOWN_PENDING_REPLAY,2e60fa7b1b4444dcc318ba8a61a56f4f35d8f1bf1502ee078a0ecd954fdb7b1f
09b975f1fc05f1423d62,v3_new3_flat_box_random_06,flat_box_random,baseline:6;repair:6;no_extra:6,False,False,False,False,15.42,12.38,15.42,15.42,12.38,0.0,1.400932256412759,1.511106185209625,-0.0004583390425517281,sustained_measured_upward_load,UNKNOWN_PENDING_REPLAY,9c5654bf8f820e973241726cc7dc86ee6cf82fe4137463900b8be0c332061a51
09eccb9ca9e18a3c22a6,v3_new1_cube_random_16,cube_random,baseline:3;repair:3;no_extra:3,False,False,False,False,23.496000000000002,13.05,23.392,23.392,10.362,0.0,1.7151364084290286,2.300786019894251,-0.0005258089930495341,sustained_measured_upward_load,UNKNOWN_PENDING_REPLAY,d0062ceaf3b3da1b34b4d52ce7dd24fc17319e24fa5a917c7f0c508ba60ba07a
0a0ffcbc8177c656ee66,v3_new2_bar_random_01,bar_random,baseline:4;repair:4;no_extra:4,True,True,False,True,15.874,15.874,15.874,15.874,15.874,0.0,9.552893629665514,10.077632802050198,-0.002367912979131498,sustained_measured_upward_load,UNKNOWN_PENDING_REPLAY,7cfc86b9ecd3be35edff5cb696b9b4154f6fd2ff0325772bad9dac331a64540b
0a130a89cd7928d063df,v3_new1_cube_random_08,cube_random,baseline:5;repair:5;no_extra:5,True,True,False,True,17.928,17.068,17.928,17.928,17.068,0.0,0.5566331341111668,0.6315981007364592,-0.00028077392866730777,sustained_measured_upward_load,UNKNOWN_PENDING_REPLAY,a29d9b6f1ea8075aa4c9a7699e9b9da0118d85e0f4129bcc9a232eecc539081a
0ac29e9df6def4361487,v3_new3_cube_random_10,cube_random,baseline:5;repair:5;no_extra:5,False,False,False,False,0.0,0.0,0.0,0.0,0.0,0.0,0.0,0.0,,no_local_common_interval,UNKNOWN_PENDING_REPLAY,44059825e0cd92f5f61d312eb8baf9fe2ff10e5e3531da76a7fbb357028d5ede
0b45ba6d941ca2034a78,v3_new2_bar_random_11,bar_random,baseline:2;repair:2;no_extra:2,True,True,False,True,16.02,16.02,16.02,16.02,16.02,0.0,9.763377047924214,10.423588642121809,-0.002361255598441983,sustained_measured_upward_load,UNKNOWN_PENDING_REPLAY,b9d77c89e3a532cab47c7af19cfa5ad1a47cb447cf4022473a6c5e18a850e09c
0b97b25b77043ad04947,v3_new2_cube_random_12,cube_random,baseline:3;repair:3;no_extra:3,True,True,False,True,16.658,16.166,16.146,16.146,15.114,0.0,0.7610350356062939,0.8141172737629123,-0.0004274841200535423,sustained_measured_upward_load,UNKNOWN_PENDING_REPLAY,16adb7978b271ce8768418471084dfc8b43066c9aad201c41c6319c48a6491d8
0b9b0e82e7411e45adc8,v3_new2_bar_random_13,bar_random,baseline:1;repair:1;no_extra:1,False,False,False,False,0.0,0.0,0.0,0.0,0.0,0.0,0.0,0.0,,no_local_common_interval,UNKNOWN_PENDING_REPLAY,ca0658112752814252d78b30ad7b6890dd8cc01d661ff9e497b5b01bcb58908f
0baa60ea00da6a226cd4,v3_new1_cube_random_15,cube_random,baseline:1;repair:1;no_extra:1,True,True,False,True,21.152,20.406,21.152,21.152,20.406,0.0,0.5779218824777985,0.6499316272751144,-0.0002567830552119149,sustained_measured_upward_load,UNKNOWN_PENDING_REPLAY,564cb0291f4d8758288fdfe9d65140fc3d752647e1eccc02db31cc7c6ee9bf27
0ca6a262c4627074cb7c,v3_new3_cube_random_14,cube_random,baseline:5;repair:5;no_extra:5,False,False,False,False,15.138,15.138,15.138,15.138,15.138,0.0,0.5475473646214227,0.5813395807411166,-0.00022264772460066362,sustained_measured_upward_load,UNKNOWN_PENDING_REPLAY,47cbd8cfd548af335791e70fc5325b825644b9206d9cf362130b00d1b23d9713
0d36d876b2eb6dad3107,v3_new3_cube_random_05,cube_random,baseline:6;repair:6;no_extra:6,False,False,False,False,9.108,9.108,9.108,9.108,9.108,0.0,0.5742419895644533,0.673319996503921,-0.00023470941753520047,sustained_measured_upward_load,UNKNOWN_PENDING_REPLAY,8f13a87d66c7f12a9036a8596a3322cd6c4104878bd4262b195d0174b78ac49e
0d9a1fcbdebd5ea5aa95,v3_new2_flat_box_random_06,flat_box_random,baseline:4;repair:4;no_extra:4,False,False,False,False,0.0,0.0,0.0,0.0,0.0,0.0,0.0,0.0,,no_local_common_interval,UNKNOWN_PENDING_REPLAY,b278195fc2d81cb9ca7179031ad400c23c23bc5dd3826e8511962b8066aa40a2
0dd3381d08dfdcc8359e,v3_new1_flat_box_random_05,flat_box_random,baseline:4;repair:4;no_extra:4,False,False,False,False,10.158,9.786,10.154,10.154,9.786,0.0,0.9876468480027827,1.0795119083462814,-0.0004856465858377318,sustained_measured_upward_load,UNKNOWN_PENDING_REPLAY,68ef7398f14c4204d2cc280cfb17d4ad486c498666371c725c64a1fff962616e
0e21aea6f2d41b66ed7b,v3_new2_bar_random_19,bar_random,baseline:1;repair:1;no_extra:1,True,True,False,True,15.138,15.138,15.138,15.138,15.138,0.0,8.743745636799085,9.555704529054553,-0.002211868759458599,sustained_measured_upward_load,UNKNOWN_PENDING_REPLAY,7e8a0ff44a8c1329f7c4819e57b2db017e3bc917d78ba5d3ab14061999cc5155
0f45da9a83ae5e65dd61,v3_new3_bar_random_01,bar_random,baseline:3;repair:3;no_extra:3,False,False,False,False,0.0,0.0,0.0,0.0,0.0,0.0,0.0,0.0,,no_local_common_interval,UNKNOWN_PENDING_REPLAY,1b6e092a3df5dd5a860e0e6f5836d5c2b76dc2dc44fae904cf76bd409348688e
0fa0f3e432a60e4c0354,v3_new2_bar_random_03,bar_random,baseline:6;repair:6;no_extra:6,True,True,False,True,15.546000000000001,15.546000000000001,15.546000000000001,15.546000000000001,15.546000000000001,0.0,9.118289687806625,10.045723186657817,-0.002241206385749067,sustained_measured_upward_load,UNKNOWN_PENDING_REPLAY,a0e82d09d1b160b4251de464e425ea2dfdc17ecf5768fd47e9548d2a63f1b431
0ff5d4e446e54f7fa81f,v3_new2_bar_random_11,bar_random,baseline:3;repair:3;no_extra:3,True,True,False,True,15.804,15.804,15.804,15.804,15.804,0.0,9.359375427845686,9.937522748597303,-0.0022244784503029497,sustained_measured_upward_load,UNKNOWN_PENDING_REPLAY,40141f76541202ddb5ea149b19d391e01b07ee7e9dbe3cb55ece7018fe969b23
113bee4e5fa6da5ac613,v3_new2_cube_random_07,cube_random,baseline:1;repair:1;no_extra:1,False,False,False,False,9.44,9.44,9.22,9.22,4.088,0.0,0.16176529520090166,0.17898101852286932,-0.00011644073945676903,sustained_measured_upward_load,UNKNOWN_PENDING_REPLAY,2de0b34abdf08b181f044580fe9b56c9f32e7485ec2a9d2ec21a3dc4110baade
1156d7c7a5591a189bd5,v3_new1_cube_random_00,cube_random,baseline:1;repair:1;no_extra:1,False,True,False,True,20.634,20.634,20.634,20.634,20.634,0.0,0.6264952191960639,0.6542303783705941,-0.00026123000981753686,sustained_measured_upward_load,UNKNOWN_PENDING_REPLAY,d4d5125822d393c9f60aa8626164c772b9e7a2f780023bbcab12578e1e0d79d1
1238901ea4fc91d99ab8,v3_new1_flat_box_random_06,flat_box_random,baseline:1;repair:1;no_extra:1,False,False,False,False,17.648,17.608,17.632,17.632,17.55,0.0,0.89570804325805,0.9989264929816151,-0.0003586970846078258,sustained_measured_upward_load,UNKNOWN_PENDING_REPLAY,58217e4c4408b50a199a6f863914916ea5115de717687ba4d6fef8645561b753
123fc595fd196458c13c,v3_new1_bar_random_08,bar_random,baseline:2;repair:2;no_extra:2,True,True,False,True,15.73,15.73,15.73,15.73,15.73,0.0,10.01814672963301,10.74661586452933,-0.002376814659773324,sustained_measured_upward_load,UNKNOWN_PENDING_REPLAY,5afa3c101344815d733179faf3127ae6f48c45e53e5061085ce5b878d10a9eac
124a9dda1219e9883ad6,v3_new2_cube_random_07,cube_random,baseline:5;repair:5;no_extra:5,False,False,False,False,17.468,15.258000000000001,17.468,17.468,15.258000000000001,0.0,2.200117867678788,2.974331023979443,-0.0007262604856833194,sustained_measured_upward_load,UNKNOWN_PENDING_REPLAY,7f2f46b24bacf84567c888201d2a6e9ee72e5b89b6fc37db437b45b3a0fbd7ca
1488a3f86246e514c72d,v3_new3_cube_random_11,cube_random,baseline:5;repair:5;no_extra:5,False,False,False,False,0.0,0.0,0.0,0.0,0.0,0.0,0.0,0.0,,no_local_common_interval,UNKNOWN_PENDING_REPLAY,f05a0ae6d4f79838098f1c5495d02b16aa07316f581cb02344deeadc824b57cd
15aca29cbc678b952969,v3_new1_cube_random_04,cube_random,baseline:3;repair:3;no_extra:3,True,True,False,True,20.218,19.394000000000002,19.518,19.518,15.112,0.0,0.8894672054794509,0.9096514438213686,-0.0002755504172698292,sustained_measured_upward_load,UNKNOWN_PENDING_REPLAY,c609f11b5854b378af009ab386445a80402322aed8e7bdfab19b94d6fd705364
1895a4e1ab8b8e834d18,v3_new2_cube_random_12,cube_random,baseline:6;repair:6;no_extra:6,False,False,False,False,0.0,0.0,0.0,0.0,0.0,0.0,0.0,0.0,,no_local_common_interval,UNKNOWN_PENDING_REPLAY,cb15ae0b8c1c91edae4d79cc5cf028e62433ee01a210fb653805dffbb216dea5
195cabe85b0b8c746546,v3_new3_cube_random_10,cube_random,baseline:4;repair:4;no_extra:4,False,False,False,False,0.0,0.0,0.0,0.0,0.0,0.0,0.0,0.0,,no_local_common_interval,UNKNOWN_PENDING_REPLAY,e09acffc837c1d9837ca038704625d83e5979d5f4a5bcb45841d48bba6c223db
197d5cfee7ad00cca509,v3_new2_flat_box_random_13,flat_box_random,baseline:1;repair:1;no_extra:1,False,False,False,False,5.3340000000000005,4.272,5.3340000000000005,5.3340000000000005,4.272,0.0,0.8023754605033651,0.9336679028014174,-0.00039591352246057254,sustained_measured_upward_load,UNKNOWN_PENDING_REPLAY,47c778e786191a84f3bc85a29e9df6aaac8d73b8664aacc499402544d71b5b99
19a8dbe677ea8ddd6ce2,v3_new2_bar_random_11,bar_random,baseline:1;repair:1;no_extra:1,True,True,False,True,15.748000000000001,15.748000000000001,15.748000000000001,15.748000000000001,15.748000000000001,0.0,8.776464352162508,9.841715772575924,-0.0021467698454589873,sustained_measured_upward_load,UNKNOWN_PENDING_REPLAY,3eba1732664e13aeff2e94eec2d75a2e48b8afef6a5f9978782561ce9c5dd0fb
1a19afc8b692eca1e794,v3_new2_cube_random_00,cube_random,baseline:2;repair:2;no_extra:2,True,True,False,True,23.43,23.43,23.43,23.43,23.43,0.0,1.7655927157278475,2.4889246555634026,-0.0005375988913105811,sustained_measured_upward_load,UNKNOWN_PENDING_REPLAY,89e3fd85f30194af2c587f07b10c8bb90c7001cce9cd0eeb8e5f17678fb65add
1b00e67f0eb85d6a0ef7,v3_new1_cube_random_12,cube_random,baseline:3;repair:3;no_extra:3,True,True,False,True,16.482,16.288,15.716000000000001,15.716000000000001,15.082,0.0,0.9992825301397091,1.2910120956728874,-0.0007923955521684095,sustained_measured_upward_load,UNKNOWN_PENDING_REPLAY,b9ef64ce94b473303a582faa079daf5249381277cac39bcd6b08a91c9794f5cf
1bcd7493f3c026741d16,v3_new3_bar_random_02,bar_random,baseline:6;repair:6;no_extra:6,False,False,False,False,0.0,0.0,0.0,0.0,0.0,0.0,0.0,0.0,,no_local_common_interval,UNKNOWN_PENDING_REPLAY,c9a8e2ac1b2e0b73db758a8fc3475058eb941d196519f767b86c4496b8aa9d4b
1bf569f6745a27107d1e,v3_new1_flat_box_random_16,flat_box_random,baseline:1;repair:1;no_extra:1,False,False,False,False,12.264000000000001,7.204,12.242,12.242,6.974,0.0,1.7717112891452298,1.831817864629995,-0.0005992323628122714,sustained_measured_upward_load,UNKNOWN_PENDING_REPLAY,b73581859186f8c1871410af6e212edcaac00ec6744e643666b1a307255c1fd7
1d2a911c07d4fa1acc01,v3_new2_cube_random_13,cube_random,baseline:4;repair:4;no_extra:4,False,False,False,False,15.898,15.898,15.898,15.898,15.898,0.0,0.6396309896956671,0.756601306953912,-0.0002579531372298577,sustained_measured_upward_load,UNKNOWN_PENDING_REPLAY,7c3df097373f114a0c74b0478f7d521720380b89ead12511f61550d4b1ba4529
1d7b3382f59c289feb96,v3_new1_bar_random_17,bar_random,baseline:1;repair:1;no_extra:1,False,False,False,False,0.0,0.0,0.0,0.0,0.0,0.0,0.0,0.0,,no_local_common_interval,UNKNOWN_PENDING_REPLAY,ca970a7fe94b9774b2b497231aa605b676dc6f0087d59991eddde4685f3c9926
1d7dac40dd58d6aff44a,v3_new2_bar_random_01,bar_random,baseline:3;repair:3;no_extra:3,False,False,False,False,0.0,0.0,0.0,0.0,0.0,0.0,0.0,0.0,,no_local_common_interval,UNKNOWN_PENDING_REPLAY,c2a31d539ce753c14d39e546cbbdc0bc41fb62bd3a43976b9bd7988063e82569
1e39c8938b5b24fe9da0,v3_new1_cube_random_17,cube_random,baseline:2;repair:2;no_extra:2,True,True,False,True,23.46,23.46,23.46,23.46,23.46,0.0,1.7062264136888217,2.211616328112177,-0.0005489152992347451,sustained_measured_upward_load,UNKNOWN_PENDING_REPLAY,007bcceb21feead500ef86bb8d0d20caa9a3e1426f34c8c4d479e618692d2db9
1e73f5d19433c108bb95,v3_new1_flat_box_random_06,flat_box_random,baseline:2;repair:2;no_extra:2,False,False,False,False,10.936,8.924,10.914,10.914,8.924,0.0,1.3034436940246015,1.3878831248694852,-0.0003604735749318383,sustained_measured_upward_load,UNKNOWN_PENDING_REPLAY,f486cca2592f341a938f3c350cd083fc0c6d0e21b41fa21c87f87c6121bc1a19
1e8d2a53127dcda4123f,v3_new2_flat_box_random_06,flat_box_random,baseline:6;repair:6;no_extra:6,False,False,False,False,0.0,0.0,0.0,0.0,0.0,0.0,0.0,0.0,,no_local_common_interval,UNKNOWN_PENDING_REPLAY,b278195fc2d81cb9ca7179031ad400c23c23bc5dd3826e8511962b8066aa40a2
1f7c1b3b970c1ff4217f,v3_new1_cube_random_11,cube_random,baseline:1;repair:1;no_extra:1,True,True,False,True,21.084,20.434,21.084,21.084,20.434,0.0,0.590148510358949,0.6809781902441124,-0.0002561781365320731,sustained_measured_upward_load,UNKNOWN_PENDING_REPLAY,c8f8195499d441fa9d9b065a9be7def0cec046c17b6a1195f2aa9a966f6296e0
201086aa45c5cc147335,v3_new3_bar_random_15,bar_random,baseline:1;repair:1;no_extra:1,False,False,False,False,0.058,0.044,0.058,0.058,0.044,0.0,9.797510552693716,12.301098908599577,-0.0017202669130658016,mixed_or_transient_full_wrench_unknown,UNKNOWN_PENDING_REPLAY,dd236803b32c29e1e208ae4ed561c28d0e525d168cefbb7ca0c1e239ae666b9e
20225c2f7a40ddef24db,v3_new1_cube_random_15,cube_random,baseline:5;repair:5;no_extra:5,True,True,False,True,15.32,15.32,15.32,15.32,15.32,0.0,0.5354236904900791,0.5660934231873405,-0.00022935965727147178,sustained_measured_upward_load,UNKNOWN_PENDING_REPLAY,5a2397599777c13fb2d08c7d40c1f3b1d92013093eb2c537e25ddc6fd7f1f042
209225234d25292a669e,v3_new2_cube_random_13,cube_random,baseline:1;repair:1;no_extra:1,True,True,False,True,21.044,21.044,21.044,21.044,21.044,0.0,0.6178212887567058,0.6519099967895594,-0.00025254251952998297,sustained_measured_upward_load,UNKNOWN_PENDING_REPLAY,2b4fd5ac3f95ef9329cff455f7d48e2991e874a240625435dca26eb710c1a5e4
209b01b25ff9520dadc8,v3_new3_bar_random_05,bar_random,baseline:5;repair:5;no_extra:5,True,True,False,True,15.344000000000001,15.344000000000001,15.344000000000001,15.344000000000001,15.344000000000001,0.0,8.959022077112332,9.851445264616245,-0.0022211471254697662,sustained_measured_upward_load,UNKNOWN_PENDING_REPLAY,4ec0d97679f6e5789c47d60ca13ec5d7591ba3ed5fd5da5e8f81518f2b023d0c
20a66baae3530c22a93a,v3_new1_cube_random_14,cube_random,baseline:4;repair:4;no_extra:4,True,True,False,True,20.778,15.196,20.778,20.778,15.196,0.0,0.6294427274767248,0.6994762133854194,-0.00028461575636001823,sustained_measured_upward_load,UNKNOWN_PENDING_REPLAY,b39eb5cd3634ee27f635e879059a385103671cc873ef774eef4c323e65c77fca
20c2929824e24dd65512,v3_new3_bar_random_10,bar_random,baseline:5;repair:5;no_extra:5,False,False,False,False,0.41000000000000003,0.41000000000000003,0.41000000000000003,0.41000000000000003,0.41000000000000003,0.0,10.863846009324627,11.630046653754938,-0.0027401898285583787,sustained_measured_upward_load,UNKNOWN_PENDING_REPLAY,c0dcdc8daadb3f4757c064bf467a210ae0390455d509ffa0c47d861b3919a759
20d34f0c7072bd4fe774,v3_new3_flat_box_random_09,flat_box_random,baseline:6;repair:6;no_extra:6,False,False,False,False,0.498,0.308,0.496,0.496,0.308,0.0,0.5804716727205603,0.8100897195635615,-0.00031276483328059046,sustained_measured_upward_load,UNKNOWN_PENDING_REPLAY,c3e837767abb3188d2804f872ebe0316538abc2034164f6f8395be5db5085055
21e83a4f9cf0d45f6319,v3_new1_cube_random_14,cube_random,baseline:1;repair:1;no_extra:1,False,False,False,False,9.466000000000001,9.466000000000001,0.0,0.0,0.0,0.0,0.0,0.0,0.0005881169328626895,no_environment_records_in_local_common_intervals,UNKNOWN_PENDING_REPLAY,ce85a756071d461bca67dbe0b10788893f08d53eb1a2595bff38440f045def01
21f8d90ea02c9ae8069e,v3_new3_bar_random_05,bar_random,baseline:1;repair:1;no_extra:1,True,True,False,True,15.654,15.654,15.654,15.654,15.654,0.0,10.05928527454183,10.77512821373081,-0.0024560165321696886,sustained_measured_upward_load,UNKNOWN_PENDING_REPLAY,0eaba5d881eae2e5986b09cc8830e508cec756f133df06cbfaab7635d61871cb
22542184062de5808e08,v3_new1_cube_random_14,cube_random,baseline:2;repair:2;no_extra:2,True,True,False,True,23.432000000000002,23.432000000000002,23.432000000000002,23.432000000000002,23.432000000000002,0.0,1.3515048686245699,1.8276086010144095,-0.0005704535410067796,sustained_measured_upward_load,UNKNOWN_PENDING_REPLAY,df5fcc00d8b1cf7c717a000ce1860b28dd2d26ec4896028500adfef6a4018b8a
22883faa361099e8d2d5,v3_new3_bar_random_12,bar_random,baseline:1;repair:1;no_extra:1,True,True,False,True,16.072,16.072,16.072,16.072,16.072,0.0,9.61268235189617,10.376758227776223,-0.0023732516136994453,sustained_measured_upward_load,UNKNOWN_PENDING_REPLAY,420871f5381c5a00aa474e01dad8131df6c37ed5c940157eba8fb96406b196e9
230d60644759a40ae703,v3_new2_cube_random_09,cube_random,baseline:6;repair:6;no_extra:6,False,False,False,False,0.802,0.016,0.802,0.802,0.016,0.0,0.8138503348370691,0.9615641401699873,-0.00042191133919594614,mixed_or_transient_full_wrench_unknown,UNKNOWN_PENDING_REPLAY,95e37680f1dec9d72e1cd4adc49987b8b7d1cd187f746a3a98dde5061f102bd1
2459536dbb2e521b16ea,v3_new1_cube_random_08,cube_random,baseline:4;repair:4;no_extra:4,True,True,False,False,17.848,14.982000000000001,17.848,17.848,14.982000000000001,0.0,0.6439840253488563,0.7358912078576109,-0.0002821850614017768,sustained_measured_upward_load,UNKNOWN_PENDING_REPLAY,4332ed13b4e9f521f61723c7daf58da11e4794652e41c5583659823b943d7e6b
24af05a83d2b6a8d9a1d,v3_new3_flat_box_random_09,flat_box_random,baseline:2;repair:2;no_extra:2,True,True,False,True,15.464,15.422,15.462,15.462,15.422,0.0,1.168551786424498,1.5450088358449559,-0.0004657392195167587,sustained_measured_upward_load,UNKNOWN_PENDING_REPLAY,7b83262260c3b15b622d3711adfec88f53c64806eb2c85ff2d519211451dc440
24fb7a89666377b5d4c1,v3_new1_cube_random_07,cube_random,baseline:6;repair:6;no_extra:6,False,False,False,False,8.294,8.294,8.294,8.294,8.294,0.0,0.5583923695227246,0.6348134679852273,-0.00022325793792282722,sustained_measured_upward_load,UNKNOWN_PENDING_REPLAY,d4aae65e9ba9798f083c1f06ae9f9846046dc52c47ee384ed248099929869759
255c18496f7c2ceee04a,v3_new3_bar_random_15,bar_random,baseline:4;repair:4;no_extra:4,False,False,False,False,0.0,0.0,0.0,0.0,0.0,0.0,0.0,0.0,,no_local_common_interval,UNKNOWN_PENDING_REPLAY,5d3a15e9bbe22ba366f3a808ae3a2c8328e971c77eec15f7a0459e735357c48b
257ef0d4840005b09ea5,v3_new1_cube_random_09,cube_random,baseline:6;repair:6;no_extra:6,False,False,False,False,0.0,0.0,0.0,0.0,0.0,0.0,0.0,0.0,,no_local_common_interval,UNKNOWN_PENDING_REPLAY,77626bfecbd5cc64b9c757699f3c89b8902c7b1283d76918d47e13b0c1b2457d
292a22ece26fe9c0cc6d,v3_new1_cube_random_05,cube_random,baseline:5;repair:5;no_extra:5,True,True,False,True,15.314,15.314,15.314,15.314,15.314,0.0,0.5243827445871696,0.549563510382011,-0.0002352614932828595,sustained_measured_upward_load,UNKNOWN_PENDING_REPLAY,3f066f38d4d2a04e5e0ea636cd83a8aec2d46449997de56f848dcb09ec77aa3e
29b0482047229b5f1aa8,v3_new2_bar_random_03,bar_random,baseline:3;repair:3;no_extra:3,False,False,False,False,0.0,0.0,0.0,0.0,0.0,0.0,0.0,0.0,,no_local_common_interval,UNKNOWN_PENDING_REPLAY,dff0c69cb98b26d1b91fecb4eee487bf98322a4806fccddc4026e56dc1638f5b
29b69633c5f8ab01ed1d,v3_new1_cube_random_11,cube_random,baseline:4;repair:4;no_extra:4,True,True,False,False,20.762,14.94,20.762,20.762,14.94,0.0,0.6784314773426545,0.807706289904406,-0.0002887792061127964,sustained_measured_upward_load,UNKNOWN_PENDING_REPLAY,432d3eac115cad760c4ab1e927be992947fb76cbc28b17e61faebcc803db48bf
29c2cbcabd4b3132d45b,v3_new1_bar_random_17,bar_random,baseline:5;repair:5;no_extra:5,False,False,False,False,0.0,0.0,0.0,0.0,0.0,0.0,0.0,0.0,,no_local_common_interval,UNKNOWN_PENDING_REPLAY,4b4945fe976554be21b3ed7e97f3c90787622ef6904e4fa029e9671fa0c30e9e
29e7d145855e7beb7912,v3_new1_cube_random_09,cube_random,baseline:4;repair:4;no_extra:4,False,False,False,False,0.0,0.0,0.0,0.0,0.0,0.0,0.0,0.0,,no_local_common_interval,UNKNOWN_PENDING_REPLAY,9844e17f3693dc9886da3aca6818fa55604252d74eb0498c2ce82c390ead502d
2a1c58e342efb8b71586,v3_new1_bar_random_08,bar_random,baseline:6;repair:6;no_extra:6,False,False,False,False,0.0,0.0,0.0,0.0,0.0,0.0,0.0,0.0,,no_local_common_interval,UNKNOWN_PENDING_REPLAY,00dbf7fd6de0e2410a1be4b0898a4e252ae49e27fa39b6ec7d89613add18a9fb
2b4edf07cd8a65ef6986,v3_new2_cube_random_11,cube_random,baseline:1;repair:1;no_extra:1,False,False,False,False,0.0,0.0,0.0,0.0,0.0,0.0,0.0,0.0,,no_local_common_interval,UNKNOWN_PENDING_REPLAY,fb42f8c16356f88d324224222770e0deede8dd2e6071427e2e5d9db75eb303f6
2b789eacdb4a8b0b27dd,v3_new1_bar_random_07,bar_random,baseline:4;repair:4;no_extra:4,False,False,False,False,0.0,0.0,0.0,0.0,0.0,0.0,0.0,0.0,,no_local_common_interval,UNKNOWN_PENDING_REPLAY,9066c881477da5853a100b7b13db08db3a86a002a02f78b590e31ac46f10ff51
2c83c954f73b940851d9,v3_new3_bar_random_00,bar_random,baseline:3;repair:3;no_extra:3,True,True,False,True,15.43,15.43,15.43,15.43,15.43,0.0,9.549921363193631,10.185265955110555,-0.0023705666505731,sustained_measured_upward_load,UNKNOWN_PENDING_REPLAY,0c7eea08739f66730968adb5a228af5d5e57523f078eb3c10b60222b4752e699
2c87c88a29836d7a0d0c,v3_new1_cube_random_17,cube_random,baseline:3;repair:3;no_extra:3,False,False,False,False,23.46,23.46,23.362000000000002,23.362000000000002,15.078000000000001,0.0,1.7062264136888217,2.211616328112177,-0.0005489152992347451,sustained_measured_upward_load,UNKNOWN_PENDING_REPLAY,ce8ce426f16db4d7a63d8744bd33408697dc82a99bf7eaafbb5702faf754ff66
2d346c463384e9f17f14,v3_new3_flat_box_random_12,flat_box_random,baseline:5;repair:5;no_extra:5,False,False,False,False,5.84,5.622,5.84,5.84,5.622,0.0,1.0328049304491007,1.1238057554098657,-0.0003418118177109103,sustained_measured_upward_load,UNKNOWN_PENDING_REPLAY,0ef5d4c1c22c246ee8b835a895013e21ff645010240b87c58fa82c62ff6edc59
2eab5d51d67bf9e725a5,v3_new1_cube_random_18,cube_random,baseline:6;repair:6;no_extra:6,False,False,False,False,16.186,16.186,16.186,16.186,16.186,0.0,0.8076736843907532,1.0827772831757458,-0.0004594763597326329,sustained_measured_upward_load,UNKNOWN_PENDING_REPLAY,419e99cdbd7c3549d001632a378e44d5a63411e405306dc7f8d7d0ce441e6355
2f2e9ee2151859c60abf,v3_new1_flat_box_random_09,flat_box_random,baseline:4;repair:4;no_extra:4,False,False,False,False,7.378,3.91,7.378,7.378,3.91,0.0,1.3720532887742032,1.387746922820975,-0.0003711787095278668,sustained_measured_upward_load,UNKNOWN_PENDING_REPLAY,9395f6735eab91b75e80fe4f080d75985f07c1f392cdc54d956a61abdda3456b
305791547d45a614cf58,v3_new3_cube_random_04,cube_random,baseline:3;repair:3;no_extra:3,False,False,False,False,0.0,0.0,0.0,0.0,0.0,0.0,0.0,0.0,,no_local_common_interval,UNKNOWN_PENDING_REPLAY,2e862a5afe449375bac5b6bec33f6e1db94058dfc66ff5841a40ac2b64fb4aa7
30f058bc76d41f3f1a96,v3_new3_cube_random_12,cube_random,baseline:3;repair:3;no_extra:3,True,True,False,True,17.240000000000002,16.624,16.662,16.662,15.088000000000001,0.0,0.7311777000907915,0.792402633360185,-0.0002632191784887883,sustained_measured_upward_load,UNKNOWN_PENDING_REPLAY,c64f2ab87d300cd1669fd533c04f5a45585023c521b3f197b3d3fbfbe345a4b4
317794d2476e34e96666,v3_new2_cube_random_09,cube_random,baseline:4;repair:4;no_extra:4,True,True,False,False,16.616,14.91,16.616,16.616,14.91,0.0,0.6278818779724413,0.6907542289270467,-0.00028263476384009223,sustained_measured_upward_load,UNKNOWN_PENDING_REPLAY,13181c4db772b4c466f62551eee2c2e3a7ad72156c22c5abae55ab86e8a2e661
32b25ae706e06c42392b,v3_new3_cube_random_16,cube_random,baseline:4;repair:4;no_extra:4,True,True,False,False,16.834,14.870000000000001,16.834,16.834,14.870000000000001,0.0,0.6551387794956378,0.7201116710219949,-0.0002867591329753505,sustained_measured_upward_load,UNKNOWN_PENDING_REPLAY,2cde0c627901cef737576084abfaeb93601b615612b938ef4132f070e2a7ebdb
32d1c8904b361818deb8,v3_new2_cube_random_07,cube_random,baseline:2;repair:2;no_extra:2,True,True,False,True,16.54,15.742,16.54,16.54,15.742,0.0,1.0890576627103523,1.4531889045621316,-0.00048368678195635784,sustained_measured_upward_load,UNKNOWN_PENDING_REPLAY,b93f155ccfa4bb29863f0dd8e311341494741c255e647857433e985d77a40a63
33cba35890fe1d900031,v3_new1_cube_random_18,cube_random,baseline:1;repair:1;no_extra:1,True,True,False,True,19.342,19.294,19.34,19.34,19.294,0.0,0.5451555817012256,0.6129871253143532,-0.00031549636889073585,sustained_measured_upward_load,UNKNOWN_PENDING_REPLAY,ec968ca6b44b0a674034287881bd4d484fffa72ae69e12d7e413a803fc54a941
33fd0db2cf963265ab5a,v3_new3_flat_box_random_11,flat_box_random,baseline:6;repair:6;no_extra:6,True,True,False,True,21.218,20.746,21.212,21.212,20.746,0.0,1.7086510020478847,1.8773989986291464,-0.0005017945909644994,sustained_measured_upward_load,UNKNOWN_PENDING_REPLAY,5a5288e13c41ef9a6ed0ae657ca119d92b96a13cce7a4330b88626b4fc6aea5e
34a44f7bdddb7ac8edfd,v3_new1_cube_random_11,cube_random,baseline:3;repair:3;no_extra:3,False,False,False,False,2.144,1.556,2.086,2.086,1.1480000000000001,0.0,1.6315781480194418,2.260565417321298,-0.0005354803547505671,sustained_measured_upward_load,UNKNOWN_PENDING_REPLAY,27cc585592654d324ea148d91adfd793230062d958185dfec70fa2c6a566d7e3
34eb7993ace16735dc93,v3_new3_cube_random_09,cube_random,baseline:1;repair:1;no_extra:1,True,True,False,True,20.142,19.586000000000002,19.616,19.616,19.586000000000002,0.0,0.5353215345182498,0.6111872375131302,-0.0003237226727273862,sustained_measured_upward_load,UNKNOWN_PENDING_REPLAY,0a18048b96d6ed2285c7ad834c8efc9e9f08a9160f41af1d808e5de0d5d1c3d4
355e3423621630258a21,v3_new1_bar_random_17,bar_random,baseline:2;repair:2;no_extra:2,False,False,False,False,0.0,0.0,0.0,0.0,0.0,0.0,0.0,0.0,,no_local_common_interval,UNKNOWN_PENDING_REPLAY,193bf0f69038959dead6cc2199835d3e00a2249abc050e863e790310d2102222
385f6a6c6b78c32fc3a4,v3_new1_cube_random_00,cube_random,baseline:3;repair:3;no_extra:3,False,False,False,False,23.592,23.592,23.532,23.532,15.146,0.0,1.7293336294878507,2.4271844271791685,-0.0003192719228842372,sustained_measured_upward_load,UNKNOWN_PENDING_REPLAY,05bde6cff78387e33e6166b2a1058971b449ce448050c92614d01ce034455d9f
3896ec2d8efdb1ca8a56,v3_new2_cube_random_00,cube_random,baseline:3;repair:3;no_extra:3,False,False,False,False,23.43,23.43,23.332,23.332,15.062000000000001,0.0,1.7655927157278475,2.4889246555634026,-0.0005375988913105811,sustained_measured_upward_load,UNKNOWN_PENDING_REPLAY,adb5280521760d0e577837364eb29d10794661d100a0f4183d981685c04e14dd
39d620c1733a51b696e2,v3_new3_cube_random_18,cube_random,baseline:6;repair:6;no_extra:6,False,False,False,False,0.0,0.0,0.0,0.0,0.0,0.0,0.0,0.0,,no_local_common_interval,UNKNOWN_PENDING_REPLAY,3b6fe75f992224774fc98f75793d804fdab9aaddf08f399cab3f24fb74098d70
3aa9fb26fd096e1cefd4,v3_new3_flat_box_random_00,flat_box_random,baseline:5;repair:5;no_extra:5,False,False,False,False,6.284,6.284,6.284,6.284,6.284,0.0,1.144319996129076,1.2045374210302682,-0.00040338800425325505,sustained_measured_upward_load,UNKNOWN_PENDING_REPLAY,0c18443452d4d2fd6df6f052c8c668a9fcbd60d2fbc4c4309edd02b6ea545004
3d2b084dd301a37132f0,v3_new3_cube_random_02,cube_random,baseline:4;repair:4;no_extra:4,True,True,False,False,20.674,14.898,20.674,20.674,14.898,0.0,0.6718098795141594,0.8057245811770106,-0.00028761024147362646,sustained_measured_upward_load,UNKNOWN_PENDING_REPLAY,701f2896ab236fb044639dad6a8566f1e00d17c59c3b376e6a74614cf3e8f19d
3d6f78d78ecbe7b58ca1,v3_new2_cube_random_19,cube_random,baseline:3;repair:3;no_extra:3,False,False,False,False,0.0,0.0,0.0,0.0,0.0,0.0,0.0,0.0,,no_local_common_interval,UNKNOWN_PENDING_REPLAY,cc76a28d9b34ae335a7c1045947ecad06d68c6a78a82054ef7d8a51520dee187
3e00fb8f2391de27be44,v3_new1_flat_box_random_06,flat_box_random,baseline:3;repair:3;no_extra:3,False,False,False,False,16.686,13.596,16.346,16.346,13.596,0.0,1.202614575789858,1.3139345110741754,-0.00029729224465900594,sustained_measured_upward_load,UNKNOWN_PENDING_REPLAY,8e94be6a249aa6594d4e2b495eb711bc1bbb73855a9e5fb6d49968b7554c86d4
3e66a412efa46de95e06,v3_new2_flat_box_random_13,flat_box_random,baseline:3;repair:3;no_extra:3,False,False,False,False,10.702,9.75,10.676,10.676,9.75,0.0,0.9359938952789852,1.2989043660948902,-0.0003223585062579887,sustained_measured_upward_load,UNKNOWN_PENDING_REPLAY,e5e7987b5dd78bdb29adc219fd34fbb80ff185380e61d5c42d5521d2153c0ac5
3e7365d0d6fb501a126e,v3_new3_flat_box_random_11,flat_box_random,baseline:5;repair:5;no_extra:5,False,False,False,False,14.414,13.94,14.408,14.408,13.94,0.0,1.2241867532926136,1.376356694942619,-0.0004293425483683916,sustained_measured_upward_load,UNKNOWN_PENDING_REPLAY,ce32f5c1d6240a8720a3044f60f98f9953adc823c2cd31aa71911c0ab21c4481
3f08d6d7545a87690aa7,v3_new3_bar_random_00,bar_random,baseline:6;repair:6;no_extra:6,False,False,False,False,0.0,0.0,0.0,0.0,0.0,0.0,0.0,0.0,,no_local_common_interval,UNKNOWN_PENDING_REPLAY,0eacf88c82d88ba771e67ae226042e09e2e6b64dfc2ac1b3bf72455058c954c5
3f7e508c014c4872087f,v3_new3_bar_random_12,bar_random,baseline:2;repair:2;no_extra:2,True,True,False,True,15.468,15.468,15.468,15.468,15.468,0.0,9.152416252788377,9.847088827225502,-0.002304040168921037,sustained_measured_upward_load,UNKNOWN_PENDING_REPLAY,d2eca5a0215bc9f207583c6f3b869aeb377e76efc64b45f4cd4ff48c5ef7a475
3fb408f86d2aa743ccd0,v3_new2_cube_random_19,cube_random,baseline:6;repair:6;no_extra:6,False,False,False,False,6.486,3.466,6.486,6.486,3.466,0.0,0.8419334401866695,1.027629629505077,-0.00045066783431040036,sustained_measured_upward_load,UNKNOWN_PENDING_REPLAY,0c3ed28b1c6a8420c9240c2d10d28b1e03d47f37fe21721759f6055045b67119
3fd64d900f11663f9f36,v3_new1_flat_box_random_16,flat_box_random,baseline:6;repair:6;no_extra:6,False,False,False,False,10.56,10.56,10.56,10.56,10.56,0.0,1.321174179896131,1.5154956793097876,-0.00039811678076885626,sustained_measured_upward_load,UNKNOWN_PENDING_REPLAY,1058850789863671e8a6e54bcc97fd49414527388dce59c390a7d81499afb9ea
425f5f34cb594ad0b354,v3_new3_cube_random_17,cube_random,baseline:4;repair:4;no_extra:4,False,False,False,False,0.0,0.0,0.0,0.0,0.0,0.0,0.0,0.0,,no_local_common_interval,UNKNOWN_PENDING_REPLAY,3de8b80c83011df5988d93365d799685fd4e86580df1a1daa7d2f04f5ba4e7c6
42ca461c12484e2fc753,v3_new2_cube_random_03,cube_random,baseline:3;repair:3;no_extra:3,True,True,False,True,23.508,23.508,20.56,20.56,13.472,0.0,1.404614731619545,1.8945249180647752,-0.0005304535752906486,sustained_measured_upward_load,UNKNOWN_PENDING_REPLAY,9d837fa9e2dbc046c27e490f9776f469661d589595733319c0108990d9ee1007
42ccdc2d64d5352efd1f,v3_new3_bar_random_09,bar_random,baseline:5;repair:5;no_extra:5,False,False,False,False,0.0,0.0,0.0,0.0,0.0,0.0,0.0,0.0,,no_local_common_interval,UNKNOWN_PENDING_REPLAY,0c9f8a78ad33fa7b168e2b0c4f2160dbf71842d7d236b56d6f203b4b0ec26c57
42d7f6bc04675545b739,v3_new3_cube_random_05,cube_random,baseline:1;repair:1;no_extra:1,False,False,False,False,20.588,20.588,20.588,20.588,20.588,0.0,0.5869298757931264,0.607084310242267,-0.0002797562568465223,sustained_measured_upward_load,UNKNOWN_PENDING_REPLAY,5df0601bd4c5b9d4afcefbb394c1da22cfe97ee8a9b4678031b917df54cabf6d
4337641cf619fc546cfe,v3_new2_cube_random_15,cube_random,baseline:4;repair:4;no_extra:4,False,False,False,False,19.778,19.778,19.778,19.778,19.778,0.0,0.6267738846244901,0.7040661563565431,-0.0002762905777145136,sustained_measured_upward_load,UNKNOWN_PENDING_REPLAY,220f814936c21d93f77931498d5386f31b9385c11e0235dccaebb9029328682b
438e36967fef406fcd4a,v3_new3_cube_random_15,cube_random,baseline:6;repair:6;no_extra:6,False,False,False,False,16.93,13.76,16.918,16.918,13.76,0.0,1.889526029567598,2.324256289117387,-0.000742570515164867,sustained_measured_upward_load,UNKNOWN_PENDING_REPLAY,981bec9012a8dde0e159a59ebc1585400fe9d33d4644b07b8f71be502a608c3c
43a9cb66538f71ebcb24,v3_new1_cube_random_00,cube_random,baseline:2;repair:2;no_extra:2,False,True,False,True,23.592,23.592,23.584,23.584,19.798000000000002,0.0,1.7293336294878507,2.4271844271791685,-0.0003192719228842372,sustained_measured_upward_load,UNKNOWN_PENDING_REPLAY,f9277f9b9872d576f684ca179fef5b54090ba193c7db3eb90c0c87a9dfdc8b46
43fd7268ab3bc980a3a0,v3_new2_cube_random_13,cube_random,baseline:3;repair:3;no_extra:3,False,False,False,False,4.412,2.562,4.352,4.352,1.964,0.0,1.6804185613223246,2.3382090931748447,-0.00045441362013869113,sustained_measured_upward_load,UNKNOWN_PENDING_REPLAY,4b525690a797540a0407e232aa1712e788d6c4a3b6a40d35f9ce518a5f1a7113
4474246c14486392d4bd,v3_new3_cube_random_10,cube_random,baseline:6;repair:6;no_extra:6,False,False,False,False,0.0,0.0,0.0,0.0,0.0,0.0,0.0,0.0,,no_local_common_interval,UNKNOWN_PENDING_REPLAY,e0579e995141ec3bd2d073c10891f13f9f9ec5a0becf869c17f48ccddaf4c100
44c72d866d9b721836db,v3_new3_cube_random_10,cube_random,baseline:1;repair:1;no_extra:1,False,False,False,False,14.224,14.224,13.502,13.502,8.672,0.0,0.24031068926972932,0.24189463860706928,-0.00011994899816528126,sustained_measured_upward_load,UNKNOWN_PENDING_REPLAY,bda5630d0b74f1cbd8b2680cae9fc3728a5a27e8525c5b533389a682eb254922
44dbf6b18159f9dbf0e7,v3_new3_cube_random_05,cube_random,baseline:3;repair:3;no_extra:3,True,True,False,True,17.412,16.368000000000002,15.936,15.936,15.078000000000001,0.0,0.6387444635049487,0.9012814236533012,-0.000352712063070984,sustained_measured_upward_load,UNKNOWN_PENDING_REPLAY,60959bdf1e4e3608628f604adff644af6d78510c78226ad7a5e9bfcd8e78a2f6
4552f6b2625e3db3bdc5,v3_new3_cube_random_03,cube_random,baseline:2;repair:2;no_extra:2,True,True,False,True,23.592,23.592,23.182000000000002,23.182000000000002,15.13,0.0,1.8315581708229416,2.5271393448410997,-0.0005219722557831957,sustained_measured_upward_load,UNKNOWN_PENDING_REPLAY,492d7407de7f531e941478c4c12f43b42359234fb743e76612344ea80a016ae7
45e8d48c4df170daddf3,v3_new1_cube_random_07,cube_random,baseline:4;repair:4;no_extra:4,False,False,False,False,15.342,15.342,15.342,15.342,15.342,0.0,0.5513651450670641,0.5769344633084478,-0.00023687375537315147,sustained_measured_upward_load,UNKNOWN_PENDING_REPLAY,4899decde6e8557e534d511908bd24e5475b591064e8e773140b310548829c86
4654ffd8a91093ce864a,v3_new1_cube_random_09,cube_random,baseline:5;repair:5;no_extra:5,False,False,False,False,0.0,0.0,0.0,0.0,0.0,0.0,0.0,0.0,,no_local_common_interval,UNKNOWN_PENDING_REPLAY,653ce7db0219e17fb8c03809d162f82008e579789ed43e1e12a19e2ee129701c
474e322f76e678d36753,v3_new1_flat_box_random_06,flat_box_random,baseline:4;repair:4;no_extra:4,False,False,False,False,15.354000000000001,11.39,15.352,15.352,11.39,0.0,1.2282296529600827,1.278904114687178,-0.0004351397980452004,sustained_measured_upward_load,UNKNOWN_PENDING_REPLAY,25dda4f458db166588d4b7b1f1fdf2ef78951ab9eb00e50f9df8f647f738c708
475b7024c155be93e157,v3_new3_cube_random_09,cube_random,baseline:6;repair:6;no_extra:6,False,False,False,False,7.736,3.678,7.736,7.736,3.678,0.0,0.8312225933714731,1.0402199557597922,-0.00044912940811388247,sustained_measured_upward_load,UNKNOWN_PENDING_REPLAY,ee8ddc92d2e20b735a0e63e80c8b5effbafd391716b752575f1201ee0710e93f
47a3450e28ab08cae611,v3_new3_cube_random_03,cube_random,baseline:5;repair:5;no_extra:5,False,False,False,False,15.242,15.242,15.242,15.242,15.242,0.0,0.533817481637358,0.5608686679924572,-0.00023442264177307715,sustained_measured_upward_load,UNKNOWN_PENDING_REPLAY,1d518585698f550380a98f4d1cf98872c449642d1a3dd3609d617b2f687cd78c
4826d8522b09c610fc6d,v3_new2_cube_random_07,cube_random,baseline:4;repair:4;no_extra:4,False,False,False,False,17.57,15.36,17.57,17.57,15.36,0.0,2.200117867678788,2.974331023979443,-0.0007262604856833194,sustained_measured_upward_load,UNKNOWN_PENDING_REPLAY,3dbdcca68b1fc9306324d1ccd2ec05144ef8b4f37d9e6700622fb117ea22cdf9
488b4878ef0b78a2653a,v3_new2_flat_box_random_06,flat_box_random,baseline:3;repair:3;no_extra:3,False,False,False,False,0.272,0.044,0.248,0.248,0.026000000000000002,0.0,0.8092890373334247,1.1412987143562294,-0.00012434446098841256,mixed_or_transient_full_wrench_unknown,UNKNOWN_PENDING_REPLAY,55bf1f47595b492d0d031a7e3a903bf90ab1c3f59d6ec0bccd1250db5629ecf5
48f4693917d6c6ad3ca8,v3_new3_flat_box_random_06,flat_box_random,baseline:5;repair:5;no_extra:5,False,False,False,False,6.898000000000001,4.396,6.898000000000001,6.898000000000001,4.396,0.0,1.228397462256452,1.2426628816691878,-0.00039673634611266106,sustained_measured_upward_load,UNKNOWN_PENDING_REPLAY,0d0213e745d4d692881a8ee3ffb8f9964f18944d31a112ea5ed03e258f6f4023
49afef13c80be884b539,v3_new2_cube_random_07,cube_random,baseline:6;repair:6;no_extra:6,False,False,False,False,10.246,8.036,10.246,10.246,8.036,0.0,2.200117867678788,2.974331023979443,-0.0007262604856833194,sustained_measured_upward_load,UNKNOWN_PENDING_REPLAY,78c1627ecf39c6e46a480bb900897bf9cba7bc413dfe57a84cc7b129b0d746d3
4a289ff9eddb55a0a1dd,v3_new2_bar_random_02,bar_random,baseline:4;repair:4;no_extra:4,True,True,False,True,15.916,15.916,15.916,15.916,15.916,0.0,9.730613937264417,10.757123327449014,-0.0022904956603366083,sustained_measured_upward_load,UNKNOWN_PENDING_REPLAY,a8e8601561ea05df205b955e605d4d9290bf4bc11a342dd0dc88134c07e86e05
4a9304a2c28934e1d9a9,v3_new3_flat_box_random_00,flat_box_random,baseline:3;repair:3;no_extra:3,True,True,False,True,15.424,15.280000000000001,15.424,15.424,15.280000000000001,0.0,1.1518056580196756,1.5150574101089171,-0.00029514464529614703,sustained_measured_upward_load,UNKNOWN_PENDING_REPLAY,73e5bad43e8e42f126cb025c18c61409f00d8cdc11a6ca16b222fa416eebfc06
4ae17527c1c1e77b94c1,v3_new2_cube_random_17,cube_random,baseline:2;repair:2;no_extra:2,False,False,False,False,7.022,6.598,7.022,7.022,6.598,0.0,1.0703761651378678,1.2857234865403044,-0.0004464863312468592,sustained_measured_upward_load,UNKNOWN_PENDING_REPLAY,c83b1e1c6146eb474691db7a708739f54f538dc33bf5914162a54d7f96b67ba6
4b30f1c2e53b89528832,v3_new2_cube_random_00,cube_random,baseline:4;repair:4;no_extra:4,True,True,False,True,15.97,15.97,15.97,15.97,15.97,0.0,0.6049396160664124,0.6989720943210425,-0.00026033688873688954,sustained_measured_upward_load,UNKNOWN_PENDING_REPLAY,0f9c4d8f66afe9522f020ccb4fcacf35d678d614b0e637318e9986cc8fd0b595
4b451f63b6079b8171fa,v3_new2_cube_random_11,cube_random,baseline:6;repair:6;no_extra:6,False,False,False,False,2.754,2.754,2.754,2.754,2.754,0.0,0.5771344980430707,0.6643158953320961,-0.00021961495770822514,sustained_measured_upward_load,UNKNOWN_PENDING_REPLAY,488bc8c4ae8f92c00a339ce8c65f628314e055f5d4d0b2636f4b9e16de22f758
4b4a0473b4065c3e0347,v3_new3_bar_random_10,bar_random,baseline:6;repair:6;no_extra:6,False,False,False,False,13.48,13.48,13.48,13.48,13.48,0.0,8.614002131257449,9.435194196221365,-0.002210464515849539,sustained_measured_upward_load,UNKNOWN_PENDING_REPLAY,f96b7bd0df9b8f55582071227b8dcfd826c7f2dca2751654cd521d1830d9e826
4b65591726570fff2abd,v3_new1_cube_random_11,cube_random,baseline:5;repair:5;no_extra:5,True,True,False,True,20.768,20.768,20.768,20.768,20.768,0.0,0.5647078698486949,0.6171879907500775,-0.00022079816535755525,sustained_measured_upward_load,UNKNOWN_PENDING_REPLAY,fae583a6964cc96e9ab79585be7ba7600eae2a23835fd84ef9aa099d73b22a63
4b69139623526ef5cc6e,v3_new3_bar_random_09,bar_random,baseline:1;repair:1;no_extra:1,False,False,False,False,14.120000000000001,14.120000000000001,14.120000000000001,14.120000000000001,14.120000000000001,0.0,9.578995321355501,10.27860008447841,-0.002426050343529343,sustained_measured_upward_load,UNKNOWN_PENDING_REPLAY,976d1fe0c55bfee763adad1114277557426c59d8b28ee2966ba838fb20063834
4be2528bf91efcb90ae4,v3_new3_bar_random_18,bar_random,baseline:3;repair:3;no_extra:3,False,False,False,False,0.0,0.0,0.0,0.0,0.0,0.0,0.0,0.0,,no_local_common_interval,UNKNOWN_PENDING_REPLAY,8130d9c4fc49503711444977783c91a1915f696f000ab5870293cc0a8b39d3a3
4dbaff2549e4e1981e25,v3_new3_flat_box_random_17,flat_box_random,baseline:3;repair:3;no_extra:3,False,False,False,False,8.432,6.756,8.352,8.352,6.756,0.0,1.0664738642855207,1.503746344175291,-0.00030769425017994345,sustained_measured_upward_load,UNKNOWN_PENDING_REPLAY,96ed80e259125f081e7029bebd71113f7f95454de2d8040aec214790a893dba1
4ddf226bc81a5802897a,v3_new3_flat_box_random_17,flat_box_random,baseline:5;repair:5;no_extra:5,False,False,False,False,2.694,2.2,2.694,2.694,2.2,0.0,0.9622888110014323,1.045115908285189,-0.000410634560699466,sustained_measured_upward_load,UNKNOWN_PENDING_REPLAY,ef3de979ba90cefea82c30289ffeed19524b96074de29aec099c4b7f8523f2aa
4f01ba02077dc7840915,v3_new3_bar_random_02,bar_random,baseline:1;repair:1;no_extra:1,False,False,False,False,0.0,0.0,0.0,0.0,0.0,0.0,0.0,0.0,,no_local_common_interval,UNKNOWN_PENDING_REPLAY,f895f8fb987e8eded0a984b57431971a10456088b1e6568ec57d3fd713d047d4
4f2556b82d2db8c4ef1c,v3_new3_cube_random_03,cube_random,baseline:4;repair:4;no_extra:4,False,False,False,False,15.336,15.336,15.336,15.336,15.336,0.0,0.5489660278557043,0.5743031517856151,-0.00023681889409730983,sustained_measured_upward_load,UNKNOWN_PENDING_REPLAY,80a60942c69d56b818789d214aa9bac6d513ccae7787d0060dd45d55d79d0c1f
4fee91e90730d6d35404,v3_new3_cube_random_09,cube_random,baseline:5;repair:5;no_extra:5,True,True,False,True,20.798000000000002,20.666,20.798000000000002,20.798000000000002,20.666,0.0,0.5242657064911633,0.5654346637802131,-0.0002398566302723587,sustained_measured_upward_load,UNKNOWN_PENDING_REPLAY,018cb0314286c8c2ffc9fb8b67236d698017cd90aaa22ae40751fa6fc79f63f5
5004e7957ef7ecb42076,v3_new3_cube_random_19,cube_random,baseline:1;repair:1;no_extra:1,False,False,False,False,8.942,8.942,7.788,7.788,3.3200000000000003,0.0,0.12214011464730995,0.13545519850708598,-8.694461715501312e-05,sustained_measured_upward_load,UNKNOWN_PENDING_REPLAY,565e958c329f0925133c7dc5d03a954c03f503c20b764fbcaee0887ac8d93a9d
500a4441b621d4429111,v3_new3_cube_random_04,cube_random,baseline:4;repair:4;no_extra:4,True,True,False,False,20.814,14.576,20.814,20.814,14.576,0.0,0.6784063250778873,0.7942693764223507,-0.00028883273373025986,sustained_measured_upward_load,UNKNOWN_PENDING_REPLAY,a6dd0aa9a997690182d9f976e5d4f768455c38c86de6e830d83f6720cf676fe1
501c8e35e06b4c013a16,v3_new2_cube_random_08,cube_random,baseline:6;repair:6;no_extra:6,False,False,False,False,4.156,0.248,4.156,4.156,0.248,0.0,0.8341286268550148,1.018234886848966,-0.0004443610430331507,sustained_measured_upward_load,UNKNOWN_PENDING_REPLAY,83e87471e21bd382026d0148f755df088c7bdb5ceb6b439c66079c164cbbb8e2
5048365511d4f3c7959b,v3_new1_cube_random_15,cube_random,baseline:6;repair:6;no_extra:6,False,False,False,False,14.388,14.388,14.388,14.388,14.388,0.0,0.6408095107947511,0.849472725904556,-0.00034810943538395034,sustained_measured_upward_load,UNKNOWN_PENDING_REPLAY,346dfdb804284afd6ce7e59438c9ebb7d50e0c7bb660b260d8621051039b4ffe
510a7a91d40a3c7b12b6,v3_new2_bar_random_02,bar_random,baseline:1;repair:1;no_extra:1,False,False,False,False,0.0,0.0,0.0,0.0,0.0,0.0,0.0,0.0,,no_local_common_interval,UNKNOWN_PENDING_REPLAY,07b855a1074637d4c5b819e04c7ea2c3474ccd816e488e52531102d51ea10b0e
5165757ec405ec72e27c,v3_new3_bar_random_18,bar_random,baseline:2;repair:2;no_extra:2,False,False,False,False,0.0,0.0,0.0,0.0,0.0,0.0,0.0,0.0,,no_local_common_interval,UNKNOWN_PENDING_REPLAY,859389a5a77747c281bb649070a0b75b27e39f135c9c2e32ee81ec91dd2f97af
520e98b2658a37e0e613,v3_new2_cube_random_15,cube_random,baseline:3;repair:3;no_extra:3,True,True,False,True,18.76,18.022000000000002,18.134,18.134,15.128,0.0,0.7523542275398256,0.8856463806826897,-0.0004539267431209887,sustained_measured_upward_load,UNKNOWN_PENDING_REPLAY,043fbee82ab3719070390e75ed34f60a5448c437531e7d6b645947fada7109c1
536db609af278e38cd01,v3_new2_cube_random_19,cube_random,baseline:4;repair:4;no_extra:4,True,True,False,True,20.834,15.202,20.834,20.834,15.202,0.0,0.63526444199107,0.7096999515794986,-0.0002863847997812835,sustained_measured_upward_load,UNKNOWN_PENDING_REPLAY,63606053d86478f40512df8060b7fb71876d60a65fc449fa213e3eccb54c4c8d
5397369b9bc4d109f489,v3_new2_cube_random_05,cube_random,baseline:4;repair:4;no_extra:4,True,True,False,True,15.366,15.366,15.366,15.366,15.366,0.0,0.5789075324496431,0.6295412354709706,-0.00023775841805005749,sustained_measured_upward_load,UNKNOWN_PENDING_REPLAY,4d58f53beaf5bd3eac1b5e8b806d26bda4f5d048af1e61de69f5c4c450f86934
549e7ac69ccb84c53677,v3_new3_cube_random_07,cube_random,baseline:5;repair:5;no_extra:5,True,True,False,True,15.284,15.284,15.284,15.284,15.284,0.0,0.5311006945370378,0.5573495315611016,-0.00022822490810167628,sustained_measured_upward_load,UNKNOWN_PENDING_REPLAY,86f0bd5876ef40b8450be2f176bd54f7055b9023c80b890f6bf2a659565f0087
54cfaa13e80cc022c894,v3_new1_cube_random_04,cube_random,baseline:2;repair:2;no_extra:2,True,True,False,True,20.218,19.394000000000002,20.11,20.11,15.146,0.0,0.8894672054794509,0.9096514438213686,-0.0002755504172698292,sustained_measured_upward_load,UNKNOWN_PENDING_REPLAY,e24c53f054ed720aaf1d3ccf5be12162451a3f14970b47b88f6dcb48b91f6c6e
55110c4f7702915f5760,v3_new2_bar_random_12,bar_random,baseline:5;repair:5;no_extra:5,False,False,False,False,0.0,0.0,0.0,0.0,0.0,0.0,0.0,0.0,,no_local_common_interval,UNKNOWN_PENDING_REPLAY,d9bc9dc14cfe5bc12c12e81ebbad89b161cebc78cc5820fcb00cf13576299057
55118bce57f8a094371d,v3_new2_cube_random_02,cube_random,baseline:4;repair:4;no_extra:4,False,False,False,False,15.454,15.454,15.454,15.454,15.454,0.0,0.6015550708089217,0.650397148049119,-0.0002394790878443992,sustained_measured_upward_load,UNKNOWN_PENDING_REPLAY,07c79eb57d79a33842d13bffa6f3101cf08bfab51bc8a29237fc550ac967990c
553e3bdc1deec347e898,v3_new3_flat_box_random_00,flat_box_random,baseline:1;repair:1;no_extra:1,True,True,False,False,15.25,11.718,15.234,15.234,11.718,0.0,1.30920767773009,1.3606669083886327,-0.000323441236643629,sustained_measured_upward_load,UNKNOWN_PENDING_REPLAY,c4c9c88827e0ae2b8841475fa92c0668081e2c297ba1a1ddd1c05d3cade9c0bc
55a09689e681ac581b64,v3_new1_cube_random_17,cube_random,baseline:5;repair:5;no_extra:5,True,True,False,True,15.282,15.282,15.282,15.282,15.282,0.0,0.5384315277179057,0.5677652264012978,-0.00023181195491224493,sustained_measured_upward_load,UNKNOWN_PENDING_REPLAY,01cf5e0e792c46df4bf7b52bce71446250ebe2955bcd1727e185ea4d698071fd
55af0c19cb301062cb25,v3_new2_cube_random_08,cube_random,baseline:3;repair:3;no_extra:3,False,False,False,False,0.0,0.0,0.0,0.0,0.0,0.0,0.0,0.0,,no_local_common_interval,UNKNOWN_PENDING_REPLAY,97a05a8b4800722f28d53aae3ff2d34eb599110dc09a3cf85ace037fed0c00f6
569a4569f9a34a1b2304,v3_new1_cube_random_12,cube_random,baseline:2;repair:2;no_extra:2,True,True,False,True,15.766,15.572000000000001,15.702,15.702,15.11,0.0,0.9992825301397091,1.2910120956728874,-0.0007923955521684095,sustained_measured_upward_load,UNKNOWN_PENDING_REPLAY,3a79abae4e9d59540383eaad2062adf553ffd1951f8f0781cec53086e79b60c8
569a9282b980bf482ba2,v3_new1_bar_random_17,bar_random,baseline:4;repair:4;no_extra:4,False,False,False,False,0.0,0.0,0.0,0.0,0.0,0.0,0.0,0.0,,no_local_common_interval,UNKNOWN_PENDING_REPLAY,11f401c00a2205492de9fe02373d7535938a7e70dee6a17039cb16ded2d1e326
56cfbfb1d2b02843015c,v3_new1_flat_box_random_11,flat_box_random,baseline:3;repair:3;no_extra:3,True,True,False,True,15.652000000000001,15.5,15.648,15.648,15.5,0.0,1.1166835760573162,1.4500496126946214,-0.0002924182178573459,sustained_measured_upward_load,UNKNOWN_PENDING_REPLAY,c4051ddaf1fc1f1db5798bc7214245a70d7574567ddfdf43a3101464c01dfa50
56d5ca095e2be3e81479,v3_new3_cube_random_14,cube_random,baseline:4;repair:4;no_extra:4,False,False,False,False,15.484,15.484,15.484,15.484,15.484,0.0,0.6081190462734574,0.6932652441415899,-0.0002570102440729166,sustained_measured_upward_load,UNKNOWN_PENDING_REPLAY,a024328e611ab3aebba130bfbdbf3f934c59d71686c442326950dbf0f9487770
5767514381fa714d9221,v3_new1_cube_random_14,cube_random,baseline:5;repair:5;no_extra:5,True,True,False,True,20.786,20.668,20.786,20.786,20.668,0.0,0.5240056746334356,0.5675477089430941,-0.0002356871145076933,sustained_measured_upward_load,UNKNOWN_PENDING_REPLAY,ae677dc60adc536154b2625ad86659daffb646a10ff13085653be8b5f1ec2634
580a98bcb5f2edae0e36,v3_new2_cube_random_08,cube_random,baseline:2;repair:2;no_extra:2,False,False,False,False,0.0,0.0,0.0,0.0,0.0,0.0,0.0,0.0,,no_local_common_interval,UNKNOWN_PENDING_REPLAY,20f279ae6ebdb8ae649215295723ebb3843e6f36fd18c0b627ac22cd87a11b36
58527797cc7cb61d21a8,v3_new3_cube_random_18,cube_random,baseline:2;repair:2;no_extra:2,True,True,False,True,16.416,15.632,16.416,16.416,15.632,0.0,1.1694581433607518,1.5832961615796564,-0.000318495650062145,sustained_measured_upward_load,UNKNOWN_PENDING_REPLAY,b51c4acbdf40175de0cf41cfca9cbe00b98b5dc75466c6bd3c434d99dcdf9d88
58f36c78989baf46a590,v3_new1_cube_random_08,cube_random,baseline:6;repair:6;no_extra:6,False,False,False,False,4.688,0.404,4.688,4.688,0.404,0.0,0.8427228413055612,1.0239118915689618,-0.00044634152368723534,sustained_measured_upward_load,UNKNOWN_PENDING_REPLAY,46607ae73b3afff3883be2280e99e9ae74d2d8a8d6bd17000aebb4b3dcdacacd
5950493ff6266856bf82,v3_new3_flat_box_random_13,flat_box_random,baseline:4;repair:4;no_extra:4,False,False,False,False,8.59,4.82,8.59,8.59,4.82,0.0,0.7399747363670521,1.0033212551180986,-0.00037653006480509177,sustained_measured_upward_load,UNKNOWN_PENDING_REPLAY,e0a2681baf613bee72212afbe1a143a92d8bca362fea5a7989e2e9f0a4e66554
59989783add18f68dba0,v3_new2_cube_random_15,cube_random,baseline:6;repair:6;no_extra:6,False,False,False,False,19.778,19.778,19.778,19.778,19.778,0.0,0.8241298252835091,1.108955552916414,-0.00046213199467369515,sustained_measured_upward_load,UNKNOWN_PENDING_REPLAY,c414a84f69b47d73569d6aefc29acf4e801ac0dd1a0b564d4ece341d8f5dc34c
599a0482f4992fe72395,v3_new1_cube_random_00,cube_random,baseline:4;repair:4;no_extra:4,False,False,False,False,0.0,0.0,0.0,0.0,0.0,0.0,0.0,0.0,,no_local_common_interval,UNKNOWN_PENDING_REPLAY,d21515dee63af5703d5c89c9413061c1ff434c7730882ff19a1d5095c6deacb1
5b5025c155fe3a58883f,v3_new1_cube_random_11,cube_random,baseline:6;repair:6;no_extra:6,False,False,False,False,18.328,17.6,18.328,18.328,17.6,0.0,0.6870964788503304,0.9683449262157917,-0.0003300378875928933,sustained_measured_upward_load,UNKNOWN_PENDING_REPLAY,6c574c68b5147c543ee104f888f0b6dbfcb848b603947e4dac7513ebcbd34fb7
5b6c07c49275ad99fd33,v3_new3_cube_random_13,cube_random,baseline:5;repair:5;no_extra:5,False,False,False,False,14.912,14.912,14.912,14.912,14.912,0.0,0.5756382609171083,0.6219219373390278,-0.00022778911679781355,sustained_measured_upward_load,UNKNOWN_PENDING_REPLAY,e3378f19238ac3891aff67cc6d8e9606f8d5451961e0ce02d5afb4a254f44b9f
5bc0da88127bf28f8c17,v3_new2_cube_random_00,cube_random,baseline:6;repair:6;no_extra:6,True,True,False,True,15.944,15.944,15.944,15.944,15.944,0.0,0.7763710876677407,1.0669929630432875,-0.0004388305157309036,sustained_measured_upward_load,UNKNOWN_PENDING_REPLAY,1a7523e61f68d56c77e297cd208e56417018932752b5c118468a491feef5a7a4
5e466313f70b67c05c88,v3_new3_flat_box_random_09,flat_box_random,baseline:1;repair:1;no_extra:1,False,False,False,False,9.102,9.054,9.092,9.092,7.88,0.0,0.8567988206770297,1.2099349039690126,-0.0003779366642342047,sustained_measured_upward_load,UNKNOWN_PENDING_REPLAY,49bc27a09486a03b8d9b242eaead1dd0ab66e440420c2ef744ecb23e68eaa8ff
5e5189974dd75bfb0b2d,v3_new2_cube_random_12,cube_random,baseline:2;repair:2;no_extra:2,True,True,False,True,15.838000000000001,15.346,15.806000000000001,15.806000000000001,15.1,0.0,0.7610350356062939,0.8141172737629123,-0.0004274841200535423,sustained_measured_upward_load,UNKNOWN_PENDING_REPLAY,3fe98789432a793fc0d2d82ce39fdc984ffe2b9014a835b2f9b102d6cee8cd88
5e71674d37cca500d7a1,v3_new3_cube_random_12,cube_random,baseline:5;repair:5;no_extra:5,False,False,False,False,19.052,15.098,19.038,19.038,15.098,0.0,1.8116116056610825,2.2862226705446327,-0.0006476883620205459,sustained_measured_upward_load,UNKNOWN_PENDING_REPLAY,22061c3ce624271d4099ac687ba24be72b21737b1611411eda3a2512407a2dbb
5e7aba86b31dc37d711b,v3_new3_flat_box_random_00,flat_box_random,baseline:4;repair:4;no_extra:4,False,False,False,False,10.818,10.818,10.818,10.818,10.818,0.0,1.2465611569855175,1.335631088555222,-0.000398917392789952,sustained_measured_upward_load,UNKNOWN_PENDING_REPLAY,d56942051d11cc69e1d26d12354c3ba775b69560bc76593628663447ea2de059
5e840b6bce232658f40f,v3_new3_cube_random_03,cube_random,baseline:6;repair:6;no_extra:6,False,False,False,False,8.282,8.282,8.282,8.282,8.282,0.0,0.5569001579247476,0.6320673441513541,-0.00022317306149391425,sustained_measured_upward_load,UNKNOWN_PENDING_REPLAY,c59d8ddccdb3f9d8176cde724977d68cfc6cab716ed1e2b17f098dad8700a518
5e920e2c5673f6421ef8,v3_new3_bar_random_12,bar_random,baseline:4;repair:4;no_extra:4,True,True,False,True,15.728,15.728,15.728,15.728,15.728,0.0,9.880665401964382,10.6521139150249,-0.0024387424893481113,sustained_measured_upward_load,UNKNOWN_PENDING_REPLAY,932b7e1c37e35f5d0a3ec84611e88aabacf48b847694b7f07caf134988054ebb
5ebc3840624fa0b4df0e,v3_new3_bar_random_01,bar_random,baseline:5;repair:5;no_extra:5,False,False,False,False,0.0,0.0,0.0,0.0,0.0,0.0,0.0,0.0,,no_local_common_interval,UNKNOWN_PENDING_REPLAY,6827041795d78409c0534f670621c2c577f10f15aacfad0c0381f0d1ff98b7ae
5fa8d8996a778166176b,v3_new3_cube_random_11,cube_random,baseline:6;repair:6;no_extra:6,False,False,False,False,0.0,0.0,0.0,0.0,0.0,0.0,0.0,0.0,,no_local_common_interval,UNKNOWN_PENDING_REPLAY,c0bead7b9e6c80384d279cc6fdd5215ebd7e82d71f1f34c91eaa289466d3126a
604393cde77f49dd92da,v3_new1_flat_box_random_06,flat_box_random,baseline:6;repair:6;no_extra:6,True,True,False,True,19.406,15.562000000000001,19.404,19.404,15.562000000000001,0.0,1.4902165905364309,1.6191618465218065,-0.0004891492026195543,sustained_measured_upward_load,UNKNOWN_PENDING_REPLAY,ccbf892c3e59a0f79d0a09ec236b7d0e95c19b01deb3c422f32af080e3e085ca
61a4b62be1aabc987b9c,v3_new3_cube_random_18,cube_random,baseline:5;repair:5;no_extra:5,False,False,False,False,0.0,0.0,0.0,0.0,0.0,0.0,0.0,0.0,,no_local_common_interval,UNKNOWN_PENDING_REPLAY,d7e15d9e6fff786d641d79ff49d7a0913d6780f05c727dd70fcaa5af64cea4e4
622d6446ccbdfdd0f6c6,v3_new3_cube_random_12,cube_random,baseline:1;repair:1;no_extra:1,False,False,False,False,8.632,8.632,4.42,4.398,1.99,0.0,0.0743330492676489,0.08599044061866754,-5.468088822029038e-05,sustained_measured_upward_load,UNKNOWN_PENDING_REPLAY,b95cdbbea46268f1390049f3c0196066c650359285aa468ef909a43a2ebbed7f
641b1fe9ee1de7fd49ec,v3_new2_bar_random_12,bar_random,baseline:3;repair:3;no_extra:3,True,True,False,True,15.712,15.712,15.712,15.712,15.712,0.0,9.485371777369073,10.211094754553143,-0.002366493401710232,sustained_measured_upward_load,UNKNOWN_PENDING_REPLAY,a0358be03280600bb87c1c451475fc19070c7c93f2e95d87f009a4102d967d9f
64c0931a61d2e2b0d3a1,v3_new3_cube_random_19,cube_random,baseline:5;repair:5;no_extra:5,True,True,False,True,15.666,15.666,15.666,15.666,15.666,0.0,0.5383456922929855,0.5803544573241933,-0.0002336920092616962,sustained_measured_upward_load,UNKNOWN_PENDING_REPLAY,c0c0d32c59dbe8da7e70ba592ea4160744d09f9d43a8a9cdec4ae5d203ae43e1
65046bddd74f454ad913,v3_new3_flat_box_random_06,flat_box_random,baseline:1;repair:1;no_extra:1,False,False,False,False,5.0440000000000005,3.8320000000000003,5.024,5.024,3.626,0.0,0.9852314511416626,1.0971375275485458,-0.00127686964654887,sustained_measured_upward_load,UNKNOWN_PENDING_REPLAY,2710915404e2438f662ee07f2b5f8ccc87d9c60f7dfbd15df4592c7301137097
658fd2272be503d69b05,v3_new3_cube_random_07,cube_random,baseline:6;repair:6;no_extra:6,False,False,False,False,13.6,13.6,13.6,13.6,13.6,0.0,0.6153204284709932,0.7817644550840162,-0.0003286800396721662,sustained_measured_upward_load,UNKNOWN_PENDING_REPLAY,8a5067e6c58c71d5f785ba093f1ce1e43c26c84ecc9546ef67da8290fe1c9f61
65f19ef88b23b53839cc,v3_new1_cube_random_02,cube_random,baseline:5;repair:5;no_extra:5,False,False,False,False,0.0,0.0,0.0,0.0,0.0,0.0,0.0,0.0,,no_local_common_interval,UNKNOWN_PENDING_REPLAY,c40f36adca0c5109b4ba28ad765efc3c7eb196591414806733d267eb50c48cc0
661fd0dd85ee226b4086,v3_new3_cube_random_07,cube_random,baseline:2;repair:2;no_extra:2,True,True,False,True,23.482,23.482,23.478,23.478,15.742,0.0,1.657852839018557,2.330713248561259,-0.0005530151325575244,sustained_measured_upward_load,UNKNOWN_PENDING_REPLAY,11ca45750275089935040eeb89ddbd3dd22ea5d2abd5a20b7dae55d7ba3837b1
66bb0da4a6139ef3fe1a,v3_new3_flat_box_random_12,flat_box_random,baseline:4;repair:4;no_extra:4,False,False,False,False,8.846,8.432,8.846,8.846,8.432,0.0,1.148407230910233,1.2445579359195298,-0.00034946472390037786,sustained_measured_upward_load,UNKNOWN_PENDING_REPLAY,3c915ddcd59a800dd4e046d3670ab8a58371d79e9e19285e5110960741bf71fd
66c2f65f9b96319d5e20,v3_new3_cube_random_18,cube_random,baseline:3;repair:3;no_extra:3,True,True,False,True,17.09,16.306,16.6,16.6,15.11,0.0,1.1694581433607518,1.5832961615796564,-0.000318495650062145,sustained_measured_upward_load,UNKNOWN_PENDING_REPLAY,b738a6b6113bd3169a6e3d7811d0beefee26aceb7dd9809687705ccb9105ade7
66e3a762d82aa155262c,v3_new1_cube_random_03,cube_random,baseline:6;repair:6;no_extra:6,False,False,False,False,0.0,0.0,0.0,0.0,0.0,0.0,0.0,0.0,,no_local_common_interval,UNKNOWN_PENDING_REPLAY,fe25ecf5f7df43e861b0c1d4f6f70a03ea4c4977940fdb41c16c2e4d9be712e3
66ef3bad7a77311389e5,v3_new3_cube_random_07,cube_random,baseline:4;repair:4;no_extra:4,False,False,False,False,15.768,15.768,15.768,15.768,15.768,0.0,0.6136173264756333,0.7210351086791045,-0.00026916633227822007,sustained_measured_upward_load,UNKNOWN_PENDING_REPLAY,1b5ccc630522fe9a99ed7ae81e827b521483ccbc8aa088b292154c6e1a789d4d
68ac2175b1431aa53015,v3_new3_cube_random_17,cube_random,baseline:6;repair:6;no_extra:6,False,False,False,False,0.0,0.0,0.0,0.0,0.0,0.0,0.0,0.0,,no_local_common_interval,UNKNOWN_PENDING_REPLAY,7c4e58fb38c58dc1f7ea87f29321a1d6b0258fd8eb95b889c21dca3e77b4ff99
68c95a8a956757205748,v3_new2_cube_random_05,cube_random,baseline:5;repair:5;no_extra:5,True,True,False,True,15.252,15.252,15.252,15.252,15.252,0.0,0.5404669036788989,0.5688032352257612,-0.00023265579915814072,sustained_measured_upward_load,UNKNOWN_PENDING_REPLAY,82d373767d8fb27930ca860e2b75d98649a5a1852ed54f5ff014e026a9979685
6900875adf011d590cb0,v3_new3_bar_random_15,bar_random,baseline:6;repair:6;no_extra:6,False,False,False,False,0.0,0.0,0.0,0.0,0.0,0.0,0.0,0.0,,no_local_common_interval,UNKNOWN_PENDING_REPLAY,418d15ce9f3e85799c0a34a0598422ac637101c0f44dd7e3ffc034b1f11fe1bb
69120071ddb9fdbeedbf,v3_new1_cube_random_05,cube_random,baseline:3;repair:3;no_extra:3,True,True,False,True,16.604,16.318,15.44,15.44,14.682,0.0,0.9403991443509684,1.2817183242332297,-0.00041956298283561677,sustained_measured_upward_load,UNKNOWN_PENDING_REPLAY,1321b631c8b7eb388093c6722f768e2ac0f9bb29ddd9e6c84ec1000dfcb01210
69eb8d2fe2d6b0127466,v3_new2_cube_random_12,cube_random,baseline:5;repair:5;no_extra:5,False,False,False,False,15.208,15.208,15.208,15.208,15.208,0.0,0.5445878179148573,0.5735446819811222,-0.00023444109814065028,sustained_measured_upward_load,UNKNOWN_PENDING_REPLAY,8dcfb69d9dae94ef8cee34fd710d7921dda2094a88d678fa6eba65c561e5ed7c
6a0ef012f1854c89a923,v3_new3_cube_random_06,cube_random,baseline:6;repair:6;no_extra:6,False,False,False,False,14.656,14.656,14.656,14.656,14.656,0.0,0.6403911758603382,0.8510079139028203,-0.00035044828398182737,sustained_measured_upward_load,UNKNOWN_PENDING_REPLAY,adbe150c6d659eced6f01aba0643787cc9dff738c0965d59f17d95c0278eea2e
6ad93bc4e5fed202f444,v3_new2_cube_random_12,cube_random,baseline:1;repair:1;no_extra:1,False,False,False,False,2.188,2.188,0.0,0.0,0.0,0.0,0.0,0.0,0.0009842993533490801,no_environment_records_in_local_common_intervals,UNKNOWN_PENDING_REPLAY,cba767b4ae03b22345ac5d1eb52c6203bdbd31ff79e9933d960eba08fd0d80f2
6b1a08511246b55a6861,v3_new3_cube_random_06,cube_random,baseline:1;repair:1;no_extra:1,True,True,False,True,20.818,20.398,20.818,20.818,20.398,0.0,0.5609949228438635,0.6252750812873697,-0.0002627924766492734,sustained_measured_upward_load,UNKNOWN_PENDING_REPLAY,e636400c365ebc19a6e0ce98ad6d941c442e1f0012b7171f2f1df47fc631c8f8
6b2a32e58609c9fd808d,v3_new3_bar_random_01,bar_random,baseline:1;repair:1;no_extra:1,False,False,False,False,0.0,0.0,0.0,0.0,0.0,0.0,0.0,0.0,,no_local_common_interval,UNKNOWN_PENDING_REPLAY,a9c032451b228525e6f68af30e8b0e0c528fae26fadfc09a0197edbe08c2f57a
6b47220cb1348566efb6,v3_new3_bar_random_05,bar_random,baseline:3;repair:3;no_extra:3,False,False,False,False,0.0,0.0,0.0,0.0,0.0,0.0,0.0,0.0,,no_local_common_interval,UNKNOWN_PENDING_REPLAY,359cf1ac0c5ec9147444ab4e953213e0dfa59dd4607846bcaf46af35004e651c
6b585bb58cecc7bfa22e,v3_new3_cube_random_12,cube_random,baseline:2;repair:2;no_extra:2,True,True,False,True,17.114,16.498,17.104,17.104,16.498,0.0,0.7311777000907915,0.7447672881581903,-0.0002632191784887883,sustained_measured_upward_load,UNKNOWN_PENDING_REPLAY,a44622231b11aa8a765eb4414f17182a1fbd8b13f2c4efa5b63204e776ce0b09
6beead62e671ed559e4a,v3_new3_cube_random_06,cube_random,baseline:2;repair:2;no_extra:2,True,True,False,True,23.464000000000002,23.464000000000002,23.464000000000002,23.464000000000002,23.464000000000002,0.0,1.7327332476486417,2.383292216651953,-0.0005710023631984723,sustained_measured_upward_load,UNKNOWN_PENDING_REPLAY,a1156da0bd7f097597be5d9312f50dbf64cfacf94f0d42b7016a2d0956e8a9f4
6bf71b41a5ec9e2292ca,v3_new1_flat_box_random_05,flat_box_random,baseline:5;repair:5;no_extra:5,False,False,False,False,7.784,7.414000000000001,7.78,7.78,7.414000000000001,0.0,0.8241695262263432,0.9462999054172737,-0.0004372336622592704,sustained_measured_upward_load,UNKNOWN_PENDING_REPLAY,3e1351491c7f501a7c0176caeb0b537afbf6df69b521037229f219177ae418fd
6c270c01c65c568ba099,v3_new3_cube_random_13,cube_random,baseline:4;repair:4;no_extra:4,False,False,False,False,15.116,15.116,15.116,15.116,15.116,0.0,0.6029101724848689,0.6551178818109648,-0.00022671506921571882,sustained_measured_upward_load,UNKNOWN_PENDING_REPLAY,bf1648a2a7b29d8ae4c2029330d263400171cdb82ab6a798560465e01f695919
6c7e3eb81fd416c22f60,v3_new2_cube_random_05,cube_random,baseline:6;repair:6;no_extra:6,False,False,False,False,9.312,9.312,9.312,9.312,9.312,0.0,0.5712110576508145,0.66033461621934,-0.00024169345882961435,sustained_measured_upward_load,UNKNOWN_PENDING_REPLAY,5e8c215a526ad20578933909d765538a7de9df74b299fc217ba433658d530d54
6d170f875af262320109,v3_new3_cube_random_19,cube_random,baseline:2;repair:2;no_extra:2,True,True,False,True,20.86,19.98,20.826,20.826,19.538,0.0,1.1487023550268343,1.582254894472459,-0.0005302349483567448,sustained_measured_upward_load,UNKNOWN_PENDING_REPLAY,aace0b5612b35a909287d8ad80436ed6c1bbe4cff58dc806ac53718abba2d9df
6d22d07a22d0d37d04e7,v3_new2_cube_random_11,cube_random,baseline:3;repair:3;no_extra:3,True,True,False,True,16.552,16.240000000000002,16.02,16.02,15.120000000000001,0.0,1.0173656852009971,1.3303147969329572,-0.000606074254755895,sustained_measured_upward_load,UNKNOWN_PENDING_REPLAY,e0b2aa325530e78393b5a4ee4cfe1d49f9cd4af7bd2fc7384a0586c1e594ea48
6d9b74e9c82949ee985f,v3_new2_cube_random_08,cube_random,baseline:4;repair:4;no_extra:4,True,True,False,True,17.546,15.016,17.546,17.546,15.016,0.0,0.6411799332725312,0.7307139077486063,-0.0002822827876083206,sustained_measured_upward_load,UNKNOWN_PENDING_REPLAY,ef8b2a9a9cf97b9a504fbd4d0661542247bfac42aac38906445c89276aa73194
6de916d4b7ec6f546b48,v3_new3_bar_random_00,bar_random,baseline:5;repair:5;no_extra:5,False,False,False,False,0.0,0.0,0.0,0.0,0.0,0.0,0.0,0.0,,no_local_common_interval,UNKNOWN_PENDING_REPLAY,7e888a787067ba0196e1f58a32ac1c9037c3bea3fb2fba1a489cfb86ed56200a
6f41d957b59b51a19670,v3_new3_cube_random_04,cube_random,baseline:5;repair:5;no_extra:5,True,True,False,True,20.876,15.288,20.876,20.876,15.288,0.0,0.5639493634257341,0.6490389844004858,-0.0002556080199112992,sustained_measured_upward_load,UNKNOWN_PENDING_REPLAY,905a6e1bbffd1403c4e9ca7cc46f995c3112e11ce8b14b910caca407ccecddad
6f774dcd372c4886d2b2,v3_new3_bar_random_09,bar_random,baseline:2;repair:2;no_extra:2,True,True,False,True,15.34,15.34,15.34,15.34,15.34,0.0,8.868831140190172,9.544587605772842,-0.002276044164247218,sustained_measured_upward_load,UNKNOWN_PENDING_REPLAY,899063ecc4e47878275a71745f11bec32cf713f7b869e2947af7728d0439fa70
6faaf823f9dbf0347ec3,v3_new2_cube_random_11,cube_random,baseline:2;repair:2;no_extra:2,True,True,False,True,15.798,15.486,15.756,15.756,15.13,0.0,1.0173656852009971,1.3303147969329572,-0.000606074254755895,sustained_measured_upward_load,UNKNOWN_PENDING_REPLAY,16d57d4589318ac6266d9c63ba2825bacb0f5aaadce096af13e2891c070dc6db
6fbd94912b87f3feb301,v3_new2_bar_random_19,bar_random,baseline:5;repair:5;no_extra:5,False,False,False,False,13.674,13.674,13.674,13.674,13.674,0.0,9.50357770867212,10.161418143577205,-0.0023574901381932384,sustained_measured_upward_load,UNKNOWN_PENDING_REPLAY,a95e2c52ebd6b5fc6956f5bebc3dd55934279c6b0cc1ba5f975a7a6d8731fbf1
706ea8939674ba46fbc4,v3_new3_flat_box_random_06,flat_box_random,baseline:3;repair:3;no_extra:3,True,True,False,True,16.192,15.326,16.184,16.184,15.326,0.0,1.149438209262603,1.5284531627723226,-0.00029907407274713804,sustained_measured_upward_load,UNKNOWN_PENDING_REPLAY,856f53b8c269f9f540529859c44d32de53cf7f120d28503d41d760eb47a69dd7
70d289bde58356c602cd,v3_new3_cube_random_08,cube_random,baseline:1;repair:1;no_extra:1,True,True,False,True,21.23,20.314,21.228,21.228,20.314,0.0,0.580279305112854,0.663264944910777,-0.00024495197570001404,sustained_measured_upward_load,UNKNOWN_PENDING_REPLAY,6b002281f3e145908708e5fc4b0c4f1c94be46a6534e1914dddd6160fed53b52
71070f10b48640c41998,v3_new2_bar_random_11,bar_random,baseline:5;repair:5;no_extra:5,True,True,False,True,16.052,16.052,16.052,16.052,16.052,0.0,9.582276792163322,10.219289867957947,-0.002333319103929879,sustained_measured_upward_load,UNKNOWN_PENDING_REPLAY,e908bb63e888904bd6b10ce931ad5013f6a98323f1775b00339e10ac556be4ad
7145e6a6c696da941241,v3_new3_cube_random_03,cube_random,baseline:3;repair:3;no_extra:3,True,True,False,True,23.592,23.592,18.146,18.146,11.104000000000001,0.0,1.8315581708229416,2.5271393448410997,-0.0005219722557831957,sustained_measured_upward_load,UNKNOWN_PENDING_REPLAY,43eae05e4ac61e86c76cf06eecadacd7daa99f40b2aa909872c8ac26f095d3e7
71e766638c36de144c11,v3_new3_cube_random_11,cube_random,baseline:3;repair:3;no_extra:3,True,True,False,True,16.674,16.082,16.228,16.228,15.104000000000001,0.0,0.9169769919763849,1.1616004029737101,-0.0003946049900960119,sustained_measured_upward_load,UNKNOWN_PENDING_REPLAY,7832fd25afd2d25774f7756aab5758f36741a74caff560c1cc4cd6b45ef79849
722c4b677e92fb57b31d,v3_new3_cube_random_16,cube_random,baseline:2;repair:2;no_extra:2,False,False,False,False,0.032,0.018000000000000002,0.03,0.03,0.016,0.0,1.5595434697533292,2.1733532034597585,-0.000416899862909742,mixed_or_transient_full_wrench_unknown,UNKNOWN_PENDING_REPLAY,2e2e30c36e2eac6b970b9add1fbe4196aa90b01978402c50a09dd85aa7d69a47
726387a4bb48d2c9448c,v3_new1_bar_random_19,bar_random,baseline:6;repair:6;no_extra:6,False,False,False,False,0.0,0.0,0.0,0.0,0.0,0.0,0.0,0.0,,no_local_common_interval,UNKNOWN_PENDING_REPLAY,30132f4b31e82f59317be4b7800879374141f8bfecb98e58dc203d7f901e70da
72bd098054aab270ca88,v3_new3_flat_box_random_00,flat_box_random,baseline:2;repair:2;no_extra:2,False,False,False,False,10.96,10.96,10.96,10.96,10.96,0.0,1.5194062131621244,1.662502980647853,-0.00038500420164858107,sustained_measured_upward_load,UNKNOWN_PENDING_REPLAY,cda63b568af1c4d35c52c426a5a4c6cf1af943ae9603c09aaaea4baa7ead772b
73f16c3a412c4c360f0c,v3_new1_flat_box_random_09,flat_box_random,baseline:3;repair:3;no_extra:3,False,False,False,False,13.782,12.58,13.772,13.772,12.58,0.0,0.9912200099453887,1.3595188738972344,-0.0002705851575636742,sustained_measured_upward_load,UNKNOWN_PENDING_REPLAY,31a92d8e78e5abda80893b627da21e8b3fb58af0ffb11bf868024faf0e6e5dd7
748bd445bfaad009d6ac,v3_new3_bar_random_05,bar_random,baseline:6;repair:6;no_extra:6,False,False,False,False,0.0,0.0,0.0,0.0,0.0,0.0,0.0,0.0,,no_local_common_interval,UNKNOWN_PENDING_REPLAY,268e108ddd4e551a466eb1684e6ddfc799d7fd4d5f70c5eb66c7d2dba8b961ec
748f809f7da4d84eb1bd,v3_new2_cube_random_17,cube_random,baseline:5;repair:5;no_extra:5,False,False,False,False,2.354,2.354,2.354,2.354,2.354,0.0,0.3874125858808826,0.39905759058191564,-0.00018791000119514067,sustained_measured_upward_load,UNKNOWN_PENDING_REPLAY,1838a06712909cfe57ea26c0caf4704442ed1e2b4f883eb2ab66b3ab5e1aac6f
7496af442905f934d7f6,v3_new3_bar_random_16,bar_random,baseline:4;repair:4;no_extra:4,True,True,False,True,15.384,15.384,15.384,15.384,15.384,0.0,9.678805333719811,10.24979912456919,-0.002437339839352695,sustained_measured_upward_load,UNKNOWN_PENDING_REPLAY,8c6e5346bd7a1f273d7f5bdbc533b12e57762e2ed213577ce9c4a94635672cda
751d43d5f3880de7466b,v3_new2_cube_random_02,cube_random,baseline:3;repair:3;no_extra:3,True,True,False,True,16.698,16.186,15.708,15.708,15.1,0.0,0.7915245925654465,0.8102684769503894,-0.0004055126440332818,sustained_measured_upward_load,UNKNOWN_PENDING_REPLAY,a8d7958eee86a8aef8d098973f96285a67c5b6667904b5ab278d5b8edb0c3d95
751d47bcfeba6df5c33e,v3_new1_cube_random_08,cube_random,baseline:2;repair:2;no_extra:2,False,False,False,False,0.0,0.0,0.0,0.0,0.0,0.0,0.0,0.0,,no_local_common_interval,UNKNOWN_PENDING_REPLAY,935a3784304f8ad396dec30c188d7d7e57bec5c46d72452f2cd5987b49c7ff19
752525948f5ff7b4bede,v3_new1_cube_random_02,cube_random,baseline:2;repair:2;no_extra:2,False,False,False,False,15.248000000000001,14.916,15.248000000000001,15.248000000000001,14.916,0.0,0.6921063180784983,0.7733102613638163,-0.00032216636238098506,sustained_measured_upward_load,UNKNOWN_PENDING_REPLAY,d1ff49056fd9164817d7a9df0855fcdfcd47d8b8c745aa0b7d41396faf5a195e
75397c6ea91047fe1ebf,v3_new3_cube_random_19,cube_random,baseline:3;repair:3;no_extra:3,True,True,False,True,20.86,19.98,20.516000000000002,20.516000000000002,15.138,0.0,1.1487023550268343,1.582254894472459,-0.0005302349483567448,sustained_measured_upward_load,UNKNOWN_PENDING_REPLAY,2817b05ff1a4ee97a855eac040143f101b4c4efb972b723f5c19aea9ac332e29
759cd10ed39bef94d39a,v3_new3_cube_random_03,cube_random,baseline:1;repair:1;no_extra:1,False,False,False,False,4.3500000000000005,2.838,0.0,0.0,0.0,0.0,0.0,0.0,0.0009752091352932812,no_environment_records_in_local_common_intervals,UNKNOWN_PENDING_REPLAY,5ed222fb8d2552ccf9f11371cd37c68e58624ffb3f924a28c9ce2669ce9c68cc
762519abeb90b15d1abd,v3_new2_cube_random_01,cube_random,baseline:3;repair:3;no_extra:3,False,False,False,False,1.8,1.782,1.78,1.78,1.78,0.0,0.8083960084078184,0.989057210956387,-0.00036455506172311525,sustained_measured_upward_load,UNKNOWN_PENDING_REPLAY,da5e94bb17c0f11574cf3453f816c049e4b1b26fcdc7043d86af6359879f1f85
76293a3711339d4d487e,v3_new3_bar_random_16,bar_random,baseline:6;repair:6;no_extra:6,False,False,False,False,0.59,0.59,0.59,0.59,0.59,0.0,10.860808708631406,11.851787346640652,-0.0027018180095338823,sustained_measured_upward_load,UNKNOWN_PENDING_REPLAY,ae000f161162c336e2c0bb4f9d6f91e4f586293c3eda0016a5676cbe8e9f715d
76487af88a72fc379462,v3_new1_flat_box_random_16,flat_box_random,baseline:3;repair:3;no_extra:3,False,False,False,False,15.790000000000001,15.200000000000001,15.786,15.786,15.200000000000001,0.0,1.1143669977291797,1.554763643943522,-0.0002756546562696499,sustained_measured_upward_load,UNKNOWN_PENDING_REPLAY,2f0f13c542b8db5e72ae47046701920f61fc500be69f1b5344ce4610d68eafe3
7673b7b0fa3bcdc26aa8,v3_new3_cube_random_04,cube_random,baseline:1;repair:1;no_extra:1,True,True,False,True,21.282,20.366,21.28,21.28,20.366,0.0,0.6020200989178924,0.6888859870715676,-0.00024596687666973704,sustained_measured_upward_load,UNKNOWN_PENDING_REPLAY,0a814f5067be543cbad5e0f3a9608c0f3c1e94ae3ac1c1911f53701e0590c277
78dc5ff05a3b3357c9db,v3_new3_cube_random_17,cube_random,baseline:3;repair:3;no_extra:3,False,False,False,False,10.668000000000001,6.38,10.58,10.58,6.38,0.0,1.837559613608474,2.597493927006708,-0.00047223740263518943,sustained_measured_upward_load,UNKNOWN_PENDING_REPLAY,243984c62dbdc48bacd15a368d4de549806f7c61ec6f7fbf6d2245a25b98cbdc
793e2aa8a101a35275a7,v3_new3_bar_random_01,bar_random,baseline:2;repair:2;no_extra:2,True,True,False,True,15.31,15.31,15.31,15.31,15.31,0.0,10.101062489145601,10.587953378316843,-0.0024084137727909266,sustained_measured_upward_load,UNKNOWN_PENDING_REPLAY,70ae62ac3f0b8b7636392453e4e27fc74b1b4b9e465301a44baeb09ff925ad21
795458f832805a658a88,v3_new2_bar_random_19,bar_random,baseline:4;repair:4;no_extra:4,False,False,False,False,0.0,0.0,0.0,0.0,0.0,0.0,0.0,0.0,,no_local_common_interval,UNKNOWN_PENDING_REPLAY,7d31b57d8c93992e9cf5299a8fcdf7cd21fe147441211554646704f2d4adfe80
7a27eea47543420761dd,v3_new3_flat_box_random_13,flat_box_random,baseline:2;repair:2;no_extra:2,True,True,False,True,15.544,15.530000000000001,15.544,15.544,15.530000000000001,0.0,1.0792731629542487,1.4213902255405184,-0.00044088185146896886,sustained_measured_upward_load,UNKNOWN_PENDING_REPLAY,f610e95502bc60d83a56b88194a6800d97b8df5624cd0d3c140f23c17901fdc5
7a2f31c689958b41ba04,v3_new1_cube_random_07,cube_random,baseline:5;repair:5;no_extra:5,True,True,False,True,15.252,15.252,15.252,15.252,15.252,0.0,0.5362713999963205,0.5635202904740774,-0.00023464633342251684,sustained_measured_upward_load,UNKNOWN_PENDING_REPLAY,b2bad26fe23249b34e0933e692fa8645267c0ffb4c3e49dd468efbd310efe30a
7ae2deb9b406708ab4a4,v3_new2_cube_random_09,cube_random,baseline:3;repair:3;no_extra:3,False,False,False,False,0.0,0.0,0.0,0.0,0.0,0.0,0.0,0.0,,no_local_common_interval,UNKNOWN_PENDING_REPLAY,072ac7732f4952cc88b7b22b4afdd9a0b51244bcab309b0e57c64dd0ae319e9d
7b26a794e6ac38ef73af,v3_new1_cube_random_00,cube_random,baseline:5;repair:5;no_extra:5,False,False,False,False,0.0,0.0,0.0,0.0,0.0,0.0,0.0,0.0,,no_local_common_interval,UNKNOWN_PENDING_REPLAY,121f380a2cb910c461a12bdaef4668640a5a99d3bb0d8faef596af1dbfe120f9
7b93a927a2d23f066739,v3_new2_flat_box_random_06,flat_box_random,baseline:5;repair:5;no_extra:5,False,False,False,False,0.0,0.0,0.0,0.0,0.0,0.0,0.0,0.0,,no_local_common_interval,UNKNOWN_PENDING_REPLAY,b278195fc2d81cb9ca7179031ad400c23c23bc5dd3826e8511962b8066aa40a2
7ba06eba7e9e76fbdeeb,v3_new2_cube_random_19,cube_random,baseline:5;repair:5;no_extra:5,True,True,False,True,20.854,17.166,20.854,20.854,17.166,0.0,0.5394660302381376,0.603421611880798,-0.0002645154130897637,sustained_measured_upward_load,UNKNOWN_PENDING_REPLAY,5b5a9d3bbf95ed6f0bbec84dd9a97198f59b01961016e4b440a4860b23e3e751
7c0bdd404f4c61113c6e,v3_new1_flat_box_random_11,flat_box_random,baseline:2;repair:2;no_extra:2,False,False,False,False,14.718,14.718,14.718,14.718,14.718,0.0,1.383600855905412,1.4798933415124549,-0.0003591123996784934,sustained_measured_upward_load,UNKNOWN_PENDING_REPLAY,315eb671466799c051726d41e70044b1eba6b65cffafd79f194bc2ae326e7547
7cf12cc40a2db9e20279,v3_new2_bar_random_02,bar_random,baseline:6;repair:6;no_extra:6,False,False,False,False,0.0,0.0,0.0,0.0,0.0,0.0,0.0,0.0,,no_local_common_interval,UNKNOWN_PENDING_REPLAY,edb1461c5083c193154ebe73a77e984f12493ee399822e47cca3c990cfe9699b
7db3098480decf9e18b3,v3_new2_cube_random_11,cube_random,baseline:5;repair:5;no_extra:5,False,False,False,False,15.116,15.116,15.116,15.116,15.116,0.0,0.5590521019040242,0.5913967145378137,-0.00023382060603699406,sustained_measured_upward_load,UNKNOWN_PENDING_REPLAY,19a12155eae09d8445b233baba91502ab162394ac66f34375a1f6a5957b571bd
7db31e0ec54d67dce503,v3_new3_bar_random_16,bar_random,baseline:3;repair:3;no_extra:3,False,False,False,False,0.0,0.0,0.0,0.0,0.0,0.0,0.0,0.0,,no_local_common_interval,UNKNOWN_PENDING_REPLAY,c7782934c5a9b6b773139ecd701336b5c7e3812c17eb9153de5d90ed05d6cacb
7dc86f1448b1e5a7d914,v3_new1_bar_random_17,bar_random,baseline:3;repair:3;no_extra:3,False,False,False,False,0.0,0.0,0.0,0.0,0.0,0.0,0.0,0.0,,no_local_common_interval,UNKNOWN_PENDING_REPLAY,ae03659e230110cb95115c7668291d4328549a521dd84f1f1cdc7c66bc1424a4
7df71ba9f73250e6114e,v3_new2_bar_random_01,bar_random,baseline:2;repair:2;no_extra:2,False,False,False,False,0.0,0.0,0.0,0.0,0.0,0.0,0.0,0.0,,no_local_common_interval,UNKNOWN_PENDING_REPLAY,62ace494ad5901a00f8a9158653fac4ae52a1349491c2bf11b13c3dbb07ca80c
7e527545760e3e477e7e,v3_new3_flat_box_random_17,flat_box_random,baseline:1;repair:1;no_extra:1,False,False,False,False,8.282,8.212,8.226,8.226,6.904,0.0,1.3297315826908744,1.3337154635246942,-0.0004697897828542935,sustained_measured_upward_load,UNKNOWN_PENDING_REPLAY,52e89f567934924d766182d56e04220206f4931218758d1c983aeabad5d44762
7eb2ba87b0cd0f971698,v3_new1_cube_random_09,cube_random,baseline:1;repair:1;no_extra:1,True,True,False,True,20.062,18.854,18.954,18.954,18.854,0.0,0.5469198225218223,0.6701283115835055,-0.00033819094153349216,sustained_measured_upward_load,UNKNOWN_PENDING_REPLAY,5bd513143d9f5691832fc288b5ef5858a92debe9d7db8e7de0269afe982a25aa
7ecd3212844b080473f9,v3_new1_bar_random_19,bar_random,baseline:1;repair:1;no_extra:1,True,True,False,True,15.674,15.674,15.674,15.674,15.674,0.0,9.032911385080586,10.118332305001514,-0.0022118076441177553,sustained_measured_upward_load,UNKNOWN_PENDING_REPLAY,6b4a660f1df828420d464561d3b40904a1fc5247065e4ab926e9be97cf457988
7f44d07f1446013fea24,v3_new3_cube_random_16,cube_random,baseline:6;repair:6;no_extra:6,False,False,False,False,1.252,0.02,1.252,1.252,0.02,0.0,0.8661278106522436,1.0260248277869757,-0.00044936470203310597,mixed_or_transient_full_wrench_unknown,UNKNOWN_PENDING_REPLAY,5927ca1b8ca9ff2b2f757959508b7acd77e185e62e346e1a80a5245b5cd4158b
8076d972020a223805e1,v3_new3_bar_random_15,bar_random,baseline:3;repair:3;no_extra:3,False,False,False,False,2.172,2.172,2.172,2.172,2.172,0.0,10.132690999791048,12.256759714519612,-0.001597292430306596,sustained_measured_upward_load,UNKNOWN_PENDING_REPLAY,8f19553879c9098f4d52158d27ea80fb3d416058a69ba0bd0660bdde2d8a7175
80f619418707a874300e,v3_new2_cube_random_05,cube_random,baseline:3;repair:3;no_extra:3,False,False,False,False,16.986,16.238,16.878,16.878,15.062000000000001,0.0,1.3580254510019714,1.8954864157025706,-0.00040858741239645224,sustained_measured_upward_load,UNKNOWN_PENDING_REPLAY,4353415248591d8935699f428a2060ed8ba72be7c55fb94ced8cf91752a6a87d
81017a48846496812a82,v3_new2_bar_random_02,bar_random,baseline:5;repair:5;no_extra:5,False,False,False,False,0.0,0.0,0.0,0.0,0.0,0.0,0.0,0.0,,no_local_common_interval,UNKNOWN_PENDING_REPLAY,c19d970ed0fdc6611b4ac965f4cf3ba944b29a2690cb4f9d16b9df05c86a6f29
81e26afccb2806272337,v3_new3_cube_random_15,cube_random,baseline:3;repair:3;no_extra:3,True,True,False,True,22.162,21.11,21.552,21.552,15.116,0.0,1.2324247858908102,1.6717012421902475,-0.0005506031020830471,sustained_measured_upward_load,UNKNOWN_PENDING_REPLAY,fb6e01c855bb8f94c2a0da316f3421ab357d0a3990731dd59a8b3649aab11d61
827866f378647d1b694c,v3_new3_cube_random_14,cube_random,baseline:3;repair:3;no_extra:3,False,False,False,False,17.188,16.286,15.952,15.952,15.06,0.0,1.1464749228466184,1.4824549375197078,-0.0004531303513446855,sustained_measured_upward_load,UNKNOWN_PENDING_REPLAY,ced72198b08a3027442eb2cb937fbf6df5fac1384a76f658eedfc0a3805d2ee0
837dc546915244b56232,v3_new1_cube_random_17,cube_random,baseline:4;repair:4;no_extra:4,True,True,False,True,15.59,15.59,15.59,15.59,15.59,0.0,0.6096597072095192,0.7023288497244699,-0.0002549414875647471,sustained_measured_upward_load,UNKNOWN_PENDING_REPLAY,227cd88fb02fd2c86b516975cee5ae913201419443dcd480d9c7f7175f87730c
8622abaa35b7a44bda1f,v3_new3_cube_random_01,cube_random,baseline:4;repair:4;no_extra:4,False,False,False,False,0.0,0.0,0.0,0.0,0.0,0.0,0.0,0.0,,no_local_common_interval,UNKNOWN_PENDING_REPLAY,99b1942447521f8f988fdc0c11af4afff881c6eede451cf5da07a66b54d523ca
86489537f656473897dd,v3_new3_flat_box_random_11,flat_box_random,baseline:4;repair:4;no_extra:4,False,False,False,False,16.972,16.5,16.966,16.966,16.5,0.0,1.3861566754539167,1.477210114360857,-0.00043075134824609174,sustained_measured_upward_load,UNKNOWN_PENDING_REPLAY,c17980bb909e023085c0c73703c25584e4169dc1325546ef7fcdcdf2a6153474
865acae982a028533266,v3_new1_cube_random_03,cube_random,baseline:4;repair:4;no_extra:4,False,False,False,False,14.984,14.984,14.984,14.984,14.984,0.0,0.5876842727664113,0.6282102265919156,-0.0002341209730315763,sustained_measured_upward_load,UNKNOWN_PENDING_REPLAY,d5ef9b303cfef3bdb937eea41fffda5605b9fe6a5cbabc27a1d6d70d526f76ef
865c4ce75863aad4ca92,v3_new3_bar_random_18,bar_random,baseline:4;repair:4;no_extra:4,False,False,False,False,7.08,7.08,7.08,7.08,7.08,0.0,9.530869593807504,10.05207410037744,-0.002452366930732461,sustained_measured_upward_load,UNKNOWN_PENDING_REPLAY,13702c6095eadc1e123e7b26c555f446f2503269898681d1bfab93a40f6b4c01
865cb40c3dce9146b6a6,v3_new2_cube_random_01,cube_random,baseline:4;repair:4;no_extra:4,False,False,False,False,19.034,15.268,19.034,19.034,15.268,0.0,0.7010364790426602,0.801887919300003,-0.00029132533601212984,sustained_measured_upward_load,UNKNOWN_PENDING_REPLAY,e106305177c1d184bc8e463c79ee993a799f3e53127873f762b3a7f24cbbcdd0
871ebdf0e37d6f97f19e,v3_new1_cube_random_09,cube_random,baseline:3;repair:3;no_extra:3,False,False,False,False,0.0,0.0,0.0,0.0,0.0,0.0,0.0,0.0,,no_local_common_interval,UNKNOWN_PENDING_REPLAY,f64e6ba2d21deabe585d08f40977c74807aa72b7bd95d6ab48948c6945aefd2e
874d8840c4ca774fefb1,v3_new3_cube_random_18,cube_random,baseline:4;repair:4;no_extra:4,False,False,False,False,0.0,0.0,0.0,0.0,0.0,0.0,0.0,0.0,,no_local_common_interval,UNKNOWN_PENDING_REPLAY,0516aceea4d0ae2999bd52ab0775c06e6f701e08df840ab7f37eba786d2eefc0
87769809139bd4999160,v3_new3_bar_random_10,bar_random,baseline:3;repair:3;no_extra:3,False,False,False,False,0.0,0.0,0.0,0.0,0.0,0.0,0.0,0.0,,no_local_common_interval,UNKNOWN_PENDING_REPLAY,4638809937f5066d4f06420237a014636f52524c24a0195e869beffbf5c79860
878f17d2f214774984f2,v3_new1_flat_box_random_16,flat_box_random,baseline:5;repair:5;no_extra:5,False,False,False,False,7.618,6.378,7.618,7.618,6.378,0.0,1.478571636712039,1.4869479006442652,-0.00038676091160952386,sustained_measured_upward_load,UNKNOWN_PENDING_REPLAY,032c8e17d7ab6963e6263fe8b8e819de389122966da30d06055680a8f9fbb505
87a961b6f3a1ea44bb12,v3_new1_cube_random_03,cube_random,baseline:2;repair:2;no_extra:2,True,True,False,True,15.59,15.336,15.566,15.566,15.132,0.0,0.7222392588096574,0.8056784366032382,-0.00041494364497286773,sustained_measured_upward_load,UNKNOWN_PENDING_REPLAY,fa442cf7e1eb5e52ff80277815113e657799e98c80e9b47f720e1846f98e005a
87fc2bae4a362e964479,v3_new3_cube_random_02,cube_random,baseline:3;repair:3;no_extra:3,False,False,False,False,1.046,0.812,1.018,1.018,0.396,0.0,1.7557661132543774,2.4592024400942307,-0.0004275383735846544,sustained_measured_upward_load,UNKNOWN_PENDING_REPLAY,22fc5a811137304326f899e9d56d2f48e5a42875e7854b9f4b0412f43754012e
888f893047a6def66d88,v3_new3_bar_random_05,bar_random,baseline:2;repair:2;no_extra:2,True,True,False,True,15.316,15.316,15.316,15.316,15.316,0.0,9.238280818086755,9.82337449457349,-0.0022984981645414876,sustained_measured_upward_load,UNKNOWN_PENDING_REPLAY,917f66fc727a96aec32dacd4f647763f3a0b412ae694d4c01eb6634be178a03c
899322c1d96320d405eb,v3_new2_bar_random_01,bar_random,baseline:6;repair:6;no_extra:6,False,False,False,False,0.0,0.0,0.0,0.0,0.0,0.0,0.0,0.0,,no_local_common_interval,UNKNOWN_PENDING_REPLAY,0d54b7f56bab9f87079db6c1dd132f64c5b3b791074cecaf6a311a5a3631c0b5
89b39e88f5775705803e,v3_new2_flat_box_random_13,flat_box_random,baseline:5;repair:5;no_extra:5,False,False,False,False,5.1160000000000005,2.7880000000000003,5.1160000000000005,5.1160000000000005,2.7880000000000003,0.0,0.5978194316632274,0.7406704661959993,-0.00028572087101262633,sustained_measured_upward_load,UNKNOWN_PENDING_REPLAY,02b232321c09217ee804e57dfa42ea5d112f2058e671130533abc63d2a7170a8
8aea585dfb701aec747c,v3_new3_bar_random_12,bar_random,baseline:6;repair:6;no_extra:6,True,True,False,True,15.918000000000001,15.918000000000001,15.918000000000001,15.918000000000001,15.918000000000001,0.0,11.21354341523084,11.975947860223393,-0.0027331493558126196,sustained_measured_upward_load,UNKNOWN_PENDING_REPLAY,9bfce6069cb41fa6a3ae5fe6ae30d77bbbd0548d33eb1a720199906804f57364
8b9d057297813fb9822a,v3_new1_flat_box_random_11,flat_box_random,baseline:5;repair:5;no_extra:5,False,False,False,False,10.05,10.05,10.05,10.05,10.05,0.0,1.1975758340445148,1.223968168643358,-0.00041071488539302925,sustained_measured_upward_load,UNKNOWN_PENDING_REPLAY,100e36001e941baa75a00b83925c58603ca9af9b3e28491311730ffd09b82a69
8bd015a8331bd164367d,v3_new2_cube_random_00,cube_random,baseline:5;repair:5;no_extra:5,True,True,False,True,15.436,15.436,15.436,15.436,15.436,0.0,0.518218850919062,0.5445554376584407,-0.0002348622544358775,sustained_measured_upward_load,UNKNOWN_PENDING_REPLAY,36e1b7d4741f9fe67b1f75b99fa7ebd21a1686a93656b22596a450010afb69ce
8cd57968c321f41e4ede,v3_new3_cube_random_14,cube_random,baseline:6;repair:6;no_extra:6,False,False,False,False,0.0,0.0,0.0,0.0,0.0,0.0,0.0,0.0,,no_local_common_interval,UNKNOWN_PENDING_REPLAY,c72f0172f3e78413e017a45b26b534d63463fc1bc4963c9f27ed7348a92a636b
8cf0412fd620986b62a6,v3_new1_cube_random_07,cube_random,baseline:3;repair:3;no_extra:3,True,True,False,True,16.438,16.314,15.498000000000001,15.498000000000001,15.116,0.0,1.0373947944480428,1.348006344369314,-0.0004896277849664316,sustained_measured_upward_load,UNKNOWN_PENDING_REPLAY,5f7ecbba322daef4d7757655dc0cf37341c4750d8d1d18b4382a1fafa6a2eac4
8d8a564cbe22d62aade0,v3_new2_cube_random_01,cube_random,baseline:2;repair:2;no_extra:2,False,False,False,False,1.8,1.782,1.78,1.78,1.78,0.0,0.8083960084078184,0.989057210956387,-0.00036455506172311525,sustained_measured_upward_load,UNKNOWN_PENDING_REPLAY,d121eee5206b23e533c689d1c7cda0376d2da1cd3ae4483787e0f70234eff28f
8d9737c39f1f966dc68c,v3_new3_cube_random_01,cube_random,baseline:6;repair:6;no_extra:6,False,False,False,False,0.0,0.0,0.0,0.0,0.0,0.0,0.0,0.0,,no_local_common_interval,UNKNOWN_PENDING_REPLAY,70e8deeec0a7fad0a32426d03275126c1e9aee15dbaa9809fab6b99424e69de3
8db9d07ae01141636ee8,v3_new1_cube_random_03,cube_random,baseline:1;repair:1;no_extra:1,False,False,False,False,0.0,0.0,0.0,0.0,0.0,0.0,0.0,0.0,,no_local_common_interval,UNKNOWN_PENDING_REPLAY,ca94562be2233fd0562adba5f7b53e991a4b5b146fc5f1281fc9038a981428cf
8dda145fca5e10c6a68a,v3_new2_cube_random_03,cube_random,baseline:2;repair:2;no_extra:2,True,True,False,True,23.508,23.508,23.508,23.508,23.508,0.0,1.404614731619545,1.8945249180647752,-0.0005304535752906486,sustained_measured_upward_load,UNKNOWN_PENDING_REPLAY,f453ba156c793f8ec7261c2097642580bb07791fd5f728f2cdd05f9ea3fd646d
8e2d395b57c4b8c7f72d,v3_new3_cube_random_01,cube_random,baseline:1;repair:1;no_extra:1,False,False,False,False,7.744,7.744,7.5,7.5,4.048,0.0,0.14778755604516108,0.1587427731459784,-0.00010522370021120997,sustained_measured_upward_load,UNKNOWN_PENDING_REPLAY,a3c9964952e27800eb0c3b290347668d77c5e2841cc58d8b2d3107e7a4ad24dc
905ee62224e4a67d84c3,v3_new1_cube_random_02,cube_random,baseline:1;repair:1;no_extra:1,False,False,False,False,12.386000000000001,12.386000000000001,12.328,12.328,6.988,0.0,0.22229437568899518,0.23998770231120048,-0.0001626875923406157,sustained_measured_upward_load,UNKNOWN_PENDING_REPLAY,feb78c7f17b1e0abdb812338f47f23ae3d6f413fd86b30bba2a256bfc7c912eb
908428fd32c37101ed3c,v3_new1_bar_random_19,bar_random,baseline:2;repair:2;no_extra:2,True,True,False,True,15.914,15.914,15.914,15.914,15.914,0.0,10.041180323219153,10.75608751482721,-0.0024468684998892043,sustained_measured_upward_load,UNKNOWN_PENDING_REPLAY,ad67263454b26ea15350e7c734674c68577df48d98c336f776150dd8244ac588
9191d21ec783aca2121b,v3_new1_cube_random_07,cube_random,baseline:2;repair:2;no_extra:2,True,True,False,True,15.744,15.620000000000001,15.648,15.648,15.094000000000001,0.0,1.0373947944480428,1.348006344369314,-0.0004896277849664316,sustained_measured_upward_load,UNKNOWN_PENDING_REPLAY,61c1b47b2e09a9fae0863b8d455e6565b90e8b5ac8d95276f47ff5abf27b0b73
91a53bbe7e2218089218,v3_new3_cube_random_19,cube_random,baseline:4;repair:4;no_extra:4,False,False,False,False,16.396,16.396,16.396,16.396,16.396,0.0,0.6486150810865511,0.7369926652854492,-0.00028003016815776605,sustained_measured_upward_load,UNKNOWN_PENDING_REPLAY,087ab29a8ff4ae1c014449ab28481bde5b1b274d207ab35ed8a79c8ca4d6e4fc
91f0b786866801f5ef87,v3_new1_cube_random_04,cube_random,baseline:6;repair:6;no_extra:6,False,False,False,False,0.0,0.0,0.0,0.0,0.0,0.0,0.0,0.0,,no_local_common_interval,UNKNOWN_PENDING_REPLAY,655af9b7d9ab2e0dbf8fe4d8caca6d2ece89e94f86e4117f95a57f9c153cc000
925b461e8b78c66e1c96,v3_new3_cube_random_01,cube_random,baseline:5;repair:5;no_extra:5,False,False,False,False,0.0,0.0,0.0,0.0,0.0,0.0,0.0,0.0,,no_local_common_interval,UNKNOWN_PENDING_REPLAY,c49ae51655c9b21c522b2abdcf355f4a6fe9b2a08c271e07b37c3fbd7e2084b4
927e08639bf5a7588c15,v3_new3_cube_random_12,cube_random,baseline:4;repair:4;no_extra:4,False,False,False,False,3.47,2.5340000000000003,3.456,3.456,2.5340000000000003,0.0,1.8116116056610825,2.2862226705446327,-0.0006476883620205459,sustained_measured_upward_load,UNKNOWN_PENDING_REPLAY,b622f8c83387d89389f4a43cab687617209a64380b918de7591751babc000527
92eb8f78937fc629b8e4,v3_new1_flat_box_random_09,flat_box_random,baseline:5;repair:5;no_extra:5,False,False,False,False,5.814,4.186,5.814,5.814,4.186,0.0,1.3412246874124343,1.3501858930717938,-0.0003790957190123595,sustained_measured_upward_load,UNKNOWN_PENDING_REPLAY,cde3efa403448a20d9272a0c0f438a2e2e20b4703fb5b95876f1a075d57d7122
93c47e3cb9fcea55dd93,v3_new3_flat_box_random_13,flat_box_random,baseline:1;repair:1;no_extra:1,False,False,False,False,9.442,9.398,9.44,9.44,9.398,0.0,0.8358308817015241,1.0689770467934292,-0.00041271397017385303,sustained_measured_upward_load,UNKNOWN_PENDING_REPLAY,9c3bf24b71e56006fda03c6d89e306243c73357b6f7d375a0acb832c15a88acf
93cea050c3654f723320,v3_new3_bar_random_18,bar_random,baseline:6;repair:6;no_extra:6,False,False,False,False,0.0,0.0,0.0,0.0,0.0,0.0,0.0,0.0,,no_local_common_interval,UNKNOWN_PENDING_REPLAY,7c53f2a3ddd72b2d0d27aab4889d54595d101b6c8cfd034bef69e46be1cfc915
94c2e9b37b464e581b06,v3_new1_flat_box_random_11,flat_box_random,baseline:6;repair:6;no_extra:6,False,False,False,False,14.248000000000001,14.248000000000001,14.248000000000001,14.248000000000001,14.248000000000001,0.0,1.4405662618466333,1.5756386269819431,-0.0004657230100665738,sustained_measured_upward_load,UNKNOWN_PENDING_REPLAY,6a7009db98c55a51e692440c2343b5568e5774a522efab50aac61c79df452bfc
95bf4a19a7700f7d3a4d,v3_new3_cube_random_19,cube_random,baseline:6;repair:6;no_extra:6,False,False,False,False,16.254,16.254,16.254,16.254,16.254,0.0,0.7689583977289497,1.0748908387163698,-0.0004097170012098833,sustained_measured_upward_load,UNKNOWN_PENDING_REPLAY,85d12fca7be4aa0d731455eabc9f4dacbd2b88b85ed74a67918ebd389f81c7d9
9635277a1c60cce2e696,v3_new2_flat_box_random_06,flat_box_random,baseline:2;repair:2;no_extra:2,True,True,False,True,15.388,15.296000000000001,15.386000000000001,15.386000000000001,15.296000000000001,0.0,0.9721828232821691,1.3033026075676293,-0.00034856127006720194,sustained_measured_upward_load,UNKNOWN_PENDING_REPLAY,29662d5444fd29d1b3b63ef221b2250029f17d903aab378bbe40eba8d889524d
965da96781b1e0927341,v3_new1_flat_box_random_16,flat_box_random,baseline:4;repair:4;no_extra:4,False,False,False,False,8.996,4.688,8.996,8.996,4.688,0.0,1.593638706562295,1.6110349941588993,-0.0003749431235231804,sustained_measured_upward_load,UNKNOWN_PENDING_REPLAY,5c933f06c5865f14f06453031deb82b595e81eb1df6ab5df6786a249887e745a
96aa18efdefd09034013,v3_new3_bar_random_02,bar_random,baseline:4;repair:4;no_extra:4,False,False,False,False,0.0,0.0,0.0,0.0,0.0,0.0,0.0,0.0,,no_local_common_interval,UNKNOWN_PENDING_REPLAY,43e01cecddc8c97c4a1ea6e0a572347f3722cd95f9446b47174c369715a55582
974671832b1c4944db9f,v3_new3_bar_random_16,bar_random,baseline:2;repair:2;no_extra:2,False,False,False,False,14.992,14.992,14.992,14.992,14.992,0.0,8.990522050788613,9.601513764160451,-0.0022675639896359567,sustained_measured_upward_load,UNKNOWN_PENDING_REPLAY,95edc3e5a0e60afe263a1a32ee208ddd213652ed6aac7627f80ae026d9cc9838
97935d01b966274db906,v3_new1_cube_random_04,cube_random,baseline:4;repair:4;no_extra:4,False,False,False,False,0.0,0.0,0.0,0.0,0.0,0.0,0.0,0.0,,no_local_common_interval,UNKNOWN_PENDING_REPLAY,16ef27ee66f3b90ae91aa8a065eb1233e9da78bebdc8217597a45b939c704d9a
97b545d25697cfd2479e,v3_new3_bar_random_00,bar_random,baseline:1;repair:1;no_extra:1,True,True,False,True,15.42,15.42,15.42,15.42,15.42,0.0,9.017415840239133,9.81246910997538,-0.0022115689819490053,sustained_measured_upward_load,UNKNOWN_PENDING_REPLAY,6df57ae18c49edb69ab0e34d457c0b61b09e99c5089d1ff0fa2fc273632d36a1
98335da999ea0f5bdbfd,v3_new3_cube_random_08,cube_random,baseline:6;repair:6;no_extra:6,False,False,False,False,10.546,4.578,10.546,10.546,4.578,0.0,0.8523061811693128,1.063475533198744,-0.00045319582066713493,sustained_measured_upward_load,UNKNOWN_PENDING_REPLAY,7b89efa6027608ff767af7c0b68b04b195142e69b54b2676fb59bf25f1ae8754
995767302bd576cd7c53,v3_new3_cube_random_11,cube_random,baseline:2;repair:2;no_extra:2,False,False,False,False,9.268,3.664,9.268,9.268,3.664,0.0,0.9169769919763849,1.1616004029737101,-0.0003946049900960119,sustained_measured_upward_load,UNKNOWN_PENDING_REPLAY,17e23e4e1b991a444b72f41e2e7b4408cdc0c18a4dbda29a84a0b1d58afc4e94
997a1059e4395b2670bc,v3_new1_flat_box_random_09,flat_box_random,baseline:6;repair:6;no_extra:6,False,False,False,False,14.182,7.448,14.182,14.182,7.448,0.0,1.4680581737362632,1.5229830343673176,-0.0004413287841441016,sustained_measured_upward_load,UNKNOWN_PENDING_REPLAY,47e15691fed1a7015969e257b9170e5bca47cbc60b13b3b41ca37ecacd6b5a3b
9a22bb77a475e49f808c,v3_new2_cube_random_17,cube_random,baseline:1;repair:1;no_extra:1,False,False,False,False,13.406,13.406,12.102,12.102,7.74,0.0,0.2221129498836924,0.2227326113599786,-0.0001019460957663032,sustained_measured_upward_load,UNKNOWN_PENDING_REPLAY,cdaaeca5e0bb4f4177f1dc685b4b9607aa31c921c298e9106fbc149cf29eef16
9a25c272f237cf86f6c6,v3_new1_cube_random_12,cube_random,baseline:5;repair:5;no_extra:5,False,False,False,False,15.18,15.18,15.18,15.18,15.18,0.0,0.5513859416649419,0.5826462191921841,-0.00023306976381899658,sustained_measured_upward_load,UNKNOWN_PENDING_REPLAY,2cc8f248d53653976816b802680a63384f577d1c02832758aca8cb32fa95fa1c
9b08b04e335583081b55,v3_new3_cube_random_04,cube_random,baseline:6;repair:6;no_extra:6,False,False,False,False,15.272,9.342,15.272,15.272,9.342,0.0,0.8135613122610261,1.0731058512881042,-0.0004319638136589393,sustained_measured_upward_load,UNKNOWN_PENDING_REPLAY,5d605d8d48ea34cd4018181c9859214e52e3331d8d4d95102c575feeb91bf663
9b3ab65437c1f85ba08b,v3_new2_cube_random_19,cube_random,baseline:1;repair:1;no_extra:1,True,True,False,True,21.058,20.338,21.058,21.058,20.338,0.0,0.5337625220724322,0.5938830710827094,-0.00026007533590895193,sustained_measured_upward_load,UNKNOWN_PENDING_REPLAY,b493cfec0f744409467bf8d82e5c183343ed1c2d39f6614ff6203a206ec554ca
9b8328c29fa694de50fb,v3_new3_cube_random_13,cube_random,baseline:6;repair:6;no_extra:6,False,False,False,False,0.0,0.0,0.0,0.0,0.0,0.0,0.0,0.0,,no_local_common_interval,UNKNOWN_PENDING_REPLAY,20219911f4ce92ee38d680520fbe22cce796373c47aea245ecb25361f745f941
9c4ffbc5384375c45ee0,v3_new1_cube_random_09,cube_random,baseline:2;repair:2;no_extra:2,False,False,False,False,0.0,0.0,0.0,0.0,0.0,0.0,0.0,0.0,,no_local_common_interval,UNKNOWN_PENDING_REPLAY,f64e6ba2d21deabe585d08f40977c74807aa72b7bd95d6ab48948c6945aefd2e
9cdf377c60dcd79c040c,v3_new1_flat_box_random_09,flat_box_random,baseline:2;repair:2;no_extra:2,True,True,False,True,15.574,15.248000000000001,15.574,15.574,15.248000000000001,0.0,1.0919303179548667,1.261203700625974,-0.0003623446221787119,sustained_measured_upward_load,UNKNOWN_PENDING_REPLAY,056f3ba0eb76629f01c71bdd479cfd68f777825c29d7c1333469b0ec704689ec
9cee7bbb9b12e7ed7c27,v3_new1_bar_random_19,bar_random,baseline:3;repair:3;no_extra:3,True,True,False,True,15.636000000000001,15.636000000000001,15.636000000000001,15.636000000000001,15.636000000000001,0.0,9.552781058002973,10.356192293405396,-0.002304068141747259,sustained_measured_upward_load,UNKNOWN_PENDING_REPLAY,6aeefe147191af332f83d33d8edb0027e074ad19252bca134a12962552840478
9cf7b6057c421bf1c3ff,v3_new3_cube_random_02,cube_random,baseline:5;repair:5;no_extra:5,True,True,False,True,20.374,16.004,20.374,20.374,16.004,0.0,0.5643337456677258,0.6178463333216107,-0.00021946250778376308,sustained_measured_upward_load,UNKNOWN_PENDING_REPLAY,1f14a5158b23d679540e01be83ea9452736c1364fbd6ba8b7a754d2b8f1c9587
9ddcf38ba48bbd0ba17b,v3_new1_cube_random_11,cube_random,baseline:2;repair:2;no_extra:2,False,False,False,False,1.86,1.556,1.858,1.858,1.1480000000000001,0.0,1.6315781480194418,2.260565417321298,-0.0005354803547505671,sustained_measured_upward_load,UNKNOWN_PENDING_REPLAY,bcefd8f647a41131faff55dd8d0a9ad23eb233f911df4d02e7d9eaa7589b19ce
9e5e125e1ff0345bdcff,v3_new3_cube_random_02,cube_random,baseline:6;repair:6;no_extra:6,False,False,False,False,13.780000000000001,8.138,13.780000000000001,13.780000000000001,8.138,0.0,0.6480696902503419,0.9112688989682735,-0.0002790438223654462,sustained_measured_upward_load,UNKNOWN_PENDING_REPLAY,ce823e4d11aae5a084c39dd6b15c2f69957528fcbc08a6df11c7454f53a8788e
9eb023c6b49c36129684,v3_new2_cube_random_17,cube_random,baseline:3;repair:3;no_extra:3,True,True,False,True,16.372,15.948,15.894,15.894,15.092,0.0,1.0703761651378678,1.2857234865403044,-0.0004464863312468592,sustained_measured_upward_load,UNKNOWN_PENDING_REPLAY,0fefba6131eb082fddd7ca7d34bbc7732e7e40c604d93f956672b8d09496633a
9ecb45b05686ee60ae55,v3_new1_bar_random_08,bar_random,baseline:3;repair:3;no_extra:3,True,True,False,True,15.406,15.406,15.406,15.406,15.406,0.0,9.404624330318207,10.043269643118174,-0.0022520751844755105,sustained_measured_upward_load,UNKNOWN_PENDING_REPLAY,b786f365b57de40f9cf8327ba1d4f848a130fd8660ccb3ee11759cedd342565a
9f522d4f264bfec0c597,v3_new1_flat_box_random_05,flat_box_random,baseline:6;repair:6;no_extra:6,False,False,False,False,13.356,12.994,13.352,13.352,12.994,0.0,1.1710718929249886,1.4510888290878028,-0.0005410376335825279,sustained_measured_upward_load,UNKNOWN_PENDING_REPLAY,ad56f2f39076d3f649f89a53bfdeaf704379c4967c3e6388d992ae8139f9928d
9f554396406df227e5de,v3_new3_bar_random_16,bar_random,baseline:1;repair:1;no_extra:1,True,True,False,True,15.49,15.49,15.49,15.49,15.49,0.0,9.77668808848617,10.473935919404045,-0.0024362366328574137,sustained_measured_upward_load,UNKNOWN_PENDING_REPLAY,d54243e8d4ed815dbfc416b504cd3e4bbeff2b7cea0815ee1cd481002506c823
9f78b867ab5f5a761b0a,v3_new3_cube_random_11,cube_random,baseline:1;repair:1;no_extra:1,False,False,False,False,9.16,9.16,8.908,8.908,3.984,0.0,0.1558826301761812,0.17062466237005264,-0.00011282531614749403,sustained_measured_upward_load,UNKNOWN_PENDING_REPLAY,58ed0738aba367692d87866f7f773af68f704d2aa65cfab2fa5f4dc511d00f4a
9f8560fce51c71776ac7,v3_new3_flat_box_random_12,flat_box_random,baseline:6;repair:6;no_extra:6,False,False,False,False,14.048,13.836,14.048,14.048,13.836,0.0,1.4591931218241259,1.6676847075175747,-0.0004198208015795263,sustained_measured_upward_load,UNKNOWN_PENDING_REPLAY,3c3fae007c231fde1acd99b9054fb8a4ee4171c22be28577e96e589cc19b930b
9f859e2dcb846fafc726,v3_new1_cube_random_00,cube_random,baseline:6;repair:6;no_extra:6,False,False,False,False,0.0,0.0,0.0,0.0,0.0,0.0,0.0,0.0,,no_local_common_interval,UNKNOWN_PENDING_REPLAY,6ddbbd06fd292eb4fd07eb0532bba7661fafc354e9230ef0ec4b64dad26e76a6
a014c69c06ef162298cc,v3_new2_bar_random_03,bar_random,baseline:1;repair:1;no_extra:1,True,True,False,True,16.114,16.114,16.114,16.114,16.114,0.0,10.000089233532595,10.41330539764736,-0.002397333273375782,sustained_measured_upward_load,UNKNOWN_PENDING_REPLAY,9159e5bdcf3897d9b23e314d209c9c222ba234a3f9a1f211abe7f1a6027edc65
a029a4a79d4c7ec0b9bc,v3_new3_bar_random_02,bar_random,baseline:2;repair:2;no_extra:2,True,True,False,True,15.284,15.284,15.284,15.284,15.284,0.0,9.425405442834863,10.426498117991553,-0.002368710775365976,sustained_measured_upward_load,UNKNOWN_PENDING_REPLAY,023c3ae7c7b6298dbb2117436fc11c742aad87ac7f5d9cdd7f3613b9ac8fd038
a143783fb56c45c59554,v3_new1_flat_box_random_06,flat_box_random,baseline:5;repair:5;no_extra:5,False,False,False,False,14.002,10.02,14.0,14.0,10.02,0.0,1.3203047362465292,1.4476784596168857,-0.0004176483841634854,sustained_measured_upward_load,UNKNOWN_PENDING_REPLAY,b7b9f2646aa044a852beba78728523c3aa3bcca19c371f6f5dc087563ae36135
a1d554287902b6723c99,v3_new1_bar_random_07,bar_random,baseline:2;repair:2;no_extra:2,True,True,False,True,15.348,15.348,15.348,15.348,15.348,0.0,9.54916893720387,10.1254983334905,-0.002372954841116409,sustained_measured_upward_load,UNKNOWN_PENDING_REPLAY,6f40cc99f1c06ad4a1bf22f0915a71e88466a3a7814a93a3eaf24058864b71f7
a1f12131b3707d0c43b8,v3_new2_cube_random_03,cube_random,baseline:5;repair:5;no_extra:5,True,True,False,True,15.252,15.252,15.252,15.252,15.252,0.0,0.5328079598395421,0.5603116433969126,-0.00023324070612378012,sustained_measured_upward_load,UNKNOWN_PENDING_REPLAY,4076265fdd104b457d95ed8c91da76fcddd5c2aea149e8a94489b48976771403
a2b5f163218b423df585,v3_new1_bar_random_08,bar_random,baseline:1;repair:1;no_extra:1,True,True,False,True,15.39,15.39,15.39,15.39,15.39,0.0,8.956730093768657,9.884052490514003,-0.00214754870298893,sustained_measured_upward_load,UNKNOWN_PENDING_REPLAY,fca74a1aa9122357c08458554d1bffe02747cf75bbc58ef5c2ab929570d8a3f6
a32539e8f17d23bec41d,v3_new2_cube_random_13,cube_random,baseline:6;repair:6;no_extra:6,False,False,False,False,0.0,0.0,0.0,0.0,0.0,0.0,0.0,0.0,,no_local_common_interval,UNKNOWN_PENDING_REPLAY,73b6f20c80160293aa718a938ae91414610daf32cc110bc7fd26f5a82d62b0db
a363c9af16aeceb3d6e0,v3_new2_cube_random_07,cube_random,baseline:3;repair:3;no_extra:3,True,True,False,True,17.150000000000002,16.352,16.648,16.648,15.116,0.0,1.0890576627103523,1.4531889045621316,-0.00048368678195635784,sustained_measured_upward_load,UNKNOWN_PENDING_REPLAY,b3cc032abea347550d72aadf971532f98c832700123399f05ddcc64a31a7dfd1
a474a4912848db5f0ad7,v3_new2_bar_random_03,bar_random,baseline:5;repair:5;no_extra:5,False,False,False,False,0.0,0.0,0.0,0.0,0.0,0.0,0.0,0.0,,no_local_common_interval,UNKNOWN_PENDING_REPLAY,30032d91e4620478d3476c1a3fd9c144d0f16b80dad08ac6c4b30cbc458386ec
a55ef7bc14c2f4e810d1,v3_new3_cube_random_17,cube_random,baseline:2;repair:2;no_extra:2,False,False,False,False,6.372,3.39,6.368,6.368,3.39,0.0,1.837559613608474,2.597493927006708,-0.00047223740263518943,sustained_measured_upward_load,UNKNOWN_PENDING_REPLAY,b41dad281d4e7bab206b965f760d18edf041277c8a6d3f0d3fd140ebcb12df7f
a63fe3fc175574954038,v3_new1_cube_random_19,cube_random,baseline:2;repair:2;no_extra:2,True,True,False,True,15.634,15.346,15.606,15.606,15.128,0.0,0.6639197404386201,0.7305983125682874,-0.0003949513607233446,sustained_measured_upward_load,UNKNOWN_PENDING_REPLAY,29bb58fdd927c3f64c59f53778110ec450bfa68a328dc2ee154dd554efc68a10
a66d0fe2aa2fc20396e4,v3_new3_cube_random_18,cube_random,baseline:1;repair:1;no_extra:1,False,False,False,False,9.104000000000001,9.104000000000001,8.852,8.852,4.026,0.0,0.15491984491904448,0.16892986778718624,-0.00011198410716602158,sustained_measured_upward_load,UNKNOWN_PENDING_REPLAY,b8e9a7d9d9e551033d7eba67f95a6a133b6fa6317f1c3e9ebdf7f3ca09ba1e9d
a7a6295207867128e9e9,v3_new3_cube_random_02,cube_random,baseline:1;repair:1;no_extra:1,True,True,False,True,21.128,20.434,21.128,21.128,20.434,0.0,0.5993579963870983,0.6929478447046049,-0.00025405210454164384,sustained_measured_upward_load,UNKNOWN_PENDING_REPLAY,330f4d03014802cc512c2ded03bd3e48dc8de4eb56644c58e7aa372ed3d505fb
a7b2dc8ab980cd87b64d,v3_new2_cube_random_08,cube_random,baseline:1;repair:1;no_extra:1,True,True,False,True,20.488,20.464000000000002,20.488,20.488,20.464000000000002,0.0,0.5551178800931185,0.6249612772757301,-0.0002756323340997041,sustained_measured_upward_load,UNKNOWN_PENDING_REPLAY,69754100c15a596dcb00dcdbff8efe07055d70a745884e31dfeedfcd35698b16
a7c38b4b582723fe6a97,v3_new2_bar_random_03,bar_random,baseline:4;repair:4;no_extra:4,False,False,False,False,14.442,14.442,14.442,14.442,14.442,0.0,9.43321562402086,10.221658537441623,-0.002287528064969402,sustained_measured_upward_load,UNKNOWN_PENDING_REPLAY,a41cd8f45a8495ad66346525eda2f1160cb4bb4dc987a73299272a324db2ea65
a8771e00744f3379160e,v3_new3_cube_random_14,cube_random,baseline:2;repair:2;no_extra:2,True,True,False,True,16.456,15.554,16.36,16.36,15.106,0.0,1.1464749228466184,1.4824549375197078,-0.0004531303513446855,sustained_measured_upward_load,UNKNOWN_PENDING_REPLAY,ad6598747a835cb10a9bc117beb5bf830888ffb83ce3406d791996998ef96524
a8f989ebffcd7c6050c1,v3_new2_bar_random_02,bar_random,baseline:3;repair:3;no_extra:3,False,False,False,False,0.0,0.0,0.0,0.0,0.0,0.0,0.0,0.0,,no_local_common_interval,UNKNOWN_PENDING_REPLAY,d703b6952dd665249254ae8da8ede80cd0a50a36d09465422fd86f9b2c170118
aac7d5556bf814a9e080,v3_new1_cube_random_12,cube_random,baseline:4;repair:4;no_extra:4,False,False,False,False,15.23,15.23,15.23,15.23,15.23,0.0,0.5646914063066952,0.5958192979334318,-0.00023595791422953427,sustained_measured_upward_load,UNKNOWN_PENDING_REPLAY,2ce22f5a8f08aa4c13fdf4964f6d95064da675a7cb592eb919d58ab19e76bc5a
aafedf4c388f11c8a83e,v3_new3_flat_box_random_11,flat_box_random,baseline:3;repair:3;no_extra:3,True,True,False,True,16.552,15.23,16.54,16.54,15.23,0.0,1.1123253905124681,1.3614865891930763,-0.00039676276957115175,sustained_measured_upward_load,UNKNOWN_PENDING_REPLAY,15cc8fd93037dab5cad8dddb620316a4ea47e56cec58f7c3752eece8c6b74233
ab43a06d2e52fdf6938f,v3_new2_cube_random_01,cube_random,baseline:5;repair:5;no_extra:5,True,True,False,True,19.066,17.108,19.066,19.066,17.108,0.0,0.5734812439497441,0.6713138560077281,-0.0002663413681942006,sustained_measured_upward_load,UNKNOWN_PENDING_REPLAY,038ac662a83915a6bb02326bc005005de8aa36a29e20d0d9fd4998fad1fa8d43
ab6760804cb48a5f0fe3,v3_new1_bar_random_17,bar_random,baseline:6;repair:6;no_extra:6,True,True,False,True,15.588000000000001,15.588000000000001,15.588000000000001,15.588000000000001,15.588000000000001,0.0,10.939660842818462,11.902368755640081,-0.002572682845765631,sustained_measured_upward_load,UNKNOWN_PENDING_REPLAY,5ebb507b8330a5a8812d9a4ff4a2f9ff452e30130ac5c2468fb5be534731ca8d
ac6074f170a620f192ac,v3_new1_cube_random_19,cube_random,baseline:5;repair:5;no_extra:5,False,False,False,False,15.164,15.164,15.164,15.164,15.164,0.0,0.555626012682725,0.5868734248978491,-0.0002341943704907007,sustained_measured_upward_load,UNKNOWN_PENDING_REPLAY,30082747537912496b07d485d162266a5a3662208e7ad6039742663aafe949fa
ac7ae2413bde13f51130,v3_new1_cube_random_16,cube_random,baseline:2;repair:2;no_extra:2,False,False,False,False,23.502,23.502,23.5,23.5,15.156,0.0,1.7151364084290286,2.300786019894251,-0.0005258089930495341,sustained_measured_upward_load,UNKNOWN_PENDING_REPLAY,4e6c999c6a6aa0065f3ec2d120bbb91f1f08bdaa7359533a7e2729daf8a03717
adfc57b03001ddaf081a,v3_new1_cube_random_12,cube_random,baseline:6;repair:6;no_extra:6,False,False,False,False,0.0,0.0,0.0,0.0,0.0,0.0,0.0,0.0,,no_local_common_interval,UNKNOWN_PENDING_REPLAY,2523192cfa2228c5ea76b5158c4344bbbdbbf95cbf8188308f2481dd74e7d7eb
af923f013fa44eb4aafc,v3_new1_bar_random_19,bar_random,baseline:5;repair:5;no_extra:5,True,True,False,True,15.316,15.316,15.316,15.316,15.316,0.0,9.672258851257096,10.411288661070149,-0.002355849204753638,sustained_measured_upward_load,UNKNOWN_PENDING_REPLAY,408c55c4e23226d66942239f8f8f9336850af4d37a4881ecb257b5959f408ac2
b0382e005eafd8b617dd,v3_new2_bar_random_19,bar_random,baseline:3;repair:3;no_extra:3,False,False,False,False,11.73,11.73,11.73,11.73,11.73,0.0,9.10220978621513,9.559573682007926,-0.0022935679658162983,sustained_measured_upward_load,UNKNOWN_PENDING_REPLAY,4a3c33200211689bcb4607b94005bd12593b6e7d44484f0c68964c3d3d51a2d1
b199fb7ecc4db7a13bc7,v3_new3_cube_random_06,cube_random,baseline:4;repair:4;no_extra:4,True,True,False,True,15.856,15.856,15.856,15.856,15.856,0.0,0.620181877804932,0.7272400955275035,-0.00026741465901418404,sustained_measured_upward_load,UNKNOWN_PENDING_REPLAY,fd83b037088bd7c6f6d8ae9a29d85b052d4d3bd9b7ec03b815085e9b7539c55f
b1fe4dbcbbf9be46b06b,v3_new1_flat_box_random_05,flat_box_random,baseline:3;repair:3;no_extra:3,True,True,False,True,15.610000000000001,15.286,15.608,15.608,15.286,0.0,0.7891033242141113,1.075310911899739,-0.00038648158257933996,sustained_measured_upward_load,UNKNOWN_PENDING_REPLAY,653207239683591120801d6968a343c03e766a5f825f8e237aeaf53bb03f9954
b30f077026546b09e77c,v3_new2_flat_box_random_13,flat_box_random,baseline:4;repair:4;no_extra:4,False,False,False,False,5.896,2.7880000000000003,5.896,5.896,2.7880000000000003,0.0,0.6920521456703027,0.9015426139787158,-0.0003427205389493898,sustained_measured_upward_load,UNKNOWN_PENDING_REPLAY,f1381b0991516930675e9fdd61f977d2205d65b0137d18c328c978e10be422b3
b3475d4c2db4c299df74,v3_new3_cube_random_13,cube_random,baseline:2;repair:2;no_extra:2,True,True,False,True,23.6,23.6,23.526,23.526,15.14,0.0,1.5574715752099628,2.128875465111187,-0.00040849909271807594,sustained_measured_upward_load,UNKNOWN_PENDING_REPLAY,199a0f34386e38674f2513472f2cd0e6e420cdef9ae2a447990f18968562f82d
b3e81fa890ba12138a9a,v3_new1_flat_box_random_05,flat_box_random,baseline:1;repair:1;no_extra:1,False,False,False,False,9.348,9.126,9.348,9.348,9.126,0.0,0.8908576732813254,1.0483917655263304,-0.0004626579043446599,sustained_measured_upward_load,UNKNOWN_PENDING_REPLAY,72a8e87909e9a8867bea21391c679468f48ce2b9a9817dc2e6a87713a98a078a
b413f5e1b655ff0f0e3c,v3_new3_flat_box_random_06,flat_box_random,baseline:2;repair:2;no_extra:2,True,True,False,True,15.732000000000001,15.206,15.732000000000001,15.732000000000001,15.206,0.0,1.2181382410435253,1.2992991790115593,-0.00038425183649684613,sustained_measured_upward_load,UNKNOWN_PENDING_REPLAY,42f6c7c5322bbf6e1ff222fdd63c2af188a21941da11b66f1633c8775b60cc3b
b6037f1b448425603a0a,v3_new3_cube_random_05,cube_random,baseline:4;repair:4;no_extra:4,False,False,False,False,15.788,15.788,15.788,15.788,15.788,0.0,0.627528496704622,0.7427625696197305,-0.00027180869314984146,sustained_measured_upward_load,UNKNOWN_PENDING_REPLAY,4cd266f79487c96d87769368a79c16b91798d09be70d190a8732e32b388a387e
b65cc2d20b2a059ecab5,v3_new2_bar_random_01,bar_random,baseline:5;repair:5;no_extra:5,False,False,False,False,14.992,14.992,14.992,14.992,14.992,0.0,8.814356510113464,9.120409598418425,-0.0022156267325264406,sustained_measured_upward_load,UNKNOWN_PENDING_REPLAY,eca55945cbccc72585ca7457556116b502a6aaea28c5bec12f3deacf3cf6a0a4
b8140768773c71b6bf5c,v3_new1_cube_random_18,cube_random,baseline:3;repair:3;no_extra:3,True,True,False,True,17.3,16.444,14.996,14.996,13.902000000000001,0.0,1.0721093144906366,1.514335549203391,-0.0004610426332695011,sustained_measured_upward_load,UNKNOWN_PENDING_REPLAY,776bc2e280a6f621c3bc3141ea3283c56f587d6a8f3dca31831f13007a2b2dc8
b844c33693ea2007c44c,v3_new3_cube_random_07,cube_random,baseline:3;repair:3;no_extra:3,False,False,False,False,23.482,23.482,23.412,23.412,15.122,0.0,1.657852839018557,2.330713248561259,-0.0005530151325575244,sustained_measured_upward_load,UNKNOWN_PENDING_REPLAY,0667caf8291cd5452d5035d54e240a86dce4520a37021b137f3d360451f0f3da
b860f245271c473265e2,v3_new3_cube_random_08,cube_random,baseline:5;repair:5;no_extra:5,True,True,False,True,19.768,17.126,19.768,19.768,17.126,0.0,0.5558155915689431,0.6490612755048636,-0.0002725477786090641,sustained_measured_upward_load,UNKNOWN_PENDING_REPLAY,6eeed807d1fe7730f4c439014d5d4f03eca5d5dd1cf6ba36bdfe02c68eb9220f
b86e8efcd169088efcce,v3_new3_flat_box_random_18,flat_box_random,baseline:3;repair:3;no_extra:3,True,True,False,True,15.978,15.202,15.978,15.978,15.202,0.0,0.9654468569446966,1.2709804148300474,-0.00026036892865512196,sustained_measured_upward_load,UNKNOWN_PENDING_REPLAY,79ae4e19b240666eb53f922fe889096bc669b1cda5ebd55f929116b3aecb26be
b896229e41038db3b12d,v3_new1_cube_random_16,cube_random,baseline:4;repair:4;no_extra:4,False,False,False,False,15.9,15.9,15.9,15.9,15.9,0.0,0.6398947930645131,0.7593478641564713,-0.0002786161384038949,sustained_measured_upward_load,UNKNOWN_PENDING_REPLAY,244b3cfe8bb227cf015454b3db316dc04c671aaf401e110b87e9d9ea84a35386
b8d5e4e4028b9372eebe,v3_new2_flat_box_random_06,flat_box_random,baseline:1;repair:1;no_extra:1,False,False,False,False,0.0,0.0,0.0,0.0,0.0,0.0,0.0,0.0,,no_local_common_interval,UNKNOWN_PENDING_REPLAY,b03309e531303775c36aba49e12d586a72afa89bf997e3b3f4519e3f7b41d022
b9a3483009ebaed5e9a9,v3_new3_cube_random_08,cube_random,baseline:4;repair:4;no_extra:4,True,True,False,True,19.71,15.188,19.71,19.71,15.188,0.0,0.6584380766396106,0.756810887678344,-0.00028320431529525736,sustained_measured_upward_load,UNKNOWN_PENDING_REPLAY,983a2b506d5a92600d20b5cf1f0589b41b7b46b08243611176bfc6d1d43a8c6b
bcafe1d65a031e8f640c,v3_new1_cube_random_02,cube_random,baseline:4;repair:4;no_extra:4,False,False,False,False,0.0,0.0,0.0,0.0,0.0,0.0,0.0,0.0,,no_local_common_interval,UNKNOWN_PENDING_REPLAY,9a3f78ee232dffa80d8ecdcd94fca6d7d6f6a74c99a0ae1fc20702ceead29eb9
bdb3e2b8740992af1960,v3_new2_cube_random_15,cube_random,baseline:5;repair:5;no_extra:5,False,False,False,False,19.268,16.184,19.268,19.268,16.184,0.0,0.5248044435958946,0.5678290053331265,-0.00023613538380083676,sustained_measured_upward_load,UNKNOWN_PENDING_REPLAY,1464044ecbd0680267c7ed7225470ee31adf3c294c38b4ea82e9a5d82a4cab4f
bdf12a631adc1b72027a,v3_new1_cube_random_05,cube_random,baseline:4;repair:4;no_extra:4,False,False,False,False,15.442,15.442,15.442,15.442,15.442,0.0,0.55747865161135,0.6026896198609347,-0.00023946586296934302,sustained_measured_upward_load,UNKNOWN_PENDING_REPLAY,9d0377ef5a1a70d2305b215bdb1a9cda22ad34c80ff7688df321f1974a79fc63
be17d16f0276b13a5a3f,v3_new1_cube_random_04,cube_random,baseline:1;repair:1;no_extra:1,False,False,False,False,0.0,0.0,0.0,0.0,0.0,0.0,0.0,0.0,,no_local_common_interval,UNKNOWN_PENDING_REPLAY,c4f995e6d0096b0d87b2c5f45de4439fb868a802612f2eb53e1517f7786caafd
be5fa8e1f7a567a1a260,v3_new1_flat_box_random_09,flat_box_random,baseline:1;repair:1;no_extra:1,False,False,False,False,7.414000000000001,5.6240000000000006,7.3660000000000005,7.3660000000000005,5.6240000000000006,0.0,1.080221127134274,1.2032553720927395,-0.00036159636459277833,sustained_measured_upward_load,UNKNOWN_PENDING_REPLAY,b39f31f9b696fee138511f7e04a8fa62a803fb6033458ccdedf9f9023e720314
bf846adb5e57fc29e589,v3_new1_cube_random_14,cube_random,baseline:3;repair:3;no_extra:3,True,True,False,True,23.432000000000002,23.432000000000002,20.162,20.162,13.178,0.0,1.3515048686245699,1.8276086010144095,-0.0005704535410067796,sustained_measured_upward_load,UNKNOWN_PENDING_REPLAY,5c8d903b11689a5efb24c0303d6193b8660e8c5db255faa16ea28cb23eeb194a
bfe00f78f17d9ba86e67,v3_new3_cube_random_06,cube_random,baseline:5;repair:5;no_extra:5,True,True,False,True,15.376,15.376,15.376,15.376,15.376,0.0,0.532423926404117,0.5603560573613807,-0.0002320804575301899,sustained_measured_upward_load,UNKNOWN_PENDING_REPLAY,88878ef54b397c9eda16982d94e027f17501dad931100fa3ab5d3f06de72c8eb
c1a34d93f79f6e9f9df7,v3_new1_bar_random_07,bar_random,baseline:3;repair:3;no_extra:3,True,True,False,True,15.326,15.326,15.326,15.326,15.326,0.0,9.064297989102846,9.749790887286993,-0.0022198340798348787,sustained_measured_upward_load,UNKNOWN_PENDING_REPLAY,3a4eedd3a1ddbcf29434474925b7a971eed5dc0993edccea739f8294314b1737
c1d27fcbcf971a46f945,v3_new3_flat_box_random_00,flat_box_random,baseline:6;repair:6;no_extra:6,False,False,False,False,0.0,0.0,0.0,0.0,0.0,0.0,0.0,0.0,,no_local_common_interval,UNKNOWN_PENDING_REPLAY,30080028b2855491459abf4f12204f14f2e6dfccde29c0a119fb5b98c303c041
c1d69f41eb6ec1ecb6ab,v3_new3_bar_random_02,bar_random,baseline:5;repair:5;no_extra:5,False,False,False,False,11.152000000000001,11.152000000000001,11.152000000000001,11.152000000000001,11.152000000000001,0.0,9.525816937077185,10.105873382885553,-0.0023845530859332442,sustained_measured_upward_load,UNKNOWN_PENDING_REPLAY,a5fe96d0832c81890dc89b43e9fa025b42da3aa270cab49d51940bd3cecd9256
c269bdfb02827a281937,v3_new3_bar_random_00,bar_random,baseline:2;repair:2;no_extra:2,False,False,False,False,0.0,0.0,0.0,0.0,0.0,0.0,0.0,0.0,,no_local_common_interval,UNKNOWN_PENDING_REPLAY,0eacf88c82d88ba771e67ae226042e09e2e6b64dfc2ac1b3bf72455058c954c5
c285ab54e9aab5b6c7d4,v3_new3_cube_random_16,cube_random,baseline:3;repair:3;no_extra:3,False,False,False,False,0.032,0.018000000000000002,0.03,0.03,0.016,0.0,1.5595434697533292,2.1733532034597585,-0.000416899862909742,mixed_or_transient_full_wrench_unknown,UNKNOWN_PENDING_REPLAY,2c48685088a3b01a321ed8af7c6620c64205e3bbd5e04c1e97d4f1a34b470803
c2ea4925982b4101cda3,v3_new2_bar_random_12,bar_random,baseline:1;repair:1;no_extra:1,True,True,False,True,15.4,15.4,15.4,15.4,15.4,0.0,8.874747878807037,9.536780944109795,-0.0022255403585117878,sustained_measured_upward_load,UNKNOWN_PENDING_REPLAY,ac380a4f539d80a36ce4a3a40af898d90dd182571873894b1f9a51fb86c65182
c3030c8d601781ed8683,v3_new2_bar_random_13,bar_random,baseline:2;repair:2;no_extra:2,True,True,False,True,15.696,15.696,15.696,15.696,15.696,0.0,9.766794443677654,10.535177877811623,-0.0024229175325009844,sustained_measured_upward_load,UNKNOWN_PENDING_REPLAY,55cb7f7f74ef49f888a621e1d36fb14d369a287ea98afea46d72d37aa6633b04
c3325f9c2fcd37c34aa6,v3_new1_cube_random_19,cube_random,baseline:3;repair:3;no_extra:3,True,True,False,True,16.45,16.162,15.984,15.984,15.108,0.0,0.6639197404386201,0.7147094816201205,-0.0003949513607233446,sustained_measured_upward_load,UNKNOWN_PENDING_REPLAY,95403eb657e8b102196a9a01727840df03006b5e8e8ca9d404d7354a42436547
c3c94df8504b49015b5f,v3_new1_cube_random_16,cube_random,baseline:5;repair:5;no_extra:5,True,True,False,True,15.34,15.34,15.34,15.34,15.34,0.0,0.5498633799885673,0.5876477925479467,-0.0002240301643467446,sustained_measured_upward_load,UNKNOWN_PENDING_REPLAY,977e02eecfc7e9e9898451cf7aaa03a49f10ce12434cdc9244bfe145f3b5a45b
c3da5130e64bdddc9d9c,v3_new1_bar_random_07,bar_random,baseline:1;repair:1;no_extra:1,False,False,False,False,0.0,0.0,0.0,0.0,0.0,0.0,0.0,0.0,,no_local_common_interval,UNKNOWN_PENDING_REPLAY,021c6c6008613a964a47eac8ac7ef367669a08ad98cac1b4480285b98b44a145
c418e59dfbd224d31acf,v3_new3_flat_box_random_06,flat_box_random,baseline:4;repair:4;no_extra:4,False,False,False,False,8.856,6.888,8.856,8.856,6.888,0.0,1.300345281268851,1.3089746236125535,-0.000395816242618266,sustained_measured_upward_load,UNKNOWN_PENDING_REPLAY,aecfac6558ab0270b672523c7eb57d62ca88f53dceaa4d2ae6509ad830a667c5
c442e36582af28860f2e,v3_new1_cube_random_03,cube_random,baseline:3;repair:3;no_extra:3,True,True,False,True,16.414,16.16,15.950000000000001,15.950000000000001,15.106,0.0,0.7222392588096574,0.7937373727636627,-0.00041494364497286773,sustained_measured_upward_load,UNKNOWN_PENDING_REPLAY,e56d967239624222a5d84f9b12f3bb4cff265633b286053220171f236ca7b32c
c481c8f88cb37f446165,v3_new3_flat_box_random_13,flat_box_random,baseline:6;repair:6;no_extra:6,False,False,False,False,4.29,3.206,4.29,4.29,3.206,0.0,0.6575376979862049,0.9271310478827931,-0.00025230452825113214,sustained_measured_upward_load,UNKNOWN_PENDING_REPLAY,bcbbb6e0f4ff445b1e8212690998cd6de438ed6ad720afe630f163e391d005a1
c4d9bc829431f14a2380,v3_new2_cube_random_13,cube_random,baseline:2;repair:2;no_extra:2,False,False,False,False,1.756,1.756,1.75,1.75,1.004,0.0,1.6804185613223246,2.3382090931748447,-0.00045441362013869113,sustained_measured_upward_load,UNKNOWN_PENDING_REPLAY,aaa9e199ba47259c83d64867e916360371897da880aaacbaf9b6560e39f1a370
c513bf0f2b71560be8a0,v3_new2_bar_random_01,bar_random,baseline:1;repair:1;no_extra:1,False,False,False,False,0.0,0.0,0.0,0.0,0.0,0.0,0.0,0.0,,no_local_common_interval,UNKNOWN_PENDING_REPLAY,6c4d4884b405fd194619fa5388a5c646e158f328a0453eb88ab9fb5d33e372da
c5424769ce0a3400e27c,v3_new2_cube_random_03,cube_random,baseline:1;repair:1;no_extra:1,False,False,False,False,16.868000000000002,13.842,10.614,10.614,10.414,0.0,0.29006826717048184,0.29940764360825106,-0.00015620686167447384,sustained_measured_upward_load,UNKNOWN_PENDING_REPLAY,b81ff6393b555794ba5b94e1a4fd6c38d42368a8837a0119c202103b0cff6ade
c57c05ffb3daf9ba7b45,v3_new3_bar_random_00,bar_random,baseline:4;repair:4;no_extra:4,False,False,False,False,11.686,11.686,11.686,11.686,11.686,0.0,9.42181821794339,9.964325760949018,-0.0023637833764221794,sustained_measured_upward_load,UNKNOWN_PENDING_REPLAY,1428477f03072391df8c5859de76a7c54773f7ac34a4a806cddf2844a8def0b9
c5eed1152b8fa25913c7,v3_new3_cube_random_13,cube_random,baseline:1;repair:1;no_extra:1,True,True,False,True,20.496,20.496,20.496,20.496,20.496,0.0,0.634463773983609,0.6652488971309491,-0.0002622004641649883,sustained_measured_upward_load,UNKNOWN_PENDING_REPLAY,332744d0d8bb35c5f626578e82ce3afe7f94e52483caa4e239f263fb32fce7cd
c6d2a31ce32f2549a3f5,v3_new3_flat_box_random_09,flat_box_random,baseline:5;repair:5;no_extra:5,False,False,False,False,1.1280000000000001,0.63,1.1260000000000001,1.1260000000000001,0.63,0.0,0.7110697227399969,0.8763508067438303,-0.0003565492114728924,sustained_measured_upward_load,UNKNOWN_PENDING_REPLAY,5e37a5cbae679bc4aab2022c0da5650a133845ba43d03234fc90abbe8083c108
c75ecb76b39241594a6a,v3_new2_bar_random_19,bar_random,baseline:2;repair:2;no_extra:2,True,True,False,True,15.620000000000001,15.620000000000001,15.620000000000001,15.620000000000001,15.620000000000001,0.0,9.891886074398696,10.519927184330253,-0.0024644062438952813,sustained_measured_upward_load,UNKNOWN_PENDING_REPLAY,7ba942ddb2c08afe7cba286d82b4f0ef6a548124f1dfc963eff04bd54fc5e6e1
c851ecfd7a81435e78e9,v3_new3_flat_box_random_12,flat_box_random,baseline:1;repair:1;no_extra:1,False,False,False,False,15.492,13.706,15.492,15.492,13.706,0.0,1.0007247838484425,1.0825204597601,-0.0003534412957609673,sustained_measured_upward_load,UNKNOWN_PENDING_REPLAY,8ed1daf734828e6673de5fc1aeb739013553cdd3615aabcf2be4b9a28776eb23
c8674e008e998d1fd622,v3_new3_flat_box_random_09,flat_box_random,baseline:3;repair:3;no_extra:3,False,False,False,False,15.938,15.194,15.89,15.89,15.15,0.0,1.1260132584603206,1.567918965816275,-0.00033909356168054794,sustained_measured_upward_load,UNKNOWN_PENDING_REPLAY,6fcd2892455d773c9ac13c3543866fad79599072249c46cf2cd75b99dc53361b
c8f95b6741138aaa5d93,v3_new2_cube_random_02,cube_random,baseline:5;repair:5;no_extra:5,False,False,False,False,15.26,15.26,15.26,15.26,15.26,0.0,0.5546662537809419,0.5902747143466037,-0.00022837903427375128,sustained_measured_upward_load,UNKNOWN_PENDING_REPLAY,4cf4a9c7c1d082831981b8d7cf8bd4f40ac586609f071931699744baeb65a611
c94c6600dc120d939a7b,v3_new3_cube_random_08,cube_random,baseline:2;repair:2;no_extra:2,False,False,False,False,0.0,0.0,0.0,0.0,0.0,0.0,0.0,0.0,,no_local_common_interval,UNKNOWN_PENDING_REPLAY,ae7e1f60c13c9df69c9bbaad041e7fb03890af3c7034d19b410acfbc1ba064b4
c9944c75a68bf47b3f6e,v3_new1_cube_random_17,cube_random,baseline:6;repair:6;no_extra:6,False,False,False,False,11.192,11.192,11.192,11.192,11.192,0.0,0.5864774519133731,0.6926787314113724,-0.0002637117535248812,sustained_measured_upward_load,UNKNOWN_PENDING_REPLAY,78cc4f27dfe48093dfd0767388746f49bbf30db343909b5d65c042242d15a00b
ca6f1fe1bf892f53d37c,v3_new3_cube_random_11,cube_random,baseline:4;repair:4;no_extra:4,False,False,False,False,0.0,0.0,0.0,0.0,0.0,0.0,0.0,0.0,,no_local_common_interval,UNKNOWN_PENDING_REPLAY,a65bc38b6f8dce1b6d7842743bec7a0ad0aa8e44694a03ddadce596f7e6105c4
caed6618a2f7b9f7113b,v3_new3_bar_random_18,bar_random,baseline:1;repair:1;no_extra:1,True,True,False,True,15.214,15.214,15.214,15.214,15.214,0.0,8.718930052680921,9.435941986321497,-0.00227803202581095,sustained_measured_upward_load,UNKNOWN_PENDING_REPLAY,7528890a5c25e5c01bcd39d19ce809d073c6beea5e7bdfc307eb5498ecc5fe46
cbb211c0f11e1674f290,v3_new2_cube_random_05,cube_random,baseline:2;repair:2;no_extra:2,False,False,False,False,8.336,7.588,8.302,8.302,7.588,0.0,1.3580254510019714,1.8954864157025706,-0.00040858741239645224,sustained_measured_upward_load,UNKNOWN_PENDING_REPLAY,db34c4882bea2aee4f13c12cbe8bbbfb48d1148d1fe578ece44bb86df2471d3e
cc26afc8565a710572e9,v3_new3_cube_random_10,cube_random,baseline:3;repair:3;no_extra:3,True,True,False,True,16.066,15.796000000000001,15.65,15.65,15.096,0.0,0.6821578065348175,0.7188629318417459,-0.0002963282430520492,sustained_measured_upward_load,UNKNOWN_PENDING_REPLAY,c45ab83123d7bcb9294d6ea1045421799c9bab24b13c0579d9c6db2a00406135
cc4c13057b8ad11aef64,v3_new2_cube_random_01,cube_random,baseline:1;repair:1;no_extra:1,False,False,False,False,0.0,0.0,0.0,0.0,0.0,0.0,0.0,0.0,,no_local_common_interval,UNKNOWN_PENDING_REPLAY,df378c4f8415e0b694992e5b411e7847d3b3b6a16c211b4cbce24e4ef2bfaec5
cc979c845723e159ef53,v3_new1_cube_random_07,cube_random,baseline:1;repair:1;no_extra:1,False,False,False,False,6.09,3.936,0.0,0.0,0.0,0.0,0.0,0.0,0.00039601832757196753,no_environment_records_in_local_common_intervals,UNKNOWN_PENDING_REPLAY,0a183a8481c0dc3dfbc1832d5ff4fc852ba1278deb945fac7272e599f22f15c6
cd6fb912a6626d5a8ba0,v3_new2_cube_random_02,cube_random,baseline:1;repair:1;no_extra:1,False,False,False,False,20.580000000000002,20.580000000000002,20.580000000000002,20.580000000000002,20.580000000000002,0.0,0.6025293685805725,0.625447593492174,-0.00027120755881002157,sustained_measured_upward_load,UNKNOWN_PENDING_REPLAY,22635f4aa74155dc6b46ecd0182355a099667ab4510dd1f160aaa0ef263334f9
cdaa44b34d235de23472,v3_new3_bar_random_18,bar_random,baseline:5;repair:5;no_extra:5,False,False,False,False,1.47,1.47,1.47,1.47,1.47,0.0,8.819712024335633,9.358823538608432,-0.002275860130667315,sustained_measured_upward_load,UNKNOWN_PENDING_REPLAY,6a21478c84a1d225f5ccbfe74178df4167bd7f92a14dccabc8d8a3efc75a025c
ce2d9e2f7fc3e4c69569,v3_new3_bar_random_09,bar_random,baseline:4;repair:4;no_extra:4,False,False,False,False,4.16,4.16,4.16,4.16,4.16,0.0,7.200361956314336,7.280323320038379,-0.0018582647560042992,sustained_measured_upward_load,UNKNOWN_PENDING_REPLAY,fb9ee6a24517cfe031ed365864347a9bdb1532971fcc2e0176856e6c85dc6414
d00ceaf9e5c0ac674e55,v3_new2_bar_random_13,bar_random,baseline:3;repair:3;no_extra:3,True,True,False,True,15.488,15.488,15.488,15.488,15.488,0.0,9.257929286969336,10.03332100702773,-0.0022755939521604956,sustained_measured_upward_load,UNKNOWN_PENDING_REPLAY,81ef14a262190f4e570a4bfa6df9229f6bcdc486cb788b82f65a1ece293f80dd
d045bbc2dbd96c046716,v3_new3_bar_random_09,bar_random,baseline:3;repair:3;no_extra:3,False,False,False,False,0.0,0.0,0.0,0.0,0.0,0.0,0.0,0.0,,no_local_common_interval,UNKNOWN_PENDING_REPLAY,0c9f8a78ad33fa7b168e2b0c4f2160dbf71842d7d236b56d6f203b4b0ec26c57
d0480ebec817ae1e80df,v3_new2_cube_random_00,cube_random,baseline:1;repair:1;no_extra:1,True,True,False,True,20.526,18.772000000000002,18.772000000000002,18.772000000000002,18.772000000000002,0.0,0.5492570562393416,0.6025578894959497,-0.0003054234574664111,sustained_measured_upward_load,UNKNOWN_PENDING_REPLAY,a393bc34e3f3e35e17dbc3256fb82aaac5a77c8839b0824d49b42426b40ee73d
d0b111c388475d44967b,v3_new2_bar_random_12,bar_random,baseline:6;repair:6;no_extra:6,False,False,False,False,0.512,0.044,0.512,0.512,0.044,0.0,4.1808100264294685,4.349478049111456,-0.0010250455063193081,mixed_or_transient_full_wrench_unknown,UNKNOWN_PENDING_REPLAY,7e04cb6a2a480a52dca36a55f634dde4fb08860f7b3e1ce52bf82353781169b9
d0bddacfb43f847dc823,v3_new3_cube_random_08,cube_random,baseline:3;repair:3;no_extra:3,False,False,False,False,0.0,0.0,0.0,0.0,0.0,0.0,0.0,0.0,,no_local_common_interval,UNKNOWN_PENDING_REPLAY,1afbec7250cf6f02a1c0c6e2a3b7573b1112ac8676dd87a7d85243bde986dc75
d190c27b235fef6af511,v3_new3_cube_random_09,cube_random,baseline:3;repair:3;no_extra:3,False,False,False,False,17.726,15.222,17.614,17.614,15.168000000000001,0.0,1.7295824131550046,2.4349161227138523,-0.0005343629237226227,sustained_measured_upward_load,UNKNOWN_PENDING_REPLAY,9b3124c31a5b8ba2b444bc1ab59fdad6bc37252412eec894f84cb2bf26cab026
d2519be47c7c6256c440,v3_new3_bar_random_12,bar_random,baseline:3;repair:3;no_extra:3,False,False,False,False,0.0,0.0,0.0,0.0,0.0,0.0,0.0,0.0,,no_local_common_interval,UNKNOWN_PENDING_REPLAY,d6a007954c21328f4a0f721913ce59dc9f3ff0320c8cf22c19e32746daef5b5e
d2921445aa186b86ec26,v3_new3_bar_random_09,bar_random,baseline:6;repair:6;no_extra:6,False,False,False,False,0.0,0.0,0.0,0.0,0.0,0.0,0.0,0.0,,no_local_common_interval,UNKNOWN_PENDING_REPLAY,768bff158dbf45737841ec29336d027baf65fcaba3a4b0aed47c2a00e25fdf4b
d3631c2f61c59a11e94c,v3_new3_cube_random_17,cube_random,baseline:1;repair:1;no_extra:1,False,True,False,True,20.85,20.85,20.85,20.85,20.85,0.0,0.5860152040024799,0.6029342138850456,-0.000260984039342424,sustained_measured_upward_load,UNKNOWN_PENDING_REPLAY,eb9ee310410b0b6cf86c9fc92675c1349a493b31d0a7a41906ef045192f6415d
d3a18b9d4bd9fb00e8ab,v3_new2_cube_random_09,cube_random,baseline:5;repair:5;no_extra:5,True,True,False,True,16.976,15.174,16.976,16.976,15.174,0.0,0.5746378532077907,0.6071177458602931,-0.00024465075193123853,sustained_measured_upward_load,UNKNOWN_PENDING_REPLAY,9d9fb18c389193ed04b4b6293bf0d02fb8872c9eceb45e7bd01962f0c708b1da
d4326302638cc8f8fd3f,v3_new3_flat_box_random_18,flat_box_random,baseline:2;repair:2;no_extra:2,True,True,False,True,15.462,15.094000000000001,15.462,15.462,15.094000000000001,0.0,1.1037567199334395,1.1992285423532516,-0.0003150946505898061,sustained_measured_upward_load,UNKNOWN_PENDING_REPLAY,a8ce9a64982bdabaeac1ce24702184c7b6eaee2aa58883e47af707ada9c7b889
d49290caf039f77bba2d,v3_new2_cube_random_11,cube_random,baseline:4;repair:4;no_extra:4,False,False,False,False,15.098,15.098,15.098,15.098,15.098,0.0,0.5681325039662546,0.5999856027639093,-0.00023458911810615712,sustained_measured_upward_load,UNKNOWN_PENDING_REPLAY,11dfcf40accc92de9491a129315ac87f6d1657890f9e3bb531469de6ab4f64a7
d51671a9d7dee86f2940,v3_new3_bar_random_15,bar_random,baseline:5;repair:5;no_extra:5,True,True,False,True,15.926,15.926,15.926,15.926,15.926,0.0,8.949902607130934,9.785118544323298,-0.0021846100030322585,sustained_measured_upward_load,UNKNOWN_PENDING_REPLAY,99a6026d5287fbd674ea7b924dde0e20cd796602fcc6b335078265fc4e141afb
d62a4af81130f5c5b5df,v3_new1_cube_random_18,cube_random,baseline:4;repair:4;no_extra:4,True,True,False,True,16.186,16.186,16.186,16.186,16.186,0.0,0.6069122177133299,0.6786340040346219,-0.00026284586307610824,sustained_measured_upward_load,UNKNOWN_PENDING_REPLAY,be19568f993ebeca50bb4fcbd6ec05b83ff79c63da0f15ee0c5f0d23226b7ebf
d694dcf25716d1221723,v3_new1_flat_box_random_11,flat_box_random,baseline:1;repair:1;no_extra:1,False,False,False,False,3.254,3.052,3.254,3.254,3.052,0.0,1.0529466946021349,1.069903519433712,-0.0002915680822562494,sustained_measured_upward_load,UNKNOWN_PENDING_REPLAY,3bfa5a37e627b7b58b105c525a2a5113952b498c4eff4b80fc2f0bc58212cbbe
d77708126552631fd065,v3_new2_bar_random_13,bar_random,baseline:4;repair:4;no_extra:4,False,False,False,False,0.0,0.0,0.0,0.0,0.0,0.0,0.0,0.0,,no_local_common_interval,UNKNOWN_PENDING_REPLAY,269c0ac5c0916da97601d30734dfb764600471445734cb1229c7dbeaf45d4a77
d7fb1ec98d44eeeed738,v3_new3_cube_random_05,cube_random,baseline:2;repair:2;no_extra:2,True,True,False,True,16.65,15.606,16.19,16.19,15.118,0.0,0.6387444635049487,0.9012814236533012,-0.000352712063070984,sustained_measured_upward_load,UNKNOWN_PENDING_REPLAY,f1344a4b7b03723699492574f35c220b11b4f302e858dc1fc46b77512ecff4a3
d8d769fd90014b4badbd,v3_new2_cube_random_09,cube_random,baseline:2;repair:2;no_extra:2,False,False,False,False,0.0,0.0,0.0,0.0,0.0,0.0,0.0,0.0,,no_local_common_interval,UNKNOWN_PENDING_REPLAY,98b5fe6de3b4fb5436999c7f3b1b598bb9423684f3e74e688ccb3c606eb5de6a
d8dea9ea8bb6c23a66fe,v3_new3_cube_random_01,cube_random,baseline:2;repair:2;no_extra:2,True,True,False,True,20.596,19.736,20.56,20.56,19.556,0.0,0.8820111059076992,1.22114020373374,-0.0002776336978270316,sustained_measured_upward_load,UNKNOWN_PENDING_REPLAY,bca47f55dbad2e35a8bc30d96888f423ef6d9392f6ed32edb83311f3425f983c
d96c40980d7407be387d,v3_new1_cube_random_08,cube_random,baseline:3;repair:3;no_extra:3,False,False,False,False,0.0,0.0,0.0,0.0,0.0,0.0,0.0,0.0,,no_local_common_interval,UNKNOWN_PENDING_REPLAY,206e5a2fba59dfef304c818209ce7de41289a663ff4a9eeb5e3d4c246206d56e
d9daf80029321915d1e0,v3_new2_bar_random_19,bar_random,baseline:6;repair:6;no_extra:6,False,False,False,False,0.0,0.0,0.0,0.0,0.0,0.0,0.0,0.0,,no_local_common_interval,UNKNOWN_PENDING_REPLAY,14c468bac83f9055c17d5daf722ac0da7326272a6d2acf6f1ffbae1afc143a72
da8d424141189907753d,v3_new3_bar_random_15,bar_random,baseline:2;repair:2;no_extra:2,False,False,False,False,0.0,0.0,0.0,0.0,0.0,0.0,0.0,0.0,,no_local_common_interval,UNKNOWN_PENDING_REPLAY,a8dbe99b19f324045dd0b998602eda247814495e4fa38b351ad164dc9b1e557d
daf45bc5ac15a59d3069,v3_new2_cube_random_09,cube_random,baseline:1;repair:1;no_extra:1,True,True,False,True,17.7,15.048,17.698,17.698,15.048,0.0,0.5651592926063627,0.6402310408094747,-0.00024423273013267355,sustained_measured_upward_load,UNKNOWN_PENDING_REPLAY,3323ccbe29f7e246e80b6b25351be08ef642e7c5c11c640666e11f1cd9021f2d
daf74a0f2ef4a3da61de,v3_new2_bar_random_11,bar_random,baseline:6;repair:6;no_extra:6,False,False,False,False,0.0,0.0,0.0,0.0,0.0,0.0,0.0,0.0,,no_local_common_interval,UNKNOWN_PENDING_REPLAY,d352c6c00985f28ed7e2541bab2ab42cf80fa1ee7bd474ef56c7de9c38cb838a
db652cd731f60db64113,v3_new2_flat_box_random_13,flat_box_random,baseline:6;repair:6;no_extra:6,False,False,False,False,4.716,2.7880000000000003,4.712,4.712,2.7880000000000003,0.0,0.7891161783889521,1.1029676356681675,-0.00029562285976440783,sustained_measured_upward_load,UNKNOWN_PENDING_REPLAY,caa20133486be1cdcba808f2aac9ed6f412b9b2058f79352ab5eff87aaec49e9
dbc6ac6a2d573159c06a,v3_new3_bar_random_10,bar_random,baseline:1;repair:1;no_extra:1,True,True,False,True,15.14,15.14,15.14,15.14,15.14,0.0,9.534738340232257,10.155994033772531,-0.002446949576739202,sustained_measured_upward_load,UNKNOWN_PENDING_REPLAY,7929c1c3ccf7e9c7a7b286fba9ac4265edad2c259df1b2ac0fa780b0f519ddd0
dc515f3c0936e21c6aa3,v3_new1_cube_random_16,cube_random,baseline:1;repair:1;no_extra:1,True,True,False,True,20.844,20.844,20.844,20.844,20.844,0.0,0.5832229933347708,0.5992387644962321,-0.00026177770354625374,sustained_measured_upward_load,UNKNOWN_PENDING_REPLAY,f00b9c9a93ec8721bc9ff6c1f4c65a61eb08b6ebba0b4eea1889e772c99d1589
dcf8ec98eb32288bad02,v3_new3_bar_random_10,bar_random,baseline:2;repair:2;no_extra:2,False,False,False,False,13.412,13.412,13.412,13.412,13.412,0.0,8.978318792576966,9.554901716766603,-0.0022919232326070044,sustained_measured_upward_load,UNKNOWN_PENDING_REPLAY,0ae649b6d65d4479210fc56c6655839344e243bb0944cd057edf176ae0dc0df5
dd40f1f1098d092ee5c4,v3_new3_bar_random_05,bar_random,baseline:4;repair:4;no_extra:4,True,True,False,True,15.926,15.926,15.926,15.926,15.926,0.0,9.792974124984633,10.512134030838594,-0.0024000011493928303,sustained_measured_upward_load,UNKNOWN_PENDING_REPLAY,7d924cd4fa8c724cad261a0ca988867474d8ce9e0e6520c2aaeb87c915a6ab41
de3c137e9da63c131ea5,v3_new1_cube_random_02,cube_random,baseline:3;repair:3;no_extra:3,True,True,False,True,16.222,15.89,15.486,15.486,15.094000000000001,0.0,0.6921063180784983,0.7733102613638163,-0.00030804455230286354,sustained_measured_upward_load,UNKNOWN_PENDING_REPLAY,13afd9385799a91966b661d15a6f2567eb413135822f8ebe5e8d57b866cb9048
de7526b1eb71b05689b8,v3_new3_cube_random_06,cube_random,baseline:3;repair:3;no_extra:3,False,False,False,False,23.464000000000002,23.464000000000002,23.376,23.376,15.102,0.0,1.7327332476486417,2.383292216651953,-0.0005710023631984723,sustained_measured_upward_load,UNKNOWN_PENDING_REPLAY,ae03818622b5b184950c815f7efb052dde268fde08807dfd9db4b56d42903749
dea989e3e0876790c6e7,v3_new2_cube_random_19,cube_random,baseline:2;repair:2;no_extra:2,False,False,False,False,0.0,0.0,0.0,0.0,0.0,0.0,0.0,0.0,,no_local_common_interval,UNKNOWN_PENDING_REPLAY,c0a0774b239356f619a90f161f17b1f25fe987fccfa046044f9608ecd549a590
dec67b951f182bcc97ce,v3_new1_cube_random_05,cube_random,baseline:2;repair:2;no_extra:2,True,True,False,True,15.898,15.612,15.776,15.776,15.106,0.0,0.9403991443509684,1.2817183242332297,-0.00041956298283561677,sustained_measured_upward_load,UNKNOWN_PENDING_REPLAY,18fc13143d9014f96ec4c31f4884d0f29d120a288e5fffae06542d983fa68b30
df40af0d7b41cccc1711,v3_new3_flat_box_random_13,flat_box_random,baseline:3;repair:3;no_extra:3,False,False,False,False,15.938,15.120000000000001,15.876,15.876,15.120000000000001,0.0,1.0143166145166633,1.4160059175790685,-0.0003110990277972042,sustained_measured_upward_load,UNKNOWN_PENDING_REPLAY,f63fcc772038bbde238289c211a6a4f40dc1d18cabfe61449f02ab24de394f0d
df4ceef6845acbea6df7,v3_new2_cube_random_02,cube_random,baseline:2;repair:2;no_extra:2,True,True,False,True,15.85,15.338000000000001,15.77,15.77,15.146,0.0,0.7915245925654465,0.8102684769503894,-0.0004055126440332818,sustained_measured_upward_load,UNKNOWN_PENDING_REPLAY,f3ef413bff1967e5547ba2935029114dc0d8d3a8c354091bcc6d90a9289d76c6
df7f3d0235cf8c6620d6,v3_new1_cube_random_17,cube_random,baseline:1;repair:1;no_extra:1,True,True,False,True,20.866,20.392,20.866,20.866,20.392,0.0,0.5699663776021369,0.6499365316666462,-0.0002540146130204368,sustained_measured_upward_load,UNKNOWN_PENDING_REPLAY,31d1e47e746b86750163b68aaa2d4784c8a4927825c9f6918fd453b8f2a1eccd
df93fe45865d231cc459,v3_new3_flat_box_random_17,flat_box_random,baseline:6;repair:6;no_extra:6,False,False,False,False,9.142,8.652000000000001,9.142,9.142,8.652000000000001,0.0,1.119425936481769,1.4787277790198714,-0.0005183747999411015,sustained_measured_upward_load,UNKNOWN_PENDING_REPLAY,867cf8125d825c2e18846437de0dec1dd5b8506bd05329172efb029bc5a57e9e
e046d83180d774efc2e2,v3_new2_cube_random_15,cube_random,baseline:1;repair:1;no_extra:1,False,False,False,False,12.482000000000001,12.482000000000001,11.524000000000001,11.524000000000001,6.822,0.0,0.19459177224326968,0.19868156748203164,-0.00011587382265866586,sustained_measured_upward_load,UNKNOWN_PENDING_REPLAY,3aab44ac56bd7e80a90fb94880806111e4f0e97e28b663adf703497cfe92a5d9
e06fef85e193f7064778,v3_new3_flat_box_random_09,flat_box_random,baseline:4;repair:4;no_extra:4,False,False,False,False,3.694,3.196,3.692,3.692,3.196,0.0,0.8357565575663354,1.0449323754849025,-0.00041268349173233243,sustained_measured_upward_load,UNKNOWN_PENDING_REPLAY,2b202d17f819e6a9818feb2faae79ba4e97a22a3fde2a58dec4dc1b36ea9a388
e0d72d4dee9d7793f6b8,v3_new3_cube_random_05,cube_random,baseline:5;repair:5;no_extra:5,False,False,False,False,15.3,15.3,15.3,15.3,15.3,0.0,0.5446148593459924,0.5777625390973997,-0.00022647460073710324,sustained_measured_upward_load,UNKNOWN_PENDING_REPLAY,aec9112605ca1e02282b9bd34b3e45fa02ab8b7ad332e0de6f5df5a8edb861bb
e0fb19437a563f4e2297,v3_new1_cube_random_12,cube_random,baseline:1;repair:1;no_extra:1,False,False,False,False,4.978,4.978,3.0420000000000003,3.0420000000000003,2.8120000000000003,0.0,0.10603966635679417,0.12528479000271966,-7.70832070435129e-05,sustained_measured_upward_load,UNKNOWN_PENDING_REPLAY,3cf008ac7356d9a1705fa3df62302e78a24be16ff01c8fb8b3202177a97e1401
e10ff1b145ae6d97e3fa,v3_new3_cube_random_14,cube_random,baseline:1;repair:1;no_extra:1,False,False,False,False,20.498,20.498,20.498,20.498,20.498,0.0,0.5989266998110894,0.6222576236166769,-0.00027645116198511677,sustained_measured_upward_load,UNKNOWN_PENDING_REPLAY,a4e7a18633fde547871bdc349924f8b3e621b6ae4335bd5f0879f79a1cf237d1
e1551b2a558b8677def8,v3_new3_flat_box_random_11,flat_box_random,baseline:2;repair:2;no_extra:2,False,False,False,False,15.442,14.604000000000001,15.434000000000001,15.434000000000001,14.604000000000001,0.0,1.2783265424505994,1.397240941395195,-0.00039676276957115175,sustained_measured_upward_load,UNKNOWN_PENDING_REPLAY,bd11383013d224efc2b877e4475a00560e01bd5dd3cef0ed5f120722e96314d8
e1a535089c4ebe1ad932,v3_new3_cube_random_13,cube_random,baseline:3;repair:3;no_extra:3,False,False,False,False,23.6,23.6,23.366,23.366,15.114,0.0,1.5574715752099628,2.128875465111187,-0.00040849909271807594,sustained_measured_upward_load,UNKNOWN_PENDING_REPLAY,0dd656d234ca148c746d11cbb934faf3a07ccf08f12ee500f46417b974811c0e
e2360b2b085dec1062b1,v3_new3_cube_random_07,cube_random,baseline:1;repair:1;no_extra:1,True,True,False,True,20.77,20.44,20.77,20.77,20.44,0.0,0.5638395276472885,0.6228129767770141,-0.0002638168043087169,sustained_measured_upward_load,UNKNOWN_PENDING_REPLAY,9b89a3656586ebd53faeed61b7f23ee2375f601fee019f4a56068692b5bc4c07
e24787acfaf13eeb532f,v3_new3_cube_random_02,cube_random,baseline:2;repair:2;no_extra:2,False,False,False,False,0.812,0.812,0.806,0.806,0.396,0.0,1.7557661132543774,2.4592024400942307,-0.0004275383735846544,sustained_measured_upward_load,UNKNOWN_PENDING_REPLAY,c887ff29a6ab5f51fc415432cc3287854249fd210b7030485825bf304a20b697
e2b9210c0ecf69a89114,v3_new2_cube_random_15,cube_random,baseline:2;repair:2;no_extra:2,True,True,False,True,18.76,18.022000000000002,18.714,18.714,15.134,0.0,0.7523542275398256,0.8856463806826897,-0.0004539267431209887,sustained_measured_upward_load,UNKNOWN_PENDING_REPLAY,f6ff2ccc40b36120165a5486fc420fe05454fefb757983d09f7bc0ba0348dedb
e2f0ddd9416b24ecd237,v3_new1_cube_random_02,cube_random,baseline:6;repair:6;no_extra:6,False,False,False,False,0.0,0.0,0.0,0.0,0.0,0.0,0.0,0.0,,no_local_common_interval,UNKNOWN_PENDING_REPLAY,3654760a5ffc43ec0f4c1159880be4c3b574193b8dfd5869d117c32b9007d4f2
e3243adb62a690238cd3,v3_new3_flat_box_random_18,flat_box_random,baseline:6;repair:6;no_extra:6,True,True,False,True,21.03,17.084,21.024,21.024,17.084,0.0,1.5726106958520485,1.685787744868451,-0.00042405738034287377,sustained_measured_upward_load,UNKNOWN_PENDING_REPLAY,24b9de2ef3b6a9d7cb0c47e153734a90d8e86d068eb405c96187289a46ed8411
e33fa59cccac3d1865a8,v3_new2_cube_random_12,cube_random,baseline:4;repair:4;no_extra:4,False,False,False,False,15.242,15.242,15.242,15.242,15.242,0.0,0.5555190262063395,0.5831939347008022,-0.0002350276793289391,sustained_measured_upward_load,UNKNOWN_PENDING_REPLAY,54c5af75b3af655a02d931a8b28a2d0d125f340b2657ae14b292af6677f1adb2
e35354a6d9d86ebf3acd,v3_new1_cube_random_15,cube_random,baseline:3;repair:3;no_extra:3,False,False,False,False,14.968,12.128,14.824,14.824,12.128,0.0,1.746634431513912,2.4691021909420052,-0.00040628774691119085,sustained_measured_upward_load,UNKNOWN_PENDING_REPLAY,aabe4141d5a8f78fdd5c4915488482c4ecaf6225a2f28af6ca54a0de394b0fa0
e4080c25564d2b017c79,v3_new3_cube_random_16,cube_random,baseline:1;repair:1;no_extra:1,True,True,False,True,21.02,15.206,21.02,21.02,15.206,0.0,0.5737114035887463,0.6540677713164401,-0.0002529282775913383,sustained_measured_upward_load,UNKNOWN_PENDING_REPLAY,e80ddc38a700006ae88e1527eb430af564edff4dd1d91c0171accc17be1ad971
e4160af481811de4ffcc,v3_new1_flat_box_random_16,flat_box_random,baseline:2;repair:2;no_extra:2,True,True,False,True,15.326,15.094000000000001,15.326,15.326,15.094000000000001,0.0,1.2361698715803546,1.442422582762585,-0.0003685991003961192,sustained_measured_upward_load,UNKNOWN_PENDING_REPLAY,fec0dfb48b4bc3b9ce592c5e99da957f23a29cc06713da6bc72987283cf1becb
e45359827346999aa441,v3_new3_flat_box_random_12,flat_box_random,baseline:3;repair:3;no_extra:3,False,False,False,False,7.066,5.89,7.0600000000000005,7.0600000000000005,5.89,0.0,1.0219260785819282,1.4048880434094608,-0.00023862143478352305,sustained_measured_upward_load,UNKNOWN_PENDING_REPLAY,4e92847d9a87468a6afb0c0abbf691f141e8189f35b3372adacfc05a5e241890
e492e300cc679d8c30e8,v3_new1_cube_random_15,cube_random,baseline:4;repair:4;no_extra:4,True,True,False,True,15.834,15.834,15.834,15.834,15.834,0.0,0.629031722734572,0.7437698896407465,-0.0002788768913084133,sustained_measured_upward_load,UNKNOWN_PENDING_REPLAY,150c5cf506358b66d68e9914d2e3741f313011d3a8fe2330415d0352c0d1fbfd
e587f92abf453a4c02e0,v3_new1_cube_random_14,cube_random,baseline:6;repair:6;no_extra:6,False,False,False,False,9.262,3.738,9.262,9.262,3.738,0.0,0.8376783459982116,1.0683347860631474,-0.0004488674973979201,sustained_measured_upward_load,UNKNOWN_PENDING_REPLAY,e61d9159333418b61693f283eea6abf1d86b25082ce0f27ad60622a1db9ebf3f
e73e186e2db4aca5e0f8,v3_new2_cube_random_02,cube_random,baseline:6;repair:6;no_extra:6,False,False,False,False,0.0,0.0,0.0,0.0,0.0,0.0,0.0,0.0,,no_local_common_interval,UNKNOWN_PENDING_REPLAY,5ac83a4b1d66b6e1801dc75a8d8460fe3b3c68b50bcd886d49d2ed72403eb579
e75fd3e250b2dae3f752,v3_new3_cube_random_15,cube_random,baseline:2;repair:2;no_extra:2,True,True,False,True,22.162,21.11,22.134,22.134,19.516000000000002,0.0,1.2324247858908102,1.6717012421902475,-0.0005506031020830471,sustained_measured_upward_load,UNKNOWN_PENDING_REPLAY,0686a288c3e569918aefaf724e35dce68fe3c8fb835647c03c8decf6c39bb524
e86ff2a3a7e536779238,v3_new2_flat_box_random_13,flat_box_random,baseline:2;repair:2;no_extra:2,True,True,False,True,15.388,15.176,15.388,15.388,15.176,0.0,1.0571720377932494,1.3515231075857912,-0.0004039914139740419,sustained_measured_upward_load,UNKNOWN_PENDING_REPLAY,cb6946e4232599b9db12ed2a6b31c32a6e83ff69760aa84dd95acfaa935550da
e92af4e2c7428b2d442e,v3_new1_flat_box_random_05,flat_box_random,baseline:2;repair:2;no_extra:2,False,False,False,False,0.0,0.0,0.0,0.0,0.0,0.0,0.0,0.0,,no_local_common_interval,UNKNOWN_PENDING_REPLAY,1403a01db907487d6b51132ac4ef3506195d12536e78364fb1f529152ce0ff98
e9d095a38059f14f3fe5,v3_new2_cube_random_01,cube_random,baseline:6;repair:6;no_extra:6,False,False,False,False,18.726,13.81,18.726,18.726,13.81,0.0,0.881407771824731,1.1612907866861273,-0.00045986463613263695,sustained_measured_upward_load,UNKNOWN_PENDING_REPLAY,24eea35c25ab69458caef79082fef3d7fab1f2f2057c79be26d0286c32634ea0
e9e6b9692f8fc0ec40f6,v3_new3_flat_box_random_17,flat_box_random,baseline:4;repair:4;no_extra:4,False,False,False,False,4.964,4.468,4.964,4.964,4.468,0.0,0.9478027151363131,1.0561990038964526,-0.0004477092196050886,sustained_measured_upward_load,UNKNOWN_PENDING_REPLAY,edfc06ff26f070e65b15a1a7ab519ec6cef57f56ef7cfd4851e8fac3b38b9478
eb2ca70710ab65de68c2,v3_new3_cube_random_15,cube_random,baseline:1;repair:1;no_extra:1,False,False,False,False,9.004,9.004,7.928,7.928,3.4,0.0,0.1248668004271293,0.1388259192324188,-9.0059715451965e-05,sustained_measured_upward_load,UNKNOWN_PENDING_REPLAY,64ffa3e0719954969854956ffa7bc6e5e4afcbe21b4a297fd1589940b9555761
eb928eb8ece926250732,v3_new1_cube_random_03,cube_random,baseline:5;repair:5;no_extra:5,False,False,False,False,15.018,15.018,15.018,15.018,15.018,0.0,0.5772209244198973,0.6155651537002409,-0.000232450571935508,sustained_measured_upward_load,UNKNOWN_PENDING_REPLAY,0e16da6289d1ec2c0b703a2441b0918bf1ca0e23701ca15994b0507d60e49a40
ec61a6df65c9bab1a4a6,v3_new2_cube_random_03,cube_random,baseline:6;repair:6;no_extra:6,False,False,False,False,9.286,9.286,9.286,9.286,9.286,0.0,0.5604561153389929,0.6402355665071682,-0.0002356917279558307,sustained_measured_upward_load,UNKNOWN_PENDING_REPLAY,c04aba6680197ff659508b1f601c84573c3d60b2a24e76d6ae093eb1f683c1f4
ecb963208c4900a669a0,v3_new1_cube_random_04,cube_random,baseline:5;repair:5;no_extra:5,False,False,False,False,0.0,0.0,0.0,0.0,0.0,0.0,0.0,0.0,,no_local_common_interval,UNKNOWN_PENDING_REPLAY,cdc2c5851cfed8e558e4e762c812d71bbc0207b99d80be755e264a7012a96f83
ed2d800bfd4e32cde049,v3_new1_cube_random_18,cube_random,baseline:2;repair:2;no_extra:2,True,True,False,True,16.824,15.968,16.614,16.614,15.094000000000001,0.0,1.0721093144906366,1.514335549203391,-0.0004610426332695011,sustained_measured_upward_load,UNKNOWN_PENDING_REPLAY,3b3f79f4fa8ae2b421991f74532418d8f43f88baf95a72fcab0f2d0af731b74e
ee68817537a25a99df8d,v3_new3_bar_random_12,bar_random,baseline:5;repair:5;no_extra:5,True,True,False,True,15.414,15.414,15.414,15.414,15.414,0.0,8.80204732382909,9.783202931652282,-0.0021973361728514357,sustained_measured_upward_load,UNKNOWN_PENDING_REPLAY,e5a4b5a6bccad167376b30de0ac065d6f85602c52ed3625aac709c41f8a5c162
ee94b795f3b33fffb313,v3_new3_flat_box_random_18,flat_box_random,baseline:1;repair:1;no_extra:1,False,False,False,False,13.198,12.476,13.198,13.198,12.476,0.0,0.9301237164401044,1.02536893364749,-0.00031678691518120805,sustained_measured_upward_load,UNKNOWN_PENDING_REPLAY,91aa89f7141b9732bc13419df56e33deac54cd42e056cac33daeca1e11a4ee5d
eea35d3228c60e585891,v3_new1_cube_random_05,cube_random,baseline:1;repair:1;no_extra:1,False,False,False,False,8.138,8.138,0.0,0.0,0.0,0.0,0.0,0.0,0.0013380989192469522,no_environment_records_in_local_common_intervals,UNKNOWN_PENDING_REPLAY,c5c8046da625df05d2a548198d298dd0f8cc18f0469973842d87366d2bb2bf30
ef52590f435f1a4ad8a2,v3_new3_cube_random_09,cube_random,baseline:2;repair:2;no_extra:2,False,False,False,False,15.676,7.768,15.674,15.674,7.768,0.0,1.7295824131550046,2.4349161227138523,-0.0005343629237226227,sustained_measured_upward_load,UNKNOWN_PENDING_REPLAY,263b01b2f635c4bc71df9de9d90b18b4c92de9817913558a914ccc2d97c440dd
f015626683767e5a234e,v3_new3_bar_random_02,bar_random,baseline:3;repair:3;no_extra:3,True,True,False,True,15.6,15.6,15.6,15.6,15.6,0.0,9.033252129970387,9.641004402179814,-0.0022401598559131652,sustained_measured_upward_load,UNKNOWN_PENDING_REPLAY,c6e1723183c3bc280391d01a6c58bcea1a3e0313ce517349eabd89d595778fb8
f1427292d6fd7ba53eab,v3_new3_flat_box_random_18,flat_box_random,baseline:4;repair:4;no_extra:4,False,False,False,False,14.592,10.618,14.586,14.586,10.618,0.0,1.2106799708835148,1.2696841811655797,-0.00035158639565036065,sustained_measured_upward_load,UNKNOWN_PENDING_REPLAY,f333c6e9f1c130aee82af3ee654934cc0b070e368963e860f3561fddfd3f655e
f20ab2db287b9002990d,v3_new1_bar_random_07,bar_random,baseline:5;repair:5;no_extra:5,False,False,False,False,13.554,13.554,13.554,13.554,13.554,0.0,9.504084613147047,10.032622445563327,-0.002373457875463156,sustained_measured_upward_load,UNKNOWN_PENDING_REPLAY,577737bcc423dea1565809a48dd7a70cad0da42deef44c3ba4cd5f45f1f88e1e
f34dc25df3d2f9ada31e,v3_new3_cube_random_17,cube_random,baseline:5;repair:5;no_extra:5,False,False,False,False,0.0,0.0,0.0,0.0,0.0,0.0,0.0,0.0,,no_local_common_interval,UNKNOWN_PENDING_REPLAY,6ae3b2fcbcd22aee099e118be3de19bba1d7d9e551e6c98cc45ee5a338544da6
f35cfabd8429ad663eaf,v3_new2_cube_random_03,cube_random,baseline:4;repair:4;no_extra:4,False,False,False,False,15.366,15.366,15.366,15.366,15.366,0.0,0.5531557487281192,0.5835308520184653,-0.0002372763504807085,sustained_measured_upward_load,UNKNOWN_PENDING_REPLAY,a9ee21e17aa5a57520b684dc218a19ed66684d67c3caa28054cd959fd8221a46
f3665752d81a9d6ade24,v3_new3_flat_box_random_11,flat_box_random,baseline:1;repair:1;no_extra:1,False,False,False,False,16.424,12.166,16.408,16.408,12.166,0.0,1.0952817115428455,1.289227276807693,-0.0003441844846729242,sustained_measured_upward_load,UNKNOWN_PENDING_REPLAY,208ec4c54c938493b4c8af1f18debf36828bbaa7c626b86238306eae392d8524
f46f7f23049812420c9a,v3_new3_flat_box_random_13,flat_box_random,baseline:5;repair:5;no_extra:5,False,False,False,False,6.022,3.206,6.022,6.022,3.206,0.0,0.6614078115233503,0.8535000786849077,-0.00032207438145390177,sustained_measured_upward_load,UNKNOWN_PENDING_REPLAY,f2f9e82c37179372eaec2e737b54087b1e173e62b22103280b8727a4adc39d90
f54a1b6dc8a608f985e9,v3_new3_cube_random_15,cube_random,baseline:4;repair:4;no_extra:4,False,False,False,False,18.774,15.604000000000001,18.762,18.762,15.604000000000001,0.0,1.889526029567598,2.324256289117387,-0.000742570515164867,sustained_measured_upward_load,UNKNOWN_PENDING_REPLAY,00df2aa47aebcd18653ff53a3547b2f026adb9a61375f965e47232720f50d006
f66a6d1410990e550bef,v3_new3_bar_random_16,bar_random,baseline:5;repair:5;no_extra:5,False,False,False,False,11.908,11.908,11.908,11.908,11.908,0.0,8.573273382136101,9.296504247798733,-0.002166118263877456,sustained_measured_upward_load,UNKNOWN_PENDING_REPLAY,d4c7fda9fd63e5b81d06349a68f2f07386e75f058926eab05bff6aac1dbff174
f6724807f0b5d9614218,v3_new1_cube_random_19,cube_random,baseline:6;repair:6;no_extra:6,False,False,False,False,2.39,2.39,2.39,2.39,2.39,0.0,0.5705553047355749,0.6533463476956538,-0.00021806260097305408,sustained_measured_upward_load,UNKNOWN_PENDING_REPLAY,3b726e0399a66fad536604f694970b005b2dd273632e4f36a41bbe29e0ace2cf
f6d06e5d5e2e6d123a87,v3_new1_flat_box_random_11,flat_box_random,baseline:4;repair:4;no_extra:4,False,False,False,False,11.774000000000001,7.238,11.774000000000001,11.774000000000001,7.238,0.0,1.5258165569980522,1.5361423748804637,-0.00043609012445637585,sustained_measured_upward_load,UNKNOWN_PENDING_REPLAY,ab2691a60ccf6a0ae4449847cc18c897ce5847d4bee5305388b33bac16dd186a
f6d96eb710fb64f3daac,v3_new2_cube_random_13,cube_random,baseline:5;repair:5;no_extra:5,True,True,False,True,15.27,15.27,15.27,15.27,15.27,0.0,0.5749239432551247,0.6233534543142615,-0.0002169791577005531,sustained_measured_upward_load,UNKNOWN_PENDING_REPLAY,d515f75b927c208b1eb8b2c8b38bda2709a452683138a69774f4954d55fdadf6
f846d3d7faf0d4360210,v3_new1_bar_random_08,bar_random,baseline:5;repair:5;no_extra:5,False,False,False,False,0.0,0.0,0.0,0.0,0.0,0.0,0.0,0.0,,no_local_common_interval,UNKNOWN_PENDING_REPLAY,a65bca1a0ba6c8b04bff36921edc2520be965b8fb1f8237092bb0be7afe06251
f91909f50687e23d1c52,v3_new1_cube_random_19,cube_random,baseline:4;repair:4;no_extra:4,False,False,False,False,15.17,15.17,15.17,15.17,15.17,0.0,0.5647751503314751,0.5953153997917827,-0.00023471274659252195,sustained_measured_upward_load,UNKNOWN_PENDING_REPLAY,28ab6279e76f7991513ffa1c9c62128a815c9a526fa8da15b1f052ed4f899cda
f961bb336d4c36eccb04,v3_new3_cube_random_04,cube_random,baseline:2;repair:2;no_extra:2,False,False,False,False,0.0,0.0,0.0,0.0,0.0,0.0,0.0,0.0,,no_local_common_interval,UNKNOWN_PENDING_REPLAY,587f7da45a235943062fb199e5beceb6735f2553d093420ee2e204302e6a40a9
fa69a0d4ecdafea16d9e,v3_new1_cube_random_16,cube_random,baseline:6;repair:6;no_extra:6,False,False,False,False,6.822,6.822,6.822,6.822,6.822,0.0,0.5635350001334695,0.6561960629297714,-0.00022571683271144227,sustained_measured_upward_load,UNKNOWN_PENDING_REPLAY,a29011cfad7b9a65f1e12d64aab1025cd5f784791d5048d74b1a2d06011759b2
fa7f239f1add87386f8e,v3_new2_bar_random_02,bar_random,baseline:2;repair:2;no_extra:2,False,False,False,False,0.0,0.0,0.0,0.0,0.0,0.0,0.0,0.0,,no_local_common_interval,UNKNOWN_PENDING_REPLAY,a8f8bfa1edaceb3f404cfd5d8cf2da7153bdd14d943deecdc73893657eab20e7
fbd132f4a2a4ef85086d,v3_new2_bar_random_12,bar_random,baseline:4;repair:4;no_extra:4,False,False,False,False,11.15,11.15,11.15,11.15,11.15,0.0,9.368347979321909,9.875203770815869,-0.0023754860118368193,sustained_measured_upward_load,UNKNOWN_PENDING_REPLAY,fd785cc3029e1720eaf75b639af70be5f1f0c15af30de8937dc3f345c30dfe46
fbfcc119ae2492bc7733,v3_new1_cube_random_19,cube_random,baseline:1;repair:1;no_extra:1,False,False,False,False,0.0,0.0,0.0,0.0,0.0,0.0,0.0,0.0,,no_local_common_interval,UNKNOWN_PENDING_REPLAY,5c150ade1d6cf43d63c691ee47334e8074060949576d49d10abcbfd120bfd425
fc67ee7ecc981aed593a,v3_new3_cube_random_12,cube_random,baseline:6;repair:6;no_extra:6,False,False,False,False,2.69,2.5340000000000003,2.676,2.676,2.5340000000000003,0.0,1.8116116056610825,2.2862226705446327,-0.0006476883620205459,sustained_measured_upward_load,UNKNOWN_PENDING_REPLAY,9bc98d0a153db0b2149eb0d9cfe1e9433ca3e8c962d694917c13319c174dd3a7
fc8219e83e5374b8598b,v3_new2_cube_random_17,cube_random,baseline:6;repair:6;no_extra:6,False,False,False,False,0.0,0.0,0.0,0.0,0.0,0.0,0.0,0.0,,no_local_common_interval,UNKNOWN_PENDING_REPLAY,94131ae58f332a9cf5bea8564b596cd1c188ef627430d4960d009dfc9078f6bb
fc884a3a2469d113fa22,v3_new3_flat_box_random_18,flat_box_random,baseline:5;repair:5;no_extra:5,False,False,False,False,10.464,6.514,10.458,10.458,6.514,0.0,1.1204332497166947,1.1764202558471475,-0.0003556799096126745,sustained_measured_upward_load,UNKNOWN_PENDING_REPLAY,21a2db81c4bfc78cdcecb14510ceb227546eab65d110ee16d88acb45618e6d3b
fd5a79c260528b1b97e8,v3_new3_bar_random_01,bar_random,baseline:6;repair:6;no_extra:6,False,False,False,False,0.0,0.0,0.0,0.0,0.0,0.0,0.0,0.0,,no_local_common_interval,UNKNOWN_PENDING_REPLAY,fdbf2522ff04874eb4f5c53bc12ad6ca218fbbc63cb2f457421692306017caec
fd64dc32253fcf3bb0ab,v3_new2_bar_random_13,bar_random,baseline:5;repair:5;no_extra:5,True,True,False,True,15.948,15.948,15.948,15.948,15.948,0.0,9.599640605334837,10.316071960473437,-0.0023766356284950635,sustained_measured_upward_load,UNKNOWN_PENDING_REPLAY,13fd72b0f90d23b4b893c36b317a12ab132d56b1ce403e44a989a468dcb0e7b3
fd716a8746b691ef5792,v3_new3_cube_random_10,cube_random,baseline:2;repair:2;no_extra:2,False,False,False,False,7.456,7.186,7.456,7.456,7.186,0.0,0.6821578065348175,0.7188629318417459,-0.0003020095229351871,sustained_measured_upward_load,UNKNOWN_PENDING_REPLAY,9068313bbcd0efefb271c96a2c169b31a02803e04d672dd675d5941c85b400d5
feb0d2cc45bc104c9e6b,v3_new3_cube_random_01,cube_random,baseline:3;repair:3;no_extra:3,True,True,False,True,20.596,19.736,20.080000000000002,20.080000000000002,15.132,0.0,0.8820111059076992,1.22114020373374,-0.0002776336978270316,sustained_measured_upward_load,UNKNOWN_PENDING_REPLAY,d22da853b1ba9f8a43397b132612007caa8d97f356a5dceac8a538a1007fc4bd
ff59f48992c9d06b4398,v3_new3_flat_box_random_17,flat_box_random,baseline:2;repair:2;no_extra:2,True,True,False,True,16.038,16.038,16.038,16.038,16.038,0.0,0.9681389640733213,1.1783988925320028,-0.0003875251780031258,sustained_measured_upward_load,UNKNOWN_PENDING_REPLAY,ea621539c1d70b19a329589c943d05a2b95f07a15b0461bf76b9ed4fb626a6fa
ff802fe1173d8aa6baa4,v3_new1_bar_random_07,bar_random,baseline:6;repair:6;no_extra:6,False,False,False,False,0.0,0.0,0.0,0.0,0.0,0.0,0.0,0.0,,no_local_common_interval,UNKNOWN_PENDING_REPLAY,26e1bb561956f5ebadd7e6e5709a2e8bea2389e1b173180b1fd446472c980083
