job_id,interval_id,start_row,end_row_exclusive,duration_s,qualifies_15s,global_common,environment_record_s,upward_load_s,longest_upward_load_s
000f79d7478981cbe989,0,8795,15400,13.21,False,False,13.21,13.21,13.21
008da7e74f78f588b3ec,0,1345,9000,15.31,True,True,15.31,15.31,15.31
00ab82b10edc360a7497,0,1198,9000,15.604000000000001,True,True,15.604000000000001,15.604000000000001,15.604000000000001
010a8063861c63b878ee,0,4429,4456,0.054,False,True,0.054,0.054,0.054
010a8063861c63b878ee,1,4457,4514,0.114,False,True,0.112,0.112,0.11
010a8063861c63b878ee,2,4515,4566,0.10200000000000001,False,True,0.10200000000000001,0.10200000000000001,0.10200000000000001
010a8063861c63b878ee,3,4567,4635,0.136,False,True,0.136,0.136,0.136
010a8063861c63b878ee,4,4636,4697,0.122,False,True,0.122,0.122,0.122
010a8063861c63b878ee,5,4698,4738,0.08,False,True,0.08,0.08,0.08
010a8063861c63b878ee,6,4739,4768,0.058,False,True,0.058,0.058,0.058
010a8063861c63b878ee,7,4769,4790,0.042,False,True,0.042,0.042,0.042
010a8063861c63b878ee,8,4791,4810,0.038,False,True,0.038,0.038,0.038
010a8063861c63b878ee,9,4812,4818,0.012,False,True,0.012,0.012,0.012
010a8063861c63b878ee,10,4819,4826,0.014,False,True,0.014,0.014,0.014
010a8063861c63b878ee,11,4827,4834,0.014,False,True,0.014,0.014,0.014
010a8063861c63b878ee,12,4835,4843,0.016,False,True,0.016,0.016,0.016
010a8063861c63b878ee,13,4844,4846,0.004,False,True,0.004,0.004,0.004
010a8063861c63b878ee,14,4847,4850,0.006,False,True,0.006,0.006,0.006
010a8063861c63b878ee,15,4852,4857,0.01,False,True,0.01,0.01,0.01
010a8063861c63b878ee,16,4859,4864,0.01,False,True,0.01,0.01,0.01
010a8063861c63b878ee,17,4865,4866,0.002,False,True,0.002,0.002,0.002
010a8063861c63b878ee,18,4869,4874,0.01,False,True,0.01,0.01,0.01
010a8063861c63b878ee,19,4876,4880,0.008,False,True,0.008,0.008,0.008
010a8063861c63b878ee,20,4882,4883,0.002,False,True,0.002,0.002,0.002
010a8063861c63b878ee,21,4884,4885,0.002,False,True,0.002,0.002,0.002
010a8063861c63b878ee,22,4886,4887,0.002,False,True,0.002,0.002,0.002
010a8063861c63b878ee,23,4888,4890,0.004,False,True,0.004,0.004,0.004
010a8063861c63b878ee,24,4891,4893,0.004,False,True,0.004,0.004,0.004
010a8063861c63b878ee,25,4896,4898,0.004,False,True,0.004,0.004,0.004
010a8063861c63b878ee,26,4900,4902,0.004,False,True,0.004,0.004,0.004
010a8063861c63b878ee,27,4904,4908,0.008,False,True,0.008,0.008,0.008
010a8063861c63b878ee,28,4912,4914,0.004,False,True,0.004,0.004,0.004
010a8063861c63b878ee,29,4916,4919,0.006,False,True,0.006,0.006,0.006
010a8063861c63b878ee,30,4921,4927,0.012,False,True,0.012,0.012,0.012
010a8063861c63b878ee,31,4929,15100,20.342,True,True,20.342,20.342,20.342
0303e45357e1cd864171,0,7600,15400,15.6,True,True,15.6,15.6,15.6
0405215aa279dc85cb11,0,3407,3428,0.042,False,True,0.042,0.042,0.042
0405215aa279dc85cb11,1,3430,3434,0.008,False,True,0.008,0.008,0.008
0405215aa279dc85cb11,2,3438,3446,0.016,False,True,0.016,0.016,0.016
0405215aa279dc85cb11,3,3447,3841,0.788,False,True,0.756,0.756,0.418
0405215aa279dc85cb11,4,3850,3853,0.006,False,True,0.006,0.006,0.006
0405215aa279dc85cb11,5,7418,15200,15.564,True,True,15.556000000000001,15.556000000000001,15.096
048c3b225e41567fae90,0,4995,5001,0.012,False,False,0.012,0.012,0.012
048c3b225e41567fae90,1,5002,5010,0.016,False,False,0.016,0.016,0.016
048c3b225e41567fae90,2,5011,5021,0.02,False,False,0.02,0.02,0.02
048c3b225e41567fae90,3,5022,5032,0.02,False,False,0.02,0.02,0.02
048c3b225e41567fae90,4,5033,5045,0.024,False,False,0.024,0.024,0.024
048c3b225e41567fae90,5,5046,5066,0.04,False,False,0.04,0.04,0.04
048c3b225e41567fae90,6,5067,7709,5.284,False,False,5.284,5.284,5.284
048c3b225e41567fae90,7,7710,7742,0.064,False,False,0.064,0.064,0.064
048c3b225e41567fae90,8,7743,7771,0.056,False,False,0.056,0.056,0.056
048c3b225e41567fae90,9,7772,7805,0.066,False,False,0.066,0.066,0.066
048c3b225e41567fae90,10,7806,15400,15.188,True,False,15.188,15.188,15.188
055ba35e68e8fa994b1a,0,4806,4808,0.004,False,True,0.004,0.004,0.004
055ba35e68e8fa994b1a,1,4810,4813,0.006,False,True,0.006,0.006,0.006
055ba35e68e8fa994b1a,2,4815,4818,0.006,False,True,0.006,0.006,0.006
055ba35e68e8fa994b1a,3,4820,4823,0.006,False,True,0.006,0.006,0.006
055ba35e68e8fa994b1a,4,4824,4825,0.002,False,True,0.002,0.002,0.002
055ba35e68e8fa994b1a,5,4826,4828,0.004,False,True,0.004,0.004,0.004
055ba35e68e8fa994b1a,6,4830,4833,0.006,False,True,0.006,0.006,0.006
055ba35e68e8fa994b1a,7,4835,4837,0.004,False,True,0.004,0.004,0.004
055ba35e68e8fa994b1a,8,4838,4839,0.002,False,True,0.002,0.002,0.002
055ba35e68e8fa994b1a,9,4840,4842,0.004,False,True,0.004,0.004,0.004
055ba35e68e8fa994b1a,10,4844,4846,0.004,False,True,0.004,0.004,0.004
055ba35e68e8fa994b1a,11,4854,4859,0.01,False,True,0.01,0.01,0.01
055ba35e68e8fa994b1a,12,4862,4865,0.006,False,True,0.006,0.006,0.006
055ba35e68e8fa994b1a,13,4867,4869,0.004,False,True,0.004,0.004,0.004
055ba35e68e8fa994b1a,14,4871,4872,0.002,False,True,0.002,0.002,0.002
055ba35e68e8fa994b1a,15,4873,4875,0.004,False,True,0.004,0.004,0.004
055ba35e68e8fa994b1a,16,4878,4880,0.004,False,True,0.004,0.004,0.004
055ba35e68e8fa994b1a,17,4882,4883,0.002,False,True,0.002,0.002,0.002
055ba35e68e8fa994b1a,18,4885,4887,0.004,False,True,0.004,0.004,0.004
055ba35e68e8fa994b1a,19,4900,4903,0.006,False,True,0.006,0.006,0.006
055ba35e68e8fa994b1a,20,4907,4908,0.002,False,True,0.002,0.002,0.002
055ba35e68e8fa994b1a,21,4909,4910,0.002,False,True,0.002,0.002,0.002
055ba35e68e8fa994b1a,22,4914,4916,0.004,False,True,0.004,0.004,0.004
055ba35e68e8fa994b1a,23,6927,6992,0.13,False,True,0.13,0.13,0.13
055ba35e68e8fa994b1a,24,6993,7284,0.582,False,True,0.582,0.582,0.582
055ba35e68e8fa994b1a,25,7285,7335,0.1,False,True,0.1,0.1,0.1
055ba35e68e8fa994b1a,26,7336,7405,0.138,False,True,0.138,0.138,0.138
055ba35e68e8fa994b1a,27,7406,7647,0.482,False,True,0.482,0.482,0.482
055ba35e68e8fa994b1a,28,7648,7735,0.17400000000000002,False,True,0.17400000000000002,0.17400000000000002,0.17400000000000002
055ba35e68e8fa994b1a,29,7736,7792,0.112,False,True,0.112,0.112,0.112
055ba35e68e8fa994b1a,30,7793,15400,15.214,True,True,15.214,15.214,15.214
0595e356e7747a5f25f2,0,7399,7463,0.128,False,True,0.128,0.128,0.128
0595e356e7747a5f25f2,1,7464,7475,0.022,False,True,0.022,0.022,0.022
0595e356e7747a5f25f2,2,7476,7487,0.022,False,True,0.022,0.022,0.022
0595e356e7747a5f25f2,3,7488,7507,0.038,False,True,0.038,0.038,0.038
0595e356e7747a5f25f2,4,7508,7551,0.08600000000000001,False,True,0.08600000000000001,0.08600000000000001,0.08600000000000001
0595e356e7747a5f25f2,5,7552,15176,15.248000000000001,True,True,15.248000000000001,15.248000000000001,15.248000000000001
061068bea9418d4b7a89,0,4661,4812,0.302,False,True,0.302,0.302,0.302
061068bea9418d4b7a89,1,4813,4865,0.10400000000000001,False,True,0.10400000000000001,0.10400000000000001,0.10400000000000001
061068bea9418d4b7a89,2,4866,4908,0.084,False,True,0.084,0.084,0.084
061068bea9418d4b7a89,3,4909,15100,20.382,True,True,20.382,20.382,20.382
062c3834bce9b70bbf54,0,3052,4637,3.17,False,True,3.158,3.158,3.08
062c3834bce9b70bbf54,1,7673,15400,15.454,True,True,15.454,15.454,15.454
091d76ef1460ec885957,0,4883,4885,0.004,False,True,0.004,0.004,0.004
091d76ef1460ec885957,1,4886,4889,0.006,False,True,0.006,0.006,0.006
091d76ef1460ec885957,2,4890,4893,0.006,False,True,0.006,0.006,0.006
091d76ef1460ec885957,3,4894,4897,0.006,False,True,0.006,0.006,0.006
091d76ef1460ec885957,4,4901,4908,0.014,False,True,0.014,0.014,0.014
091d76ef1460ec885957,5,4910,4915,0.01,False,True,0.01,0.01,0.01
091d76ef1460ec885957,6,4917,4922,0.01,False,True,0.01,0.01,0.01
091d76ef1460ec885957,7,4924,4928,0.008,False,True,0.008,0.008,0.008
091d76ef1460ec885957,8,4930,4934,0.008,False,True,0.008,0.008,0.008
091d76ef1460ec885957,9,4936,4939,0.006,False,True,0.006,0.006,0.006
091d76ef1460ec885957,10,4941,4944,0.006,False,True,0.006,0.006,0.006
091d76ef1460ec885957,11,4946,4949,0.006,False,True,0.006,0.006,0.006
091d76ef1460ec885957,12,4956,4961,0.01,False,True,0.01,0.01,0.01
091d76ef1460ec885957,13,4964,4967,0.006,False,True,0.006,0.006,0.006
091d76ef1460ec885957,14,4970,4973,0.006,False,True,0.006,0.006,0.006
091d76ef1460ec885957,15,4976,4978,0.004,False,True,0.004,0.004,0.004
091d76ef1460ec885957,16,4981,4983,0.004,False,True,0.004,0.004,0.004
091d76ef1460ec885957,17,4986,4987,0.002,False,True,0.002,0.002,0.002
091d76ef1460ec885957,18,4989,4990,0.002,False,True,0.002,0.002,0.002
091d76ef1460ec885957,19,4992,4993,0.002,False,True,0.002,0.002,0.002
091d76ef1460ec885957,20,5137,5178,0.082,False,True,0.082,0.082,0.082
091d76ef1460ec885957,21,5181,5188,0.014,False,True,0.014,0.014,0.014
091d76ef1460ec885957,22,5190,5194,0.008,False,True,0.008,0.008,0.008
091d76ef1460ec885957,23,5195,5197,0.004,False,True,0.004,0.004,0.004
091d76ef1460ec885957,24,5198,5201,0.006,False,True,0.006,0.006,0.006
091d76ef1460ec885957,25,5202,5205,0.006,False,True,0.006,0.006,0.006
091d76ef1460ec885957,26,5207,5213,0.012,False,True,0.012,0.012,0.012
091d76ef1460ec885957,27,5215,5221,0.012,False,True,0.012,0.012,0.012
091d76ef1460ec885957,28,5223,5229,0.012,False,True,0.012,0.012,0.012
091d76ef1460ec885957,29,5230,5233,0.006,False,True,0.006,0.006,0.006
091d76ef1460ec885957,30,5234,5239,0.01,False,True,0.01,0.01,0.01
091d76ef1460ec885957,31,5240,5244,0.008,False,True,0.008,0.008,0.008
091d76ef1460ec885957,32,5245,5251,0.012,False,True,0.012,0.012,0.012
091d76ef1460ec885957,33,5252,5257,0.01,False,True,0.01,0.01,0.01
091d76ef1460ec885957,34,5258,5263,0.01,False,True,0.01,0.01,0.01
091d76ef1460ec885957,35,5264,5270,0.012,False,True,0.012,0.012,0.012
091d76ef1460ec885957,36,5271,5275,0.008,False,True,0.008,0.008,0.008
091d76ef1460ec885957,37,5276,5282,0.012,False,True,0.012,0.012,0.012
091d76ef1460ec885957,38,5283,5286,0.006,False,True,0.006,0.006,0.006
091d76ef1460ec885957,39,5287,5293,0.012,False,True,0.012,0.012,0.012
091d76ef1460ec885957,40,5295,5302,0.014,False,True,0.014,0.014,0.014
091d76ef1460ec885957,41,5304,5310,0.012,False,True,0.012,0.012,0.012
091d76ef1460ec885957,42,5312,5318,0.012,False,True,0.012,0.012,0.012
091d76ef1460ec885957,43,5321,5328,0.014,False,True,0.014,0.014,0.014
091d76ef1460ec885957,44,5331,5336,0.01,False,True,0.01,0.01,0.01
091d76ef1460ec885957,45,5338,5342,0.008,False,True,0.008,0.008,0.008
091d76ef1460ec885957,46,5345,5350,0.01,False,True,0.01,0.01,0.01
091d76ef1460ec885957,47,5352,5354,0.004,False,True,0.004,0.004,0.004
091d76ef1460ec885957,48,5355,5357,0.004,False,True,0.004,0.004,0.004
091d76ef1460ec885957,49,5358,5360,0.004,False,True,0.004,0.004,0.004
091d76ef1460ec885957,50,5362,5365,0.006,False,True,0.006,0.006,0.006
091d76ef1460ec885957,51,5367,5370,0.006,False,True,0.006,0.006,0.006
091d76ef1460ec885957,52,5372,5375,0.006,False,True,0.006,0.006,0.006
091d76ef1460ec885957,53,5377,5379,0.004,False,True,0.004,0.004,0.004
091d76ef1460ec885957,54,5380,5381,0.002,False,True,0.002,0.002,0.002
091d76ef1460ec885957,55,5382,5384,0.004,False,True,0.004,0.004,0.004
091d76ef1460ec885957,56,5386,5389,0.006,False,True,0.006,0.006,0.006
091d76ef1460ec885957,57,5392,5395,0.006,False,True,0.006,0.006,0.006
091d76ef1460ec885957,58,5397,5399,0.004,False,True,0.004,0.004,0.004
091d76ef1460ec885957,59,5400,5401,0.002,False,True,0.002,0.002,0.002
091d76ef1460ec885957,60,5403,5406,0.006,False,True,0.006,0.006,0.006
091d76ef1460ec885957,61,5409,5411,0.004,False,True,0.004,0.004,0.004
091d76ef1460ec885957,62,5412,5413,0.002,False,True,0.002,0.002,0.002
091d76ef1460ec885957,63,5415,5417,0.004,False,True,0.004,0.004,0.004
091d76ef1460ec885957,64,5418,5419,0.002,False,True,0.002,0.002,0.002
091d76ef1460ec885957,65,5421,5423,0.004,False,True,0.004,0.004,0.004
091d76ef1460ec885957,66,5426,5428,0.004,False,True,0.004,0.004,0.004
091d76ef1460ec885957,67,5430,5431,0.002,False,True,0.002,0.002,0.002
091d76ef1460ec885957,68,5432,5433,0.002,False,True,0.002,0.002,0.002
091d76ef1460ec885957,69,5435,5437,0.004,False,True,0.004,0.004,0.004
091d76ef1460ec885957,70,5441,5443,0.004,False,True,0.004,0.004,0.004
091d76ef1460ec885957,71,5447,5448,0.002,False,True,0.002,0.002,0.002
091d76ef1460ec885957,72,5450,5451,0.002,False,True,0.002,0.002,0.002
091d76ef1460ec885957,73,5454,5455,0.002,False,True,0.002,0.002,0.002
091d76ef1460ec885957,74,5458,5459,0.002,False,True,0.002,0.002,0.002
091d76ef1460ec885957,75,5466,5467,0.002,False,True,0.002,0.002,0.002
091d76ef1460ec885957,76,6870,15400,17.06,True,True,17.06,17.06,17.06
09b975f1fc05f1423d62,0,7689,9209,3.04,False,False,3.04,3.04,3.04
09b975f1fc05f1423d62,1,9210,15400,12.38,False,False,12.38,12.38,12.38
09eccb9ca9e18a3c22a6,0,3449,9974,13.05,False,False,12.946,12.946,6.878
09eccb9ca9e18a3c22a6,1,9975,9993,0.036000000000000004,False,False,0.036000000000000004,0.036000000000000004,0.036000000000000004
09eccb9ca9e18a3c22a6,2,9994,10018,0.048,False,False,0.048,0.048,0.048
09eccb9ca9e18a3c22a6,3,10019,15200,10.362,False,False,10.362,10.362,10.362
0a0ffcbc8177c656ee66,0,1063,9000,15.874,True,True,15.874,15.874,15.874
0a130a89cd7928d063df,0,4888,4891,0.006,False,True,0.006,0.006,0.006
0a130a89cd7928d063df,1,4892,4896,0.008,False,True,0.008,0.008,0.008
0a130a89cd7928d063df,2,4898,4905,0.014,False,True,0.014,0.014,0.014
0a130a89cd7928d063df,3,4907,4911,0.008,False,True,0.008,0.008,0.008
0a130a89cd7928d063df,4,4912,4913,0.002,False,True,0.002,0.002,0.002
0a130a89cd7928d063df,5,4916,4922,0.012,False,True,0.012,0.012,0.012
0a130a89cd7928d063df,6,4924,4929,0.01,False,True,0.01,0.01,0.01
0a130a89cd7928d063df,7,4931,4935,0.008,False,True,0.008,0.008,0.008
0a130a89cd7928d063df,8,4936,4937,0.002,False,True,0.002,0.002,0.002
0a130a89cd7928d063df,9,4938,4941,0.006,False,True,0.006,0.006,0.006
0a130a89cd7928d063df,10,4942,4944,0.004,False,True,0.004,0.004,0.004
0a130a89cd7928d063df,11,4946,4950,0.008,False,True,0.008,0.008,0.008
0a130a89cd7928d063df,12,4952,4954,0.004,False,True,0.004,0.004,0.004
0a130a89cd7928d063df,13,4955,4956,0.002,False,True,0.002,0.002,0.002
0a130a89cd7928d063df,14,4957,4959,0.004,False,True,0.004,0.004,0.004
0a130a89cd7928d063df,15,4960,4961,0.002,False,True,0.002,0.002,0.002
0a130a89cd7928d063df,16,4962,4963,0.002,False,True,0.002,0.002,0.002
0a130a89cd7928d063df,17,4964,4966,0.004,False,True,0.004,0.004,0.004
0a130a89cd7928d063df,18,4973,4976,0.006,False,True,0.006,0.006,0.006
0a130a89cd7928d063df,19,4978,4980,0.004,False,True,0.004,0.004,0.004
0a130a89cd7928d063df,20,4983,4986,0.006,False,True,0.006,0.006,0.006
0a130a89cd7928d063df,21,4990,4992,0.004,False,True,0.004,0.004,0.004
0a130a89cd7928d063df,22,4995,4997,0.004,False,True,0.004,0.004,0.004
0a130a89cd7928d063df,23,5003,5004,0.002,False,True,0.002,0.002,0.002
0a130a89cd7928d063df,24,5006,5007,0.002,False,True,0.002,0.002,0.002
0a130a89cd7928d063df,25,5125,5166,0.082,False,True,0.082,0.082,0.082
0a130a89cd7928d063df,26,5168,5179,0.022,False,True,0.022,0.022,0.022
0a130a89cd7928d063df,27,5180,5184,0.008,False,True,0.008,0.008,0.008
0a130a89cd7928d063df,28,5185,5192,0.014,False,True,0.014,0.014,0.014
0a130a89cd7928d063df,29,5194,5205,0.022,False,True,0.022,0.022,0.022
0a130a89cd7928d063df,30,5206,5210,0.008,False,True,0.008,0.008,0.008
0a130a89cd7928d063df,31,5211,5219,0.016,False,True,0.016,0.016,0.016
0a130a89cd7928d063df,32,5220,5227,0.014,False,True,0.014,0.014,0.014
0a130a89cd7928d063df,33,5228,5237,0.018000000000000002,False,True,0.018000000000000002,0.018000000000000002,0.018000000000000002
0a130a89cd7928d063df,34,5238,5248,0.02,False,True,0.02,0.02,0.02
0a130a89cd7928d063df,35,5249,5261,0.024,False,True,0.024,0.024,0.024
0a130a89cd7928d063df,36,5262,5274,0.024,False,True,0.024,0.024,0.024
0a130a89cd7928d063df,37,5275,5287,0.024,False,True,0.024,0.024,0.024
0a130a89cd7928d063df,38,5288,5297,0.018000000000000002,False,True,0.018000000000000002,0.018000000000000002,0.018000000000000002
0a130a89cd7928d063df,39,5298,5307,0.018000000000000002,False,True,0.018000000000000002,0.018000000000000002,0.018000000000000002
0a130a89cd7928d063df,40,5308,5316,0.016,False,True,0.016,0.016,0.016
0a130a89cd7928d063df,41,5317,5324,0.014,False,True,0.014,0.014,0.014
0a130a89cd7928d063df,42,5325,5331,0.012,False,True,0.012,0.012,0.012
0a130a89cd7928d063df,43,5332,5339,0.014,False,True,0.014,0.014,0.014
0a130a89cd7928d063df,44,5340,5345,0.01,False,True,0.01,0.01,0.01
0a130a89cd7928d063df,45,5346,5352,0.012,False,True,0.012,0.012,0.012
0a130a89cd7928d063df,46,5353,5358,0.01,False,True,0.01,0.01,0.01
0a130a89cd7928d063df,47,5359,5364,0.01,False,True,0.01,0.01,0.01
0a130a89cd7928d063df,48,5365,5371,0.012,False,True,0.012,0.012,0.012
0a130a89cd7928d063df,49,5373,5382,0.018000000000000002,False,True,0.018000000000000002,0.018000000000000002,0.018000000000000002
0a130a89cd7928d063df,50,5383,5386,0.006,False,True,0.006,0.006,0.006
0a130a89cd7928d063df,51,5387,5393,0.012,False,True,0.012,0.012,0.012
0a130a89cd7928d063df,52,5394,5397,0.006,False,True,0.006,0.006,0.006
0a130a89cd7928d063df,53,5398,5404,0.012,False,True,0.012,0.012,0.012
0a130a89cd7928d063df,54,5406,5415,0.018000000000000002,False,True,0.018000000000000002,0.018000000000000002,0.018000000000000002
0a130a89cd7928d063df,55,5417,5424,0.014,False,True,0.014,0.014,0.014
0a130a89cd7928d063df,56,5426,5434,0.016,False,True,0.016,0.016,0.016
0a130a89cd7928d063df,57,5436,5442,0.012,False,True,0.012,0.012,0.012
0a130a89cd7928d063df,58,5443,5446,0.006,False,True,0.006,0.006,0.006
0a130a89cd7928d063df,59,5447,5451,0.008,False,True,0.008,0.008,0.008
0a130a89cd7928d063df,60,5452,5456,0.008,False,True,0.008,0.008,0.008
0a130a89cd7928d063df,61,5457,5460,0.006,False,True,0.006,0.006,0.006
0a130a89cd7928d063df,62,5461,5465,0.008,False,True,0.008,0.008,0.008
0a130a89cd7928d063df,63,5467,5474,0.014,False,True,0.014,0.014,0.014
0a130a89cd7928d063df,64,5476,5481,0.01,False,True,0.01,0.01,0.01
0a130a89cd7928d063df,65,5483,5489,0.012,False,True,0.012,0.012,0.012
0a130a89cd7928d063df,66,5491,5495,0.008,False,True,0.008,0.008,0.008
0a130a89cd7928d063df,67,5496,5498,0.004,False,True,0.004,0.004,0.004
0a130a89cd7928d063df,68,5499,5502,0.006,False,True,0.006,0.006,0.006
0a130a89cd7928d063df,69,5503,5505,0.004,False,True,0.004,0.004,0.004
0a130a89cd7928d063df,70,5506,5508,0.004,False,True,0.004,0.004,0.004
0a130a89cd7928d063df,71,5509,5512,0.006,False,True,0.006,0.006,0.006
0a130a89cd7928d063df,72,5514,5518,0.008,False,True,0.008,0.008,0.008
0a130a89cd7928d063df,73,5520,5524,0.008,False,True,0.008,0.008,0.008
0a130a89cd7928d063df,74,5527,5531,0.008,False,True,0.008,0.008,0.008
0a130a89cd7928d063df,75,5533,5536,0.006,False,True,0.006,0.006,0.006
0a130a89cd7928d063df,76,5539,5543,0.008,False,True,0.008,0.008,0.008
0a130a89cd7928d063df,77,5547,5551,0.008,False,True,0.008,0.008,0.008
0a130a89cd7928d063df,78,5555,5557,0.004,False,True,0.004,0.004,0.004
0a130a89cd7928d063df,79,5559,5561,0.004,False,True,0.004,0.004,0.004
0a130a89cd7928d063df,80,5565,5567,0.004,False,True,0.004,0.004,0.004
0a130a89cd7928d063df,81,5570,5571,0.002,False,True,0.002,0.002,0.002
0a130a89cd7928d063df,82,5574,5575,0.002,False,True,0.002,0.002,0.002
0a130a89cd7928d063df,83,5577,5578,0.002,False,True,0.002,0.002,0.002
0a130a89cd7928d063df,84,5586,5587,0.002,False,True,0.002,0.002,0.002
0a130a89cd7928d063df,85,6866,15400,17.068,True,True,17.068,17.068,17.068
0b45ba6d941ca2034a78,0,990,9000,16.02,True,True,16.02,16.02,16.02
0b97b25b77043ad04947,0,3252,3488,0.47200000000000003,False,True,0.47000000000000003,0.47000000000000003,0.464
0b97b25b77043ad04947,1,3489,3499,0.02,False,True,0.012,0.012,0.004
0b97b25b77043ad04947,2,7117,15200,16.166,True,True,15.664,15.664,15.114
0baa60ea00da6a226cd4,0,4519,4702,0.366,False,True,0.366,0.366,0.366
0baa60ea00da6a226cd4,1,4703,4756,0.106,False,True,0.106,0.106,0.106
0baa60ea00da6a226cd4,2,4757,4800,0.08600000000000001,False,True,0.08600000000000001,0.08600000000000001,0.08600000000000001
0baa60ea00da6a226cd4,3,4801,4848,0.094,False,True,0.094,0.094,0.094
0baa60ea00da6a226cd4,4,4849,4896,0.094,False,True,0.094,0.094,0.094
0baa60ea00da6a226cd4,5,4897,15100,20.406,True,True,20.406,20.406,20.406
0ca6a262c4627074cb7c,0,7831,15400,15.138,True,False,15.138,15.138,15.138
0d36d876b2eb6dad3107,0,10751,15305,9.108,False,False,9.108,9.108,9.108
0dd3381d08dfdcc8359e,0,4813,4871,0.116,False,False,0.112,0.112,0.10400000000000001
0dd3381d08dfdcc8359e,1,4873,4957,0.168,False,False,0.168,0.168,0.168
0dd3381d08dfdcc8359e,2,4958,4997,0.078,False,False,0.078,0.078,0.078
0dd3381d08dfdcc8359e,3,4998,9891,9.786,False,False,9.786,9.786,9.786
0dd3381d08dfdcc8359e,4,9892,9897,0.01,False,False,0.01,0.01,0.01
0e21aea6f2d41b66ed7b,0,1431,9000,15.138,True,True,15.138,15.138,15.138
0fa0f3e432a60e4c0354,0,1227,9000,15.546000000000001,True,True,15.546000000000001,15.546000000000001,15.546000000000001
0ff5d4e446e54f7fa81f,0,1098,9000,15.804,True,True,15.804,15.804,15.804
113bee4e5fa6da5ac613,0,4834,9554,9.44,False,False,9.22,9.22,4.088
1156d7c7a5591a189bd5,0,4783,15100,20.634,True,False,20.634,20.634,20.634
1238901ea4fc91d99ab8,0,5545,5550,0.01,False,False,0.008,0.008,0.008
1238901ea4fc91d99ab8,1,5552,5563,0.022,False,False,0.022,0.022,0.022
1238901ea4fc91d99ab8,2,5564,5567,0.006,False,False,0.006,0.006,0.006
1238901ea4fc91d99ab8,3,5568,14372,17.608,True,False,17.594,17.594,17.55
1238901ea4fc91d99ab8,4,14373,14374,0.002,False,False,0.002,0.002,0.002
123fc595fd196458c13c,0,1135,9000,15.73,True,True,15.73,15.73,15.73
124a9dda1219e9883ad6,0,2983,4088,2.21,False,False,2.21,2.21,2.21
124a9dda1219e9883ad6,1,7771,15400,15.258000000000001,True,False,15.258000000000001,15.258000000000001,15.258000000000001
15aca29cbc678b952969,0,3382,3794,0.8240000000000001,False,True,0.784,0.784,0.296
15aca29cbc678b952969,1,5503,15200,19.394000000000002,True,True,18.734,18.734,15.112
197d5cfee7ad00cca509,0,4323,4339,0.032,False,False,0.032,0.032,0.032
197d5cfee7ad00cca509,1,4340,4361,0.042,False,False,0.042,0.042,0.042
197d5cfee7ad00cca509,2,4362,4387,0.05,False,False,0.05,0.05,0.05
197d5cfee7ad00cca509,3,4388,4415,0.054,False,False,0.054,0.054,0.054
197d5cfee7ad00cca509,4,4416,4441,0.05,False,False,0.05,0.05,0.05
197d5cfee7ad00cca509,5,4442,4470,0.056,False,False,0.056,0.056,0.056
197d5cfee7ad00cca509,6,4471,4498,0.054,False,False,0.054,0.054,0.054
197d5cfee7ad00cca509,7,4499,4529,0.06,False,False,0.06,0.06,0.06
197d5cfee7ad00cca509,8,4530,4561,0.062,False,False,0.062,0.062,0.062
197d5cfee7ad00cca509,9,4562,4596,0.068,False,False,0.068,0.068,0.068
197d5cfee7ad00cca509,10,4597,4636,0.078,False,False,0.078,0.078,0.078
197d5cfee7ad00cca509,11,4637,4683,0.092,False,False,0.092,0.092,0.092
197d5cfee7ad00cca509,12,4684,4739,0.11,False,False,0.11,0.11,0.11
197d5cfee7ad00cca509,13,4740,4799,0.11800000000000001,False,False,0.11800000000000001,0.11800000000000001,0.11800000000000001
197d5cfee7ad00cca509,14,4800,4866,0.132,False,False,0.132,0.132,0.132
197d5cfee7ad00cca509,15,4867,7003,4.272,False,False,4.272,4.272,4.272
197d5cfee7ad00cca509,16,7004,7005,0.002,False,False,0.002,0.002,0.002
197d5cfee7ad00cca509,17,7008,7009,0.002,False,False,0.002,0.002,0.002
19a8dbe677ea8ddd6ce2,0,1126,9000,15.748000000000001,True,True,15.748000000000001,15.748000000000001,15.748000000000001
1a19afc8b692eca1e794,0,3485,15200,23.43,True,True,23.43,23.43,23.43
1b00e67f0eb85d6a0ef7,0,3315,3340,0.05,False,True,0.05,0.05,0.05
1b00e67f0eb85d6a0ef7,1,3341,3345,0.008,False,True,0.008,0.008,0.008
1b00e67f0eb85d6a0ef7,2,3389,3457,0.136,False,True,0.136,0.136,0.136
1b00e67f0eb85d6a0ef7,3,7056,15200,16.288,True,True,15.522,15.522,15.082
1bf569f6745a27107d1e,0,4803,8405,7.204,False,False,7.182,7.182,6.974
1bf569f6745a27107d1e,1,8410,8421,0.022,False,False,0.022,0.022,0.022
1bf569f6745a27107d1e,2,8423,8427,0.008,False,False,0.008,0.008,0.008
1bf569f6745a27107d1e,3,8435,8438,0.006,False,False,0.006,0.006,0.006
1bf569f6745a27107d1e,4,8442,8445,0.006,False,False,0.006,0.006,0.006
1bf569f6745a27107d1e,5,8451,8453,0.004,False,False,0.004,0.004,0.004
1bf569f6745a27107d1e,6,8455,8456,0.002,False,False,0.002,0.002,0.002
1bf569f6745a27107d1e,7,8457,8459,0.004,False,False,0.004,0.004,0.004
1bf569f6745a27107d1e,8,8462,8465,0.006,False,False,0.006,0.006,0.006
1bf569f6745a27107d1e,9,8467,8469,0.004,False,False,0.004,0.004,0.004
1bf569f6745a27107d1e,10,8471,8475,0.008,False,False,0.008,0.008,0.008
1bf569f6745a27107d1e,11,8478,8484,0.012,False,False,0.012,0.012,0.012
1bf569f6745a27107d1e,12,8486,8493,0.014,False,False,0.014,0.014,0.014
1bf569f6745a27107d1e,13,8494,8505,0.022,False,False,0.022,0.022,0.022
1bf569f6745a27107d1e,14,8506,10977,4.942,False,False,4.942,4.942,4.942
1d2a911c07d4fa1acc01,0,7451,15400,15.898,True,False,15.898,15.898,15.898
1e39c8938b5b24fe9da0,0,3470,15200,23.46,True,True,23.46,23.46,23.46
1e73f5d19433c108bb95,0,3449,4143,1.3880000000000001,False,False,1.366,1.366,0.88
1e73f5d19433c108bb95,1,5626,5938,0.624,False,False,0.624,0.624,0.624
1e73f5d19433c108bb95,2,10738,15200,8.924,False,False,8.924,8.924,8.924
1f7c1b3b970c1ff4217f,0,4555,4784,0.458,False,True,0.458,0.458,0.458
1f7c1b3b970c1ff4217f,1,4785,4838,0.106,False,True,0.106,0.106,0.106
1f7c1b3b970c1ff4217f,2,4839,4882,0.08600000000000001,False,True,0.08600000000000001,0.08600000000000001,0.08600000000000001
1f7c1b3b970c1ff4217f,3,4883,15100,20.434,True,True,20.434,20.434,20.434
201086aa45c5cc147335,0,1151,1173,0.044,False,False,0.044,0.044,0.044
201086aa45c5cc147335,1,1204,1211,0.014,False,False,0.014,0.014,0.014
20225c2f7a40ddef24db,0,7740,15400,15.32,True,True,15.32,15.32,15.32
209225234d25292a669e,0,4578,15100,21.044,True,True,21.044,21.044,21.044
209b01b25ff9520dadc8,0,1328,9000,15.344000000000001,True,True,15.344000000000001,15.344000000000001,15.344000000000001
20a66baae3530c22a93a,0,5003,5012,0.018000000000000002,False,True,0.018000000000000002,0.018000000000000002,0.018000000000000002
20a66baae3530c22a93a,1,5013,5025,0.024,False,True,0.024,0.024,0.024
20a66baae3530c22a93a,2,5026,5040,0.028,False,True,0.028,0.028,0.028
20a66baae3530c22a93a,3,5041,5065,0.048,False,True,0.048,0.048,0.048
20a66baae3530c22a93a,4,5066,7712,5.292,False,True,5.292,5.292,5.292
20a66baae3530c22a93a,5,7713,7745,0.064,False,True,0.064,0.064,0.064
20a66baae3530c22a93a,6,7746,7773,0.054,False,True,0.054,0.054,0.054
20a66baae3530c22a93a,7,7774,7801,0.054,False,True,0.054,0.054,0.054
20a66baae3530c22a93a,8,7802,15400,15.196,True,True,15.196,15.196,15.196
20c2929824e24dd65512,0,1143,1348,0.41000000000000003,False,False,0.41000000000000003,0.41000000000000003,0.41000000000000003
20d34f0c7072bd4fe774,0,4968,4976,0.016,False,False,0.016,0.016,0.016
20d34f0c7072bd4fe774,1,4978,4989,0.022,False,False,0.02,0.02,0.014
20d34f0c7072bd4fe774,2,4990,4998,0.016,False,False,0.016,0.016,0.016
20d34f0c7072bd4fe774,3,4999,5010,0.022,False,False,0.022,0.022,0.022
20d34f0c7072bd4fe774,4,5011,5020,0.018000000000000002,False,False,0.018000000000000002,0.018000000000000002,0.018000000000000002
20d34f0c7072bd4fe774,5,5021,5030,0.018000000000000002,False,False,0.018000000000000002,0.018000000000000002,0.018000000000000002
20d34f0c7072bd4fe774,6,5031,5042,0.022,False,False,0.022,0.022,0.022
20d34f0c7072bd4fe774,7,5043,5054,0.022,False,False,0.022,0.022,0.022
20d34f0c7072bd4fe774,8,5055,5072,0.034,False,False,0.034,0.034,0.034
20d34f0c7072bd4fe774,9,5073,5227,0.308,False,False,0.308,0.308,0.308
21e83a4f9cf0d45f6319,0,4757,9490,9.466000000000001,False,False,0.0,0.0,0.0
21f8d90ea02c9ae8069e,0,1173,9000,15.654,True,True,15.654,15.654,15.654
22542184062de5808e08,0,3484,15200,23.432000000000002,True,True,23.432000000000002,23.432000000000002,23.432000000000002
22883faa361099e8d2d5,0,964,9000,16.072,True,True,16.072,16.072,16.072
230d60644759a40ae703,0,4827,4828,0.002,False,False,0.002,0.002,0.002
230d60644759a40ae703,1,4832,4837,0.01,False,False,0.01,0.01,0.01
230d60644759a40ae703,2,4839,4842,0.006,False,False,0.006,0.006,0.006
230d60644759a40ae703,3,4844,4848,0.008,False,False,0.008,0.008,0.008
230d60644759a40ae703,4,4851,4855,0.008,False,False,0.008,0.008,0.008
230d60644759a40ae703,5,4858,4859,0.002,False,False,0.002,0.002,0.002
230d60644759a40ae703,6,4863,4866,0.006,False,False,0.006,0.006,0.006
230d60644759a40ae703,7,4868,4871,0.006,False,False,0.006,0.006,0.006
230d60644759a40ae703,8,4874,4877,0.006,False,False,0.006,0.006,0.006
230d60644759a40ae703,9,4879,4881,0.004,False,False,0.004,0.004,0.004
230d60644759a40ae703,10,4883,4884,0.002,False,False,0.002,0.002,0.002
230d60644759a40ae703,11,4885,4887,0.004,False,False,0.004,0.004,0.004
230d60644759a40ae703,12,4897,4900,0.006,False,False,0.006,0.006,0.006
230d60644759a40ae703,13,4902,4903,0.002,False,False,0.002,0.002,0.002
230d60644759a40ae703,14,4905,4907,0.004,False,False,0.004,0.004,0.004
230d60644759a40ae703,15,4912,4914,0.004,False,False,0.004,0.004,0.004
230d60644759a40ae703,16,4933,4935,0.004,False,False,0.004,0.004,0.004
230d60644759a40ae703,17,7159,7166,0.014,False,False,0.014,0.014,0.014
230d60644759a40ae703,18,7171,7175,0.008,False,False,0.008,0.008,0.008
230d60644759a40ae703,19,7178,7181,0.006,False,False,0.006,0.006,0.006
230d60644759a40ae703,20,7183,7185,0.004,False,False,0.004,0.004,0.004
230d60644759a40ae703,21,7187,7189,0.004,False,False,0.004,0.004,0.004
230d60644759a40ae703,22,7190,7191,0.002,False,False,0.002,0.002,0.002
230d60644759a40ae703,23,7192,7194,0.004,False,False,0.004,0.004,0.004
230d60644759a40ae703,24,7196,7198,0.004,False,False,0.004,0.004,0.004
230d60644759a40ae703,25,7199,7201,0.004,False,False,0.004,0.004,0.004
230d60644759a40ae703,26,7203,7206,0.006,False,False,0.006,0.006,0.006
230d60644759a40ae703,27,7208,7211,0.006,False,False,0.006,0.006,0.006
230d60644759a40ae703,28,7213,7216,0.006,False,False,0.006,0.006,0.006
230d60644759a40ae703,29,7217,7218,0.002,False,False,0.002,0.002,0.002
230d60644759a40ae703,30,7219,7222,0.006,False,False,0.006,0.006,0.006
230d60644759a40ae703,31,7224,7228,0.008,False,False,0.008,0.008,0.008
230d60644759a40ae703,32,7230,7234,0.008,False,False,0.008,0.008,0.008
230d60644759a40ae703,33,7236,7240,0.008,False,False,0.008,0.008,0.008
230d60644759a40ae703,34,7242,7247,0.01,False,False,0.01,0.01,0.01
230d60644759a40ae703,35,7249,7253,0.008,False,False,0.008,0.008,0.008
230d60644759a40ae703,36,7255,7260,0.01,False,False,0.01,0.01,0.01
230d60644759a40ae703,37,7261,7262,0.002,False,False,0.002,0.002,0.002
230d60644759a40ae703,38,7263,7267,0.008,False,False,0.008,0.008,0.008
230d60644759a40ae703,39,7268,7271,0.006,False,False,0.006,0.006,0.006
230d60644759a40ae703,40,7273,7279,0.012,False,False,0.012,0.012,0.012
230d60644759a40ae703,41,7280,7282,0.004,False,False,0.004,0.004,0.004
230d60644759a40ae703,42,7283,7286,0.006,False,False,0.006,0.006,0.006
230d60644759a40ae703,43,7287,7291,0.008,False,False,0.008,0.008,0.008
230d60644759a40ae703,44,7292,7295,0.006,False,False,0.006,0.006,0.006
230d60644759a40ae703,45,7296,7299,0.006,False,False,0.006,0.006,0.006
230d60644759a40ae703,46,7300,7304,0.008,False,False,0.008,0.008,0.008
230d60644759a40ae703,47,7305,7309,0.008,False,False,0.008,0.008,0.008
230d60644759a40ae703,48,7310,7313,0.006,False,False,0.006,0.006,0.006
230d60644759a40ae703,49,7314,7318,0.008,False,False,0.008,0.008,0.008
230d60644759a40ae703,50,7319,7323,0.008,False,False,0.008,0.008,0.008
230d60644759a40ae703,51,7324,7327,0.006,False,False,0.006,0.006,0.006
230d60644759a40ae703,52,7328,7333,0.01,False,False,0.01,0.01,0.01
230d60644759a40ae703,53,7334,7337,0.006,False,False,0.006,0.006,0.006
230d60644759a40ae703,54,7338,7343,0.01,False,False,0.01,0.01,0.01
230d60644759a40ae703,55,7344,7347,0.006,False,False,0.006,0.006,0.006
230d60644759a40ae703,56,7348,7353,0.01,False,False,0.01,0.01,0.01
230d60644759a40ae703,57,7354,7357,0.006,False,False,0.006,0.006,0.006
230d60644759a40ae703,58,7358,7363,0.01,False,False,0.01,0.01,0.01
230d60644759a40ae703,59,7364,7368,0.008,False,False,0.008,0.008,0.008
230d60644759a40ae703,60,7369,7373,0.008,False,False,0.008,0.008,0.008
230d60644759a40ae703,61,7374,7378,0.008,False,False,0.008,0.008,0.008
230d60644759a40ae703,62,7379,7383,0.008,False,False,0.008,0.008,0.008
230d60644759a40ae703,63,7384,7389,0.01,False,False,0.01,0.01,0.01
230d60644759a40ae703,64,7391,7399,0.016,False,False,0.016,0.016,0.016
230d60644759a40ae703,65,7400,7402,0.004,False,False,0.004,0.004,0.004
230d60644759a40ae703,66,7403,7408,0.01,False,False,0.01,0.01,0.01
230d60644759a40ae703,67,7409,7413,0.008,False,False,0.008,0.008,0.008
230d60644759a40ae703,68,7414,7417,0.006,False,False,0.006,0.006,0.006
230d60644759a40ae703,69,7418,7423,0.01,False,False,0.01,0.01,0.01
230d60644759a40ae703,70,7425,7432,0.014,False,False,0.014,0.014,0.014
230d60644759a40ae703,71,7433,7435,0.004,False,False,0.004,0.004,0.004
230d60644759a40ae703,72,7436,7441,0.01,False,False,0.01,0.01,0.01
230d60644759a40ae703,73,7443,7450,0.014,False,False,0.014,0.014,0.014
230d60644759a40ae703,74,7452,7458,0.012,False,False,0.012,0.012,0.012
230d60644759a40ae703,75,7460,7466,0.012,False,False,0.012,0.012,0.012
230d60644759a40ae703,76,7468,7473,0.01,False,False,0.01,0.01,0.01
230d60644759a40ae703,77,7474,7476,0.004,False,False,0.004,0.004,0.004
230d60644759a40ae703,78,7477,7481,0.008,False,False,0.008,0.008,0.008
230d60644759a40ae703,79,7483,7488,0.01,False,False,0.01,0.01,0.01
230d60644759a40ae703,80,7489,7491,0.004,False,False,0.004,0.004,0.004
230d60644759a40ae703,81,7492,7495,0.006,False,False,0.006,0.006,0.006
230d60644759a40ae703,82,7496,7498,0.004,False,False,0.004,0.004,0.004
230d60644759a40ae703,83,7499,7502,0.006,False,False,0.006,0.006,0.006
230d60644759a40ae703,84,7503,7505,0.004,False,False,0.004,0.004,0.004
230d60644759a40ae703,85,7508,7514,0.012,False,False,0.012,0.012,0.012
230d60644759a40ae703,86,7516,7520,0.008,False,False,0.008,0.008,0.008
230d60644759a40ae703,87,7521,7523,0.004,False,False,0.004,0.004,0.004
230d60644759a40ae703,88,7524,7527,0.006,False,False,0.006,0.006,0.006
230d60644759a40ae703,89,7528,7530,0.004,False,False,0.004,0.004,0.004
230d60644759a40ae703,90,7531,7533,0.004,False,False,0.004,0.004,0.004
230d60644759a40ae703,91,7534,7537,0.006,False,False,0.006,0.006,0.006
230d60644759a40ae703,92,7539,7541,0.004,False,False,0.004,0.004,0.004
230d60644759a40ae703,93,7542,7544,0.004,False,False,0.004,0.004,0.004
230d60644759a40ae703,94,7545,7548,0.006,False,False,0.006,0.006,0.006
230d60644759a40ae703,95,7550,7555,0.01,False,False,0.01,0.01,0.01
230d60644759a40ae703,96,7557,7561,0.008,False,False,0.008,0.008,0.008
230d60644759a40ae703,97,7563,7565,0.004,False,False,0.004,0.004,0.004
230d60644759a40ae703,98,7567,7570,0.006,False,False,0.006,0.006,0.006
230d60644759a40ae703,99,7572,7576,0.008,False,False,0.008,0.008,0.008
230d60644759a40ae703,100,7578,7581,0.006,False,False,0.006,0.006,0.006
230d60644759a40ae703,101,7582,7584,0.004,False,False,0.004,0.004,0.004
230d60644759a40ae703,102,7586,7588,0.004,False,False,0.004,0.004,0.004
230d60644759a40ae703,103,7591,7596,0.01,False,False,0.01,0.01,0.01
230d60644759a40ae703,104,7599,7603,0.008,False,False,0.008,0.008,0.008
230d60644759a40ae703,105,7606,7609,0.006,False,False,0.006,0.006,0.006
230d60644759a40ae703,106,7613,7617,0.008,False,False,0.008,0.008,0.008
230d60644759a40ae703,107,7620,7623,0.006,False,False,0.006,0.006,0.006
230d60644759a40ae703,108,7625,7627,0.004,False,False,0.004,0.004,0.004
230d60644759a40ae703,109,7628,7629,0.002,False,False,0.002,0.002,0.002
230d60644759a40ae703,110,7633,7636,0.006,False,False,0.006,0.006,0.006
230d60644759a40ae703,111,7639,7642,0.006,False,False,0.006,0.006,0.006
230d60644759a40ae703,112,7645,7648,0.006,False,False,0.006,0.006,0.006
230d60644759a40ae703,113,7651,7652,0.002,False,False,0.002,0.002,0.002
230d60644759a40ae703,114,7656,7658,0.004,False,False,0.004,0.004,0.004
230d60644759a40ae703,115,7660,7662,0.004,False,False,0.004,0.004,0.004
230d60644759a40ae703,116,7665,7667,0.004,False,False,0.004,0.004,0.004
230d60644759a40ae703,117,7669,7671,0.004,False,False,0.004,0.004,0.004
230d60644759a40ae703,118,7678,7680,0.004,False,False,0.004,0.004,0.004
230d60644759a40ae703,119,7683,7685,0.004,False,False,0.004,0.004,0.004
230d60644759a40ae703,120,7688,7689,0.002,False,False,0.002,0.002,0.002
230d60644759a40ae703,121,7690,7691,0.002,False,False,0.002,0.002,0.002
230d60644759a40ae703,122,7694,7695,0.002,False,False,0.002,0.002,0.002
230d60644759a40ae703,123,7696,7697,0.002,False,False,0.002,0.002,0.002
230d60644759a40ae703,124,7707,7709,0.004,False,False,0.004,0.004,0.004
230d60644759a40ae703,125,7716,7718,0.004,False,False,0.004,0.004,0.004
2459536dbb2e521b16ea,0,4888,4891,0.006,False,True,0.006,0.006,0.006
2459536dbb2e521b16ea,1,4892,4896,0.008,False,True,0.008,0.008,0.008
2459536dbb2e521b16ea,2,4898,4905,0.014,False,True,0.014,0.014,0.014
2459536dbb2e521b16ea,3,4907,4911,0.008,False,True,0.008,0.008,0.008
2459536dbb2e521b16ea,4,4912,4913,0.002,False,True,0.002,0.002,0.002
2459536dbb2e521b16ea,5,4916,4922,0.012,False,True,0.012,0.012,0.012
2459536dbb2e521b16ea,6,4924,4929,0.01,False,True,0.01,0.01,0.01
2459536dbb2e521b16ea,7,4931,4935,0.008,False,True,0.008,0.008,0.008
2459536dbb2e521b16ea,8,4936,4937,0.002,False,True,0.002,0.002,0.002
2459536dbb2e521b16ea,9,4938,4941,0.006,False,True,0.006,0.006,0.006
2459536dbb2e521b16ea,10,4942,4944,0.004,False,True,0.004,0.004,0.004
2459536dbb2e521b16ea,11,4946,4950,0.008,False,True,0.008,0.008,0.008
2459536dbb2e521b16ea,12,4952,4954,0.004,False,True,0.004,0.004,0.004
2459536dbb2e521b16ea,13,4955,4956,0.002,False,True,0.002,0.002,0.002
2459536dbb2e521b16ea,14,4957,4959,0.004,False,True,0.004,0.004,0.004
2459536dbb2e521b16ea,15,4960,4961,0.002,False,True,0.002,0.002,0.002
2459536dbb2e521b16ea,16,4962,4963,0.002,False,True,0.002,0.002,0.002
2459536dbb2e521b16ea,17,4964,4966,0.004,False,True,0.004,0.004,0.004
2459536dbb2e521b16ea,18,4973,4976,0.006,False,True,0.006,0.006,0.006
2459536dbb2e521b16ea,19,4978,4980,0.004,False,True,0.004,0.004,0.004
2459536dbb2e521b16ea,20,4983,4986,0.006,False,True,0.006,0.006,0.006
2459536dbb2e521b16ea,21,4990,4992,0.004,False,True,0.004,0.004,0.004
2459536dbb2e521b16ea,22,4995,4997,0.004,False,True,0.004,0.004,0.004
2459536dbb2e521b16ea,23,5003,5004,0.002,False,True,0.002,0.002,0.002
2459536dbb2e521b16ea,24,5006,5007,0.002,False,True,0.002,0.002,0.002
2459536dbb2e521b16ea,25,5125,5166,0.082,False,True,0.082,0.082,0.082
2459536dbb2e521b16ea,26,5168,5179,0.022,False,True,0.022,0.022,0.022
2459536dbb2e521b16ea,27,5180,5184,0.008,False,True,0.008,0.008,0.008
2459536dbb2e521b16ea,28,5185,5192,0.014,False,True,0.014,0.014,0.014
2459536dbb2e521b16ea,29,5194,5205,0.022,False,True,0.022,0.022,0.022
2459536dbb2e521b16ea,30,5206,5210,0.008,False,True,0.008,0.008,0.008
2459536dbb2e521b16ea,31,5211,5219,0.016,False,True,0.016,0.016,0.016
2459536dbb2e521b16ea,32,5220,5227,0.014,False,True,0.014,0.014,0.014
2459536dbb2e521b16ea,33,5228,5237,0.018000000000000002,False,True,0.018000000000000002,0.018000000000000002,0.018000000000000002
2459536dbb2e521b16ea,34,5238,5248,0.02,False,True,0.02,0.02,0.02
2459536dbb2e521b16ea,35,5249,5261,0.024,False,True,0.024,0.024,0.024
2459536dbb2e521b16ea,36,5262,5274,0.024,False,True,0.024,0.024,0.024
2459536dbb2e521b16ea,37,5275,5287,0.024,False,True,0.024,0.024,0.024
2459536dbb2e521b16ea,38,5288,5297,0.018000000000000002,False,True,0.018000000000000002,0.018000000000000002,0.018000000000000002
2459536dbb2e521b16ea,39,5298,5307,0.018000000000000002,False,True,0.018000000000000002,0.018000000000000002,0.018000000000000002
2459536dbb2e521b16ea,40,5308,5316,0.016,False,True,0.016,0.016,0.016
2459536dbb2e521b16ea,41,5317,5324,0.014,False,True,0.014,0.014,0.014
2459536dbb2e521b16ea,42,5325,5331,0.012,False,True,0.012,0.012,0.012
2459536dbb2e521b16ea,43,5332,5339,0.014,False,True,0.014,0.014,0.014
2459536dbb2e521b16ea,44,5340,5345,0.01,False,True,0.01,0.01,0.01
2459536dbb2e521b16ea,45,5346,5352,0.012,False,True,0.012,0.012,0.012
2459536dbb2e521b16ea,46,5353,5358,0.01,False,True,0.01,0.01,0.01
2459536dbb2e521b16ea,47,5359,5364,0.01,False,True,0.01,0.01,0.01
2459536dbb2e521b16ea,48,5365,5371,0.012,False,True,0.012,0.012,0.012
2459536dbb2e521b16ea,49,5373,5382,0.018000000000000002,False,True,0.018000000000000002,0.018000000000000002,0.018000000000000002
2459536dbb2e521b16ea,50,5383,5386,0.006,False,True,0.006,0.006,0.006
2459536dbb2e521b16ea,51,5387,5393,0.012,False,True,0.012,0.012,0.012
2459536dbb2e521b16ea,52,5394,5397,0.006,False,True,0.006,0.006,0.006
2459536dbb2e521b16ea,53,5398,5404,0.012,False,True,0.012,0.012,0.012
2459536dbb2e521b16ea,54,5406,5415,0.018000000000000002,False,True,0.018000000000000002,0.018000000000000002,0.018000000000000002
2459536dbb2e521b16ea,55,5417,5424,0.014,False,True,0.014,0.014,0.014
2459536dbb2e521b16ea,56,5426,5434,0.016,False,True,0.016,0.016,0.016
2459536dbb2e521b16ea,57,5436,5442,0.012,False,True,0.012,0.012,0.012
2459536dbb2e521b16ea,58,5443,5446,0.006,False,True,0.006,0.006,0.006
2459536dbb2e521b16ea,59,5447,5451,0.008,False,True,0.008,0.008,0.008
2459536dbb2e521b16ea,60,5452,5456,0.008,False,True,0.008,0.008,0.008
2459536dbb2e521b16ea,61,5457,5460,0.006,False,True,0.006,0.006,0.006
2459536dbb2e521b16ea,62,5461,5465,0.008,False,True,0.008,0.008,0.008
2459536dbb2e521b16ea,63,5467,5474,0.014,False,True,0.014,0.014,0.014
2459536dbb2e521b16ea,64,5476,5481,0.01,False,True,0.01,0.01,0.01
2459536dbb2e521b16ea,65,5483,5489,0.012,False,True,0.012,0.012,0.012
2459536dbb2e521b16ea,66,5491,5495,0.008,False,True,0.008,0.008,0.008
2459536dbb2e521b16ea,67,5496,5498,0.004,False,True,0.004,0.004,0.004
2459536dbb2e521b16ea,68,5499,5502,0.006,False,True,0.006,0.006,0.006
2459536dbb2e521b16ea,69,5503,5505,0.004,False,True,0.004,0.004,0.004
2459536dbb2e521b16ea,70,5506,5508,0.004,False,True,0.004,0.004,0.004
2459536dbb2e521b16ea,71,5509,5512,0.006,False,True,0.006,0.006,0.006
2459536dbb2e521b16ea,72,5514,5518,0.008,False,True,0.008,0.008,0.008
2459536dbb2e521b16ea,73,5520,5524,0.008,False,True,0.008,0.008,0.008
2459536dbb2e521b16ea,74,5527,5531,0.008,False,True,0.008,0.008,0.008
2459536dbb2e521b16ea,75,5533,5536,0.006,False,True,0.006,0.006,0.006
2459536dbb2e521b16ea,76,5539,5543,0.008,False,True,0.008,0.008,0.008
2459536dbb2e521b16ea,77,5547,5551,0.008,False,True,0.008,0.008,0.008
2459536dbb2e521b16ea,78,5555,5557,0.004,False,True,0.004,0.004,0.004
2459536dbb2e521b16ea,79,5559,5561,0.004,False,True,0.004,0.004,0.004
2459536dbb2e521b16ea,80,5565,5567,0.004,False,True,0.004,0.004,0.004
2459536dbb2e521b16ea,81,5570,5571,0.002,False,True,0.002,0.002,0.002
2459536dbb2e521b16ea,82,5574,5575,0.002,False,True,0.002,0.002,0.002
2459536dbb2e521b16ea,83,5577,5578,0.002,False,True,0.002,0.002,0.002
2459536dbb2e521b16ea,84,5586,5587,0.002,False,True,0.002,0.002,0.002
2459536dbb2e521b16ea,85,6872,7321,0.898,False,True,0.898,0.898,0.898
2459536dbb2e521b16ea,86,7322,7371,0.098,False,True,0.098,0.098,0.098
2459536dbb2e521b16ea,87,7372,7399,0.054,False,True,0.054,0.054,0.054
2459536dbb2e521b16ea,88,7400,7419,0.038,False,True,0.038,0.038,0.038
2459536dbb2e521b16ea,89,7420,7435,0.03,False,True,0.03,0.03,0.03
2459536dbb2e521b16ea,90,7436,7450,0.028,False,True,0.028,0.028,0.028
2459536dbb2e521b16ea,91,7451,7464,0.026000000000000002,False,True,0.026000000000000002,0.026000000000000002,0.026000000000000002
2459536dbb2e521b16ea,92,7465,7477,0.024,False,True,0.024,0.024,0.024
2459536dbb2e521b16ea,93,7478,7490,0.024,False,True,0.024,0.024,0.024
2459536dbb2e521b16ea,94,7491,7503,0.024,False,True,0.024,0.024,0.024
2459536dbb2e521b16ea,95,7504,7516,0.024,False,True,0.024,0.024,0.024
2459536dbb2e521b16ea,96,7517,7529,0.024,False,True,0.024,0.024,0.024
2459536dbb2e521b16ea,97,7530,7542,0.024,False,True,0.024,0.024,0.024
2459536dbb2e521b16ea,98,7543,7556,0.026000000000000002,False,True,0.026000000000000002,0.026000000000000002,0.026000000000000002
2459536dbb2e521b16ea,99,7557,7570,0.026000000000000002,False,True,0.026000000000000002,0.026000000000000002,0.026000000000000002
2459536dbb2e521b16ea,100,7571,7584,0.026000000000000002,False,True,0.026000000000000002,0.026000000000000002,0.026000000000000002
2459536dbb2e521b16ea,101,7585,7599,0.028,False,True,0.028,0.028,0.028
2459536dbb2e521b16ea,102,7600,7614,0.028,False,True,0.028,0.028,0.028
2459536dbb2e521b16ea,103,7615,7629,0.028,False,True,0.028,0.028,0.028
2459536dbb2e521b16ea,104,7630,7645,0.03,False,True,0.03,0.03,0.03
2459536dbb2e521b16ea,105,7646,7663,0.034,False,True,0.034,0.034,0.034
2459536dbb2e521b16ea,106,7664,7682,0.036000000000000004,False,True,0.036000000000000004,0.036000000000000004,0.036000000000000004
2459536dbb2e521b16ea,107,7683,7701,0.036000000000000004,False,True,0.036000000000000004,0.036000000000000004,0.036000000000000004
2459536dbb2e521b16ea,108,7702,7703,0.002,False,True,0.002,0.002,0.002
2459536dbb2e521b16ea,109,7705,7717,0.024,False,True,0.024,0.024,0.024
2459536dbb2e521b16ea,110,7718,7728,0.02,False,True,0.02,0.02,0.02
2459536dbb2e521b16ea,111,7729,7756,0.054,False,True,0.054,0.054,0.054
2459536dbb2e521b16ea,112,7757,7787,0.06,False,True,0.06,0.06,0.06
2459536dbb2e521b16ea,113,7792,7908,0.232,False,True,0.232,0.232,0.232
2459536dbb2e521b16ea,114,7909,15400,14.982000000000001,False,True,14.982000000000001,14.982000000000001,14.982000000000001
24af05a83d2b6a8d9a1d,0,7464,7467,0.006,False,True,0.006,0.006,0.006
24af05a83d2b6a8d9a1d,1,7468,7481,0.026000000000000002,False,True,0.026000000000000002,0.026000000000000002,0.026000000000000002
24af05a83d2b6a8d9a1d,2,7482,7487,0.01,False,True,0.008,0.008,0.006
24af05a83d2b6a8d9a1d,3,7489,15200,15.422,True,True,15.422,15.422,15.422
24fb7a89666377b5d4c1,0,11253,15400,8.294,False,False,8.294,8.294,8.294
292a22ece26fe9c0cc6d,0,7743,15400,15.314,True,True,15.314,15.314,15.314
29b69633c5f8ab01ed1d,0,5016,7830,5.628,False,True,5.628,5.628,5.628
29b69633c5f8ab01ed1d,1,7831,7877,0.092,False,True,0.092,0.092,0.092
29b69633c5f8ab01ed1d,2,7878,7929,0.10200000000000001,False,True,0.10200000000000001,0.10200000000000001,0.10200000000000001
29b69633c5f8ab01ed1d,3,7930,15400,14.94,False,True,14.94,14.94,14.94
2c83c954f73b940851d9,0,1285,9000,15.43,True,True,15.43,15.43,15.43
2c87c88a29836d7a0d0c,0,3470,15200,23.46,True,False,23.362000000000002,23.362000000000002,15.078000000000001
2d346c463384e9f17f14,0,4793,4809,0.032,False,False,0.032,0.032,0.032
2d346c463384e9f17f14,1,4810,4824,0.028,False,False,0.028,0.028,0.028
2d346c463384e9f17f14,2,4825,4828,0.006,False,False,0.006,0.006,0.006
2d346c463384e9f17f14,3,4829,4833,0.008,False,False,0.008,0.008,0.008
2d346c463384e9f17f14,4,4837,4840,0.006,False,False,0.006,0.006,0.006
2d346c463384e9f17f14,5,4841,4845,0.008,False,False,0.008,0.008,0.008
2d346c463384e9f17f14,6,4846,4847,0.002,False,False,0.002,0.002,0.002
2d346c463384e9f17f14,7,4852,4856,0.008,False,False,0.008,0.008,0.008
2d346c463384e9f17f14,8,4858,4860,0.004,False,False,0.004,0.004,0.004
2d346c463384e9f17f14,9,4861,4865,0.008,False,False,0.008,0.008,0.008
2d346c463384e9f17f14,10,4866,4868,0.004,False,False,0.004,0.004,0.004
2d346c463384e9f17f14,11,4869,4871,0.004,False,False,0.004,0.004,0.004
2d346c463384e9f17f14,12,4877,4883,0.012,False,False,0.012,0.012,0.012
2d346c463384e9f17f14,13,4887,4895,0.016,False,False,0.016,0.016,0.016
2d346c463384e9f17f14,14,4897,4898,0.002,False,False,0.002,0.002,0.002
2d346c463384e9f17f14,15,4904,4913,0.018000000000000002,False,False,0.018000000000000002,0.018000000000000002,0.018000000000000002
2d346c463384e9f17f14,16,4922,4933,0.022,False,False,0.022,0.022,0.022
2d346c463384e9f17f14,17,4946,4954,0.016,False,False,0.016,0.016,0.016
2d346c463384e9f17f14,18,4963,4967,0.008,False,False,0.008,0.008,0.008
2d346c463384e9f17f14,19,6880,9691,5.622,False,False,5.622,5.622,5.622
2d346c463384e9f17f14,20,9692,9695,0.006,False,False,0.006,0.006,0.006
2eab5d51d67bf9e725a5,0,7307,15400,16.186,True,False,16.186,16.186,16.186
2f2e9ee2151859c60abf,0,7299,8990,3.382,False,False,3.382,3.382,3.382
2f2e9ee2151859c60abf,1,8992,9002,0.02,False,False,0.02,0.02,0.02
2f2e9ee2151859c60abf,2,9003,9011,0.016,False,False,0.016,0.016,0.016
2f2e9ee2151859c60abf,3,9012,9022,0.02,False,False,0.02,0.02,0.02
2f2e9ee2151859c60abf,4,9023,9037,0.028,False,False,0.028,0.028,0.028
2f2e9ee2151859c60abf,5,9038,10993,3.91,False,False,3.91,3.91,3.91
2f2e9ee2151859c60abf,6,10994,10995,0.002,False,False,0.002,0.002,0.002
30f058bc76d41f3f1a96,0,3427,3735,0.616,False,True,0.606,0.606,0.486
30f058bc76d41f3f1a96,1,6888,15200,16.624,True,True,16.056,16.056,15.088000000000001
317794d2476e34e96666,0,4827,4828,0.002,False,True,0.002,0.002,0.002
317794d2476e34e96666,1,4832,4837,0.01,False,True,0.01,0.01,0.01
317794d2476e34e96666,2,4839,4842,0.006,False,True,0.006,0.006,0.006
317794d2476e34e96666,3,4844,4848,0.008,False,True,0.008,0.008,0.008
317794d2476e34e96666,4,4851,4855,0.008,False,True,0.008,0.008,0.008
317794d2476e34e96666,5,4858,4859,0.002,False,True,0.002,0.002,0.002
317794d2476e34e96666,6,4863,4866,0.006,False,True,0.006,0.006,0.006
317794d2476e34e96666,7,4868,4871,0.006,False,True,0.006,0.006,0.006
317794d2476e34e96666,8,4874,4877,0.006,False,True,0.006,0.006,0.006
317794d2476e34e96666,9,4879,4881,0.004,False,True,0.004,0.004,0.004
317794d2476e34e96666,10,4883,4884,0.002,False,True,0.002,0.002,0.002
317794d2476e34e96666,11,4885,4887,0.004,False,True,0.004,0.004,0.004
317794d2476e34e96666,12,4897,4900,0.006,False,True,0.006,0.006,0.006
317794d2476e34e96666,13,4902,4903,0.002,False,True,0.002,0.002,0.002
317794d2476e34e96666,14,4905,4907,0.004,False,True,0.004,0.004,0.004
317794d2476e34e96666,15,4912,4914,0.004,False,True,0.004,0.004,0.004
317794d2476e34e96666,16,4933,4935,0.004,False,True,0.004,0.004,0.004
317794d2476e34e96666,17,6958,6995,0.074,False,True,0.074,0.074,0.074
317794d2476e34e96666,18,6997,7012,0.03,False,True,0.03,0.03,0.03
317794d2476e34e96666,19,7013,7020,0.014,False,True,0.014,0.014,0.014
317794d2476e34e96666,20,7021,7033,0.024,False,True,0.024,0.024,0.024
317794d2476e34e96666,21,7034,7048,0.028,False,True,0.028,0.028,0.028
317794d2476e34e96666,22,7049,7068,0.038,False,True,0.038,0.038,0.038
317794d2476e34e96666,23,7069,7091,0.044,False,True,0.044,0.044,0.044
317794d2476e34e96666,24,7092,7117,0.05,False,True,0.05,0.05,0.05
317794d2476e34e96666,25,7118,7143,0.05,False,True,0.05,0.05,0.05
317794d2476e34e96666,26,7144,7166,0.044,False,True,0.044,0.044,0.044
317794d2476e34e96666,27,7167,7187,0.04,False,True,0.04,0.04,0.04
317794d2476e34e96666,28,7188,7206,0.036000000000000004,False,True,0.036000000000000004,0.036000000000000004,0.036000000000000004
317794d2476e34e96666,29,7207,7223,0.032,False,True,0.032,0.032,0.032
317794d2476e34e96666,30,7224,7239,0.03,False,True,0.03,0.03,0.03
317794d2476e34e96666,31,7240,7253,0.026000000000000002,False,True,0.026000000000000002,0.026000000000000002,0.026000000000000002
317794d2476e34e96666,32,7254,7267,0.026000000000000002,False,True,0.026000000000000002,0.026000000000000002,0.026000000000000002
317794d2476e34e96666,33,7268,7280,0.024,False,True,0.024,0.024,0.024
317794d2476e34e96666,34,7281,7293,0.024,False,True,0.024,0.024,0.024
317794d2476e34e96666,35,7294,7305,0.022,False,True,0.022,0.022,0.022
317794d2476e34e96666,36,7306,7316,0.02,False,True,0.02,0.02,0.02
317794d2476e34e96666,37,7317,7327,0.02,False,True,0.02,0.02,0.02
317794d2476e34e96666,38,7328,7338,0.02,False,True,0.02,0.02,0.02
317794d2476e34e96666,39,7339,7349,0.02,False,True,0.02,0.02,0.02
317794d2476e34e96666,40,7350,7359,0.018000000000000002,False,True,0.018000000000000002,0.018000000000000002,0.018000000000000002
317794d2476e34e96666,41,7360,7369,0.018000000000000002,False,True,0.018000000000000002,0.018000000000000002,0.018000000000000002
317794d2476e34e96666,42,7370,7379,0.018000000000000002,False,True,0.018000000000000002,0.018000000000000002,0.018000000000000002
317794d2476e34e96666,43,7380,7388,0.016,False,True,0.016,0.016,0.016
317794d2476e34e96666,44,7389,7398,0.018000000000000002,False,True,0.018000000000000002,0.018000000000000002,0.018000000000000002
317794d2476e34e96666,45,7399,7408,0.018000000000000002,False,True,0.018000000000000002,0.018000000000000002,0.018000000000000002
317794d2476e34e96666,46,7409,7416,0.014,False,True,0.014,0.014,0.014
317794d2476e34e96666,47,7417,7426,0.018000000000000002,False,True,0.018000000000000002,0.018000000000000002,0.018000000000000002
317794d2476e34e96666,48,7427,7435,0.016,False,True,0.016,0.016,0.016
317794d2476e34e96666,49,7436,7444,0.016,False,True,0.016,0.016,0.016
317794d2476e34e96666,50,7445,7453,0.016,False,True,0.016,0.016,0.016
317794d2476e34e96666,51,7454,7462,0.016,False,True,0.016,0.016,0.016
317794d2476e34e96666,52,7463,7471,0.016,False,True,0.016,0.016,0.016
317794d2476e34e96666,53,7472,7480,0.016,False,True,0.016,0.016,0.016
317794d2476e34e96666,54,7481,7489,0.016,False,True,0.016,0.016,0.016
317794d2476e34e96666,55,7490,7498,0.016,False,True,0.016,0.016,0.016
317794d2476e34e96666,56,7499,7506,0.014,False,True,0.014,0.014,0.014
317794d2476e34e96666,57,7507,7516,0.018000000000000002,False,True,0.018000000000000002,0.018000000000000002,0.018000000000000002
317794d2476e34e96666,58,7517,7524,0.014,False,True,0.014,0.014,0.014
317794d2476e34e96666,59,7525,7534,0.018000000000000002,False,True,0.018000000000000002,0.018000000000000002,0.018000000000000002
317794d2476e34e96666,60,7535,7542,0.014,False,True,0.014,0.014,0.014
317794d2476e34e96666,61,7543,7551,0.016,False,True,0.016,0.016,0.016
317794d2476e34e96666,62,7552,7561,0.018000000000000002,False,True,0.018000000000000002,0.018000000000000002,0.018000000000000002
317794d2476e34e96666,63,7562,7569,0.014,False,True,0.014,0.014,0.014
317794d2476e34e96666,64,7570,7573,0.006,False,True,0.006,0.006,0.006
317794d2476e34e96666,65,7574,7577,0.006,False,True,0.006,0.006,0.006
317794d2476e34e96666,66,7580,7588,0.016,False,True,0.016,0.016,0.016
317794d2476e34e96666,67,7590,7602,0.024,False,True,0.024,0.024,0.024
317794d2476e34e96666,68,7604,7618,0.028,False,True,0.028,0.028,0.028
317794d2476e34e96666,69,7619,7625,0.012,False,True,0.012,0.012,0.012
317794d2476e34e96666,70,7626,7636,0.02,False,True,0.02,0.02,0.02
317794d2476e34e96666,71,7640,7642,0.004,False,True,0.004,0.004,0.004
317794d2476e34e96666,72,7643,7645,0.004,False,True,0.004,0.004,0.004
317794d2476e34e96666,73,7646,7649,0.006,False,True,0.006,0.006,0.006
317794d2476e34e96666,74,7650,7656,0.012,False,True,0.012,0.012,0.012
317794d2476e34e96666,75,7657,7663,0.012,False,True,0.012,0.012,0.012
317794d2476e34e96666,76,7664,7673,0.018000000000000002,False,True,0.018000000000000002,0.018000000000000002,0.018000000000000002
317794d2476e34e96666,77,7674,7684,0.02,False,True,0.02,0.02,0.02
317794d2476e34e96666,78,7685,7688,0.006,False,True,0.006,0.006,0.006
317794d2476e34e96666,79,7692,7693,0.002,False,True,0.002,0.002,0.002
317794d2476e34e96666,80,7695,7702,0.014,False,True,0.014,0.014,0.014
317794d2476e34e96666,81,7703,7708,0.01,False,True,0.01,0.01,0.01
317794d2476e34e96666,82,7709,7717,0.016,False,True,0.016,0.016,0.016
317794d2476e34e96666,83,7718,7720,0.004,False,True,0.004,0.004,0.004
317794d2476e34e96666,84,7724,7727,0.006,False,True,0.006,0.006,0.006
317794d2476e34e96666,85,7728,7731,0.006,False,True,0.006,0.006,0.006
317794d2476e34e96666,86,7732,7738,0.012,False,True,0.012,0.012,0.012
317794d2476e34e96666,87,7739,7747,0.016,False,True,0.016,0.016,0.016
317794d2476e34e96666,88,7748,7749,0.002,False,True,0.002,0.002,0.002
317794d2476e34e96666,89,7756,7768,0.024,False,True,0.024,0.024,0.024
317794d2476e34e96666,90,7770,7782,0.024,False,True,0.024,0.024,0.024
317794d2476e34e96666,91,7795,7830,0.07,False,True,0.07,0.07,0.07
317794d2476e34e96666,92,7856,7903,0.094,False,True,0.094,0.094,0.094
317794d2476e34e96666,93,7945,15400,14.91,False,True,14.91,14.91,14.91
32b25ae706e06c42392b,0,4806,4808,0.004,False,True,0.004,0.004,0.004
32b25ae706e06c42392b,1,4810,4813,0.006,False,True,0.006,0.006,0.006
32b25ae706e06c42392b,2,4815,4818,0.006,False,True,0.006,0.006,0.006
32b25ae706e06c42392b,3,4820,4823,0.006,False,True,0.006,0.006,0.006
32b25ae706e06c42392b,4,4824,4825,0.002,False,True,0.002,0.002,0.002
32b25ae706e06c42392b,5,4826,4828,0.004,False,True,0.004,0.004,0.004
32b25ae706e06c42392b,6,4830,4833,0.006,False,True,0.006,0.006,0.006
32b25ae706e06c42392b,7,4835,4837,0.004,False,True,0.004,0.004,0.004
32b25ae706e06c42392b,8,4838,4839,0.002,False,True,0.002,0.002,0.002
32b25ae706e06c42392b,9,4840,4842,0.004,False,True,0.004,0.004,0.004
32b25ae706e06c42392b,10,4844,4846,0.004,False,True,0.004,0.004,0.004
32b25ae706e06c42392b,11,4854,4859,0.01,False,True,0.01,0.01,0.01
32b25ae706e06c42392b,12,4862,4865,0.006,False,True,0.006,0.006,0.006
32b25ae706e06c42392b,13,4867,4869,0.004,False,True,0.004,0.004,0.004
32b25ae706e06c42392b,14,4871,4872,0.002,False,True,0.002,0.002,0.002
32b25ae706e06c42392b,15,4873,4875,0.004,False,True,0.004,0.004,0.004
32b25ae706e06c42392b,16,4878,4880,0.004,False,True,0.004,0.004,0.004
32b25ae706e06c42392b,17,4882,4883,0.002,False,True,0.002,0.002,0.002
32b25ae706e06c42392b,18,4885,4887,0.004,False,True,0.004,0.004,0.004
32b25ae706e06c42392b,19,4900,4903,0.006,False,True,0.006,0.006,0.006
32b25ae706e06c42392b,20,4907,4908,0.002,False,True,0.002,0.002,0.002
32b25ae706e06c42392b,21,4909,4910,0.002,False,True,0.002,0.002,0.002
32b25ae706e06c42392b,22,4914,4916,0.004,False,True,0.004,0.004,0.004
32b25ae706e06c42392b,23,6946,6982,0.07200000000000001,False,True,0.07200000000000001,0.07200000000000001,0.07200000000000001
32b25ae706e06c42392b,24,6983,6993,0.02,False,True,0.02,0.02,0.02
32b25ae706e06c42392b,25,6994,7012,0.036000000000000004,False,True,0.036000000000000004,0.036000000000000004,0.036000000000000004
32b25ae706e06c42392b,26,7013,7199,0.372,False,True,0.372,0.372,0.372
32b25ae706e06c42392b,27,7200,7235,0.07,False,True,0.07,0.07,0.07
32b25ae706e06c42392b,28,7236,7262,0.052000000000000005,False,True,0.052000000000000005,0.052000000000000005,0.052000000000000005
32b25ae706e06c42392b,29,7263,7284,0.042,False,True,0.042,0.042,0.042
32b25ae706e06c42392b,30,7285,7304,0.038,False,True,0.038,0.038,0.038
32b25ae706e06c42392b,31,7305,7322,0.034,False,True,0.034,0.034,0.034
32b25ae706e06c42392b,32,7323,7340,0.034,False,True,0.034,0.034,0.034
32b25ae706e06c42392b,33,7341,7356,0.03,False,True,0.03,0.03,0.03
32b25ae706e06c42392b,34,7357,7372,0.03,False,True,0.03,0.03,0.03
32b25ae706e06c42392b,35,7373,7387,0.028,False,True,0.028,0.028,0.028
32b25ae706e06c42392b,36,7388,7402,0.028,False,True,0.028,0.028,0.028
32b25ae706e06c42392b,37,7403,7416,0.026000000000000002,False,True,0.026000000000000002,0.026000000000000002,0.026000000000000002
32b25ae706e06c42392b,38,7417,7430,0.026000000000000002,False,True,0.026000000000000002,0.026000000000000002,0.026000000000000002
32b25ae706e06c42392b,39,7431,7443,0.024,False,True,0.024,0.024,0.024
32b25ae706e06c42392b,40,7444,7457,0.026000000000000002,False,True,0.026000000000000002,0.026000000000000002,0.026000000000000002
32b25ae706e06c42392b,41,7458,7470,0.024,False,True,0.024,0.024,0.024
32b25ae706e06c42392b,42,7471,7483,0.024,False,True,0.024,0.024,0.024
32b25ae706e06c42392b,43,7484,7495,0.022,False,True,0.022,0.022,0.022
32b25ae706e06c42392b,44,7496,7509,0.026000000000000002,False,True,0.026000000000000002,0.026000000000000002,0.026000000000000002
32b25ae706e06c42392b,45,7510,7522,0.024,False,True,0.024,0.024,0.024
32b25ae706e06c42392b,46,7523,7535,0.024,False,True,0.024,0.024,0.024
32b25ae706e06c42392b,47,7536,7548,0.024,False,True,0.024,0.024,0.024
32b25ae706e06c42392b,48,7549,7561,0.024,False,True,0.024,0.024,0.024
32b25ae706e06c42392b,49,7562,7575,0.026000000000000002,False,True,0.026000000000000002,0.026000000000000002,0.026000000000000002
32b25ae706e06c42392b,50,7576,7588,0.024,False,True,0.024,0.024,0.024
32b25ae706e06c42392b,51,7589,7602,0.026000000000000002,False,True,0.026000000000000002,0.026000000000000002,0.026000000000000002
32b25ae706e06c42392b,52,7603,7616,0.026000000000000002,False,True,0.026000000000000002,0.026000000000000002,0.026000000000000002
32b25ae706e06c42392b,53,7617,7630,0.026000000000000002,False,True,0.026000000000000002,0.026000000000000002,0.026000000000000002
32b25ae706e06c42392b,54,7631,7644,0.026000000000000002,False,True,0.026000000000000002,0.026000000000000002,0.026000000000000002
32b25ae706e06c42392b,55,7645,7652,0.014,False,True,0.014,0.014,0.014
32b25ae706e06c42392b,56,7653,7656,0.006,False,True,0.006,0.006,0.006
32b25ae706e06c42392b,57,7658,7668,0.02,False,True,0.02,0.02,0.02
32b25ae706e06c42392b,58,7669,7678,0.018000000000000002,False,True,0.018000000000000002,0.018000000000000002,0.018000000000000002
32b25ae706e06c42392b,59,7679,7693,0.028,False,True,0.028,0.028,0.028
32b25ae706e06c42392b,60,7694,7709,0.03,False,True,0.03,0.03,0.03
32b25ae706e06c42392b,61,7710,7721,0.022,False,True,0.022,0.022,0.022
32b25ae706e06c42392b,62,7722,7725,0.006,False,True,0.006,0.006,0.006
32b25ae706e06c42392b,63,7730,7741,0.022,False,True,0.022,0.022,0.022
32b25ae706e06c42392b,64,7743,7758,0.03,False,True,0.03,0.03,0.03
32b25ae706e06c42392b,65,7759,7773,0.028,False,True,0.028,0.028,0.028
32b25ae706e06c42392b,66,7774,7778,0.008,False,True,0.008,0.008,0.008
32b25ae706e06c42392b,67,7783,7793,0.02,False,True,0.02,0.02,0.02
32b25ae706e06c42392b,68,7794,7806,0.024,False,True,0.024,0.024,0.024
32b25ae706e06c42392b,69,7807,7836,0.058,False,True,0.058,0.058,0.058
32b25ae706e06c42392b,70,7843,7874,0.062,False,True,0.062,0.062,0.062
32b25ae706e06c42392b,71,7888,7956,0.136,False,True,0.136,0.136,0.136
32b25ae706e06c42392b,72,7965,15400,14.870000000000001,False,True,14.870000000000001,14.870000000000001,14.870000000000001
32d1c8904b361818deb8,0,3330,3729,0.798,False,True,0.798,0.798,0.798
32d1c8904b361818deb8,1,7329,15200,15.742,True,True,15.742,15.742,15.742
33cba35890fe1d900031,0,5426,5428,0.004,False,True,0.004,0.004,0.004
33cba35890fe1d900031,1,5429,5430,0.002,False,True,0.002,0.002,0.002
33cba35890fe1d900031,2,5431,5452,0.042,False,True,0.04,0.04,0.036000000000000004
33cba35890fe1d900031,3,5453,15100,19.294,True,True,19.294,19.294,19.294
33fd0db2cf963265ab5a,0,4777,4804,0.054,False,True,0.052000000000000005,0.052000000000000005,0.038
33fd0db2cf963265ab5a,1,4805,4866,0.122,False,True,0.12,0.12,0.092
33fd0db2cf963265ab5a,2,4867,4909,0.084,False,True,0.084,0.084,0.084
33fd0db2cf963265ab5a,3,4910,4917,0.014,False,True,0.012,0.012,0.01
33fd0db2cf963265ab5a,4,4918,4930,0.024,False,True,0.024,0.024,0.024
33fd0db2cf963265ab5a,5,4931,4939,0.016,False,True,0.016,0.016,0.016
33fd0db2cf963265ab5a,6,4942,4957,0.03,False,True,0.03,0.03,0.03
33fd0db2cf963265ab5a,7,4958,4971,0.026000000000000002,False,True,0.026000000000000002,0.026000000000000002,0.026000000000000002
33fd0db2cf963265ab5a,8,4972,4986,0.028,False,True,0.028,0.028,0.028
33fd0db2cf963265ab5a,9,4987,4991,0.008,False,True,0.008,0.008,0.008
33fd0db2cf963265ab5a,10,4993,5026,0.066,False,True,0.066,0.066,0.066
33fd0db2cf963265ab5a,11,5027,15400,20.746,True,True,20.746,20.746,20.746
34a44f7bdddb7ac8edfd,0,3501,4279,1.556,False,False,1.554,1.554,1.1480000000000001
34a44f7bdddb7ac8edfd,1,7380,7387,0.014,False,False,0.01,0.01,0.006
34a44f7bdddb7ac8edfd,2,7390,7607,0.434,False,False,0.39,0.39,0.034
34a44f7bdddb7ac8edfd,3,7608,7628,0.04,False,False,0.036000000000000004,0.036000000000000004,0.032
34a44f7bdddb7ac8edfd,4,7629,7644,0.03,False,False,0.03,0.03,0.03
34a44f7bdddb7ac8edfd,5,7645,7654,0.018000000000000002,False,False,0.018000000000000002,0.018000000000000002,0.018000000000000002
34a44f7bdddb7ac8edfd,6,7656,7664,0.016,False,False,0.014,0.014,0.012
34a44f7bdddb7ac8edfd,7,7668,7672,0.008,False,False,0.008,0.008,0.008
34a44f7bdddb7ac8edfd,8,7676,7680,0.008,False,False,0.006,0.006,0.006
34a44f7bdddb7ac8edfd,9,7703,7713,0.02,False,False,0.02,0.02,0.02
34eb7993ace16735dc93,0,4900,5162,0.524,False,True,0.0,0.0,0.0
34eb7993ace16735dc93,1,5289,5297,0.016,False,True,0.016,0.016,0.016
34eb7993ace16735dc93,2,5298,5306,0.016,False,True,0.014,0.014,0.012
34eb7993ace16735dc93,3,5307,15100,19.586000000000002,True,True,19.586000000000002,19.586000000000002,19.586000000000002
385f6a6c6b78c32fc3a4,0,3404,15200,23.592,True,False,23.532,23.532,15.146
3896ec2d8efdb1ca8a56,0,3485,15200,23.43,True,False,23.332,23.332,15.062000000000001
3aa9fb26fd096e1cefd4,0,8591,11733,6.284,False,False,6.284,6.284,6.284
3d2b084dd301a37132f0,0,5060,7854,5.588,False,True,5.588,5.588,5.588
3d2b084dd301a37132f0,1,7855,7900,0.09,False,True,0.09,0.09,0.09
3d2b084dd301a37132f0,2,7901,7950,0.098,False,True,0.098,0.098,0.098
3d2b084dd301a37132f0,3,7951,15400,14.898,False,True,14.898,14.898,14.898
3e00fb8f2391de27be44,0,3449,4143,1.3880000000000001,False,False,1.366,1.366,0.88
3e00fb8f2391de27be44,1,5626,5938,0.624,False,False,0.624,0.624,0.624
3e00fb8f2391de27be44,2,7035,7526,0.982,False,False,0.67,0.67,0.012
3e00fb8f2391de27be44,3,7528,7531,0.006,False,False,0.0,0.0,0.0
3e00fb8f2391de27be44,4,7633,7639,0.012,False,False,0.012,0.012,0.012
3e00fb8f2391de27be44,5,7640,7641,0.002,False,False,0.002,0.002,0.002
3e00fb8f2391de27be44,6,7644,7650,0.012,False,False,0.012,0.012,0.012
3e00fb8f2391de27be44,7,7651,7658,0.014,False,False,0.014,0.014,0.014
3e00fb8f2391de27be44,8,7661,7686,0.05,False,False,0.05,0.05,0.05
3e00fb8f2391de27be44,9,7687,14485,13.596,False,False,13.596,13.596,13.596
3e66a412efa46de95e06,0,7243,7257,0.028,False,False,0.028,0.028,0.028
3e66a412efa46de95e06,1,7258,7260,0.004,False,False,0.002,0.002,0.002
3e66a412efa46de95e06,2,7263,7274,0.022,False,False,0.02,0.02,0.01
3e66a412efa46de95e06,3,7275,7289,0.028,False,False,0.026000000000000002,0.026000000000000002,0.024
3e66a412efa46de95e06,4,7293,7310,0.034,False,False,0.032,0.032,0.024
3e66a412efa46de95e06,5,7311,7326,0.03,False,False,0.028,0.028,0.026000000000000002
3e66a412efa46de95e06,6,7329,7343,0.028,False,False,0.026000000000000002,0.026000000000000002,0.018000000000000002
3e66a412efa46de95e06,7,7344,7366,0.044,False,False,0.044,0.044,0.044
3e66a412efa46de95e06,8,7367,7377,0.02,False,False,0.02,0.02,0.02
3e66a412efa46de95e06,9,7378,7387,0.018000000000000002,False,False,0.018000000000000002,0.018000000000000002,0.018000000000000002
3e66a412efa46de95e06,10,7388,7397,0.018000000000000002,False,False,0.016,0.016,0.016
3e66a412efa46de95e06,11,7402,7437,0.07,False,False,0.07,0.07,0.07
3e66a412efa46de95e06,12,7438,7445,0.014,False,False,0.012,0.012,0.012
3e66a412efa46de95e06,13,7451,7483,0.064,False,False,0.064,0.064,0.064
3e66a412efa46de95e06,14,7484,7490,0.012,False,False,0.012,0.012,0.012
3e66a412efa46de95e06,15,7493,7504,0.022,False,False,0.022,0.022,0.022
3e66a412efa46de95e06,16,7507,7516,0.018000000000000002,False,False,0.016,0.016,0.014
3e66a412efa46de95e06,17,7521,7541,0.04,False,False,0.038,0.038,0.03
3e66a412efa46de95e06,18,7544,7560,0.032,False,False,0.03,0.03,0.026000000000000002
3e66a412efa46de95e06,19,7564,7581,0.034,False,False,0.032,0.032,0.028
3e66a412efa46de95e06,20,7586,7605,0.038,False,False,0.036000000000000004,0.036000000000000004,0.034
3e66a412efa46de95e06,21,7611,12486,9.75,False,False,9.75,9.75,9.75
3e66a412efa46de95e06,22,12487,12540,0.106,False,False,0.106,0.106,0.106
3e66a412efa46de95e06,23,12541,12569,0.056,False,False,0.056,0.056,0.056
3e66a412efa46de95e06,24,12570,12589,0.038,False,False,0.038,0.038,0.038
3e66a412efa46de95e06,25,12590,12604,0.028,False,False,0.028,0.028,0.028
3e66a412efa46de95e06,26,12605,12616,0.022,False,False,0.022,0.022,0.022
3e66a412efa46de95e06,27,12617,12626,0.018000000000000002,False,False,0.018000000000000002,0.018000000000000002,0.018000000000000002
3e66a412efa46de95e06,28,12627,12633,0.012,False,False,0.012,0.012,0.012
3e66a412efa46de95e06,29,12634,12640,0.012,False,False,0.012,0.012,0.012
3e66a412efa46de95e06,30,12641,12645,0.008,False,False,0.008,0.008,0.008
3e66a412efa46de95e06,31,12646,12650,0.008,False,False,0.008,0.008,0.008
3e66a412efa46de95e06,32,12651,12653,0.004,False,False,0.004,0.004,0.004
3e66a412efa46de95e06,33,12654,12658,0.008,False,False,0.008,0.008,0.008
3e66a412efa46de95e06,34,12660,12663,0.006,False,False,0.006,0.006,0.006
3e66a412efa46de95e06,35,12665,12667,0.004,False,False,0.004,0.004,0.004
3e66a412efa46de95e06,36,12669,12670,0.002,False,False,0.002,0.002,0.002
3e66a412efa46de95e06,37,12673,12674,0.002,False,False,0.002,0.002,0.002
3e7365d0d6fb501a126e,0,4777,4804,0.054,False,False,0.052000000000000005,0.052000000000000005,0.038
3e7365d0d6fb501a126e,1,4805,4866,0.122,False,False,0.12,0.12,0.092
3e7365d0d6fb501a126e,2,4867,4909,0.084,False,False,0.084,0.084,0.084
3e7365d0d6fb501a126e,3,4910,4917,0.014,False,False,0.012,0.012,0.01
3e7365d0d6fb501a126e,4,4918,4930,0.024,False,False,0.024,0.024,0.024
3e7365d0d6fb501a126e,5,4931,4939,0.016,False,False,0.016,0.016,0.016
3e7365d0d6fb501a126e,6,4942,4957,0.03,False,False,0.03,0.03,0.03
3e7365d0d6fb501a126e,7,4958,4971,0.026000000000000002,False,False,0.026000000000000002,0.026000000000000002,0.026000000000000002
3e7365d0d6fb501a126e,8,4972,4986,0.028,False,False,0.028,0.028,0.028
3e7365d0d6fb501a126e,9,4987,4991,0.008,False,False,0.008,0.008,0.008
3e7365d0d6fb501a126e,10,4993,5026,0.066,False,False,0.066,0.066,0.066
3e7365d0d6fb501a126e,11,5027,11997,13.94,False,False,13.94,13.94,13.94
3e7365d0d6fb501a126e,12,11999,12000,0.002,False,False,0.002,0.002,0.002
3f7e508c014c4872087f,0,1266,9000,15.468,True,True,15.468,15.468,15.468
3fb408f86d2aa743ccd0,0,4942,4947,0.01,False,False,0.01,0.01,0.01
3fb408f86d2aa743ccd0,1,4948,4953,0.01,False,False,0.01,0.01,0.01
3fb408f86d2aa743ccd0,2,4954,4959,0.01,False,False,0.01,0.01,0.01
3fb408f86d2aa743ccd0,3,4960,4964,0.008,False,False,0.008,0.008,0.008
3fb408f86d2aa743ccd0,4,4965,4969,0.008,False,False,0.008,0.008,0.008
3fb408f86d2aa743ccd0,5,4970,4974,0.008,False,False,0.008,0.008,0.008
3fb408f86d2aa743ccd0,6,4975,4979,0.008,False,False,0.008,0.008,0.008
3fb408f86d2aa743ccd0,7,4980,4983,0.006,False,False,0.006,0.006,0.006
3fb408f86d2aa743ccd0,8,4984,4987,0.006,False,False,0.006,0.006,0.006
3fb408f86d2aa743ccd0,9,4988,4992,0.008,False,False,0.008,0.008,0.008
3fb408f86d2aa743ccd0,10,4994,5000,0.012,False,False,0.012,0.012,0.012
3fb408f86d2aa743ccd0,11,5003,5010,0.014,False,False,0.014,0.014,0.014
3fb408f86d2aa743ccd0,12,5011,5012,0.002,False,False,0.002,0.002,0.002
3fb408f86d2aa743ccd0,13,5013,5017,0.008,False,False,0.008,0.008,0.008
3fb408f86d2aa743ccd0,14,5018,5020,0.004,False,False,0.004,0.004,0.004
3fb408f86d2aa743ccd0,15,5021,5025,0.008,False,False,0.008,0.008,0.008
3fb408f86d2aa743ccd0,16,5027,5033,0.012,False,False,0.012,0.012,0.012
3fb408f86d2aa743ccd0,17,5036,5043,0.014,False,False,0.014,0.014,0.014
3fb408f86d2aa743ccd0,18,5045,5050,0.01,False,False,0.01,0.01,0.01
3fb408f86d2aa743ccd0,19,5051,5054,0.006,False,False,0.006,0.006,0.006
3fb408f86d2aa743ccd0,20,5055,5059,0.008,False,False,0.008,0.008,0.008
3fb408f86d2aa743ccd0,21,5060,5066,0.012,False,False,0.012,0.012,0.012
3fb408f86d2aa743ccd0,22,5067,5075,0.016,False,False,0.016,0.016,0.016
3fb408f86d2aa743ccd0,23,5076,6809,3.466,False,False,3.466,3.466,3.466
3fb408f86d2aa743ccd0,24,6831,6843,0.024,False,False,0.024,0.024,0.024
3fb408f86d2aa743ccd0,25,6844,6855,0.022,False,False,0.022,0.022,0.022
3fb408f86d2aa743ccd0,26,6856,6871,0.03,False,False,0.03,0.03,0.03
3fb408f86d2aa743ccd0,27,6872,6883,0.022,False,False,0.022,0.022,0.022
3fb408f86d2aa743ccd0,28,6884,6893,0.018000000000000002,False,False,0.018000000000000002,0.018000000000000002,0.018000000000000002
3fb408f86d2aa743ccd0,29,6894,6902,0.016,False,False,0.016,0.016,0.016
3fb408f86d2aa743ccd0,30,6903,6910,0.014,False,False,0.014,0.014,0.014
3fb408f86d2aa743ccd0,31,6911,6919,0.016,False,False,0.016,0.016,0.016
3fb408f86d2aa743ccd0,32,6920,6927,0.014,False,False,0.014,0.014,0.014
3fb408f86d2aa743ccd0,33,6928,6936,0.016,False,False,0.016,0.016,0.016
3fb408f86d2aa743ccd0,34,6937,6945,0.016,False,False,0.016,0.016,0.016
3fb408f86d2aa743ccd0,35,6946,6955,0.018000000000000002,False,False,0.018000000000000002,0.018000000000000002,0.018000000000000002
3fb408f86d2aa743ccd0,36,6956,6966,0.02,False,False,0.02,0.02,0.02
3fb408f86d2aa743ccd0,37,6967,6978,0.022,False,False,0.022,0.022,0.022
3fb408f86d2aa743ccd0,38,6979,6992,0.026000000000000002,False,False,0.026000000000000002,0.026000000000000002,0.026000000000000002
3fb408f86d2aa743ccd0,39,6993,7006,0.026000000000000002,False,False,0.026000000000000002,0.026000000000000002,0.026000000000000002
3fb408f86d2aa743ccd0,40,7007,7023,0.032,False,False,0.032,0.032,0.032
3fb408f86d2aa743ccd0,41,7024,7041,0.034,False,False,0.034,0.034,0.034
3fb408f86d2aa743ccd0,42,7042,7060,0.036000000000000004,False,False,0.036000000000000004,0.036000000000000004,0.036000000000000004
3fb408f86d2aa743ccd0,43,7061,7080,0.038,False,False,0.038,0.038,0.038
3fb408f86d2aa743ccd0,44,7081,7102,0.042,False,False,0.042,0.042,0.042
3fb408f86d2aa743ccd0,45,7103,7125,0.044,False,False,0.044,0.044,0.044
3fb408f86d2aa743ccd0,46,7126,7150,0.048,False,False,0.048,0.048,0.048
3fb408f86d2aa743ccd0,47,7151,7178,0.054,False,False,0.054,0.054,0.054
3fb408f86d2aa743ccd0,48,7179,7210,0.062,False,False,0.062,0.062,0.062
3fb408f86d2aa743ccd0,49,7211,7247,0.07200000000000001,False,False,0.07200000000000001,0.07200000000000001,0.07200000000000001
3fb408f86d2aa743ccd0,50,7248,7292,0.088,False,False,0.088,0.088,0.088
3fb408f86d2aa743ccd0,51,7293,7348,0.11,False,False,0.11,0.11,0.11
3fb408f86d2aa743ccd0,52,7349,7431,0.164,False,False,0.164,0.164,0.164
3fb408f86d2aa743ccd0,53,7432,7459,0.054,False,False,0.054,0.054,0.054
3fb408f86d2aa743ccd0,54,7460,7484,0.048,False,False,0.048,0.048,0.048
3fb408f86d2aa743ccd0,55,7485,7509,0.048,False,False,0.048,0.048,0.048
3fb408f86d2aa743ccd0,56,7510,7534,0.048,False,False,0.048,0.048,0.048
3fb408f86d2aa743ccd0,57,7535,7558,0.046,False,False,0.046,0.046,0.046
3fb408f86d2aa743ccd0,58,7559,7580,0.042,False,False,0.042,0.042,0.042
3fb408f86d2aa743ccd0,59,7581,7600,0.038,False,False,0.038,0.038,0.038
3fb408f86d2aa743ccd0,60,7601,7615,0.028,False,False,0.028,0.028,0.028
3fb408f86d2aa743ccd0,61,7616,7631,0.03,False,False,0.03,0.03,0.03
3fb408f86d2aa743ccd0,62,7632,7643,0.022,False,False,0.022,0.022,0.022
3fb408f86d2aa743ccd0,63,7644,7657,0.026000000000000002,False,False,0.026000000000000002,0.026000000000000002,0.026000000000000002
3fb408f86d2aa743ccd0,64,7658,7668,0.02,False,False,0.02,0.02,0.02
3fb408f86d2aa743ccd0,65,7669,7676,0.014,False,False,0.014,0.014,0.014
3fb408f86d2aa743ccd0,66,7677,7688,0.022,False,False,0.022,0.022,0.022
3fb408f86d2aa743ccd0,67,7689,7697,0.016,False,False,0.016,0.016,0.016
3fb408f86d2aa743ccd0,68,7698,7704,0.012,False,False,0.012,0.012,0.012
3fb408f86d2aa743ccd0,69,7705,7712,0.014,False,False,0.014,0.014,0.014
3fb408f86d2aa743ccd0,70,7713,7721,0.016,False,False,0.016,0.016,0.016
3fb408f86d2aa743ccd0,71,7722,7727,0.01,False,False,0.01,0.01,0.01
3fb408f86d2aa743ccd0,72,7728,7735,0.014,False,False,0.014,0.014,0.014
3fb408f86d2aa743ccd0,73,7736,7742,0.012,False,False,0.012,0.012,0.012
3fb408f86d2aa743ccd0,74,7743,7747,0.008,False,False,0.008,0.008,0.008
3fb408f86d2aa743ccd0,75,7748,7755,0.014,False,False,0.014,0.014,0.014
3fb408f86d2aa743ccd0,76,7756,7760,0.008,False,False,0.008,0.008,0.008
3fb408f86d2aa743ccd0,77,7762,7773,0.022,False,False,0.022,0.022,0.022
3fb408f86d2aa743ccd0,78,7774,7779,0.01,False,False,0.01,0.01,0.01
3fb408f86d2aa743ccd0,79,7781,7789,0.016,False,False,0.016,0.016,0.016
3fb408f86d2aa743ccd0,80,7790,7794,0.008,False,False,0.008,0.008,0.008
3fb408f86d2aa743ccd0,81,7795,7798,0.006,False,False,0.006,0.006,0.006
3fb408f86d2aa743ccd0,82,7799,7804,0.01,False,False,0.01,0.01,0.01
3fb408f86d2aa743ccd0,83,7805,7810,0.01,False,False,0.01,0.01,0.01
3fb408f86d2aa743ccd0,84,7811,7821,0.02,False,False,0.02,0.02,0.02
3fb408f86d2aa743ccd0,85,7822,7829,0.014,False,False,0.014,0.014,0.014
3fb408f86d2aa743ccd0,86,7830,7837,0.014,False,False,0.014,0.014,0.014
3fb408f86d2aa743ccd0,87,7838,7845,0.014,False,False,0.014,0.014,0.014
3fb408f86d2aa743ccd0,88,7846,7853,0.014,False,False,0.014,0.014,0.014
3fb408f86d2aa743ccd0,89,7854,7862,0.016,False,False,0.016,0.016,0.016
3fb408f86d2aa743ccd0,90,7863,7869,0.012,False,False,0.012,0.012,0.012
3fb408f86d2aa743ccd0,91,7870,7878,0.016,False,False,0.016,0.016,0.016
3fb408f86d2aa743ccd0,92,7879,7886,0.014,False,False,0.014,0.014,0.014
3fb408f86d2aa743ccd0,93,7887,7894,0.014,False,False,0.014,0.014,0.014
3fb408f86d2aa743ccd0,94,7895,7901,0.012,False,False,0.012,0.012,0.012
3fb408f86d2aa743ccd0,95,7902,7907,0.01,False,False,0.01,0.01,0.01
3fb408f86d2aa743ccd0,96,7908,7913,0.01,False,False,0.01,0.01,0.01
3fb408f86d2aa743ccd0,97,7914,7920,0.012,False,False,0.012,0.012,0.012
3fb408f86d2aa743ccd0,98,7922,7931,0.018000000000000002,False,False,0.018000000000000002,0.018000000000000002,0.018000000000000002
3fb408f86d2aa743ccd0,99,7933,7941,0.016,False,False,0.016,0.016,0.016
3fb408f86d2aa743ccd0,100,7943,7950,0.014,False,False,0.014,0.014,0.014
3fb408f86d2aa743ccd0,101,7952,7960,0.016,False,False,0.016,0.016,0.016
3fb408f86d2aa743ccd0,102,7962,7970,0.016,False,False,0.016,0.016,0.016
3fb408f86d2aa743ccd0,103,7971,7974,0.006,False,False,0.006,0.006,0.006
3fb408f86d2aa743ccd0,104,7975,7981,0.012,False,False,0.012,0.012,0.012
3fb408f86d2aa743ccd0,105,7982,7987,0.01,False,False,0.01,0.01,0.01
3fb408f86d2aa743ccd0,106,7988,7995,0.014,False,False,0.014,0.014,0.014
3fb408f86d2aa743ccd0,107,7996,8002,0.012,False,False,0.012,0.012,0.012
3fb408f86d2aa743ccd0,108,8003,8011,0.016,False,False,0.016,0.016,0.016
3fb408f86d2aa743ccd0,109,8012,8019,0.014,False,False,0.014,0.014,0.014
3fb408f86d2aa743ccd0,110,8020,8027,0.014,False,False,0.014,0.014,0.014
3fb408f86d2aa743ccd0,111,8028,8034,0.012,False,False,0.012,0.012,0.012
3fb408f86d2aa743ccd0,112,8035,8041,0.012,False,False,0.012,0.012,0.012
3fb408f86d2aa743ccd0,113,8042,8048,0.012,False,False,0.012,0.012,0.012
3fb408f86d2aa743ccd0,114,8049,8053,0.008,False,False,0.008,0.008,0.008
3fb408f86d2aa743ccd0,115,8054,8060,0.012,False,False,0.012,0.012,0.012
3fb408f86d2aa743ccd0,116,8062,8070,0.016,False,False,0.016,0.016,0.016
3fb408f86d2aa743ccd0,117,8072,8079,0.014,False,False,0.014,0.014,0.014
3fb408f86d2aa743ccd0,118,8081,8087,0.012,False,False,0.012,0.012,0.012
3fb408f86d2aa743ccd0,119,8088,8090,0.004,False,False,0.004,0.004,0.004
3fb408f86d2aa743ccd0,120,8091,8095,0.008,False,False,0.008,0.008,0.008
3fb408f86d2aa743ccd0,121,8096,8099,0.006,False,False,0.006,0.006,0.006
3fb408f86d2aa743ccd0,122,8100,8104,0.008,False,False,0.008,0.008,0.008
3fb408f86d2aa743ccd0,123,8105,8109,0.008,False,False,0.008,0.008,0.008
3fb408f86d2aa743ccd0,124,8110,8114,0.008,False,False,0.008,0.008,0.008
3fb408f86d2aa743ccd0,125,8115,8120,0.01,False,False,0.01,0.01,0.01
3fb408f86d2aa743ccd0,126,8121,8126,0.01,False,False,0.01,0.01,0.01
3fb408f86d2aa743ccd0,127,8127,8132,0.01,False,False,0.01,0.01,0.01
3fb408f86d2aa743ccd0,128,8133,8140,0.014,False,False,0.014,0.014,0.014
3fb408f86d2aa743ccd0,129,8141,8148,0.014,False,False,0.014,0.014,0.014
3fb408f86d2aa743ccd0,130,8149,8156,0.014,False,False,0.014,0.014,0.014
3fb408f86d2aa743ccd0,131,8157,8165,0.016,False,False,0.016,0.016,0.016
3fb408f86d2aa743ccd0,132,8166,8172,0.012,False,False,0.012,0.012,0.012
3fb408f86d2aa743ccd0,133,8173,8181,0.016,False,False,0.016,0.016,0.016
3fb408f86d2aa743ccd0,134,8183,8194,0.022,False,False,0.022,0.022,0.022
3fb408f86d2aa743ccd0,135,8195,8198,0.006,False,False,0.006,0.006,0.006
3fb408f86d2aa743ccd0,136,8199,8205,0.012,False,False,0.012,0.012,0.012
3fb408f86d2aa743ccd0,137,8207,8215,0.016,False,False,0.016,0.016,0.016
3fb408f86d2aa743ccd0,138,8216,8218,0.004,False,False,0.004,0.004,0.004
3fb408f86d2aa743ccd0,139,8219,8224,0.01,False,False,0.01,0.01,0.01
3fb408f86d2aa743ccd0,140,8225,8228,0.006,False,False,0.006,0.006,0.006
3fb408f86d2aa743ccd0,141,8229,8233,0.008,False,False,0.008,0.008,0.008
3fb408f86d2aa743ccd0,142,8234,8238,0.008,False,False,0.008,0.008,0.008
3fb408f86d2aa743ccd0,143,8239,8243,0.008,False,False,0.008,0.008,0.008
3fb408f86d2aa743ccd0,144,8244,8248,0.008,False,False,0.008,0.008,0.008
3fb408f86d2aa743ccd0,145,8249,8253,0.008,False,False,0.008,0.008,0.008
3fb408f86d2aa743ccd0,146,8254,8258,0.008,False,False,0.008,0.008,0.008
3fb408f86d2aa743ccd0,147,8259,8264,0.01,False,False,0.01,0.01,0.01
3fb408f86d2aa743ccd0,148,8266,8274,0.016,False,False,0.016,0.016,0.016
3fb408f86d2aa743ccd0,149,8275,8277,0.004,False,False,0.004,0.004,0.004
3fb408f86d2aa743ccd0,150,8278,8283,0.01,False,False,0.01,0.01,0.01
3fb408f86d2aa743ccd0,151,8284,8288,0.008,False,False,0.008,0.008,0.008
3fb408f86d2aa743ccd0,152,8289,8293,0.008,False,False,0.008,0.008,0.008
3fb408f86d2aa743ccd0,153,8294,8297,0.006,False,False,0.006,0.006,0.006
3fb408f86d2aa743ccd0,154,8298,8303,0.01,False,False,0.01,0.01,0.01
3fb408f86d2aa743ccd0,155,8304,8308,0.008,False,False,0.008,0.008,0.008
3fb408f86d2aa743ccd0,156,8309,8312,0.006,False,False,0.006,0.006,0.006
3fb408f86d2aa743ccd0,157,8313,8318,0.01,False,False,0.01,0.01,0.01
3fb408f86d2aa743ccd0,158,8319,8322,0.006,False,False,0.006,0.006,0.006
3fb408f86d2aa743ccd0,159,8323,8327,0.008,False,False,0.008,0.008,0.008
3fb408f86d2aa743ccd0,160,8328,8331,0.006,False,False,0.006,0.006,0.006
3fb408f86d2aa743ccd0,161,8332,8336,0.008,False,False,0.008,0.008,0.008
3fb408f86d2aa743ccd0,162,8337,8339,0.004,False,False,0.004,0.004,0.004
3fb408f86d2aa743ccd0,163,8340,8344,0.008,False,False,0.008,0.008,0.008
3fb408f86d2aa743ccd0,164,8345,8347,0.004,False,False,0.004,0.004,0.004
3fb408f86d2aa743ccd0,165,8348,8352,0.008,False,False,0.008,0.008,0.008
3fb408f86d2aa743ccd0,166,8354,8359,0.01,False,False,0.01,0.01,0.01
3fb408f86d2aa743ccd0,167,8361,8365,0.008,False,False,0.008,0.008,0.008
3fb408f86d2aa743ccd0,168,8367,8371,0.008,False,False,0.008,0.008,0.008
3fb408f86d2aa743ccd0,169,8373,8376,0.006,False,False,0.006,0.006,0.006
3fb408f86d2aa743ccd0,170,8378,8382,0.008,False,False,0.008,0.008,0.008
3fb408f86d2aa743ccd0,171,8385,8389,0.008,False,False,0.008,0.008,0.008
3fb408f86d2aa743ccd0,172,8392,8394,0.004,False,False,0.004,0.004,0.004
3fb408f86d2aa743ccd0,173,8395,8396,0.002,False,False,0.002,0.002,0.002
3fb408f86d2aa743ccd0,174,8397,8398,0.002,False,False,0.002,0.002,0.002
3fb408f86d2aa743ccd0,175,8399,8400,0.002,False,False,0.002,0.002,0.002
3fb408f86d2aa743ccd0,176,8401,8402,0.002,False,False,0.002,0.002,0.002
3fb408f86d2aa743ccd0,177,8403,8404,0.002,False,False,0.002,0.002,0.002
3fb408f86d2aa743ccd0,178,8406,8408,0.004,False,False,0.004,0.004,0.004
3fb408f86d2aa743ccd0,179,8411,8413,0.004,False,False,0.004,0.004,0.004
3fb408f86d2aa743ccd0,180,8416,8417,0.002,False,False,0.002,0.002,0.002
3fb408f86d2aa743ccd0,181,8419,8420,0.002,False,False,0.002,0.002,0.002
3fb408f86d2aa743ccd0,182,8423,8424,0.002,False,False,0.002,0.002,0.002
3fb408f86d2aa743ccd0,183,8427,8428,0.002,False,False,0.002,0.002,0.002
3fd64d900f11663f9f36,0,7927,13207,10.56,False,False,10.56,10.56,10.56
42ca461c12484e2fc753,0,3446,15200,23.508,True,True,20.56,20.56,13.472
42d7f6bc04675545b739,0,4806,15100,20.588,True,False,20.588,20.588,20.588
4337641cf619fc546cfe,0,5511,15400,19.778,True,False,19.778,19.778,19.778
438e36967fef406fcd4a,0,3052,4637,3.17,False,False,3.158,3.158,3.08
438e36967fef406fcd4a,1,8520,15400,13.76,False,False,13.76,13.76,13.76
43a9cb66538f71ebcb24,0,3404,15200,23.592,True,False,23.584,23.584,19.798000000000002
43fd7268ab3bc980a3a0,0,3458,4336,1.756,False,False,1.75,1.75,1.004
43fd7268ab3bc980a3a0,1,7366,8647,2.562,False,False,2.5100000000000002,2.5100000000000002,1.964
43fd7268ab3bc980a3a0,2,8648,8658,0.02,False,False,0.02,0.02,0.02
43fd7268ab3bc980a3a0,3,8659,8662,0.006,False,False,0.006,0.006,0.006
43fd7268ab3bc980a3a0,4,8663,8667,0.008,False,False,0.008,0.008,0.008
43fd7268ab3bc980a3a0,5,8670,8672,0.004,False,False,0.004,0.004,0.004
43fd7268ab3bc980a3a0,6,8686,8692,0.012,False,False,0.01,0.01,0.008
43fd7268ab3bc980a3a0,7,8700,8711,0.022,False,False,0.022,0.022,0.022
43fd7268ab3bc980a3a0,8,8720,8722,0.004,False,False,0.004,0.004,0.004
43fd7268ab3bc980a3a0,9,8724,8733,0.018000000000000002,False,False,0.018000000000000002,0.018000000000000002,0.018000000000000002
44c72d866d9b721836db,0,4788,11900,14.224,False,False,13.502,13.502,8.672
44dbf6b18159f9dbf0e7,0,3315,3356,0.082,False,True,0.082,0.082,0.082
44dbf6b18159f9dbf0e7,1,3360,3841,0.962,False,True,0.606,0.606,0.29
44dbf6b18159f9dbf0e7,2,7016,15200,16.368000000000002,True,True,15.248000000000001,15.248000000000001,15.078000000000001
4552f6b2625e3db3bdc5,0,3404,15200,23.592,True,True,23.182000000000002,23.182000000000002,15.13
45e8d48c4df170daddf3,0,7729,15400,15.342,True,False,15.342,15.342,15.342
474e322f76e678d36753,0,5002,6984,3.964,False,False,3.962,3.962,3.954
474e322f76e678d36753,1,7176,12871,11.39,False,False,11.39,11.39,11.39
475b7024c155be93e157,0,4995,5001,0.012,False,False,0.012,0.012,0.012
475b7024c155be93e157,1,5002,5010,0.016,False,False,0.016,0.016,0.016
475b7024c155be93e157,2,5011,5021,0.02,False,False,0.02,0.02,0.02
475b7024c155be93e157,3,5022,5032,0.02,False,False,0.02,0.02,0.02
475b7024c155be93e157,4,5033,5045,0.024,False,False,0.024,0.024,0.024
475b7024c155be93e157,5,5046,5066,0.04,False,False,0.04,0.04,0.04
475b7024c155be93e157,6,5067,6906,3.678,False,False,3.678,3.678,3.678
475b7024c155be93e157,7,6907,6945,0.076,False,False,0.076,0.076,0.076
475b7024c155be93e157,8,6946,6985,0.078,False,False,0.078,0.078,0.078
475b7024c155be93e157,9,6986,7036,0.1,False,False,0.1,0.1,0.1
475b7024c155be93e157,10,7037,7091,0.108,False,False,0.108,0.108,0.108
475b7024c155be93e157,11,7092,7151,0.11800000000000001,False,False,0.11800000000000001,0.11800000000000001,0.11800000000000001
475b7024c155be93e157,12,7152,7226,0.148,False,False,0.148,0.148,0.148
475b7024c155be93e157,13,7227,7620,0.786,False,False,0.786,0.786,0.786
475b7024c155be93e157,14,7621,7651,0.06,False,False,0.06,0.06,0.06
475b7024c155be93e157,15,7652,7669,0.034,False,False,0.034,0.034,0.034
475b7024c155be93e157,16,7670,7686,0.032,False,False,0.032,0.032,0.032
475b7024c155be93e157,17,7687,7704,0.034,False,False,0.034,0.034,0.034
475b7024c155be93e157,18,7705,7715,0.02,False,False,0.02,0.02,0.02
475b7024c155be93e157,19,7716,7729,0.026000000000000002,False,False,0.026000000000000002,0.026000000000000002,0.026000000000000002
475b7024c155be93e157,20,7730,7738,0.016,False,False,0.016,0.016,0.016
475b7024c155be93e157,21,7739,7750,0.022,False,False,0.022,0.022,0.022
475b7024c155be93e157,22,7751,7758,0.014,False,False,0.014,0.014,0.014
475b7024c155be93e157,23,7759,7767,0.016,False,False,0.016,0.016,0.016
475b7024c155be93e157,24,7768,7776,0.016,False,False,0.016,0.016,0.016
475b7024c155be93e157,25,7777,7783,0.012,False,False,0.012,0.012,0.012
475b7024c155be93e157,26,7784,7790,0.012,False,False,0.012,0.012,0.012
475b7024c155be93e157,27,7791,7798,0.014,False,False,0.014,0.014,0.014
475b7024c155be93e157,28,7799,7805,0.012,False,False,0.012,0.012,0.012
475b7024c155be93e157,29,7806,7816,0.02,False,False,0.02,0.02,0.02
475b7024c155be93e157,30,7817,7830,0.026000000000000002,False,False,0.026000000000000002,0.026000000000000002,0.026000000000000002
475b7024c155be93e157,31,7831,7839,0.016,False,False,0.016,0.016,0.016
475b7024c155be93e157,32,7840,7851,0.022,False,False,0.022,0.022,0.022
475b7024c155be93e157,33,7852,7861,0.018000000000000002,False,False,0.018000000000000002,0.018000000000000002,0.018000000000000002
475b7024c155be93e157,34,7862,7871,0.018000000000000002,False,False,0.018000000000000002,0.018000000000000002,0.018000000000000002
475b7024c155be93e157,35,7872,7884,0.024,False,False,0.024,0.024,0.024
475b7024c155be93e157,36,7885,7897,0.024,False,False,0.024,0.024,0.024
475b7024c155be93e157,37,7898,7905,0.014,False,False,0.014,0.014,0.014
475b7024c155be93e157,38,7906,7916,0.02,False,False,0.02,0.02,0.02
475b7024c155be93e157,39,7917,7926,0.018000000000000002,False,False,0.018000000000000002,0.018000000000000002,0.018000000000000002
475b7024c155be93e157,40,7927,7936,0.018000000000000002,False,False,0.018000000000000002,0.018000000000000002,0.018000000000000002
475b7024c155be93e157,41,7937,7946,0.018000000000000002,False,False,0.018000000000000002,0.018000000000000002,0.018000000000000002
475b7024c155be93e157,42,7947,7955,0.016,False,False,0.016,0.016,0.016
475b7024c155be93e157,43,7956,7966,0.02,False,False,0.02,0.02,0.02
475b7024c155be93e157,44,7967,7978,0.022,False,False,0.022,0.022,0.022
475b7024c155be93e157,45,7979,7991,0.024,False,False,0.024,0.024,0.024
475b7024c155be93e157,46,7992,8005,0.026000000000000002,False,False,0.026000000000000002,0.026000000000000002,0.026000000000000002
475b7024c155be93e157,47,8006,8020,0.028,False,False,0.028,0.028,0.028
475b7024c155be93e157,48,8021,8035,0.028,False,False,0.028,0.028,0.028
475b7024c155be93e157,49,8036,8048,0.024,False,False,0.024,0.024,0.024
475b7024c155be93e157,50,8049,8061,0.024,False,False,0.024,0.024,0.024
475b7024c155be93e157,51,8062,8075,0.026000000000000002,False,False,0.026000000000000002,0.026000000000000002,0.026000000000000002
475b7024c155be93e157,52,8076,8089,0.026000000000000002,False,False,0.026000000000000002,0.026000000000000002,0.026000000000000002
475b7024c155be93e157,53,8090,8105,0.03,False,False,0.03,0.03,0.03
475b7024c155be93e157,54,8106,8126,0.04,False,False,0.04,0.04,0.04
475b7024c155be93e157,55,8127,8152,0.05,False,False,0.05,0.05,0.05
475b7024c155be93e157,56,8153,8180,0.054,False,False,0.054,0.054,0.054
475b7024c155be93e157,57,8181,8210,0.058,False,False,0.058,0.058,0.058
475b7024c155be93e157,58,8211,8271,0.12,False,False,0.12,0.12,0.12
475b7024c155be93e157,59,8272,8348,0.152,False,False,0.152,0.152,0.152
475b7024c155be93e157,60,8349,8401,0.10400000000000001,False,False,0.10400000000000001,0.10400000000000001,0.10400000000000001
475b7024c155be93e157,61,8402,8443,0.082,False,False,0.082,0.082,0.082
475b7024c155be93e157,62,8444,8481,0.074,False,False,0.074,0.074,0.074
475b7024c155be93e157,63,8482,8514,0.064,False,False,0.064,0.064,0.064
475b7024c155be93e157,64,8515,8543,0.056,False,False,0.056,0.056,0.056
475b7024c155be93e157,65,8544,8570,0.052000000000000005,False,False,0.052000000000000005,0.052000000000000005,0.052000000000000005
475b7024c155be93e157,66,8571,8594,0.046,False,False,0.046,0.046,0.046
475b7024c155be93e157,67,8595,8616,0.042,False,False,0.042,0.042,0.042
475b7024c155be93e157,68,8617,8636,0.038,False,False,0.038,0.038,0.038
475b7024c155be93e157,69,8637,8655,0.036000000000000004,False,False,0.036000000000000004,0.036000000000000004,0.036000000000000004
475b7024c155be93e157,70,8656,8672,0.032,False,False,0.032,0.032,0.032
475b7024c155be93e157,71,8673,8688,0.03,False,False,0.03,0.03,0.03
475b7024c155be93e157,72,8689,8703,0.028,False,False,0.028,0.028,0.028
475b7024c155be93e157,73,8704,8717,0.026000000000000002,False,False,0.026000000000000002,0.026000000000000002,0.026000000000000002
475b7024c155be93e157,74,8718,8731,0.026000000000000002,False,False,0.026000000000000002,0.026000000000000002,0.026000000000000002
475b7024c155be93e157,75,8732,8743,0.022,False,False,0.022,0.022,0.022
475b7024c155be93e157,76,8744,8755,0.022,False,False,0.022,0.022,0.022
475b7024c155be93e157,77,8756,8766,0.02,False,False,0.02,0.02,0.02
475b7024c155be93e157,78,8767,8777,0.02,False,False,0.02,0.02,0.02
475b7024c155be93e157,79,8778,8787,0.018000000000000002,False,False,0.018000000000000002,0.018000000000000002,0.018000000000000002
475b7024c155be93e157,80,8788,8796,0.016,False,False,0.016,0.016,0.016
475b7024c155be93e157,81,8797,8806,0.018000000000000002,False,False,0.018000000000000002,0.018000000000000002,0.018000000000000002
475b7024c155be93e157,82,8807,8814,0.014,False,False,0.014,0.014,0.014
475b7024c155be93e157,83,8815,8822,0.014,False,False,0.014,0.014,0.014
475b7024c155be93e157,84,8823,8830,0.014,False,False,0.014,0.014,0.014
475b7024c155be93e157,85,8831,8838,0.014,False,False,0.014,0.014,0.014
475b7024c155be93e157,86,8839,8845,0.012,False,False,0.012,0.012,0.012
475b7024c155be93e157,87,8846,8851,0.01,False,False,0.01,0.01,0.01
475b7024c155be93e157,88,8852,8859,0.014,False,False,0.014,0.014,0.014
475b7024c155be93e157,89,8861,8871,0.02,False,False,0.02,0.02,0.02
475b7024c155be93e157,90,8872,8875,0.006,False,False,0.006,0.006,0.006
475b7024c155be93e157,91,8876,8881,0.01,False,False,0.01,0.01,0.01
475b7024c155be93e157,92,8882,8886,0.008,False,False,0.008,0.008,0.008
475b7024c155be93e157,93,8887,8891,0.008,False,False,0.008,0.008,0.008
475b7024c155be93e157,94,8892,8896,0.008,False,False,0.008,0.008,0.008
475b7024c155be93e157,95,8897,8901,0.008,False,False,0.008,0.008,0.008
475b7024c155be93e157,96,8902,8905,0.006,False,False,0.006,0.006,0.006
475b7024c155be93e157,97,8906,8910,0.008,False,False,0.008,0.008,0.008
475b7024c155be93e157,98,8911,8914,0.006,False,False,0.006,0.006,0.006
475b7024c155be93e157,99,8915,8918,0.006,False,False,0.006,0.006,0.006
475b7024c155be93e157,100,8919,8922,0.006,False,False,0.006,0.006,0.006
475b7024c155be93e157,101,8923,8926,0.006,False,False,0.006,0.006,0.006
475b7024c155be93e157,102,8927,8929,0.004,False,False,0.004,0.004,0.004
475b7024c155be93e157,103,8930,8933,0.006,False,False,0.006,0.006,0.006
475b7024c155be93e157,104,8934,8936,0.004,False,False,0.004,0.004,0.004
475b7024c155be93e157,105,8937,8940,0.006,False,False,0.006,0.006,0.006
475b7024c155be93e157,106,8942,8947,0.01,False,False,0.01,0.01,0.01
475b7024c155be93e157,107,8950,8955,0.01,False,False,0.01,0.01,0.01
475b7024c155be93e157,108,8958,8961,0.006,False,False,0.006,0.006,0.006
475b7024c155be93e157,109,8962,8963,0.002,False,False,0.002,0.002,0.002
475b7024c155be93e157,110,8964,8966,0.004,False,False,0.004,0.004,0.004
475b7024c155be93e157,111,8968,8970,0.004,False,False,0.004,0.004,0.004
475b7024c155be93e157,112,8972,8974,0.004,False,False,0.004,0.004,0.004
475b7024c155be93e157,113,8975,8976,0.002,False,False,0.002,0.002,0.002
475b7024c155be93e157,114,8978,8980,0.004,False,False,0.004,0.004,0.004
475b7024c155be93e157,115,8983,8985,0.004,False,False,0.004,0.004,0.004
475b7024c155be93e157,116,8987,8988,0.002,False,False,0.002,0.002,0.002
475b7024c155be93e157,117,8990,8991,0.002,False,False,0.002,0.002,0.002
475b7024c155be93e157,118,8994,8996,0.004,False,False,0.004,0.004,0.004
47a3450e28ab08cae611,0,7779,15400,15.242,True,False,15.242,15.242,15.242
4826d8522b09c610fc6d,0,2983,4088,2.21,False,False,2.21,2.21,2.21
4826d8522b09c610fc6d,1,7720,15400,15.36,True,False,15.36,15.36,15.36
488b4878ef0b78a2653a,0,7300,7308,0.016,False,False,0.014,0.014,0.008
488b4878ef0b78a2653a,1,7310,7332,0.044,False,False,0.04,0.04,0.026000000000000002
488b4878ef0b78a2653a,2,7334,7347,0.026000000000000002,False,False,0.024,0.024,0.016
488b4878ef0b78a2653a,3,7348,7358,0.02,False,False,0.018000000000000002,0.018000000000000002,0.016
488b4878ef0b78a2653a,4,7363,7368,0.01,False,False,0.008,0.008,0.006
488b4878ef0b78a2653a,5,7372,7381,0.018000000000000002,False,False,0.018000000000000002,0.018000000000000002,0.018000000000000002
488b4878ef0b78a2653a,6,7382,7383,0.002,False,False,0.002,0.002,0.002
488b4878ef0b78a2653a,7,7385,7389,0.008,False,False,0.008,0.008,0.008
488b4878ef0b78a2653a,8,7392,7395,0.006,False,False,0.006,0.006,0.006
488b4878ef0b78a2653a,9,7396,7397,0.002,False,False,0.002,0.002,0.002
488b4878ef0b78a2653a,10,7399,7406,0.014,False,False,0.014,0.014,0.014
488b4878ef0b78a2653a,11,7409,7415,0.012,False,False,0.012,0.012,0.012
488b4878ef0b78a2653a,12,7418,7423,0.01,False,False,0.008,0.008,0.008
488b4878ef0b78a2653a,13,7431,7437,0.012,False,False,0.01,0.01,0.006
488b4878ef0b78a2653a,14,7439,7446,0.014,False,False,0.012,0.012,0.01
488b4878ef0b78a2653a,15,7452,7457,0.01,False,False,0.008,0.008,0.006
488b4878ef0b78a2653a,16,7463,7471,0.016,False,False,0.016,0.016,0.016
488b4878ef0b78a2653a,17,7473,7474,0.002,False,False,0.002,0.002,0.002
488b4878ef0b78a2653a,18,7477,7480,0.006,False,False,0.006,0.006,0.006
488b4878ef0b78a2653a,19,7484,7490,0.012,False,False,0.012,0.012,0.012
488b4878ef0b78a2653a,20,7495,7497,0.004,False,False,0.002,0.002,0.002
488b4878ef0b78a2653a,21,7508,7512,0.008,False,False,0.006,0.006,0.006
48f4693917d6c6ad3ca8,0,7542,8774,2.464,False,False,2.464,2.464,2.464
48f4693917d6c6ad3ca8,1,8775,8791,0.032,False,False,0.032,0.032,0.032
48f4693917d6c6ad3ca8,2,8792,10990,4.396,False,False,4.396,4.396,4.396
48f4693917d6c6ad3ca8,3,10992,10995,0.006,False,False,0.006,0.006,0.006
49afef13c80be884b539,0,2983,4088,2.21,False,False,2.21,2.21,2.21
49afef13c80be884b539,1,11382,15400,8.036,False,False,8.036,8.036,8.036
4a289ff9eddb55a0a1dd,0,1042,9000,15.916,True,True,15.916,15.916,15.916
4a9304a2c28934e1d9a9,0,7481,7488,0.014,False,True,0.014,0.014,0.014
4a9304a2c28934e1d9a9,1,7489,7508,0.038,False,True,0.038,0.038,0.038
4a9304a2c28934e1d9a9,2,7509,7523,0.028,False,True,0.028,0.028,0.028
4a9304a2c28934e1d9a9,3,7524,7532,0.016,False,True,0.016,0.016,0.016
4a9304a2c28934e1d9a9,4,7533,7539,0.012,False,True,0.012,0.012,0.012
4a9304a2c28934e1d9a9,5,7540,7554,0.028,False,True,0.028,0.028,0.028
4a9304a2c28934e1d9a9,6,7555,7559,0.008,False,True,0.008,0.008,0.008
4a9304a2c28934e1d9a9,7,7560,15200,15.280000000000001,True,True,15.280000000000001,15.280000000000001,15.280000000000001
4ae17527c1c1e77b94c1,0,3407,3428,0.042,False,False,0.042,0.042,0.042
4ae17527c1c1e77b94c1,1,3429,3620,0.382,False,False,0.382,0.382,0.382
4ae17527c1c1e77b94c1,2,11901,15200,6.598,False,False,6.598,6.598,6.598
4b30f1c2e53b89528832,0,7415,15400,15.97,True,True,15.97,15.97,15.97
4b451f63b6079b8171fa,0,13540,14917,2.754,False,False,2.754,2.754,2.754
4b4a0473b4065c3e0347,0,2260,9000,13.48,False,False,13.48,13.48,13.48
4b65591726570fff2abd,0,5016,15400,20.768,True,True,20.768,20.768,20.768
4b69139623526ef5cc6e,0,1249,8309,14.120000000000001,False,False,14.120000000000001,14.120000000000001,14.120000000000001
4dbaff2549e4e1981e25,0,7031,7041,0.02,False,False,0.018000000000000002,0.018000000000000002,0.014
4dbaff2549e4e1981e25,1,7043,7548,1.01,False,False,0.9380000000000001,0.9380000000000001,0.132
4dbaff2549e4e1981e25,2,7550,7551,0.002,False,False,0.0,0.0,0.0
4dbaff2549e4e1981e25,3,7556,7562,0.012,False,False,0.01,0.01,0.01
4dbaff2549e4e1981e25,4,7565,7566,0.002,False,False,0.0,0.0,0.0
4dbaff2549e4e1981e25,5,7569,7574,0.01,False,False,0.01,0.01,0.01
4dbaff2549e4e1981e25,6,7577,7579,0.004,False,False,0.004,0.004,0.004
4dbaff2549e4e1981e25,7,7583,7589,0.012,False,False,0.012,0.012,0.012
4dbaff2549e4e1981e25,8,7591,7594,0.006,False,False,0.006,0.006,0.006
4dbaff2549e4e1981e25,9,7595,7598,0.006,False,False,0.006,0.006,0.006
4dbaff2549e4e1981e25,10,7600,7605,0.01,False,False,0.01,0.01,0.01
4dbaff2549e4e1981e25,11,7608,7615,0.014,False,False,0.014,0.014,0.014
4dbaff2549e4e1981e25,12,7617,7624,0.014,False,False,0.014,0.014,0.014
4dbaff2549e4e1981e25,13,7625,7627,0.004,False,False,0.004,0.004,0.004
4dbaff2549e4e1981e25,14,7628,7634,0.012,False,False,0.012,0.012,0.012
4dbaff2549e4e1981e25,15,7636,7645,0.018000000000000002,False,False,0.018000000000000002,0.018000000000000002,0.018000000000000002
4dbaff2549e4e1981e25,16,7646,7651,0.01,False,False,0.01,0.01,0.01
4dbaff2549e4e1981e25,17,7652,7663,0.022,False,False,0.022,0.022,0.022
4dbaff2549e4e1981e25,18,7664,11042,6.756,False,False,6.756,6.756,6.756
4dbaff2549e4e1981e25,19,11043,11110,0.134,False,False,0.134,0.134,0.134
4dbaff2549e4e1981e25,20,11111,11150,0.078,False,False,0.078,0.078,0.078
4dbaff2549e4e1981e25,21,11151,11180,0.058,False,False,0.058,0.058,0.058
4dbaff2549e4e1981e25,22,11181,11203,0.044,False,False,0.044,0.044,0.044
4dbaff2549e4e1981e25,23,11204,11221,0.034,False,False,0.034,0.034,0.034
4dbaff2549e4e1981e25,24,11222,11235,0.026000000000000002,False,False,0.026000000000000002,0.026000000000000002,0.026000000000000002
4dbaff2549e4e1981e25,25,11236,11247,0.022,False,False,0.022,0.022,0.022
4dbaff2549e4e1981e25,26,11248,11256,0.016,False,False,0.016,0.016,0.016
4dbaff2549e4e1981e25,27,11257,11265,0.016,False,False,0.016,0.016,0.016
4dbaff2549e4e1981e25,28,11267,11278,0.022,False,False,0.022,0.022,0.022
4dbaff2549e4e1981e25,29,11281,11290,0.018000000000000002,False,False,0.018000000000000002,0.018000000000000002,0.018000000000000002
4dbaff2549e4e1981e25,30,11293,11298,0.01,False,False,0.01,0.01,0.01
4dbaff2549e4e1981e25,31,11301,11304,0.006,False,False,0.006,0.006,0.006
4dbaff2549e4e1981e25,32,11307,11308,0.002,False,False,0.002,0.002,0.002
4dbaff2549e4e1981e25,33,11309,11310,0.002,False,False,0.002,0.002,0.002
4ddf226bc81a5802897a,0,4789,4797,0.016,False,False,0.016,0.016,0.016
4ddf226bc81a5802897a,1,4810,4812,0.004,False,False,0.004,0.004,0.004
4ddf226bc81a5802897a,2,4835,4840,0.01,False,False,0.01,0.01,0.01
4ddf226bc81a5802897a,3,5188,5221,0.066,False,False,0.066,0.066,0.066
4ddf226bc81a5802897a,4,5227,5232,0.01,False,False,0.01,0.01,0.01
4ddf226bc81a5802897a,5,5334,5348,0.028,False,False,0.028,0.028,0.028
4ddf226bc81a5802897a,6,5349,5351,0.004,False,False,0.004,0.004,0.004
4ddf226bc81a5802897a,7,5352,5361,0.018000000000000002,False,False,0.018000000000000002,0.018000000000000002,0.018000000000000002
4ddf226bc81a5802897a,8,5362,5370,0.016,False,False,0.016,0.016,0.016
4ddf226bc81a5802897a,9,5371,5379,0.016,False,False,0.016,0.016,0.016
4ddf226bc81a5802897a,10,5380,5388,0.016,False,False,0.016,0.016,0.016
4ddf226bc81a5802897a,11,5389,5398,0.018000000000000002,False,False,0.018000000000000002,0.018000000000000002,0.018000000000000002
4ddf226bc81a5802897a,12,5399,5407,0.016,False,False,0.016,0.016,0.016
4ddf226bc81a5802897a,13,5408,5416,0.016,False,False,0.016,0.016,0.016
4ddf226bc81a5802897a,14,5417,5424,0.014,False,False,0.014,0.014,0.014
4ddf226bc81a5802897a,15,5425,5433,0.016,False,False,0.016,0.016,0.016
4ddf226bc81a5802897a,16,5434,5440,0.012,False,False,0.012,0.012,0.012
4ddf226bc81a5802897a,17,5441,5448,0.014,False,False,0.014,0.014,0.014
4ddf226bc81a5802897a,18,5449,5455,0.012,False,False,0.012,0.012,0.012
4ddf226bc81a5802897a,19,5456,5462,0.012,False,False,0.012,0.012,0.012
4ddf226bc81a5802897a,20,5463,5468,0.01,False,False,0.01,0.01,0.01
4ddf226bc81a5802897a,21,5469,5475,0.012,False,False,0.012,0.012,0.012
4ddf226bc81a5802897a,22,5477,5486,0.018000000000000002,False,False,0.018000000000000002,0.018000000000000002,0.018000000000000002
4ddf226bc81a5802897a,23,5488,5496,0.016,False,False,0.016,0.016,0.016
4ddf226bc81a5802897a,24,5498,5504,0.012,False,False,0.012,0.012,0.012
4ddf226bc81a5802897a,25,5506,5513,0.014,False,False,0.014,0.014,0.014
4ddf226bc81a5802897a,26,5515,5519,0.008,False,False,0.008,0.008,0.008
4ddf226bc81a5802897a,27,5520,5523,0.006,False,False,0.006,0.006,0.006
4ddf226bc81a5802897a,28,5524,5526,0.004,False,False,0.004,0.004,0.004
4ddf226bc81a5802897a,29,5527,5531,0.008,False,False,0.008,0.008,0.008
4ddf226bc81a5802897a,30,5533,5537,0.008,False,False,0.008,0.008,0.008
4ddf226bc81a5802897a,31,5539,5542,0.006,False,False,0.006,0.006,0.006
4ddf226bc81a5802897a,32,5543,5544,0.002,False,False,0.002,0.002,0.002
4ddf226bc81a5802897a,33,5545,5548,0.006,False,False,0.006,0.006,0.006
4ddf226bc81a5802897a,34,5550,5552,0.004,False,False,0.004,0.004,0.004
4ddf226bc81a5802897a,35,5553,5554,0.002,False,False,0.002,0.002,0.002
4ddf226bc81a5802897a,36,5555,5557,0.004,False,False,0.004,0.004,0.004
4ddf226bc81a5802897a,37,5559,5561,0.004,False,False,0.004,0.004,0.004
4ddf226bc81a5802897a,38,5563,5564,0.002,False,False,0.002,0.002,0.002
4ddf226bc81a5802897a,39,5565,5566,0.002,False,False,0.002,0.002,0.002
4ddf226bc81a5802897a,40,5567,5568,0.002,False,False,0.002,0.002,0.002
4ddf226bc81a5802897a,41,5570,5571,0.002,False,False,0.002,0.002,0.002
4ddf226bc81a5802897a,42,5573,5574,0.002,False,False,0.002,0.002,0.002
4ddf226bc81a5802897a,43,5577,5578,0.002,False,False,0.002,0.002,0.002
4ddf226bc81a5802897a,44,6893,7993,2.2,False,False,2.2,2.2,2.2
4ddf226bc81a5802897a,45,7994,7996,0.004,False,False,0.004,0.004,0.004
4f2556b82d2db8c4ef1c,0,7732,15400,15.336,True,False,15.336,15.336,15.336
4fee91e90730d6d35404,0,4995,5001,0.012,False,True,0.012,0.012,0.012
4fee91e90730d6d35404,1,5002,5010,0.016,False,True,0.016,0.016,0.016
4fee91e90730d6d35404,2,5011,5021,0.02,False,True,0.02,0.02,0.02
4fee91e90730d6d35404,3,5022,5032,0.02,False,True,0.02,0.02,0.02
4fee91e90730d6d35404,4,5033,5045,0.024,False,True,0.024,0.024,0.024
4fee91e90730d6d35404,5,5046,5066,0.04,False,True,0.04,0.04,0.04
4fee91e90730d6d35404,6,5067,15400,20.666,True,True,20.666,20.666,20.666
5004e7957ef7ecb42076,0,4795,9266,8.942,False,False,7.788,7.788,3.3200000000000003
500a4441b621d4429111,0,4930,4932,0.004,False,True,0.004,0.004,0.004
500a4441b621d4429111,1,4933,4940,0.014,False,True,0.014,0.014,0.014
500a4441b621d4429111,2,4941,4946,0.01,False,True,0.01,0.01,0.01
500a4441b621d4429111,3,4947,4953,0.012,False,True,0.012,0.012,0.012
500a4441b621d4429111,4,4954,4958,0.008,False,True,0.008,0.008,0.008
500a4441b621d4429111,5,4959,4965,0.012,False,True,0.012,0.012,0.012
500a4441b621d4429111,6,4967,4975,0.016,False,True,0.016,0.016,0.016
500a4441b621d4429111,7,4977,4983,0.012,False,True,0.012,0.012,0.012
500a4441b621d4429111,8,4984,4986,0.004,False,True,0.004,0.004,0.004
500a4441b621d4429111,9,4987,4991,0.008,False,True,0.008,0.008,0.008
500a4441b621d4429111,10,4992,4994,0.004,False,True,0.004,0.004,0.004
500a4441b621d4429111,11,4995,4999,0.008,False,True,0.008,0.008,0.008
500a4441b621d4429111,12,5001,5007,0.012,False,True,0.012,0.012,0.012
500a4441b621d4429111,13,5009,5014,0.01,False,True,0.01,0.01,0.01
500a4441b621d4429111,14,5015,5017,0.004,False,True,0.004,0.004,0.004
500a4441b621d4429111,15,5018,5021,0.006,False,True,0.006,0.006,0.006
500a4441b621d4429111,16,5022,5025,0.006,False,True,0.006,0.006,0.006
500a4441b621d4429111,17,5026,5028,0.004,False,True,0.004,0.004,0.004
500a4441b621d4429111,18,5029,5033,0.008,False,True,0.008,0.008,0.008
500a4441b621d4429111,19,5035,5040,0.01,False,True,0.01,0.01,0.01
500a4441b621d4429111,20,5042,5047,0.01,False,True,0.01,0.01,0.01
500a4441b621d4429111,21,5048,5051,0.006,False,True,0.006,0.006,0.006
500a4441b621d4429111,22,5052,5056,0.008,False,True,0.008,0.008,0.008
500a4441b621d4429111,23,5057,5062,0.01,False,True,0.01,0.01,0.01
500a4441b621d4429111,24,5063,5073,0.02,False,True,0.02,0.02,0.02
500a4441b621d4429111,25,5074,7504,4.86,False,True,4.86,4.86,4.86
500a4441b621d4429111,26,7505,7542,0.074,False,True,0.074,0.074,0.074
500a4441b621d4429111,27,7543,7560,0.034,False,True,0.034,0.034,0.034
500a4441b621d4429111,28,7561,7572,0.022,False,True,0.022,0.022,0.022
500a4441b621d4429111,29,7573,7583,0.02,False,True,0.02,0.02,0.02
500a4441b621d4429111,30,7584,7592,0.016,False,True,0.016,0.016,0.016
500a4441b621d4429111,31,7593,7601,0.016,False,True,0.016,0.016,0.016
500a4441b621d4429111,32,7602,7610,0.016,False,True,0.016,0.016,0.016
500a4441b621d4429111,33,7611,7620,0.018000000000000002,False,True,0.018000000000000002,0.018000000000000002,0.018000000000000002
500a4441b621d4429111,34,7621,7630,0.018000000000000002,False,True,0.018000000000000002,0.018000000000000002,0.018000000000000002
500a4441b621d4429111,35,7631,7641,0.02,False,True,0.02,0.02,0.02
500a4441b621d4429111,36,7642,7653,0.022,False,True,0.022,0.022,0.022
500a4441b621d4429111,37,7654,7665,0.022,False,True,0.022,0.022,0.022
500a4441b621d4429111,38,7666,7676,0.02,False,True,0.02,0.02,0.02
500a4441b621d4429111,39,7677,7689,0.024,False,True,0.024,0.024,0.024
500a4441b621d4429111,40,7690,7701,0.022,False,True,0.022,0.022,0.022
500a4441b621d4429111,41,7702,7716,0.028,False,True,0.028,0.028,0.028
500a4441b621d4429111,42,7717,7732,0.03,False,True,0.03,0.03,0.03
500a4441b621d4429111,43,7733,7749,0.032,False,True,0.032,0.032,0.032
500a4441b621d4429111,44,7750,7752,0.004,False,True,0.004,0.004,0.004
500a4441b621d4429111,45,7754,7769,0.03,False,True,0.03,0.03,0.03
500a4441b621d4429111,46,7770,7782,0.024,False,True,0.024,0.024,0.024
500a4441b621d4429111,47,7783,15071,14.576,False,True,14.576,14.576,14.576
500a4441b621d4429111,48,15072,15132,0.12,False,True,0.12,0.12,0.12
500a4441b621d4429111,49,15133,15180,0.094,False,True,0.094,0.094,0.094
500a4441b621d4429111,50,15181,15224,0.08600000000000001,False,True,0.08600000000000001,0.08600000000000001,0.08600000000000001
500a4441b621d4429111,51,15225,15262,0.074,False,True,0.074,0.074,0.074
500a4441b621d4429111,52,15263,15296,0.066,False,True,0.066,0.066,0.066
500a4441b621d4429111,53,15297,15326,0.058,False,True,0.058,0.058,0.058
500a4441b621d4429111,54,15327,15354,0.054,False,True,0.054,0.054,0.054
500a4441b621d4429111,55,15355,15379,0.048,False,True,0.048,0.048,0.048
500a4441b621d4429111,56,15380,15400,0.04,False,True,0.04,0.04,0.04
501c8e35e06b4c013a16,0,4883,4885,0.004,False,False,0.004,0.004,0.004
501c8e35e06b4c013a16,1,4886,4889,0.006,False,False,0.006,0.006,0.006
501c8e35e06b4c013a16,2,4890,4893,0.006,False,False,0.006,0.006,0.006
501c8e35e06b4c013a16,3,4894,4897,0.006,False,False,0.006,0.006,0.006
501c8e35e06b4c013a16,4,4901,4908,0.014,False,False,0.014,0.014,0.014
501c8e35e06b4c013a16,5,4910,4915,0.01,False,False,0.01,0.01,0.01
501c8e35e06b4c013a16,6,4917,4922,0.01,False,False,0.01,0.01,0.01
501c8e35e06b4c013a16,7,4924,4928,0.008,False,False,0.008,0.008,0.008
501c8e35e06b4c013a16,8,4930,4934,0.008,False,False,0.008,0.008,0.008
501c8e35e06b4c013a16,9,4936,4939,0.006,False,False,0.006,0.006,0.006
501c8e35e06b4c013a16,10,4941,4944,0.006,False,False,0.006,0.006,0.006
501c8e35e06b4c013a16,11,4946,4949,0.006,False,False,0.006,0.006,0.006
501c8e35e06b4c013a16,12,4956,4961,0.01,False,False,0.01,0.01,0.01
501c8e35e06b4c013a16,13,4964,4967,0.006,False,False,0.006,0.006,0.006
501c8e35e06b4c013a16,14,4970,4973,0.006,False,False,0.006,0.006,0.006
501c8e35e06b4c013a16,15,4976,4978,0.004,False,False,0.004,0.004,0.004
501c8e35e06b4c013a16,16,4981,4983,0.004,False,False,0.004,0.004,0.004
501c8e35e06b4c013a16,17,4986,4987,0.002,False,False,0.002,0.002,0.002
501c8e35e06b4c013a16,18,4989,4990,0.002,False,False,0.002,0.002,0.002
501c8e35e06b4c013a16,19,4992,4993,0.002,False,False,0.002,0.002,0.002
501c8e35e06b4c013a16,20,5137,5178,0.082,False,False,0.082,0.082,0.082
501c8e35e06b4c013a16,21,5181,5188,0.014,False,False,0.014,0.014,0.014
501c8e35e06b4c013a16,22,5190,5194,0.008,False,False,0.008,0.008,0.008
501c8e35e06b4c013a16,23,5195,5197,0.004,False,False,0.004,0.004,0.004
501c8e35e06b4c013a16,24,5198,5201,0.006,False,False,0.006,0.006,0.006
501c8e35e06b4c013a16,25,5202,5205,0.006,False,False,0.006,0.006,0.006
501c8e35e06b4c013a16,26,5207,5213,0.012,False,False,0.012,0.012,0.012
501c8e35e06b4c013a16,27,5215,5221,0.012,False,False,0.012,0.012,0.012
501c8e35e06b4c013a16,28,5223,5229,0.012,False,False,0.012,0.012,0.012
501c8e35e06b4c013a16,29,5230,5233,0.006,False,False,0.006,0.006,0.006
501c8e35e06b4c013a16,30,5234,5239,0.01,False,False,0.01,0.01,0.01
501c8e35e06b4c013a16,31,5240,5244,0.008,False,False,0.008,0.008,0.008
501c8e35e06b4c013a16,32,5245,5251,0.012,False,False,0.012,0.012,0.012
501c8e35e06b4c013a16,33,5252,5257,0.01,False,False,0.01,0.01,0.01
501c8e35e06b4c013a16,34,5258,5263,0.01,False,False,0.01,0.01,0.01
501c8e35e06b4c013a16,35,5264,5270,0.012,False,False,0.012,0.012,0.012
501c8e35e06b4c013a16,36,5271,5275,0.008,False,False,0.008,0.008,0.008
501c8e35e06b4c013a16,37,5276,5282,0.012,False,False,0.012,0.012,0.012
501c8e35e06b4c013a16,38,5283,5286,0.006,False,False,0.006,0.006,0.006
501c8e35e06b4c013a16,39,5287,5293,0.012,False,False,0.012,0.012,0.012
501c8e35e06b4c013a16,40,5295,5302,0.014,False,False,0.014,0.014,0.014
501c8e35e06b4c013a16,41,5304,5310,0.012,False,False,0.012,0.012,0.012
501c8e35e06b4c013a16,42,5312,5318,0.012,False,False,0.012,0.012,0.012
501c8e35e06b4c013a16,43,5321,5328,0.014,False,False,0.014,0.014,0.014
501c8e35e06b4c013a16,44,5331,5336,0.01,False,False,0.01,0.01,0.01
501c8e35e06b4c013a16,45,5338,5342,0.008,False,False,0.008,0.008,0.008
501c8e35e06b4c013a16,46,5345,5350,0.01,False,False,0.01,0.01,0.01
501c8e35e06b4c013a16,47,5352,5354,0.004,False,False,0.004,0.004,0.004
501c8e35e06b4c013a16,48,5355,5357,0.004,False,False,0.004,0.004,0.004
501c8e35e06b4c013a16,49,5358,5360,0.004,False,False,0.004,0.004,0.004
501c8e35e06b4c013a16,50,5362,5365,0.006,False,False,0.006,0.006,0.006
501c8e35e06b4c013a16,51,5367,5370,0.006,False,False,0.006,0.006,0.006
501c8e35e06b4c013a16,52,5372,5375,0.006,False,False,0.006,0.006,0.006
501c8e35e06b4c013a16,53,5377,5379,0.004,False,False,0.004,0.004,0.004
501c8e35e06b4c013a16,54,5380,5381,0.002,False,False,0.002,0.002,0.002
501c8e35e06b4c013a16,55,5382,5384,0.004,False,False,0.004,0.004,0.004
501c8e35e06b4c013a16,56,5386,5389,0.006,False,False,0.006,0.006,0.006
501c8e35e06b4c013a16,57,5392,5395,0.006,False,False,0.006,0.006,0.006
501c8e35e06b4c013a16,58,5397,5399,0.004,False,False,0.004,0.004,0.004
501c8e35e06b4c013a16,59,5400,5401,0.002,False,False,0.002,0.002,0.002
501c8e35e06b4c013a16,60,5403,5406,0.006,False,False,0.006,0.006,0.006
501c8e35e06b4c013a16,61,5409,5411,0.004,False,False,0.004,0.004,0.004
501c8e35e06b4c013a16,62,5412,5413,0.002,False,False,0.002,0.002,0.002
501c8e35e06b4c013a16,63,5415,5417,0.004,False,False,0.004,0.004,0.004
501c8e35e06b4c013a16,64,5418,5419,0.002,False,False,0.002,0.002,0.002
501c8e35e06b4c013a16,65,5421,5423,0.004,False,False,0.004,0.004,0.004
501c8e35e06b4c013a16,66,5426,5428,0.004,False,False,0.004,0.004,0.004
501c8e35e06b4c013a16,67,5430,5431,0.002,False,False,0.002,0.002,0.002
501c8e35e06b4c013a16,68,5432,5433,0.002,False,False,0.002,0.002,0.002
501c8e35e06b4c013a16,69,5435,5437,0.004,False,False,0.004,0.004,0.004
501c8e35e06b4c013a16,70,5441,5443,0.004,False,False,0.004,0.004,0.004
501c8e35e06b4c013a16,71,5447,5448,0.002,False,False,0.002,0.002,0.002
501c8e35e06b4c013a16,72,5450,5451,0.002,False,False,0.002,0.002,0.002
501c8e35e06b4c013a16,73,5454,5455,0.002,False,False,0.002,0.002,0.002
501c8e35e06b4c013a16,74,5458,5459,0.002,False,False,0.002,0.002,0.002
501c8e35e06b4c013a16,75,5466,5467,0.002,False,False,0.002,0.002,0.002
501c8e35e06b4c013a16,76,6925,6938,0.026000000000000002,False,False,0.026000000000000002,0.026000000000000002,0.026000000000000002
501c8e35e06b4c013a16,77,6941,6945,0.008,False,False,0.008,0.008,0.008
501c8e35e06b4c013a16,78,6947,6951,0.008,False,False,0.008,0.008,0.008
501c8e35e06b4c013a16,79,6953,6955,0.004,False,False,0.004,0.004,0.004
501c8e35e06b4c013a16,80,6956,6959,0.006,False,False,0.006,0.006,0.006
501c8e35e06b4c013a16,81,6961,6964,0.006,False,False,0.006,0.006,0.006
501c8e35e06b4c013a16,82,6965,6967,0.004,False,False,0.004,0.004,0.004
501c8e35e06b4c013a16,83,6969,6974,0.01,False,False,0.01,0.01,0.01
501c8e35e06b4c013a16,84,6976,6979,0.006,False,False,0.006,0.006,0.006
501c8e35e06b4c013a16,85,6980,6983,0.006,False,False,0.006,0.006,0.006
501c8e35e06b4c013a16,86,6985,6991,0.012,False,False,0.012,0.012,0.012
501c8e35e06b4c013a16,87,6993,6999,0.012,False,False,0.012,0.012,0.012
501c8e35e06b4c013a16,88,7001,7007,0.012,False,False,0.012,0.012,0.012
501c8e35e06b4c013a16,89,7008,7012,0.008,False,False,0.008,0.008,0.008
501c8e35e06b4c013a16,90,7013,7016,0.006,False,False,0.006,0.006,0.006
501c8e35e06b4c013a16,91,7017,7023,0.012,False,False,0.012,0.012,0.012
501c8e35e06b4c013a16,92,7024,7027,0.006,False,False,0.006,0.006,0.006
501c8e35e06b4c013a16,93,7028,7035,0.014,False,False,0.014,0.014,0.014
501c8e35e06b4c013a16,94,7037,7047,0.02,False,False,0.02,0.02,0.02
501c8e35e06b4c013a16,95,7049,7059,0.02,False,False,0.02,0.02,0.02
501c8e35e06b4c013a16,96,7061,7071,0.02,False,False,0.02,0.02,0.02
501c8e35e06b4c013a16,97,7072,7077,0.01,False,False,0.01,0.01,0.01
501c8e35e06b4c013a16,98,7078,7084,0.012,False,False,0.012,0.012,0.012
501c8e35e06b4c013a16,99,7085,7092,0.014,False,False,0.014,0.014,0.014
501c8e35e06b4c013a16,100,7093,7098,0.01,False,False,0.01,0.01,0.01
501c8e35e06b4c013a16,101,7099,7107,0.016,False,False,0.016,0.016,0.016
501c8e35e06b4c013a16,102,7108,7114,0.012,False,False,0.012,0.012,0.012
501c8e35e06b4c013a16,103,7115,7122,0.014,False,False,0.014,0.014,0.014
501c8e35e06b4c013a16,104,7123,7130,0.014,False,False,0.014,0.014,0.014
501c8e35e06b4c013a16,105,7131,7139,0.016,False,False,0.016,0.016,0.016
501c8e35e06b4c013a16,106,7140,7147,0.014,False,False,0.014,0.014,0.014
501c8e35e06b4c013a16,107,7148,7156,0.016,False,False,0.016,0.016,0.016
501c8e35e06b4c013a16,108,7157,7165,0.016,False,False,0.016,0.016,0.016
501c8e35e06b4c013a16,109,7166,7174,0.016,False,False,0.016,0.016,0.016
501c8e35e06b4c013a16,110,7175,7184,0.018000000000000002,False,False,0.018000000000000002,0.018000000000000002,0.018000000000000002
501c8e35e06b4c013a16,111,7185,7194,0.018000000000000002,False,False,0.018000000000000002,0.018000000000000002,0.018000000000000002
501c8e35e06b4c013a16,112,7195,7203,0.016,False,False,0.016,0.016,0.016
501c8e35e06b4c013a16,113,7204,7214,0.02,False,False,0.02,0.02,0.02
501c8e35e06b4c013a16,114,7215,7224,0.018000000000000002,False,False,0.018000000000000002,0.018000000000000002,0.018000000000000002
501c8e35e06b4c013a16,115,7225,7235,0.02,False,False,0.02,0.02,0.02
501c8e35e06b4c013a16,116,7236,7246,0.02,False,False,0.02,0.02,0.02
501c8e35e06b4c013a16,117,7247,7257,0.02,False,False,0.02,0.02,0.02
501c8e35e06b4c013a16,118,7258,7268,0.02,False,False,0.02,0.02,0.02
501c8e35e06b4c013a16,119,7269,7280,0.022,False,False,0.022,0.022,0.022
501c8e35e06b4c013a16,120,7281,7291,0.02,False,False,0.02,0.02,0.02
501c8e35e06b4c013a16,121,7292,7303,0.022,False,False,0.022,0.022,0.022
501c8e35e06b4c013a16,122,7304,7315,0.022,False,False,0.022,0.022,0.022
501c8e35e06b4c013a16,123,7316,7327,0.022,False,False,0.022,0.022,0.022
501c8e35e06b4c013a16,124,7328,7340,0.024,False,False,0.024,0.024,0.024
501c8e35e06b4c013a16,125,7341,7352,0.022,False,False,0.022,0.022,0.022
501c8e35e06b4c013a16,126,7353,7365,0.024,False,False,0.024,0.024,0.024
501c8e35e06b4c013a16,127,7366,7378,0.024,False,False,0.024,0.024,0.024
501c8e35e06b4c013a16,128,7379,7391,0.024,False,False,0.024,0.024,0.024
501c8e35e06b4c013a16,129,7392,7404,0.024,False,False,0.024,0.024,0.024
501c8e35e06b4c013a16,130,7405,7418,0.026000000000000002,False,False,0.026000000000000002,0.026000000000000002,0.026000000000000002
501c8e35e06b4c013a16,131,7419,7431,0.024,False,False,0.024,0.024,0.024
501c8e35e06b4c013a16,132,7432,7444,0.024,False,False,0.024,0.024,0.024
501c8e35e06b4c013a16,133,7445,7456,0.022,False,False,0.022,0.022,0.022
501c8e35e06b4c013a16,134,7457,7469,0.024,False,False,0.024,0.024,0.024
501c8e35e06b4c013a16,135,7470,7481,0.022,False,False,0.022,0.022,0.022
501c8e35e06b4c013a16,136,7482,7492,0.02,False,False,0.02,0.02,0.02
501c8e35e06b4c013a16,137,7493,7503,0.02,False,False,0.02,0.02,0.02
501c8e35e06b4c013a16,138,7504,7514,0.02,False,False,0.02,0.02,0.02
501c8e35e06b4c013a16,139,7515,7524,0.018000000000000002,False,False,0.018000000000000002,0.018000000000000002,0.018000000000000002
501c8e35e06b4c013a16,140,7525,7533,0.016,False,False,0.016,0.016,0.016
501c8e35e06b4c013a16,141,7534,7543,0.018000000000000002,False,False,0.018000000000000002,0.018000000000000002,0.018000000000000002
501c8e35e06b4c013a16,142,7544,7549,0.01,False,False,0.01,0.01,0.01
501c8e35e06b4c013a16,143,7550,7558,0.016,False,False,0.016,0.016,0.016
501c8e35e06b4c013a16,144,7559,7568,0.018000000000000002,False,False,0.018000000000000002,0.018000000000000002,0.018000000000000002
501c8e35e06b4c013a16,145,7569,7574,0.01,False,False,0.01,0.01,0.01
501c8e35e06b4c013a16,146,7575,7582,0.014,False,False,0.014,0.014,0.014
501c8e35e06b4c013a16,147,7583,7589,0.012,False,False,0.012,0.012,0.012
501c8e35e06b4c013a16,148,7590,7597,0.014,False,False,0.014,0.014,0.014
501c8e35e06b4c013a16,149,7598,7603,0.01,False,False,0.01,0.01,0.01
501c8e35e06b4c013a16,150,7604,7611,0.014,False,False,0.014,0.014,0.014
501c8e35e06b4c013a16,151,7612,7617,0.01,False,False,0.01,0.01,0.01
501c8e35e06b4c013a16,152,7618,7625,0.014,False,False,0.014,0.014,0.014
501c8e35e06b4c013a16,153,7626,7630,0.008,False,False,0.008,0.008,0.008
501c8e35e06b4c013a16,154,7631,7638,0.014,False,False,0.014,0.014,0.014
501c8e35e06b4c013a16,155,7639,7642,0.006,False,False,0.006,0.006,0.006
501c8e35e06b4c013a16,156,7643,7649,0.012,False,False,0.012,0.012,0.012
501c8e35e06b4c013a16,157,7650,7655,0.01,False,False,0.01,0.01,0.01
501c8e35e06b4c013a16,158,7656,7662,0.012,False,False,0.012,0.012,0.012
501c8e35e06b4c013a16,159,7664,7673,0.018000000000000002,False,False,0.018000000000000002,0.018000000000000002,0.018000000000000002
501c8e35e06b4c013a16,160,7674,7679,0.01,False,False,0.01,0.01,0.01
501c8e35e06b4c013a16,161,7680,7685,0.01,False,False,0.01,0.01,0.01
501c8e35e06b4c013a16,162,7687,7695,0.016,False,False,0.016,0.016,0.016
501c8e35e06b4c013a16,163,7696,7700,0.008,False,False,0.008,0.008,0.008
501c8e35e06b4c013a16,164,7701,7706,0.01,False,False,0.01,0.01,0.01
501c8e35e06b4c013a16,165,7708,7716,0.016,False,False,0.016,0.016,0.016
501c8e35e06b4c013a16,166,7717,7721,0.008,False,False,0.008,0.008,0.008
501c8e35e06b4c013a16,167,7722,7728,0.012,False,False,0.012,0.012,0.012
501c8e35e06b4c013a16,168,7730,7738,0.016,False,False,0.016,0.016,0.016
501c8e35e06b4c013a16,169,7740,7745,0.01,False,False,0.01,0.01,0.01
501c8e35e06b4c013a16,170,7746,7750,0.008,False,False,0.008,0.008,0.008
501c8e35e06b4c013a16,171,7751,7757,0.012,False,False,0.012,0.012,0.012
501c8e35e06b4c013a16,172,7758,7762,0.008,False,False,0.008,0.008,0.008
501c8e35e06b4c013a16,173,7763,7767,0.008,False,False,0.008,0.008,0.008
501c8e35e06b4c013a16,174,7768,7772,0.008,False,False,0.008,0.008,0.008
501c8e35e06b4c013a16,175,7773,7778,0.01,False,False,0.01,0.01,0.01
501c8e35e06b4c013a16,176,7779,7782,0.006,False,False,0.006,0.006,0.006
501c8e35e06b4c013a16,177,7783,7787,0.008,False,False,0.008,0.008,0.008
501c8e35e06b4c013a16,178,7788,7793,0.01,False,False,0.01,0.01,0.01
501c8e35e06b4c013a16,179,7794,7798,0.008,False,False,0.008,0.008,0.008
501c8e35e06b4c013a16,180,7799,7803,0.008,False,False,0.008,0.008,0.008
501c8e35e06b4c013a16,181,7804,7812,0.016,False,False,0.016,0.016,0.016
501c8e35e06b4c013a16,182,7813,7823,0.02,False,False,0.02,0.02,0.02
501c8e35e06b4c013a16,183,7824,7832,0.016,False,False,0.016,0.016,0.016
501c8e35e06b4c013a16,184,7833,7841,0.016,False,False,0.016,0.016,0.016
501c8e35e06b4c013a16,185,7842,7850,0.016,False,False,0.016,0.016,0.016
501c8e35e06b4c013a16,186,7851,7857,0.012,False,False,0.012,0.012,0.012
501c8e35e06b4c013a16,187,7858,7866,0.016,False,False,0.016,0.016,0.016
501c8e35e06b4c013a16,188,7867,7874,0.014,False,False,0.014,0.014,0.014
501c8e35e06b4c013a16,189,7875,7883,0.016,False,False,0.016,0.016,0.016
501c8e35e06b4c013a16,190,7884,7890,0.012,False,False,0.012,0.012,0.012
501c8e35e06b4c013a16,191,7891,7899,0.016,False,False,0.016,0.016,0.016
501c8e35e06b4c013a16,192,7900,7908,0.016,False,False,0.016,0.016,0.016
501c8e35e06b4c013a16,193,7909,7916,0.014,False,False,0.014,0.014,0.014
501c8e35e06b4c013a16,194,7917,7926,0.018000000000000002,False,False,0.018000000000000002,0.018000000000000002,0.018000000000000002
501c8e35e06b4c013a16,195,7927,7935,0.016,False,False,0.016,0.016,0.016
501c8e35e06b4c013a16,196,7936,7945,0.018000000000000002,False,False,0.018000000000000002,0.018000000000000002,0.018000000000000002
501c8e35e06b4c013a16,197,7946,7957,0.022,False,False,0.022,0.022,0.022
501c8e35e06b4c013a16,198,7958,7968,0.02,False,False,0.02,0.02,0.02
501c8e35e06b4c013a16,199,7969,7981,0.024,False,False,0.024,0.024,0.024
501c8e35e06b4c013a16,200,7982,7994,0.024,False,False,0.024,0.024,0.024
501c8e35e06b4c013a16,201,7995,8008,0.026000000000000002,False,False,0.026000000000000002,0.026000000000000002,0.026000000000000002
501c8e35e06b4c013a16,202,8009,8023,0.028,False,False,0.028,0.028,0.028
501c8e35e06b4c013a16,203,8024,8039,0.03,False,False,0.03,0.03,0.03
501c8e35e06b4c013a16,204,8040,8058,0.036000000000000004,False,False,0.036000000000000004,0.036000000000000004,0.036000000000000004
501c8e35e06b4c013a16,205,8059,8085,0.052000000000000005,False,False,0.052000000000000005,0.052000000000000005,0.052000000000000005
501c8e35e06b4c013a16,206,8086,8141,0.11,False,False,0.11,0.11,0.11
501c8e35e06b4c013a16,207,8142,8266,0.248,False,False,0.248,0.248,0.248
501c8e35e06b4c013a16,208,8267,8319,0.10400000000000001,False,False,0.10400000000000001,0.10400000000000001,0.10400000000000001
501c8e35e06b4c013a16,209,8320,8361,0.082,False,False,0.082,0.082,0.082
501c8e35e06b4c013a16,210,8362,8399,0.074,False,False,0.074,0.074,0.074
501c8e35e06b4c013a16,211,8400,8433,0.066,False,False,0.066,0.066,0.066
501c8e35e06b4c013a16,212,8434,8463,0.058,False,False,0.058,0.058,0.058
501c8e35e06b4c013a16,213,8464,8490,0.052000000000000005,False,False,0.052000000000000005,0.052000000000000005,0.052000000000000005
501c8e35e06b4c013a16,214,8491,8515,0.048,False,False,0.048,0.048,0.048
501c8e35e06b4c013a16,215,8516,8537,0.042,False,False,0.042,0.042,0.042
501c8e35e06b4c013a16,216,8538,8559,0.042,False,False,0.042,0.042,0.042
501c8e35e06b4c013a16,217,8560,8578,0.036000000000000004,False,False,0.036000000000000004,0.036000000000000004,0.036000000000000004
501c8e35e06b4c013a16,218,8579,8596,0.034,False,False,0.034,0.034,0.034
501c8e35e06b4c013a16,219,8597,8614,0.034,False,False,0.034,0.034,0.034
501c8e35e06b4c013a16,220,8615,8629,0.028,False,False,0.028,0.028,0.028
501c8e35e06b4c013a16,221,8630,8645,0.03,False,False,0.03,0.03,0.03
501c8e35e06b4c013a16,222,8646,8659,0.026000000000000002,False,False,0.026000000000000002,0.026000000000000002,0.026000000000000002
501c8e35e06b4c013a16,223,8660,8673,0.026000000000000002,False,False,0.026000000000000002,0.026000000000000002,0.026000000000000002
501c8e35e06b4c013a16,224,8674,8685,0.022,False,False,0.022,0.022,0.022
501c8e35e06b4c013a16,225,8686,8698,0.024,False,False,0.024,0.024,0.024
501c8e35e06b4c013a16,226,8699,8709,0.02,False,False,0.02,0.02,0.02
501c8e35e06b4c013a16,227,8710,8720,0.02,False,False,0.02,0.02,0.02
501c8e35e06b4c013a16,228,8721,8730,0.018000000000000002,False,False,0.018000000000000002,0.018000000000000002,0.018000000000000002
501c8e35e06b4c013a16,229,8731,8740,0.018000000000000002,False,False,0.018000000000000002,0.018000000000000002,0.018000000000000002
501c8e35e06b4c013a16,230,8741,8749,0.016,False,False,0.016,0.016,0.016
501c8e35e06b4c013a16,231,8750,8758,0.016,False,False,0.016,0.016,0.016
501c8e35e06b4c013a16,232,8759,8765,0.012,False,False,0.012,0.012,0.012
501c8e35e06b4c013a16,233,8766,8774,0.016,False,False,0.016,0.016,0.016
501c8e35e06b4c013a16,234,8775,8781,0.012,False,False,0.012,0.012,0.012
501c8e35e06b4c013a16,235,8782,8789,0.014,False,False,0.014,0.014,0.014
501c8e35e06b4c013a16,236,8790,8795,0.01,False,False,0.01,0.01,0.01
501c8e35e06b4c013a16,237,8796,8802,0.012,False,False,0.012,0.012,0.012
501c8e35e06b4c013a16,238,8803,8808,0.01,False,False,0.01,0.01,0.01
501c8e35e06b4c013a16,239,8809,8814,0.01,False,False,0.01,0.01,0.01
501c8e35e06b4c013a16,240,8815,8820,0.01,False,False,0.01,0.01,0.01
501c8e35e06b4c013a16,241,8821,8826,0.01,False,False,0.01,0.01,0.01
501c8e35e06b4c013a16,242,8828,8837,0.018000000000000002,False,False,0.018000000000000002,0.018000000000000002,0.018000000000000002
501c8e35e06b4c013a16,243,8839,8846,0.014,False,False,0.014,0.014,0.014
501c8e35e06b4c013a16,244,8848,8854,0.012,False,False,0.012,0.012,0.012
501c8e35e06b4c013a16,245,8856,8862,0.012,False,False,0.012,0.012,0.012
501c8e35e06b4c013a16,246,8864,8869,0.01,False,False,0.01,0.01,0.01
501c8e35e06b4c013a16,247,8870,8872,0.004,False,False,0.004,0.004,0.004
501c8e35e06b4c013a16,248,8873,8875,0.004,False,False,0.004,0.004,0.004
501c8e35e06b4c013a16,249,8876,8879,0.006,False,False,0.006,0.006,0.006
501c8e35e06b4c013a16,250,8880,8882,0.004,False,False,0.004,0.004,0.004
501c8e35e06b4c013a16,251,8883,8886,0.006,False,False,0.006,0.006,0.006
501c8e35e06b4c013a16,252,8888,8892,0.008,False,False,0.008,0.008,0.008
501c8e35e06b4c013a16,253,8894,8898,0.008,False,False,0.008,0.008,0.008
501c8e35e06b4c013a16,254,8901,8905,0.008,False,False,0.008,0.008,0.008
501c8e35e06b4c013a16,255,8906,8907,0.002,False,False,0.002,0.002,0.002
501c8e35e06b4c013a16,256,8909,8912,0.006,False,False,0.006,0.006,0.006
501c8e35e06b4c013a16,257,8915,8918,0.006,False,False,0.006,0.006,0.006
501c8e35e06b4c013a16,258,8920,8921,0.002,False,False,0.002,0.002,0.002
501c8e35e06b4c013a16,259,8922,8923,0.002,False,False,0.002,0.002,0.002
501c8e35e06b4c013a16,260,8924,8925,0.002,False,False,0.002,0.002,0.002
501c8e35e06b4c013a16,261,8927,8929,0.004,False,False,0.004,0.004,0.004
501c8e35e06b4c013a16,262,8933,8935,0.004,False,False,0.004,0.004,0.004
501c8e35e06b4c013a16,263,8939,8940,0.002,False,False,0.002,0.002,0.002
501c8e35e06b4c013a16,264,8944,8945,0.002,False,False,0.002,0.002,0.002
5048365511d4f3c7959b,0,8206,15400,14.388,False,False,14.388,14.388,14.388
520e98b2658a37e0e613,0,3338,3707,0.738,False,True,0.738,0.738,0.738
520e98b2658a37e0e613,1,6189,15200,18.022000000000002,True,True,17.396,17.396,15.128
536db609af278e38cd01,0,4942,4947,0.01,False,True,0.01,0.01,0.01
536db609af278e38cd01,1,4948,4953,0.01,False,True,0.01,0.01,0.01
536db609af278e38cd01,2,4954,4959,0.01,False,True,0.01,0.01,0.01
536db609af278e38cd01,3,4960,4964,0.008,False,True,0.008,0.008,0.008
536db609af278e38cd01,4,4965,4969,0.008,False,True,0.008,0.008,0.008
536db609af278e38cd01,5,4970,4974,0.008,False,True,0.008,0.008,0.008
536db609af278e38cd01,6,4975,4979,0.008,False,True,0.008,0.008,0.008
536db609af278e38cd01,7,4980,4983,0.006,False,True,0.006,0.006,0.006
536db609af278e38cd01,8,4984,4987,0.006,False,True,0.006,0.006,0.006
536db609af278e38cd01,9,4988,4992,0.008,False,True,0.008,0.008,0.008
536db609af278e38cd01,10,4994,5000,0.012,False,True,0.012,0.012,0.012
536db609af278e38cd01,11,5003,5010,0.014,False,True,0.014,0.014,0.014
536db609af278e38cd01,12,5011,5012,0.002,False,True,0.002,0.002,0.002
536db609af278e38cd01,13,5013,5017,0.008,False,True,0.008,0.008,0.008
536db609af278e38cd01,14,5018,5020,0.004,False,True,0.004,0.004,0.004
536db609af278e38cd01,15,5021,5025,0.008,False,True,0.008,0.008,0.008
536db609af278e38cd01,16,5027,5033,0.012,False,True,0.012,0.012,0.012
536db609af278e38cd01,17,5036,5043,0.014,False,True,0.014,0.014,0.014
536db609af278e38cd01,18,5045,5050,0.01,False,True,0.01,0.01,0.01
536db609af278e38cd01,19,5051,5054,0.006,False,True,0.006,0.006,0.006
536db609af278e38cd01,20,5055,5059,0.008,False,True,0.008,0.008,0.008
536db609af278e38cd01,21,5060,5066,0.012,False,True,0.012,0.012,0.012
536db609af278e38cd01,22,5067,5075,0.016,False,True,0.016,0.016,0.016
536db609af278e38cd01,23,5076,6812,3.472,False,True,3.472,3.472,3.472
536db609af278e38cd01,24,6814,7586,1.544,False,True,1.544,1.544,1.544
536db609af278e38cd01,25,7587,7617,0.06,False,True,0.06,0.06,0.06
536db609af278e38cd01,26,7618,7640,0.044,False,True,0.044,0.044,0.044
536db609af278e38cd01,27,7641,7662,0.042,False,True,0.042,0.042,0.042
536db609af278e38cd01,28,7663,7684,0.042,False,True,0.042,0.042,0.042
536db609af278e38cd01,29,7685,7713,0.056,False,True,0.056,0.056,0.056
536db609af278e38cd01,30,7714,7749,0.07,False,True,0.07,0.07,0.07
536db609af278e38cd01,31,7750,7792,0.084,False,True,0.084,0.084,0.084
536db609af278e38cd01,32,7793,7798,0.01,False,True,0.01,0.01,0.01
536db609af278e38cd01,33,7799,15400,15.202,True,True,15.202,15.202,15.202
5397369b9bc4d109f489,0,7717,15400,15.366,True,True,15.366,15.366,15.366
549e7ac69ccb84c53677,0,7758,15400,15.284,True,True,15.284,15.284,15.284
54cfaa13e80cc022c894,0,3382,3794,0.8240000000000001,False,True,0.784,0.784,0.296
54cfaa13e80cc022c894,1,5503,15200,19.394000000000002,True,True,19.326,19.326,15.146
55118bce57f8a094371d,0,7673,15400,15.454,True,False,15.454,15.454,15.454
553e3bdc1deec347e898,0,7462,9154,3.384,False,True,3.368,3.368,3.358
553e3bdc1deec347e898,1,9155,9171,0.032,False,True,0.032,0.032,0.032
553e3bdc1deec347e898,2,9172,9189,0.034,False,True,0.034,0.034,0.034
553e3bdc1deec347e898,3,9190,9199,0.018000000000000002,False,True,0.018000000000000002,0.018000000000000002,0.018000000000000002
553e3bdc1deec347e898,4,9203,9209,0.012,False,True,0.012,0.012,0.012
553e3bdc1deec347e898,5,9211,9217,0.012,False,True,0.012,0.012,0.012
553e3bdc1deec347e898,6,9218,9222,0.008,False,True,0.008,0.008,0.008
553e3bdc1deec347e898,7,9223,9230,0.014,False,True,0.014,0.014,0.014
553e3bdc1deec347e898,8,9231,9240,0.018000000000000002,False,True,0.018000000000000002,0.018000000000000002,0.018000000000000002
553e3bdc1deec347e898,9,9241,15100,11.718,False,True,11.718,11.718,11.718
55a09689e681ac581b64,0,7759,15400,15.282,True,True,15.282,15.282,15.282
569a4569f9a34a1b2304,0,3315,3340,0.05,False,True,0.05,0.05,0.05
569a4569f9a34a1b2304,1,3341,3345,0.008,False,True,0.008,0.008,0.008
569a4569f9a34a1b2304,2,3389,3457,0.136,False,True,0.136,0.136,0.136
569a4569f9a34a1b2304,3,7414,15200,15.572000000000001,True,True,15.508000000000001,15.508000000000001,15.11
56cfbfb1d2b02843015c,0,7365,7369,0.008,False,True,0.008,0.008,0.008
56cfbfb1d2b02843015c,1,7370,7385,0.03,False,True,0.03,0.03,0.03
56cfbfb1d2b02843015c,2,7386,7399,0.026000000000000002,False,True,0.026000000000000002,0.026000000000000002,0.026000000000000002
56cfbfb1d2b02843015c,3,7400,7409,0.018000000000000002,False,True,0.016,0.016,0.014
56cfbfb1d2b02843015c,4,7411,7434,0.046,False,True,0.046,0.046,0.046
56cfbfb1d2b02843015c,5,7435,7446,0.022,False,True,0.022,0.022,0.022
56cfbfb1d2b02843015c,6,7447,7448,0.002,False,True,0.0,0.0,0.0
56cfbfb1d2b02843015c,7,7450,15200,15.5,True,True,15.5,15.5,15.5
56d5ca095e2be3e81479,0,7658,15400,15.484,True,False,15.484,15.484,15.484
5767514381fa714d9221,0,5003,5012,0.018000000000000002,False,True,0.018000000000000002,0.018000000000000002,0.018000000000000002
5767514381fa714d9221,1,5013,5025,0.024,False,True,0.024,0.024,0.024
5767514381fa714d9221,2,5026,5040,0.028,False,True,0.028,0.028,0.028
5767514381fa714d9221,3,5041,5065,0.048,False,True,0.048,0.048,0.048
5767514381fa714d9221,4,5066,15400,20.668,True,True,20.668,20.668,20.668
58527797cc7cb61d21a8,0,3368,3374,0.012,False,True,0.012,0.012,0.012
58527797cc7cb61d21a8,1,3375,3761,0.772,False,True,0.772,0.772,0.772
58527797cc7cb61d21a8,2,7384,15200,15.632,True,True,15.632,15.632,15.632
58f36c78989baf46a590,0,4888,4891,0.006,False,False,0.006,0.006,0.006
58f36c78989baf46a590,1,4892,4896,0.008,False,False,0.008,0.008,0.008
58f36c78989baf46a590,2,4898,4905,0.014,False,False,0.014,0.014,0.014
58f36c78989baf46a590,3,4907,4911,0.008,False,False,0.008,0.008,0.008
58f36c78989baf46a590,4,4912,4913,0.002,False,False,0.002,0.002,0.002
58f36c78989baf46a590,5,4916,4922,0.012,False,False,0.012,0.012,0.012
58f36c78989baf46a590,6,4924,4929,0.01,False,False,0.01,0.01,0.01
58f36c78989baf46a590,7,4931,4935,0.008,False,False,0.008,0.008,0.008
58f36c78989baf46a590,8,4936,4937,0.002,False,False,0.002,0.002,0.002
58f36c78989baf46a590,9,4938,4941,0.006,False,False,0.006,0.006,0.006
58f36c78989baf46a590,10,4942,4944,0.004,False,False,0.004,0.004,0.004
58f36c78989baf46a590,11,4946,4950,0.008,False,False,0.008,0.008,0.008
58f36c78989baf46a590,12,4952,4954,0.004,False,False,0.004,0.004,0.004
58f36c78989baf46a590,13,4955,4956,0.002,False,False,0.002,0.002,0.002
58f36c78989baf46a590,14,4957,4959,0.004,False,False,0.004,0.004,0.004
58f36c78989baf46a590,15,4960,4961,0.002,False,False,0.002,0.002,0.002
58f36c78989baf46a590,16,4962,4963,0.002,False,False,0.002,0.002,0.002
58f36c78989baf46a590,17,4964,4966,0.004,False,False,0.004,0.004,0.004
58f36c78989baf46a590,18,4973,4976,0.006,False,False,0.006,0.006,0.006
58f36c78989baf46a590,19,4978,4980,0.004,False,False,0.004,0.004,0.004
58f36c78989baf46a590,20,4983,4986,0.006,False,False,0.006,0.006,0.006
58f36c78989baf46a590,21,4990,4992,0.004,False,False,0.004,0.004,0.004
58f36c78989baf46a590,22,4995,4997,0.004,False,False,0.004,0.004,0.004
58f36c78989baf46a590,23,5003,5004,0.002,False,False,0.002,0.002,0.002
58f36c78989baf46a590,24,5006,5007,0.002,False,False,0.002,0.002,0.002
58f36c78989baf46a590,25,5125,5166,0.082,False,False,0.082,0.082,0.082
58f36c78989baf46a590,26,5168,5179,0.022,False,False,0.022,0.022,0.022
58f36c78989baf46a590,27,5180,5184,0.008,False,False,0.008,0.008,0.008
58f36c78989baf46a590,28,5185,5192,0.014,False,False,0.014,0.014,0.014
58f36c78989baf46a590,29,5194,5205,0.022,False,False,0.022,0.022,0.022
58f36c78989baf46a590,30,5206,5210,0.008,False,False,0.008,0.008,0.008
58f36c78989baf46a590,31,5211,5219,0.016,False,False,0.016,0.016,0.016
58f36c78989baf46a590,32,5220,5227,0.014,False,False,0.014,0.014,0.014
58f36c78989baf46a590,33,5228,5237,0.018000000000000002,False,False,0.018000000000000002,0.018000000000000002,0.018000000000000002
58f36c78989baf46a590,34,5238,5248,0.02,False,False,0.02,0.02,0.02
58f36c78989baf46a590,35,5249,5261,0.024,False,False,0.024,0.024,0.024
58f36c78989baf46a590,36,5262,5274,0.024,False,False,0.024,0.024,0.024
58f36c78989baf46a590,37,5275,5287,0.024,False,False,0.024,0.024,0.024
58f36c78989baf46a590,38,5288,5297,0.018000000000000002,False,False,0.018000000000000002,0.018000000000000002,0.018000000000000002
58f36c78989baf46a590,39,5298,5307,0.018000000000000002,False,False,0.018000000000000002,0.018000000000000002,0.018000000000000002
58f36c78989baf46a590,40,5308,5316,0.016,False,False,0.016,0.016,0.016
58f36c78989baf46a590,41,5317,5324,0.014,False,False,0.014,0.014,0.014
58f36c78989baf46a590,42,5325,5331,0.012,False,False,0.012,0.012,0.012
58f36c78989baf46a590,43,5332,5339,0.014,False,False,0.014,0.014,0.014
58f36c78989baf46a590,44,5340,5345,0.01,False,False,0.01,0.01,0.01
58f36c78989baf46a590,45,5346,5352,0.012,False,False,0.012,0.012,0.012
58f36c78989baf46a590,46,5353,5358,0.01,False,False,0.01,0.01,0.01
58f36c78989baf46a590,47,5359,5364,0.01,False,False,0.01,0.01,0.01
58f36c78989baf46a590,48,5365,5371,0.012,False,False,0.012,0.012,0.012
58f36c78989baf46a590,49,5373,5382,0.018000000000000002,False,False,0.018000000000000002,0.018000000000000002,0.018000000000000002
58f36c78989baf46a590,50,5383,5386,0.006,False,False,0.006,0.006,0.006
58f36c78989baf46a590,51,5387,5393,0.012,False,False,0.012,0.012,0.012
58f36c78989baf46a590,52,5394,5397,0.006,False,False,0.006,0.006,0.006
58f36c78989baf46a590,53,5398,5404,0.012,False,False,0.012,0.012,0.012
58f36c78989baf46a590,54,5406,5415,0.018000000000000002,False,False,0.018000000000000002,0.018000000000000002,0.018000000000000002
58f36c78989baf46a590,55,5417,5424,0.014,False,False,0.014,0.014,0.014
58f36c78989baf46a590,56,5426,5434,0.016,False,False,0.016,0.016,0.016
58f36c78989baf46a590,57,5436,5442,0.012,False,False,0.012,0.012,0.012
58f36c78989baf46a590,58,5443,5446,0.006,False,False,0.006,0.006,0.006
58f36c78989baf46a590,59,5447,5451,0.008,False,False,0.008,0.008,0.008
58f36c78989baf46a590,60,5452,5456,0.008,False,False,0.008,0.008,0.008
58f36c78989baf46a590,61,5457,5460,0.006,False,False,0.006,0.006,0.006
58f36c78989baf46a590,62,5461,5465,0.008,False,False,0.008,0.008,0.008
58f36c78989baf46a590,63,5467,5474,0.014,False,False,0.014,0.014,0.014
58f36c78989baf46a590,64,5476,5481,0.01,False,False,0.01,0.01,0.01
58f36c78989baf46a590,65,5483,5489,0.012,False,False,0.012,0.012,0.012
58f36c78989baf46a590,66,5491,5495,0.008,False,False,0.008,0.008,0.008
58f36c78989baf46a590,67,5496,5498,0.004,False,False,0.004,0.004,0.004
58f36c78989baf46a590,68,5499,5502,0.006,False,False,0.006,0.006,0.006
58f36c78989baf46a590,69,5503,5505,0.004,False,False,0.004,0.004,0.004
58f36c78989baf46a590,70,5506,5508,0.004,False,False,0.004,0.004,0.004
58f36c78989baf46a590,71,5509,5512,0.006,False,False,0.006,0.006,0.006
58f36c78989baf46a590,72,5514,5518,0.008,False,False,0.008,0.008,0.008
58f36c78989baf46a590,73,5520,5524,0.008,False,False,0.008,0.008,0.008
58f36c78989baf46a590,74,5527,5531,0.008,False,False,0.008,0.008,0.008
58f36c78989baf46a590,75,5533,5536,0.006,False,False,0.006,0.006,0.006
58f36c78989baf46a590,76,5539,5543,0.008,False,False,0.008,0.008,0.008
58f36c78989baf46a590,77,5547,5551,0.008,False,False,0.008,0.008,0.008
58f36c78989baf46a590,78,5555,5557,0.004,False,False,0.004,0.004,0.004
58f36c78989baf46a590,79,5559,5561,0.004,False,False,0.004,0.004,0.004
58f36c78989baf46a590,80,5565,5567,0.004,False,False,0.004,0.004,0.004
58f36c78989baf46a590,81,5570,5571,0.002,False,False,0.002,0.002,0.002
58f36c78989baf46a590,82,5574,5575,0.002,False,False,0.002,0.002,0.002
58f36c78989baf46a590,83,5577,5578,0.002,False,False,0.002,0.002,0.002
58f36c78989baf46a590,84,5586,5587,0.002,False,False,0.002,0.002,0.002
58f36c78989baf46a590,85,6917,6934,0.034,False,False,0.034,0.034,0.034
58f36c78989baf46a590,86,6938,6945,0.014,False,False,0.014,0.014,0.014
58f36c78989baf46a590,87,6948,6954,0.012,False,False,0.012,0.012,0.012
58f36c78989baf46a590,88,6956,6959,0.006,False,False,0.006,0.006,0.006
58f36c78989baf46a590,89,6960,6963,0.006,False,False,0.006,0.006,0.006
58f36c78989baf46a590,90,6965,6970,0.01,False,False,0.01,0.01,0.01
58f36c78989baf46a590,91,6972,6977,0.01,False,False,0.01,0.01,0.01
58f36c78989baf46a590,92,6979,6985,0.012,False,False,0.012,0.012,0.012
58f36c78989baf46a590,93,6987,6994,0.014,False,False,0.014,0.014,0.014
58f36c78989baf46a590,94,6996,7003,0.014,False,False,0.014,0.014,0.014
58f36c78989baf46a590,95,7004,7008,0.008,False,False,0.008,0.008,0.008
58f36c78989baf46a590,96,7009,7014,0.01,False,False,0.01,0.01,0.01
58f36c78989baf46a590,97,7015,7020,0.01,False,False,0.01,0.01,0.01
58f36c78989baf46a590,98,7021,7027,0.012,False,False,0.012,0.012,0.012
58f36c78989baf46a590,99,7028,7033,0.01,False,False,0.01,0.01,0.01
58f36c78989baf46a590,100,7034,7041,0.014,False,False,0.014,0.014,0.014
58f36c78989baf46a590,101,7042,7047,0.01,False,False,0.01,0.01,0.01
58f36c78989baf46a590,102,7048,7055,0.014,False,False,0.014,0.014,0.014
58f36c78989baf46a590,103,7056,7063,0.014,False,False,0.014,0.014,0.014
58f36c78989baf46a590,104,7064,7070,0.012,False,False,0.012,0.012,0.012
58f36c78989baf46a590,105,7071,7078,0.014,False,False,0.014,0.014,0.014
58f36c78989baf46a590,106,7079,7086,0.014,False,False,0.014,0.014,0.014
58f36c78989baf46a590,107,7087,7095,0.016,False,False,0.016,0.016,0.016
58f36c78989baf46a590,108,7096,7102,0.012,False,False,0.012,0.012,0.012
58f36c78989baf46a590,109,7103,7112,0.018000000000000002,False,False,0.018000000000000002,0.018000000000000002,0.018000000000000002
58f36c78989baf46a590,110,7113,7120,0.014,False,False,0.014,0.014,0.014
58f36c78989baf46a590,111,7121,7129,0.016,False,False,0.016,0.016,0.016
58f36c78989baf46a590,112,7130,7138,0.016,False,False,0.016,0.016,0.016
58f36c78989baf46a590,113,7139,7148,0.018000000000000002,False,False,0.018000000000000002,0.018000000000000002,0.018000000000000002
58f36c78989baf46a590,114,7149,7158,0.018000000000000002,False,False,0.018000000000000002,0.018000000000000002,0.018000000000000002
58f36c78989baf46a590,115,7159,7168,0.018000000000000002,False,False,0.018000000000000002,0.018000000000000002,0.018000000000000002
58f36c78989baf46a590,116,7169,7178,0.018000000000000002,False,False,0.018000000000000002,0.018000000000000002,0.018000000000000002
58f36c78989baf46a590,117,7179,7189,0.02,False,False,0.02,0.02,0.02
58f36c78989baf46a590,118,7190,7200,0.02,False,False,0.02,0.02,0.02
58f36c78989baf46a590,119,7201,7211,0.02,False,False,0.02,0.02,0.02
58f36c78989baf46a590,120,7212,7223,0.022,False,False,0.022,0.022,0.022
58f36c78989baf46a590,121,7224,7235,0.022,False,False,0.022,0.022,0.022
58f36c78989baf46a590,122,7236,7247,0.022,False,False,0.022,0.022,0.022
58f36c78989baf46a590,123,7248,7259,0.022,False,False,0.022,0.022,0.022
58f36c78989baf46a590,124,7260,7272,0.024,False,False,0.024,0.024,0.024
58f36c78989baf46a590,125,7273,7285,0.024,False,False,0.024,0.024,0.024
58f36c78989baf46a590,126,7286,7297,0.022,False,False,0.022,0.022,0.022
58f36c78989baf46a590,127,7298,7311,0.026000000000000002,False,False,0.026000000000000002,0.026000000000000002,0.026000000000000002
58f36c78989baf46a590,128,7312,7324,0.024,False,False,0.024,0.024,0.024
58f36c78989baf46a590,129,7325,7338,0.026000000000000002,False,False,0.026000000000000002,0.026000000000000002,0.026000000000000002
58f36c78989baf46a590,130,7339,7352,0.026000000000000002,False,False,0.026000000000000002,0.026000000000000002,0.026000000000000002
58f36c78989baf46a590,131,7353,7366,0.026000000000000002,False,False,0.026000000000000002,0.026000000000000002,0.026000000000000002
58f36c78989baf46a590,132,7367,7380,0.026000000000000002,False,False,0.026000000000000002,0.026000000000000002,0.026000000000000002
58f36c78989baf46a590,133,7381,7395,0.028,False,False,0.028,0.028,0.028
58f36c78989baf46a590,134,7396,7410,0.028,False,False,0.028,0.028,0.028
58f36c78989baf46a590,135,7411,7425,0.028,False,False,0.028,0.028,0.028
58f36c78989baf46a590,136,7426,7440,0.028,False,False,0.028,0.028,0.028
58f36c78989baf46a590,137,7441,7454,0.026000000000000002,False,False,0.026000000000000002,0.026000000000000002,0.026000000000000002
58f36c78989baf46a590,138,7455,7469,0.028,False,False,0.028,0.028,0.028
58f36c78989baf46a590,139,7470,7482,0.024,False,False,0.024,0.024,0.024
58f36c78989baf46a590,140,7483,7496,0.026000000000000002,False,False,0.026000000000000002,0.026000000000000002,0.026000000000000002
58f36c78989baf46a590,141,7497,7508,0.022,False,False,0.022,0.022,0.022
58f36c78989baf46a590,142,7509,7521,0.024,False,False,0.024,0.024,0.024
58f36c78989baf46a590,143,7522,7532,0.02,False,False,0.02,0.02,0.02
58f36c78989baf46a590,144,7533,7543,0.02,False,False,0.02,0.02,0.02
58f36c78989baf46a590,145,7544,7553,0.018000000000000002,False,False,0.018000000000000002,0.018000000000000002,0.018000000000000002
58f36c78989baf46a590,146,7554,7561,0.014,False,False,0.014,0.014,0.014
58f36c78989baf46a590,147,7562,7571,0.018000000000000002,False,False,0.018000000000000002,0.018000000000000002,0.018000000000000002
58f36c78989baf46a590,148,7572,7581,0.018000000000000002,False,False,0.018000000000000002,0.018000000000000002,0.018000000000000002
58f36c78989baf46a590,149,7582,7588,0.012,False,False,0.012,0.012,0.012
58f36c78989baf46a590,150,7589,7598,0.018000000000000002,False,False,0.018000000000000002,0.018000000000000002,0.018000000000000002
58f36c78989baf46a590,151,7599,7604,0.01,False,False,0.01,0.01,0.01
58f36c78989baf46a590,152,7605,7612,0.014,False,False,0.014,0.014,0.014
58f36c78989baf46a590,153,7613,7620,0.014,False,False,0.014,0.014,0.014
58f36c78989baf46a590,154,7621,7627,0.012,False,False,0.012,0.012,0.012
58f36c78989baf46a590,155,7628,7636,0.016,False,False,0.016,0.016,0.016
58f36c78989baf46a590,156,7637,7641,0.008,False,False,0.008,0.008,0.008
58f36c78989baf46a590,157,7642,7648,0.012,False,False,0.012,0.012,0.012
58f36c78989baf46a590,158,7649,7656,0.014,False,False,0.014,0.014,0.014
58f36c78989baf46a590,159,7657,7661,0.008,False,False,0.008,0.008,0.008
58f36c78989baf46a590,160,7662,7667,0.01,False,False,0.01,0.01,0.01
58f36c78989baf46a590,161,7668,7676,0.016,False,False,0.016,0.016,0.016
58f36c78989baf46a590,162,7677,7682,0.01,False,False,0.01,0.01,0.01
58f36c78989baf46a590,163,7683,7688,0.01,False,False,0.01,0.01,0.01
58f36c78989baf46a590,164,7689,7694,0.01,False,False,0.01,0.01,0.01
58f36c78989baf46a590,165,7695,7700,0.01,False,False,0.01,0.01,0.01
58f36c78989baf46a590,166,7701,7707,0.012,False,False,0.012,0.012,0.012
58f36c78989baf46a590,167,7708,7711,0.006,False,False,0.006,0.006,0.006
58f36c78989baf46a590,168,7712,7718,0.012,False,False,0.012,0.012,0.012
58f36c78989baf46a590,169,7719,7724,0.01,False,False,0.01,0.01,0.01
58f36c78989baf46a590,170,7725,7730,0.01,False,False,0.01,0.01,0.01
58f36c78989baf46a590,171,7731,7736,0.01,False,False,0.01,0.01,0.01
58f36c78989baf46a590,172,7737,7742,0.01,False,False,0.01,0.01,0.01
58f36c78989baf46a590,173,7744,7753,0.018000000000000002,False,False,0.018000000000000002,0.018000000000000002,0.018000000000000002
58f36c78989baf46a590,174,7754,7758,0.008,False,False,0.008,0.008,0.008
58f36c78989baf46a590,175,7759,7765,0.012,False,False,0.012,0.012,0.012
58f36c78989baf46a590,176,7767,7774,0.014,False,False,0.014,0.014,0.014
58f36c78989baf46a590,177,7775,7779,0.008,False,False,0.008,0.008,0.008
58f36c78989baf46a590,178,7780,7785,0.01,False,False,0.01,0.01,0.01
58f36c78989baf46a590,179,7786,7790,0.008,False,False,0.008,0.008,0.008
58f36c78989baf46a590,180,7792,7800,0.016,False,False,0.016,0.016,0.016
58f36c78989baf46a590,181,7801,7805,0.008,False,False,0.008,0.008,0.008
58f36c78989baf46a590,182,7806,7817,0.022,False,False,0.022,0.022,0.022
58f36c78989baf46a590,183,7818,7826,0.016,False,False,0.016,0.016,0.016
58f36c78989baf46a590,184,7827,7837,0.02,False,False,0.02,0.02,0.02
58f36c78989baf46a590,185,7838,7845,0.014,False,False,0.014,0.014,0.014
58f36c78989baf46a590,186,7846,7855,0.018000000000000002,False,False,0.018000000000000002,0.018000000000000002,0.018000000000000002
58f36c78989baf46a590,187,7856,7864,0.016,False,False,0.016,0.016,0.016
58f36c78989baf46a590,188,7865,7873,0.016,False,False,0.016,0.016,0.016
58f36c78989baf46a590,189,7874,7882,0.016,False,False,0.016,0.016,0.016
58f36c78989baf46a590,190,7883,7891,0.016,False,False,0.016,0.016,0.016
58f36c78989baf46a590,191,7892,7901,0.018000000000000002,False,False,0.018000000000000002,0.018000000000000002,0.018000000000000002
58f36c78989baf46a590,192,7902,7910,0.016,False,False,0.016,0.016,0.016
58f36c78989baf46a590,193,7911,7919,0.016,False,False,0.016,0.016,0.016
58f36c78989baf46a590,194,7920,7930,0.02,False,False,0.02,0.02,0.02
58f36c78989baf46a590,195,7931,7940,0.018000000000000002,False,False,0.018000000000000002,0.018000000000000002,0.018000000000000002
58f36c78989baf46a590,196,7941,7952,0.022,False,False,0.022,0.022,0.022
58f36c78989baf46a590,197,7953,7965,0.024,False,False,0.024,0.024,0.024
58f36c78989baf46a590,198,7966,7978,0.024,False,False,0.024,0.024,0.024
58f36c78989baf46a590,199,7979,7994,0.03,False,False,0.03,0.03,0.03
58f36c78989baf46a590,200,7995,8009,0.028,False,False,0.028,0.028,0.028
58f36c78989baf46a590,201,8010,8026,0.032,False,False,0.032,0.032,0.032
58f36c78989baf46a590,202,8027,8043,0.032,False,False,0.032,0.032,0.032
58f36c78989baf46a590,203,8044,8067,0.046,False,False,0.046,0.046,0.046
58f36c78989baf46a590,204,8068,8105,0.074,False,False,0.074,0.074,0.074
58f36c78989baf46a590,205,8106,8308,0.404,False,False,0.404,0.404,0.404
58f36c78989baf46a590,206,8309,8366,0.114,False,False,0.114,0.114,0.114
58f36c78989baf46a590,207,8367,8417,0.1,False,False,0.1,0.1,0.1
58f36c78989baf46a590,208,8418,8461,0.08600000000000001,False,False,0.08600000000000001,0.08600000000000001,0.08600000000000001
58f36c78989baf46a590,209,8462,8498,0.07200000000000001,False,False,0.07200000000000001,0.07200000000000001,0.07200000000000001
58f36c78989baf46a590,210,8499,8530,0.062,False,False,0.062,0.062,0.062
58f36c78989baf46a590,211,8531,8559,0.056,False,False,0.056,0.056,0.056
58f36c78989baf46a590,212,8560,8585,0.05,False,False,0.05,0.05,0.05
58f36c78989baf46a590,213,8586,8609,0.046,False,False,0.046,0.046,0.046
58f36c78989baf46a590,214,8610,8632,0.044,False,False,0.044,0.044,0.044
58f36c78989baf46a590,215,8633,8652,0.038,False,False,0.038,0.038,0.038
58f36c78989baf46a590,216,8653,8672,0.038,False,False,0.038,0.038,0.038
58f36c78989baf46a590,217,8673,8690,0.034,False,False,0.034,0.034,0.034
58f36c78989baf46a590,218,8691,8707,0.032,False,False,0.032,0.032,0.032
58f36c78989baf46a590,219,8708,8723,0.03,False,False,0.03,0.03,0.03
58f36c78989baf46a590,220,8724,8738,0.028,False,False,0.028,0.028,0.028
58f36c78989baf46a590,221,8739,8752,0.026000000000000002,False,False,0.026000000000000002,0.026000000000000002,0.026000000000000002
58f36c78989baf46a590,222,8753,8766,0.026000000000000002,False,False,0.026000000000000002,0.026000000000000002,0.026000000000000002
58f36c78989baf46a590,223,8767,8778,0.022,False,False,0.022,0.022,0.022
58f36c78989baf46a590,224,8779,8791,0.024,False,False,0.024,0.024,0.024
58f36c78989baf46a590,225,8792,8801,0.018000000000000002,False,False,0.018000000000000002,0.018000000000000002,0.018000000000000002
58f36c78989baf46a590,226,8802,8813,0.022,False,False,0.022,0.022,0.022
58f36c78989baf46a590,227,8814,8823,0.018000000000000002,False,False,0.018000000000000002,0.018000000000000002,0.018000000000000002
58f36c78989baf46a590,228,8824,8833,0.018000000000000002,False,False,0.018000000000000002,0.018000000000000002,0.018000000000000002
58f36c78989baf46a590,229,8834,8842,0.016,False,False,0.016,0.016,0.016
58f36c78989baf46a590,230,8843,8852,0.018000000000000002,False,False,0.018000000000000002,0.018000000000000002,0.018000000000000002
58f36c78989baf46a590,231,8853,8859,0.012,False,False,0.012,0.012,0.012
58f36c78989baf46a590,232,8860,8869,0.018000000000000002,False,False,0.018000000000000002,0.018000000000000002,0.018000000000000002
58f36c78989baf46a590,233,8870,8875,0.01,False,False,0.01,0.01,0.01
58f36c78989baf46a590,234,8876,8884,0.016,False,False,0.016,0.016,0.016
58f36c78989baf46a590,235,8885,8890,0.01,False,False,0.01,0.01,0.01
58f36c78989baf46a590,236,8891,8897,0.012,False,False,0.012,0.012,0.012
58f36c78989baf46a590,237,8898,8904,0.012,False,False,0.012,0.012,0.012
58f36c78989baf46a590,238,8905,8910,0.01,False,False,0.01,0.01,0.01
58f36c78989baf46a590,239,8911,8915,0.008,False,False,0.008,0.008,0.008
58f36c78989baf46a590,240,8916,8922,0.012,False,False,0.012,0.012,0.012
58f36c78989baf46a590,241,8923,8927,0.008,False,False,0.008,0.008,0.008
58f36c78989baf46a590,242,8928,8932,0.008,False,False,0.008,0.008,0.008
58f36c78989baf46a590,243,8933,8938,0.01,False,False,0.01,0.01,0.01
58f36c78989baf46a590,244,8940,8948,0.016,False,False,0.016,0.016,0.016
58f36c78989baf46a590,245,8950,8956,0.012,False,False,0.012,0.012,0.012
58f36c78989baf46a590,246,8958,8964,0.012,False,False,0.012,0.012,0.012
58f36c78989baf46a590,247,8966,8971,0.01,False,False,0.01,0.01,0.01
58f36c78989baf46a590,248,8973,8977,0.008,False,False,0.008,0.008,0.008
58f36c78989baf46a590,249,8978,8980,0.004,False,False,0.004,0.004,0.004
58f36c78989baf46a590,250,8981,8984,0.006,False,False,0.006,0.006,0.006
58f36c78989baf46a590,251,8986,8990,0.008,False,False,0.008,0.008,0.008
58f36c78989baf46a590,252,8991,8992,0.002,False,False,0.002,0.002,0.002
58f36c78989baf46a590,253,8993,8996,0.006,False,False,0.006,0.006,0.006
58f36c78989baf46a590,254,8998,9001,0.006,False,False,0.006,0.006,0.006
58f36c78989baf46a590,255,9003,9006,0.006,False,False,0.006,0.006,0.006
58f36c78989baf46a590,256,9007,9008,0.002,False,False,0.002,0.002,0.002
58f36c78989baf46a590,257,9009,9010,0.002,False,False,0.002,0.002,0.002
58f36c78989baf46a590,258,9011,9013,0.004,False,False,0.004,0.004,0.004
58f36c78989baf46a590,259,9015,9017,0.004,False,False,0.004,0.004,0.004
58f36c78989baf46a590,260,9018,9019,0.002,False,False,0.002,0.002,0.002
58f36c78989baf46a590,261,9021,9024,0.006,False,False,0.006,0.006,0.006
58f36c78989baf46a590,262,9028,9030,0.004,False,False,0.004,0.004,0.004
58f36c78989baf46a590,263,9033,9035,0.004,False,False,0.004,0.004,0.004
58f36c78989baf46a590,264,9039,9040,0.002,False,False,0.002,0.002,0.002
58f36c78989baf46a590,265,9042,9043,0.002,False,False,0.002,0.002,0.002
58f36c78989baf46a590,266,9050,9051,0.002,False,False,0.002,0.002,0.002
5950493ff6266856bf82,0,4925,4941,0.032,False,False,0.032,0.032,0.032
5950493ff6266856bf82,1,4942,4953,0.022,False,False,0.022,0.022,0.022
5950493ff6266856bf82,2,4956,4981,0.05,False,False,0.05,0.05,0.05
5950493ff6266856bf82,3,4982,4999,0.034,False,False,0.034,0.034,0.034
5950493ff6266856bf82,4,5000,5033,0.066,False,False,0.066,0.066,0.066
5950493ff6266856bf82,5,5034,6637,3.206,False,False,3.206,3.206,3.206
5950493ff6266856bf82,6,6638,6745,0.214,False,False,0.214,0.214,0.214
5950493ff6266856bf82,7,6746,6803,0.114,False,False,0.114,0.114,0.114
5950493ff6266856bf82,8,6804,6820,0.032,False,False,0.032,0.032,0.032
5950493ff6266856bf82,9,6821,9231,4.82,False,False,4.82,4.82,4.82
59989783add18f68dba0,0,5511,15400,19.778,True,False,19.778,19.778,19.778
5b5025c155fe3a58883f,0,5016,13816,17.6,True,False,17.6,17.6,17.6
5b5025c155fe3a58883f,1,13817,13863,0.092,False,False,0.092,0.092,0.092
5b5025c155fe3a58883f,2,13864,13894,0.06,False,False,0.06,0.06,0.06
5b5025c155fe3a58883f,3,13895,13919,0.048,False,False,0.048,0.048,0.048
5b5025c155fe3a58883f,4,13920,13940,0.04,False,False,0.04,0.04,0.04
5b5025c155fe3a58883f,5,13941,13958,0.034,False,False,0.034,0.034,0.034
5b5025c155fe3a58883f,6,13959,13975,0.032,False,False,0.032,0.032,0.032
5b5025c155fe3a58883f,7,13976,13989,0.026000000000000002,False,False,0.026000000000000002,0.026000000000000002,0.026000000000000002
5b5025c155fe3a58883f,8,13990,14003,0.026000000000000002,False,False,0.026000000000000002,0.026000000000000002,0.026000000000000002
5b5025c155fe3a58883f,9,14004,14015,0.022,False,False,0.022,0.022,0.022
5b5025c155fe3a58883f,10,14016,14026,0.02,False,False,0.02,0.02,0.02
5b5025c155fe3a58883f,11,14027,14037,0.02,False,False,0.02,0.02,0.02
5b5025c155fe3a58883f,12,14038,14047,0.018000000000000002,False,False,0.018000000000000002,0.018000000000000002,0.018000000000000002
5b5025c155fe3a58883f,13,14048,14056,0.016,False,False,0.016,0.016,0.016
5b5025c155fe3a58883f,14,14057,14065,0.016,False,False,0.016,0.016,0.016
5b5025c155fe3a58883f,15,14066,14073,0.014,False,False,0.014,0.014,0.014
5b5025c155fe3a58883f,16,14074,14081,0.014,False,False,0.014,0.014,0.014
5b5025c155fe3a58883f,17,14082,14088,0.012,False,False,0.012,0.012,0.012
5b5025c155fe3a58883f,18,14089,14095,0.012,False,False,0.012,0.012,0.012
5b5025c155fe3a58883f,19,14096,14102,0.012,False,False,0.012,0.012,0.012
5b5025c155fe3a58883f,20,14103,14109,0.012,False,False,0.012,0.012,0.012
5b5025c155fe3a58883f,21,14111,14120,0.018000000000000002,False,False,0.018000000000000002,0.018000000000000002,0.018000000000000002
5b5025c155fe3a58883f,22,14122,14130,0.016,False,False,0.016,0.016,0.016
5b5025c155fe3a58883f,23,14132,14139,0.014,False,False,0.014,0.014,0.014
5b5025c155fe3a58883f,24,14141,14148,0.014,False,False,0.014,0.014,0.014
5b5025c155fe3a58883f,25,14150,14156,0.012,False,False,0.012,0.012,0.012
5b5025c155fe3a58883f,26,14158,14164,0.012,False,False,0.012,0.012,0.012
5b5025c155fe3a58883f,27,14166,14171,0.01,False,False,0.01,0.01,0.01
5b5025c155fe3a58883f,28,14172,14174,0.004,False,False,0.004,0.004,0.004
5b5025c155fe3a58883f,29,14175,14178,0.006,False,False,0.006,0.006,0.006
5b5025c155fe3a58883f,30,14179,14182,0.006,False,False,0.006,0.006,0.006
5b5025c155fe3a58883f,31,14184,14189,0.01,False,False,0.01,0.01,0.01
5b5025c155fe3a58883f,32,14192,14197,0.01,False,False,0.01,0.01,0.01
5b5025c155fe3a58883f,33,14200,14204,0.008,False,False,0.008,0.008,0.008
5b5025c155fe3a58883f,34,14207,14211,0.008,False,False,0.008,0.008,0.008
5b5025c155fe3a58883f,35,14214,14217,0.006,False,False,0.006,0.006,0.006
5b5025c155fe3a58883f,36,14218,14219,0.002,False,False,0.002,0.002,0.002
5b5025c155fe3a58883f,37,14221,14224,0.006,False,False,0.006,0.006,0.006
5b5025c155fe3a58883f,38,14228,14231,0.006,False,False,0.006,0.006,0.006
5b5025c155fe3a58883f,39,14235,14237,0.004,False,False,0.004,0.004,0.004
5b5025c155fe3a58883f,40,14239,14240,0.002,False,False,0.002,0.002,0.002
5b5025c155fe3a58883f,41,14241,14242,0.002,False,False,0.002,0.002,0.002
5b5025c155fe3a58883f,42,14245,14246,0.002,False,False,0.002,0.002,0.002
5b5025c155fe3a58883f,43,14248,14249,0.002,False,False,0.002,0.002,0.002
5b5025c155fe3a58883f,44,14253,14254,0.002,False,False,0.002,0.002,0.002
5b6c07c49275ad99fd33,0,7944,15400,14.912,False,False,14.912,14.912,14.912
5bc0da88127bf28f8c17,0,7428,15400,15.944,True,True,15.944,15.944,15.944
5e466313f70b67c05c88,0,4263,4283,0.04,False,False,0.038,0.038,0.022
5e466313f70b67c05c88,1,4284,8811,9.054,False,False,9.046,9.046,7.88
5e466313f70b67c05c88,2,8812,8816,0.008,False,False,0.008,0.008,0.008
5e5189974dd75bfb0b2d,0,3252,3488,0.47200000000000003,False,True,0.47000000000000003,0.47000000000000003,0.464
5e5189974dd75bfb0b2d,1,3489,3499,0.02,False,True,0.012,0.012,0.004
5e5189974dd75bfb0b2d,2,7527,15200,15.346,True,True,15.324,15.324,15.1
5e71674d37cca500d7a1,0,3028,4295,2.5340000000000003,False,False,2.5340000000000003,2.5340000000000003,2.5340000000000003
5e71674d37cca500d7a1,1,4297,4299,0.004,False,False,0.004,0.004,0.004
5e71674d37cca500d7a1,2,4300,4304,0.008,False,False,0.002,0.002,0.002
5e71674d37cca500d7a1,3,4308,4322,0.028,False,False,0.024,0.024,0.02
5e71674d37cca500d7a1,4,4325,4327,0.004,False,False,0.0,0.0,0.0
5e71674d37cca500d7a1,5,4774,4777,0.006,False,False,0.006,0.006,0.006
5e71674d37cca500d7a1,6,4781,4782,0.002,False,False,0.002,0.002,0.002
5e71674d37cca500d7a1,7,4792,4796,0.008,False,False,0.008,0.008,0.008
5e71674d37cca500d7a1,8,4800,4802,0.004,False,False,0.004,0.004,0.004
5e71674d37cca500d7a1,9,4805,4807,0.004,False,False,0.004,0.004,0.004
5e71674d37cca500d7a1,10,4810,4812,0.004,False,False,0.004,0.004,0.004
5e71674d37cca500d7a1,11,4816,4817,0.002,False,False,0.002,0.002,0.002
5e71674d37cca500d7a1,12,4818,4819,0.002,False,False,0.002,0.002,0.002
5e71674d37cca500d7a1,13,4822,4823,0.002,False,False,0.002,0.002,0.002
5e71674d37cca500d7a1,14,4826,4828,0.004,False,False,0.004,0.004,0.004
5e71674d37cca500d7a1,15,4836,4838,0.004,False,False,0.004,0.004,0.004
5e71674d37cca500d7a1,16,4847,4848,0.002,False,False,0.002,0.002,0.002
5e71674d37cca500d7a1,17,4854,4855,0.002,False,False,0.002,0.002,0.002
5e71674d37cca500d7a1,18,7013,7042,0.058,False,False,0.058,0.058,0.058
5e71674d37cca500d7a1,19,7045,7055,0.02,False,False,0.02,0.02,0.02
5e71674d37cca500d7a1,20,7057,7062,0.01,False,False,0.01,0.01,0.01
5e71674d37cca500d7a1,21,7063,7067,0.008,False,False,0.008,0.008,0.008
5e71674d37cca500d7a1,22,7069,7076,0.014,False,False,0.014,0.014,0.014
5e71674d37cca500d7a1,23,7078,7084,0.012,False,False,0.012,0.012,0.012
5e71674d37cca500d7a1,24,7086,7091,0.01,False,False,0.01,0.01,0.01
5e71674d37cca500d7a1,25,7092,7095,0.006,False,False,0.006,0.006,0.006
5e71674d37cca500d7a1,26,7097,7104,0.014,False,False,0.014,0.014,0.014
5e71674d37cca500d7a1,27,7106,7111,0.01,False,False,0.01,0.01,0.01
5e71674d37cca500d7a1,28,7113,7119,0.012,False,False,0.012,0.012,0.012
5e71674d37cca500d7a1,29,7121,7127,0.012,False,False,0.012,0.012,0.012
5e71674d37cca500d7a1,30,7129,7135,0.012,False,False,0.012,0.012,0.012
5e71674d37cca500d7a1,31,7137,7144,0.014,False,False,0.014,0.014,0.014
5e71674d37cca500d7a1,32,7146,7152,0.012,False,False,0.012,0.012,0.012
5e71674d37cca500d7a1,33,7153,7156,0.006,False,False,0.006,0.006,0.006
5e71674d37cca500d7a1,34,7157,7161,0.008,False,False,0.008,0.008,0.008
5e71674d37cca500d7a1,35,7162,7167,0.01,False,False,0.01,0.01,0.01
5e71674d37cca500d7a1,36,7168,7172,0.008,False,False,0.008,0.008,0.008
5e71674d37cca500d7a1,37,7173,7177,0.008,False,False,0.008,0.008,0.008
5e71674d37cca500d7a1,38,7178,7182,0.008,False,False,0.008,0.008,0.008
5e71674d37cca500d7a1,39,7183,7188,0.01,False,False,0.01,0.01,0.01
5e71674d37cca500d7a1,40,7190,7199,0.018000000000000002,False,False,0.018000000000000002,0.018000000000000002,0.018000000000000002
5e71674d37cca500d7a1,41,7200,7203,0.006,False,False,0.006,0.006,0.006
5e71674d37cca500d7a1,42,7204,7210,0.012,False,False,0.012,0.012,0.012
5e71674d37cca500d7a1,43,7211,7216,0.01,False,False,0.01,0.01,0.01
5e71674d37cca500d7a1,44,7217,7223,0.012,False,False,0.012,0.012,0.012
5e71674d37cca500d7a1,45,7224,7229,0.01,False,False,0.01,0.01,0.01
5e71674d37cca500d7a1,46,7230,7236,0.012,False,False,0.012,0.012,0.012
5e71674d37cca500d7a1,47,7237,7243,0.012,False,False,0.012,0.012,0.012
5e71674d37cca500d7a1,48,7244,7251,0.014,False,False,0.014,0.014,0.014
5e71674d37cca500d7a1,49,7252,7257,0.01,False,False,0.01,0.01,0.01
5e71674d37cca500d7a1,50,7258,7263,0.01,False,False,0.01,0.01,0.01
5e71674d37cca500d7a1,51,7264,7265,0.002,False,False,0.002,0.002,0.002
5e71674d37cca500d7a1,52,7270,7275,0.01,False,False,0.01,0.01,0.01
5e71674d37cca500d7a1,53,7276,7277,0.002,False,False,0.002,0.002,0.002
5e71674d37cca500d7a1,54,7278,7282,0.008,False,False,0.008,0.008,0.008
5e71674d37cca500d7a1,55,7284,7291,0.014,False,False,0.014,0.014,0.014
5e71674d37cca500d7a1,56,7293,7300,0.014,False,False,0.014,0.014,0.014
5e71674d37cca500d7a1,57,7305,7308,0.006,False,False,0.006,0.006,0.006
5e71674d37cca500d7a1,58,7310,7314,0.008,False,False,0.008,0.008,0.008
5e71674d37cca500d7a1,59,7315,7318,0.006,False,False,0.006,0.006,0.006
5e71674d37cca500d7a1,60,7319,7322,0.006,False,False,0.006,0.006,0.006
5e71674d37cca500d7a1,61,7323,7329,0.012,False,False,0.012,0.012,0.012
5e71674d37cca500d7a1,62,7330,7336,0.012,False,False,0.012,0.012,0.012
5e71674d37cca500d7a1,63,7337,7346,0.018000000000000002,False,False,0.018000000000000002,0.018000000000000002,0.018000000000000002
5e71674d37cca500d7a1,64,7347,7348,0.002,False,False,0.002,0.002,0.002
5e71674d37cca500d7a1,65,7350,7352,0.004,False,False,0.004,0.004,0.004
5e71674d37cca500d7a1,66,7354,7358,0.008,False,False,0.008,0.008,0.008
5e71674d37cca500d7a1,67,7359,7363,0.008,False,False,0.008,0.008,0.008
5e71674d37cca500d7a1,68,7364,7368,0.008,False,False,0.008,0.008,0.008
5e71674d37cca500d7a1,69,7369,7377,0.016,False,False,0.016,0.016,0.016
5e71674d37cca500d7a1,70,7380,7382,0.004,False,False,0.004,0.004,0.004
5e71674d37cca500d7a1,71,7383,7384,0.002,False,False,0.002,0.002,0.002
5e71674d37cca500d7a1,72,7385,7390,0.01,False,False,0.01,0.01,0.01
5e71674d37cca500d7a1,73,7391,7395,0.008,False,False,0.008,0.008,0.008
5e71674d37cca500d7a1,74,7396,7399,0.006,False,False,0.006,0.006,0.006
5e71674d37cca500d7a1,75,7400,7402,0.004,False,False,0.004,0.004,0.004
5e71674d37cca500d7a1,76,7404,7407,0.006,False,False,0.006,0.006,0.006
5e71674d37cca500d7a1,77,7408,7411,0.006,False,False,0.006,0.006,0.006
5e71674d37cca500d7a1,78,7413,7420,0.014,False,False,0.014,0.014,0.014
5e71674d37cca500d7a1,79,7422,7429,0.014,False,False,0.014,0.014,0.014
5e71674d37cca500d7a1,80,7433,7438,0.01,False,False,0.01,0.01,0.01
5e71674d37cca500d7a1,81,7439,7444,0.01,False,False,0.01,0.01,0.01
5e71674d37cca500d7a1,82,7445,7449,0.008,False,False,0.008,0.008,0.008
5e71674d37cca500d7a1,83,7451,7459,0.016,False,False,0.016,0.016,0.016
5e71674d37cca500d7a1,84,7460,7466,0.012,False,False,0.012,0.012,0.012
5e71674d37cca500d7a1,85,7468,7470,0.004,False,False,0.004,0.004,0.004
5e71674d37cca500d7a1,86,7471,7477,0.012,False,False,0.012,0.012,0.012
5e71674d37cca500d7a1,87,7478,7482,0.008,False,False,0.008,0.008,0.008
5e71674d37cca500d7a1,88,7483,7490,0.014,False,False,0.014,0.014,0.014
5e71674d37cca500d7a1,89,7492,7503,0.022,False,False,0.022,0.022,0.022
5e71674d37cca500d7a1,90,7504,7505,0.002,False,False,0.002,0.002,0.002
5e71674d37cca500d7a1,91,7506,7513,0.014,False,False,0.014,0.014,0.014
5e71674d37cca500d7a1,92,7515,7523,0.016,False,False,0.016,0.016,0.016
5e71674d37cca500d7a1,93,7525,7532,0.014,False,False,0.014,0.014,0.014
5e71674d37cca500d7a1,94,7533,7534,0.002,False,False,0.002,0.002,0.002
5e71674d37cca500d7a1,95,7535,7541,0.012,False,False,0.012,0.012,0.012
5e71674d37cca500d7a1,96,7542,7544,0.004,False,False,0.004,0.004,0.004
5e71674d37cca500d7a1,97,7545,7550,0.01,False,False,0.01,0.01,0.01
5e71674d37cca500d7a1,98,7551,7553,0.004,False,False,0.004,0.004,0.004
5e71674d37cca500d7a1,99,7554,7559,0.01,False,False,0.01,0.01,0.01
5e71674d37cca500d7a1,100,7560,7563,0.006,False,False,0.006,0.006,0.006
5e71674d37cca500d7a1,101,7564,7569,0.01,False,False,0.01,0.01,0.01
5e71674d37cca500d7a1,102,7571,7579,0.016,False,False,0.016,0.016,0.016
5e71674d37cca500d7a1,103,7580,7581,0.002,False,False,0.002,0.002,0.002
5e71674d37cca500d7a1,104,7582,7588,0.012,False,False,0.012,0.012,0.012
5e71674d37cca500d7a1,105,7590,7598,0.016,False,False,0.016,0.016,0.016
5e71674d37cca500d7a1,106,7600,7606,0.012,False,False,0.012,0.012,0.012
5e71674d37cca500d7a1,107,7607,7610,0.006,False,False,0.006,0.006,0.006
5e71674d37cca500d7a1,108,7611,7614,0.006,False,False,0.006,0.006,0.006
5e71674d37cca500d7a1,109,7615,7619,0.008,False,False,0.008,0.008,0.008
5e71674d37cca500d7a1,110,7620,7624,0.008,False,False,0.008,0.008,0.008
5e71674d37cca500d7a1,111,7625,7627,0.004,False,False,0.004,0.004,0.004
5e71674d37cca500d7a1,112,7628,7634,0.012,False,False,0.012,0.012,0.012
5e71674d37cca500d7a1,113,7636,7643,0.014,False,False,0.014,0.014,0.014
5e71674d37cca500d7a1,114,7644,7646,0.004,False,False,0.004,0.004,0.004
5e71674d37cca500d7a1,115,7647,7652,0.01,False,False,0.01,0.01,0.01
5e71674d37cca500d7a1,116,7654,7662,0.016,False,False,0.016,0.016,0.016
5e71674d37cca500d7a1,117,7663,7664,0.002,False,False,0.002,0.002,0.002
5e71674d37cca500d7a1,118,7665,7671,0.012,False,False,0.012,0.012,0.012
5e71674d37cca500d7a1,119,7672,7674,0.004,False,False,0.004,0.004,0.004
5e71674d37cca500d7a1,120,7675,7681,0.012,False,False,0.012,0.012,0.012
5e71674d37cca500d7a1,121,7683,7691,0.016,False,False,0.016,0.016,0.016
5e71674d37cca500d7a1,122,7693,7701,0.016,False,False,0.016,0.016,0.016
5e71674d37cca500d7a1,123,7703,7711,0.016,False,False,0.016,0.016,0.016
5e71674d37cca500d7a1,124,7713,7722,0.018000000000000002,False,False,0.018000000000000002,0.018000000000000002,0.018000000000000002
5e71674d37cca500d7a1,125,7724,7732,0.016,False,False,0.016,0.016,0.016
5e71674d37cca500d7a1,126,7734,7743,0.018000000000000002,False,False,0.018000000000000002,0.018000000000000002,0.018000000000000002
5e71674d37cca500d7a1,127,7745,7753,0.016,False,False,0.016,0.016,0.016
5e71674d37cca500d7a1,128,7754,7757,0.006,False,False,0.006,0.006,0.006
5e71674d37cca500d7a1,129,7758,7764,0.012,False,False,0.012,0.012,0.012
5e71674d37cca500d7a1,130,7765,7769,0.008,False,False,0.008,0.008,0.008
5e71674d37cca500d7a1,131,7770,7776,0.012,False,False,0.012,0.012,0.012
5e71674d37cca500d7a1,132,7777,7782,0.01,False,False,0.01,0.01,0.01
5e71674d37cca500d7a1,133,7783,7789,0.012,False,False,0.012,0.012,0.012
5e71674d37cca500d7a1,134,7790,7795,0.01,False,False,0.01,0.01,0.01
5e71674d37cca500d7a1,135,7796,7802,0.012,False,False,0.012,0.012,0.012
5e71674d37cca500d7a1,136,7803,7811,0.016,False,False,0.016,0.016,0.016
5e71674d37cca500d7a1,137,7812,7826,0.028,False,False,0.028,0.028,0.028
5e71674d37cca500d7a1,138,7827,7850,0.046,False,False,0.046,0.046,0.046
5e71674d37cca500d7a1,139,7851,15400,15.098,True,False,15.098,15.098,15.098
5e7aba86b31dc37d711b,0,8329,13738,10.818,False,False,10.818,10.818,10.818
5e840b6bce232658f40f,0,11259,15400,8.282,False,False,8.282,8.282,8.282
5e920e2c5673f6421ef8,0,1136,9000,15.728,True,True,15.728,15.728,15.728
604393cde77f49dd92da,0,5002,6924,3.844,False,True,3.842,3.842,3.834
604393cde77f49dd92da,1,7619,15400,15.562000000000001,True,True,15.562000000000001,15.562000000000001,15.562000000000001
622d6446ccbdfdd0f6c6,0,4729,9045,8.632,False,False,4.42,4.398,1.99
641b1fe9ee1de7fd49ec,0,1144,9000,15.712,True,True,15.712,15.712,15.712
64c0931a61d2e2b0d3a1,0,7567,15400,15.666,True,True,15.666,15.666,15.666
65046bddd74f454ad913,0,4824,6740,3.8320000000000003,False,False,3.814,3.814,3.626
65046bddd74f454ad913,1,6741,6751,0.02,False,False,0.02,0.02,0.02
65046bddd74f454ad913,2,6753,6758,0.01,False,False,0.01,0.01,0.01
65046bddd74f454ad913,3,6760,7311,1.102,False,False,1.1,1.1,1.068
65046bddd74f454ad913,4,7316,7319,0.006,False,False,0.006,0.006,0.006
65046bddd74f454ad913,5,7337,7363,0.052000000000000005,False,False,0.052000000000000005,0.052000000000000005,0.052000000000000005
65046bddd74f454ad913,6,7365,7374,0.018000000000000002,False,False,0.018000000000000002,0.018000000000000002,0.018000000000000002
65046bddd74f454ad913,7,7376,7378,0.004,False,False,0.004,0.004,0.004
658fd2272be503d69b05,0,8600,15400,13.6,False,False,13.6,13.6,13.6
661fd0dd85ee226b4086,0,3459,15200,23.482,True,True,23.478,23.478,15.742
66bb0da4a6139ef3fe1a,0,4793,4809,0.032,False,False,0.032,0.032,0.032
66bb0da4a6139ef3fe1a,1,4810,4824,0.028,False,False,0.028,0.028,0.028
66bb0da4a6139ef3fe1a,2,4825,4828,0.006,False,False,0.006,0.006,0.006
66bb0da4a6139ef3fe1a,3,4829,4833,0.008,False,False,0.008,0.008,0.008
66bb0da4a6139ef3fe1a,4,4837,4840,0.006,False,False,0.006,0.006,0.006
66bb0da4a6139ef3fe1a,5,4841,4845,0.008,False,False,0.008,0.008,0.008
66bb0da4a6139ef3fe1a,6,4846,4847,0.002,False,False,0.002,0.002,0.002
66bb0da4a6139ef3fe1a,7,4852,4856,0.008,False,False,0.008,0.008,0.008
66bb0da4a6139ef3fe1a,8,4858,4860,0.004,False,False,0.004,0.004,0.004
66bb0da4a6139ef3fe1a,9,4861,4865,0.008,False,False,0.008,0.008,0.008
66bb0da4a6139ef3fe1a,10,4866,4868,0.004,False,False,0.004,0.004,0.004
66bb0da4a6139ef3fe1a,11,4869,4871,0.004,False,False,0.004,0.004,0.004
66bb0da4a6139ef3fe1a,12,4877,4883,0.012,False,False,0.012,0.012,0.012
66bb0da4a6139ef3fe1a,13,4887,4895,0.016,False,False,0.016,0.016,0.016
66bb0da4a6139ef3fe1a,14,4897,4898,0.002,False,False,0.002,0.002,0.002
66bb0da4a6139ef3fe1a,15,4904,4913,0.018000000000000002,False,False,0.018000000000000002,0.018000000000000002,0.018000000000000002
66bb0da4a6139ef3fe1a,16,4922,4933,0.022,False,False,0.022,0.022,0.022
66bb0da4a6139ef3fe1a,17,4946,4954,0.016,False,False,0.016,0.016,0.016
66bb0da4a6139ef3fe1a,18,4963,4967,0.008,False,False,0.008,0.008,0.008
66bb0da4a6139ef3fe1a,19,6896,6996,0.2,False,False,0.2,0.2,0.2
66bb0da4a6139ef3fe1a,20,6997,11213,8.432,False,False,8.432,8.432,8.432
66bb0da4a6139ef3fe1a,21,11215,11216,0.002,False,False,0.002,0.002,0.002
66c2f65f9b96319d5e20,0,3368,3374,0.012,False,True,0.012,0.012,0.012
66c2f65f9b96319d5e20,1,3375,3761,0.772,False,True,0.772,0.772,0.772
66c2f65f9b96319d5e20,2,7047,15200,16.306,True,True,15.816,15.816,15.11
66ef3bad7a77311389e5,0,7516,15400,15.768,True,False,15.768,15.768,15.768
68c95a8a956757205748,0,7774,15400,15.252,True,True,15.252,15.252,15.252
69120071ddb9fdbeedbf,0,3426,3569,0.28600000000000003,False,True,0.28600000000000003,0.28600000000000003,0.28600000000000003
69120071ddb9fdbeedbf,1,7041,15200,16.318,True,True,15.154,15.154,14.682
69eb8d2fe2d6b0127466,0,7796,15400,15.208,True,False,15.208,15.208,15.208
6a0ef012f1854c89a923,0,8072,15400,14.656,False,False,14.656,14.656,14.656
6ad93bc4e5fed202f444,0,7032,8126,2.188,False,False,0.0,0.0,0.0
6b1a08511246b55a6861,0,4689,4847,0.316,False,True,0.316,0.316,0.316
6b1a08511246b55a6861,1,4848,4900,0.10400000000000001,False,True,0.10400000000000001,0.10400000000000001,0.10400000000000001
6b1a08511246b55a6861,2,4901,15100,20.398,True,True,20.398,20.398,20.398
6b585bb58cecc7bfa22e,0,3427,3735,0.616,False,True,0.606,0.606,0.486
6b585bb58cecc7bfa22e,1,6951,15200,16.498,True,True,16.498,16.498,16.498
6beead62e671ed559e4a,0,3468,15200,23.464000000000002,True,True,23.464000000000002,23.464000000000002,23.464000000000002
6bf71b41a5ec9e2292ca,0,4813,4871,0.116,False,False,0.112,0.112,0.10400000000000001
6bf71b41a5ec9e2292ca,1,4873,4957,0.168,False,False,0.168,0.168,0.168
6bf71b41a5ec9e2292ca,2,4958,4997,0.078,False,False,0.078,0.078,0.078
6bf71b41a5ec9e2292ca,3,4998,8705,7.414000000000001,False,False,7.414000000000001,7.414000000000001,7.414000000000001
6bf71b41a5ec9e2292ca,4,8706,8710,0.008,False,False,0.008,0.008,0.008
6c270c01c65c568ba099,0,7842,15400,15.116,True,False,15.116,15.116,15.116
6c7e3eb81fd416c22f60,0,10744,15400,9.312,False,False,9.312,9.312,9.312
6d170f875af262320109,0,3356,3372,0.032,False,True,0.032,0.032,0.032
6d170f875af262320109,1,3375,3799,0.848,False,True,0.848,0.848,0.848
6d170f875af262320109,2,5210,15200,19.98,True,True,19.946,19.946,19.538
6d22d07a22d0d37d04e7,0,3277,3406,0.258,False,True,0.258,0.258,0.258
6d22d07a22d0d37d04e7,1,3407,3413,0.012,False,True,0.004,0.004,0.004
6d22d07a22d0d37d04e7,2,3415,3416,0.002,False,True,0.002,0.002,0.002
6d22d07a22d0d37d04e7,3,3420,3440,0.04,False,True,0.04,0.04,0.04
6d22d07a22d0d37d04e7,4,7080,15200,16.240000000000002,True,True,15.716000000000001,15.716000000000001,15.120000000000001
6d9b74e9c82949ee985f,0,4883,4885,0.004,False,True,0.004,0.004,0.004
6d9b74e9c82949ee985f,1,4886,4889,0.006,False,True,0.006,0.006,0.006
6d9b74e9c82949ee985f,2,4890,4893,0.006,False,True,0.006,0.006,0.006
6d9b74e9c82949ee985f,3,4894,4897,0.006,False,True,0.006,0.006,0.006
6d9b74e9c82949ee985f,4,4901,4908,0.014,False,True,0.014,0.014,0.014
6d9b74e9c82949ee985f,5,4910,4915,0.01,False,True,0.01,0.01,0.01
6d9b74e9c82949ee985f,6,4917,4922,0.01,False,True,0.01,0.01,0.01
6d9b74e9c82949ee985f,7,4924,4928,0.008,False,True,0.008,0.008,0.008
6d9b74e9c82949ee985f,8,4930,4934,0.008,False,True,0.008,0.008,0.008
6d9b74e9c82949ee985f,9,4936,4939,0.006,False,True,0.006,0.006,0.006
6d9b74e9c82949ee985f,10,4941,4944,0.006,False,True,0.006,0.006,0.006
6d9b74e9c82949ee985f,11,4946,4949,0.006,False,True,0.006,0.006,0.006
6d9b74e9c82949ee985f,12,4956,4961,0.01,False,True,0.01,0.01,0.01
6d9b74e9c82949ee985f,13,4964,4967,0.006,False,True,0.006,0.006,0.006
6d9b74e9c82949ee985f,14,4970,4973,0.006,False,True,0.006,0.006,0.006
6d9b74e9c82949ee985f,15,4976,4978,0.004,False,True,0.004,0.004,0.004
6d9b74e9c82949ee985f,16,4981,4983,0.004,False,True,0.004,0.004,0.004
6d9b74e9c82949ee985f,17,4986,4987,0.002,False,True,0.002,0.002,0.002
6d9b74e9c82949ee985f,18,4989,4990,0.002,False,True,0.002,0.002,0.002
6d9b74e9c82949ee985f,19,4992,4993,0.002,False,True,0.002,0.002,0.002
6d9b74e9c82949ee985f,20,5137,5178,0.082,False,True,0.082,0.082,0.082
6d9b74e9c82949ee985f,21,5181,5188,0.014,False,True,0.014,0.014,0.014
6d9b74e9c82949ee985f,22,5190,5194,0.008,False,True,0.008,0.008,0.008
6d9b74e9c82949ee985f,23,5195,5197,0.004,False,True,0.004,0.004,0.004
6d9b74e9c82949ee985f,24,5198,5201,0.006,False,True,0.006,0.006,0.006
6d9b74e9c82949ee985f,25,5202,5205,0.006,False,True,0.006,0.006,0.006
6d9b74e9c82949ee985f,26,5207,5213,0.012,False,True,0.012,0.012,0.012
6d9b74e9c82949ee985f,27,5215,5221,0.012,False,True,0.012,0.012,0.012
6d9b74e9c82949ee985f,28,5223,5229,0.012,False,True,0.012,0.012,0.012
6d9b74e9c82949ee985f,29,5230,5233,0.006,False,True,0.006,0.006,0.006
6d9b74e9c82949ee985f,30,5234,5239,0.01,False,True,0.01,0.01,0.01
6d9b74e9c82949ee985f,31,5240,5244,0.008,False,True,0.008,0.008,0.008
6d9b74e9c82949ee985f,32,5245,5251,0.012,False,True,0.012,0.012,0.012
6d9b74e9c82949ee985f,33,5252,5257,0.01,False,True,0.01,0.01,0.01
6d9b74e9c82949ee985f,34,5258,5263,0.01,False,True,0.01,0.01,0.01
6d9b74e9c82949ee985f,35,5264,5270,0.012,False,True,0.012,0.012,0.012
6d9b74e9c82949ee985f,36,5271,5275,0.008,False,True,0.008,0.008,0.008
6d9b74e9c82949ee985f,37,5276,5282,0.012,False,True,0.012,0.012,0.012
6d9b74e9c82949ee985f,38,5283,5286,0.006,False,True,0.006,0.006,0.006
6d9b74e9c82949ee985f,39,5287,5293,0.012,False,True,0.012,0.012,0.012
6d9b74e9c82949ee985f,40,5295,5302,0.014,False,True,0.014,0.014,0.014
6d9b74e9c82949ee985f,41,5304,5310,0.012,False,True,0.012,0.012,0.012
6d9b74e9c82949ee985f,42,5312,5318,0.012,False,True,0.012,0.012,0.012
6d9b74e9c82949ee985f,43,5321,5328,0.014,False,True,0.014,0.014,0.014
6d9b74e9c82949ee985f,44,5331,5336,0.01,False,True,0.01,0.01,0.01
6d9b74e9c82949ee985f,45,5338,5342,0.008,False,True,0.008,0.008,0.008
6d9b74e9c82949ee985f,46,5345,5350,0.01,False,True,0.01,0.01,0.01
6d9b74e9c82949ee985f,47,5352,5354,0.004,False,True,0.004,0.004,0.004
6d9b74e9c82949ee985f,48,5355,5357,0.004,False,True,0.004,0.004,0.004
6d9b74e9c82949ee985f,49,5358,5360,0.004,False,True,0.004,0.004,0.004
6d9b74e9c82949ee985f,50,5362,5365,0.006,False,True,0.006,0.006,0.006
6d9b74e9c82949ee985f,51,5367,5370,0.006,False,True,0.006,0.006,0.006
6d9b74e9c82949ee985f,52,5372,5375,0.006,False,True,0.006,0.006,0.006
6d9b74e9c82949ee985f,53,5377,5379,0.004,False,True,0.004,0.004,0.004
6d9b74e9c82949ee985f,54,5380,5381,0.002,False,True,0.002,0.002,0.002
6d9b74e9c82949ee985f,55,5382,5384,0.004,False,True,0.004,0.004,0.004
6d9b74e9c82949ee985f,56,5386,5389,0.006,False,True,0.006,0.006,0.006
6d9b74e9c82949ee985f,57,5392,5395,0.006,False,True,0.006,0.006,0.006
6d9b74e9c82949ee985f,58,5397,5399,0.004,False,True,0.004,0.004,0.004
6d9b74e9c82949ee985f,59,5400,5401,0.002,False,True,0.002,0.002,0.002
6d9b74e9c82949ee985f,60,5403,5406,0.006,False,True,0.006,0.006,0.006
6d9b74e9c82949ee985f,61,5409,5411,0.004,False,True,0.004,0.004,0.004
6d9b74e9c82949ee985f,62,5412,5413,0.002,False,True,0.002,0.002,0.002
6d9b74e9c82949ee985f,63,5415,5417,0.004,False,True,0.004,0.004,0.004
6d9b74e9c82949ee985f,64,5418,5419,0.002,False,True,0.002,0.002,0.002
6d9b74e9c82949ee985f,65,5421,5423,0.004,False,True,0.004,0.004,0.004
6d9b74e9c82949ee985f,66,5426,5428,0.004,False,True,0.004,0.004,0.004
6d9b74e9c82949ee985f,67,5430,5431,0.002,False,True,0.002,0.002,0.002
6d9b74e9c82949ee985f,68,5432,5433,0.002,False,True,0.002,0.002,0.002
6d9b74e9c82949ee985f,69,5435,5437,0.004,False,True,0.004,0.004,0.004
6d9b74e9c82949ee985f,70,5441,5443,0.004,False,True,0.004,0.004,0.004
6d9b74e9c82949ee985f,71,5447,5448,0.002,False,True,0.002,0.002,0.002
6d9b74e9c82949ee985f,72,5450,5451,0.002,False,True,0.002,0.002,0.002
6d9b74e9c82949ee985f,73,5454,5455,0.002,False,True,0.002,0.002,0.002
6d9b74e9c82949ee985f,74,5458,5459,0.002,False,True,0.002,0.002,0.002
6d9b74e9c82949ee985f,75,5466,5467,0.002,False,True,0.002,0.002,0.002
6d9b74e9c82949ee985f,76,6876,7288,0.8240000000000001,False,True,0.8240000000000001,0.8240000000000001,0.8240000000000001
6d9b74e9c82949ee985f,77,7289,7339,0.1,False,True,0.1,0.1,0.1
6d9b74e9c82949ee985f,78,7340,7368,0.056,False,True,0.056,0.056,0.056
6d9b74e9c82949ee985f,79,7369,7389,0.04,False,True,0.04,0.04,0.04
6d9b74e9c82949ee985f,80,7390,7406,0.032,False,True,0.032,0.032,0.032
6d9b74e9c82949ee985f,81,7407,7421,0.028,False,True,0.028,0.028,0.028
6d9b74e9c82949ee985f,82,7422,7434,0.024,False,True,0.024,0.024,0.024
6d9b74e9c82949ee985f,83,7435,7447,0.024,False,True,0.024,0.024,0.024
6d9b74e9c82949ee985f,84,7448,7460,0.024,False,True,0.024,0.024,0.024
6d9b74e9c82949ee985f,85,7461,7473,0.024,False,True,0.024,0.024,0.024
6d9b74e9c82949ee985f,86,7474,7484,0.02,False,True,0.02,0.02,0.02
6d9b74e9c82949ee985f,87,7485,7497,0.024,False,True,0.024,0.024,0.024
6d9b74e9c82949ee985f,88,7498,7509,0.022,False,True,0.022,0.022,0.022
6d9b74e9c82949ee985f,89,7510,7522,0.024,False,True,0.024,0.024,0.024
6d9b74e9c82949ee985f,90,7523,7534,0.022,False,True,0.022,0.022,0.022
6d9b74e9c82949ee985f,91,7535,7546,0.022,False,True,0.022,0.022,0.022
6d9b74e9c82949ee985f,92,7547,7559,0.024,False,True,0.024,0.024,0.024
6d9b74e9c82949ee985f,93,7560,7573,0.026000000000000002,False,True,0.026000000000000002,0.026000000000000002,0.026000000000000002
6d9b74e9c82949ee985f,94,7574,7585,0.022,False,True,0.022,0.022,0.022
6d9b74e9c82949ee985f,95,7586,7599,0.026000000000000002,False,True,0.026000000000000002,0.026000000000000002,0.026000000000000002
6d9b74e9c82949ee985f,96,7600,7613,0.026000000000000002,False,True,0.026000000000000002,0.026000000000000002,0.026000000000000002
6d9b74e9c82949ee985f,97,7614,7628,0.028,False,True,0.028,0.028,0.028
6d9b74e9c82949ee985f,98,7629,7643,0.028,False,True,0.028,0.028,0.028
6d9b74e9c82949ee985f,99,7644,7659,0.03,False,True,0.03,0.03,0.03
6d9b74e9c82949ee985f,100,7660,7676,0.032,False,True,0.032,0.032,0.032
6d9b74e9c82949ee985f,101,7677,7688,0.022,False,True,0.022,0.022,0.022
6d9b74e9c82949ee985f,102,7689,7692,0.006,False,True,0.006,0.006,0.006
6d9b74e9c82949ee985f,103,7693,7699,0.012,False,True,0.012,0.012,0.012
6d9b74e9c82949ee985f,104,7700,7716,0.032,False,True,0.032,0.032,0.032
6d9b74e9c82949ee985f,105,7717,7740,0.046,False,True,0.046,0.046,0.046
6d9b74e9c82949ee985f,106,7741,7762,0.042,False,True,0.042,0.042,0.042
6d9b74e9c82949ee985f,107,7765,7778,0.026000000000000002,False,True,0.026000000000000002,0.026000000000000002,0.026000000000000002
6d9b74e9c82949ee985f,108,7779,7804,0.05,False,True,0.05,0.05,0.05
6d9b74e9c82949ee985f,109,7805,7809,0.008,False,True,0.008,0.008,0.008
6d9b74e9c82949ee985f,110,7810,7890,0.16,False,True,0.16,0.16,0.16
6d9b74e9c82949ee985f,111,7892,15400,15.016,True,True,15.016,15.016,15.016
6f41d957b59b51a19670,0,4930,4932,0.004,False,True,0.004,0.004,0.004
6f41d957b59b51a19670,1,4933,4940,0.014,False,True,0.014,0.014,0.014
6f41d957b59b51a19670,2,4941,4946,0.01,False,True,0.01,0.01,0.01
6f41d957b59b51a19670,3,4947,4953,0.012,False,True,0.012,0.012,0.012
6f41d957b59b51a19670,4,4954,4958,0.008,False,True,0.008,0.008,0.008
6f41d957b59b51a19670,5,4959,4965,0.012,False,True,0.012,0.012,0.012
6f41d957b59b51a19670,6,4967,4975,0.016,False,True,0.016,0.016,0.016
6f41d957b59b51a19670,7,4977,4983,0.012,False,True,0.012,0.012,0.012
6f41d957b59b51a19670,8,4984,4986,0.004,False,True,0.004,0.004,0.004
6f41d957b59b51a19670,9,4987,4991,0.008,False,True,0.008,0.008,0.008
6f41d957b59b51a19670,10,4992,4994,0.004,False,True,0.004,0.004,0.004
6f41d957b59b51a19670,11,4995,4999,0.008,False,True,0.008,0.008,0.008
6f41d957b59b51a19670,12,5001,5007,0.012,False,True,0.012,0.012,0.012
6f41d957b59b51a19670,13,5009,5014,0.01,False,True,0.01,0.01,0.01
6f41d957b59b51a19670,14,5015,5017,0.004,False,True,0.004,0.004,0.004
6f41d957b59b51a19670,15,5018,5021,0.006,False,True,0.006,0.006,0.006
6f41d957b59b51a19670,16,5022,5025,0.006,False,True,0.006,0.006,0.006
6f41d957b59b51a19670,17,5026,5028,0.004,False,True,0.004,0.004,0.004
6f41d957b59b51a19670,18,5029,5033,0.008,False,True,0.008,0.008,0.008
6f41d957b59b51a19670,19,5035,5040,0.01,False,True,0.01,0.01,0.01
6f41d957b59b51a19670,20,5042,5047,0.01,False,True,0.01,0.01,0.01
6f41d957b59b51a19670,21,5048,5051,0.006,False,True,0.006,0.006,0.006
6f41d957b59b51a19670,22,5052,5056,0.008,False,True,0.008,0.008,0.008
6f41d957b59b51a19670,23,5057,5062,0.01,False,True,0.01,0.01,0.01
6f41d957b59b51a19670,24,5063,5073,0.02,False,True,0.02,0.02,0.02
6f41d957b59b51a19670,25,5074,7755,5.362,False,True,5.362,5.362,5.362
6f41d957b59b51a19670,26,7756,15400,15.288,True,True,15.288,15.288,15.288
6f774dcd372c4886d2b2,0,1330,9000,15.34,True,True,15.34,15.34,15.34
6faaf823f9dbf0347ec3,0,3277,3406,0.258,False,True,0.258,0.258,0.258
6faaf823f9dbf0347ec3,1,3407,3413,0.012,False,True,0.004,0.004,0.004
6faaf823f9dbf0347ec3,2,3415,3416,0.002,False,True,0.002,0.002,0.002
6faaf823f9dbf0347ec3,3,3420,3440,0.04,False,True,0.04,0.04,0.04
6faaf823f9dbf0347ec3,4,7457,15200,15.486,True,True,15.452,15.452,15.13
6fbd94912b87f3feb301,0,1038,7875,13.674,False,False,13.674,13.674,13.674
706ea8939674ba46fbc4,0,7092,7123,0.062,False,True,0.062,0.062,0.062
706ea8939674ba46fbc4,1,7124,7173,0.098,False,True,0.096,0.096,0.09
706ea8939674ba46fbc4,2,7174,7202,0.056,False,True,0.054,0.054,0.052000000000000005
706ea8939674ba46fbc4,3,7203,7223,0.04,False,True,0.04,0.04,0.04
706ea8939674ba46fbc4,4,7224,7232,0.016,False,True,0.014,0.014,0.01
706ea8939674ba46fbc4,5,7234,7270,0.07200000000000001,False,True,0.07200000000000001,0.07200000000000001,0.07200000000000001
706ea8939674ba46fbc4,6,7271,7276,0.01,False,True,0.008,0.008,0.006
706ea8939674ba46fbc4,7,7279,7454,0.35000000000000003,False,True,0.35000000000000003,0.35000000000000003,0.35000000000000003
706ea8939674ba46fbc4,8,7455,7536,0.162,False,True,0.162,0.162,0.162
706ea8939674ba46fbc4,9,7537,15200,15.326,True,True,15.326,15.326,15.326
70d289bde58356c602cd,0,4442,4488,0.092,False,True,0.092,0.092,0.092
70d289bde58356c602cd,1,4489,4542,0.106,False,True,0.10400000000000001,0.10400000000000001,0.10200000000000001
70d289bde58356c602cd,2,4543,4592,0.098,False,True,0.098,0.098,0.098
70d289bde58356c602cd,3,4593,4651,0.116,False,True,0.116,0.116,0.116
70d289bde58356c602cd,4,4652,4713,0.122,False,True,0.122,0.122,0.122
70d289bde58356c602cd,5,4714,4757,0.08600000000000001,False,True,0.08600000000000001,0.08600000000000001,0.08600000000000001
70d289bde58356c602cd,6,4758,4788,0.06,False,True,0.06,0.06,0.06
70d289bde58356c602cd,7,4789,4811,0.044,False,True,0.044,0.044,0.044
70d289bde58356c602cd,8,4812,4830,0.036000000000000004,False,True,0.036000000000000004,0.036000000000000004,0.036000000000000004
70d289bde58356c602cd,9,4831,4835,0.008,False,True,0.008,0.008,0.008
70d289bde58356c602cd,10,4836,4841,0.01,False,True,0.01,0.01,0.01
70d289bde58356c602cd,11,4843,4853,0.02,False,True,0.02,0.02,0.02
70d289bde58356c602cd,12,4854,4859,0.01,False,True,0.01,0.01,0.01
70d289bde58356c602cd,13,4860,4868,0.016,False,True,0.016,0.016,0.016
70d289bde58356c602cd,14,4870,4873,0.006,False,True,0.006,0.006,0.006
70d289bde58356c602cd,15,4875,4880,0.01,False,True,0.01,0.01,0.01
70d289bde58356c602cd,16,4882,4888,0.012,False,True,0.012,0.012,0.012
70d289bde58356c602cd,17,4893,4897,0.008,False,True,0.008,0.008,0.008
70d289bde58356c602cd,18,4899,4903,0.008,False,True,0.008,0.008,0.008
70d289bde58356c602cd,19,4906,4908,0.004,False,True,0.004,0.004,0.004
70d289bde58356c602cd,20,4911,4915,0.008,False,True,0.008,0.008,0.008
70d289bde58356c602cd,21,4917,4921,0.008,False,True,0.008,0.008,0.008
70d289bde58356c602cd,22,4922,4925,0.006,False,True,0.006,0.006,0.006
70d289bde58356c602cd,23,4927,4930,0.006,False,True,0.006,0.006,0.006
70d289bde58356c602cd,24,4933,4937,0.008,False,True,0.008,0.008,0.008
70d289bde58356c602cd,25,4938,4942,0.008,False,True,0.008,0.008,0.008
70d289bde58356c602cd,26,4943,15100,20.314,True,True,20.314,20.314,20.314
71070f10b48640c41998,0,974,9000,16.052,True,True,16.052,16.052,16.052
7145e6a6c696da941241,0,3404,15200,23.592,True,True,18.146,18.146,11.104000000000001
71e766638c36de144c11,0,3358,3654,0.592,False,True,0.592,0.592,0.592
71e766638c36de144c11,1,7159,15200,16.082,True,True,15.636000000000001,15.636000000000001,15.104000000000001
722c4b677e92fb57b31d,0,3537,3544,0.014,False,False,0.014,0.014,0.014
722c4b677e92fb57b31d,1,3668,3677,0.018000000000000002,False,False,0.016,0.016,0.016
72bd098054aab270ca88,0,9720,15200,10.96,False,False,10.96,10.96,10.96
73f16c3a412c4c360f0c,0,7179,7194,0.03,False,False,0.03,0.03,0.03
73f16c3a412c4c360f0c,1,7195,7199,0.008,False,False,0.006,0.006,0.004
73f16c3a412c4c360f0c,2,7200,7221,0.042,False,False,0.042,0.042,0.042
73f16c3a412c4c360f0c,3,7222,7224,0.004,False,False,0.002,0.002,0.002
73f16c3a412c4c360f0c,4,7227,7235,0.016,False,False,0.014,0.014,0.008
73f16c3a412c4c360f0c,5,7236,7256,0.04,False,False,0.04,0.04,0.04
73f16c3a412c4c360f0c,6,7258,7269,0.022,False,False,0.022,0.022,0.022
73f16c3a412c4c360f0c,7,7270,7274,0.008,False,False,0.006,0.006,0.004
73f16c3a412c4c360f0c,8,7277,7306,0.058,False,False,0.058,0.058,0.058
73f16c3a412c4c360f0c,9,7307,7309,0.004,False,False,0.002,0.002,0.002
73f16c3a412c4c360f0c,10,7312,7334,0.044,False,False,0.044,0.044,0.044
73f16c3a412c4c360f0c,11,7335,7348,0.026000000000000002,False,False,0.026000000000000002,0.026000000000000002,0.026000000000000002
73f16c3a412c4c360f0c,12,7349,7351,0.004,False,False,0.004,0.004,0.004
73f16c3a412c4c360f0c,13,7352,7363,0.022,False,False,0.022,0.022,0.022
73f16c3a412c4c360f0c,14,7364,7378,0.028,False,False,0.028,0.028,0.028
73f16c3a412c4c360f0c,15,7379,7392,0.026000000000000002,False,False,0.026000000000000002,0.026000000000000002,0.026000000000000002
73f16c3a412c4c360f0c,16,7395,7430,0.07,False,False,0.07,0.07,0.07
73f16c3a412c4c360f0c,17,7431,7453,0.044,False,False,0.044,0.044,0.044
73f16c3a412c4c360f0c,18,7454,7476,0.044,False,False,0.044,0.044,0.044
73f16c3a412c4c360f0c,19,7477,7500,0.046,False,False,0.046,0.046,0.046
73f16c3a412c4c360f0c,20,7501,7521,0.04,False,False,0.04,0.04,0.04
73f16c3a412c4c360f0c,21,7522,7541,0.038,False,False,0.038,0.038,0.038
73f16c3a412c4c360f0c,22,7542,7561,0.038,False,False,0.038,0.038,0.038
73f16c3a412c4c360f0c,23,7562,7579,0.034,False,False,0.034,0.034,0.034
73f16c3a412c4c360f0c,24,7580,7595,0.03,False,False,0.03,0.03,0.03
73f16c3a412c4c360f0c,25,7596,13886,12.58,False,False,12.58,12.58,12.58
73f16c3a412c4c360f0c,26,13887,13950,0.126,False,False,0.126,0.126,0.126
73f16c3a412c4c360f0c,27,13951,13986,0.07,False,False,0.07,0.07,0.07
73f16c3a412c4c360f0c,28,13987,14011,0.048,False,False,0.048,0.048,0.048
73f16c3a412c4c360f0c,29,14012,14031,0.038,False,False,0.038,0.038,0.038
73f16c3a412c4c360f0c,30,14032,14045,0.026000000000000002,False,False,0.026000000000000002,0.026000000000000002,0.026000000000000002
73f16c3a412c4c360f0c,31,14046,14058,0.024,False,False,0.024,0.024,0.024
73f16c3a412c4c360f0c,32,14059,14068,0.018000000000000002,False,False,0.018000000000000002,0.018000000000000002,0.018000000000000002
73f16c3a412c4c360f0c,33,14069,14076,0.014,False,False,0.014,0.014,0.014
73f16c3a412c4c360f0c,34,14077,14083,0.012,False,False,0.012,0.012,0.012
73f16c3a412c4c360f0c,35,14084,14090,0.012,False,False,0.012,0.012,0.012
73f16c3a412c4c360f0c,36,14092,14100,0.016,False,False,0.016,0.016,0.016
73f16c3a412c4c360f0c,37,14102,14107,0.01,False,False,0.01,0.01,0.01
73f16c3a412c4c360f0c,38,14108,14109,0.002,False,False,0.002,0.002,0.002
73f16c3a412c4c360f0c,39,14110,14113,0.006,False,False,0.006,0.006,0.006
73f16c3a412c4c360f0c,40,14114,14115,0.002,False,False,0.002,0.002,0.002
73f16c3a412c4c360f0c,41,14116,14118,0.004,False,False,0.004,0.004,0.004
73f16c3a412c4c360f0c,42,14120,14122,0.004,False,False,0.004,0.004,0.004
73f16c3a412c4c360f0c,43,14125,14127,0.004,False,False,0.004,0.004,0.004
748f809f7da4d84eb1bd,0,14223,15400,2.354,False,False,2.354,2.354,2.354
7496af442905f934d7f6,0,1308,9000,15.384,True,True,15.384,15.384,15.384
751d43d5f3880de7466b,0,3295,3548,0.506,False,True,0.456,0.456,0.36
751d43d5f3880de7466b,1,3549,3552,0.006,False,True,0.0,0.0,0.0
751d43d5f3880de7466b,2,7107,15200,16.186,True,True,15.252,15.252,15.1
752525948f5ff7b4bede,0,3384,3550,0.332,False,False,0.332,0.332,0.332
752525948f5ff7b4bede,1,7742,15200,14.916,False,False,14.916,14.916,14.916
75397c6ea91047fe1ebf,0,3356,3372,0.032,False,True,0.032,0.032,0.032
75397c6ea91047fe1ebf,1,3375,3799,0.848,False,True,0.848,0.848,0.848
75397c6ea91047fe1ebf,2,5210,15200,19.98,True,True,19.636,19.636,15.138
759cd10ed39bef94d39a,0,4908,5664,1.512,False,False,0.0,0.0,0.0
759cd10ed39bef94d39a,1,6875,8294,2.838,False,False,0.0,0.0,0.0
762519abeb90b15d1abd,0,3424,4315,1.782,False,False,1.78,1.78,1.78
762519abeb90b15d1abd,1,4317,4320,0.006,False,False,0.0,0.0,0.0
762519abeb90b15d1abd,2,4321,4322,0.002,False,False,0.0,0.0,0.0
762519abeb90b15d1abd,3,4323,4326,0.006,False,False,0.0,0.0,0.0
762519abeb90b15d1abd,4,4328,4330,0.004,False,False,0.0,0.0,0.0
76293a3711339d4d487e,0,1211,1506,0.59,False,False,0.59,0.59,0.59
76487af88a72fc379462,0,7284,7291,0.014,False,False,0.014,0.014,0.014
76487af88a72fc379462,1,7292,7298,0.012,False,False,0.012,0.012,0.012
76487af88a72fc379462,2,7300,7304,0.008,False,False,0.006,0.006,0.004
76487af88a72fc379462,3,7305,7318,0.026000000000000002,False,False,0.026000000000000002,0.026000000000000002,0.026000000000000002
76487af88a72fc379462,4,7319,7326,0.014,False,False,0.012,0.012,0.012
76487af88a72fc379462,5,7329,7354,0.05,False,False,0.05,0.05,0.05
76487af88a72fc379462,6,7355,7360,0.01,False,False,0.01,0.01,0.01
76487af88a72fc379462,7,7361,7370,0.018000000000000002,False,False,0.018000000000000002,0.018000000000000002,0.018000000000000002
76487af88a72fc379462,8,7371,7382,0.022,False,False,0.022,0.022,0.022
76487af88a72fc379462,9,7383,7398,0.03,False,False,0.03,0.03,0.03
76487af88a72fc379462,10,7399,7423,0.048,False,False,0.048,0.048,0.048
76487af88a72fc379462,11,7424,7433,0.018000000000000002,False,False,0.018000000000000002,0.018000000000000002,0.018000000000000002
76487af88a72fc379462,12,7435,7464,0.058,False,False,0.058,0.058,0.058
76487af88a72fc379462,13,7465,7492,0.054,False,False,0.054,0.054,0.054
76487af88a72fc379462,14,7493,7544,0.10200000000000001,False,False,0.10200000000000001,0.10200000000000001,0.10200000000000001
76487af88a72fc379462,15,7545,7583,0.076,False,False,0.076,0.076,0.076
76487af88a72fc379462,16,7584,7599,0.03,False,False,0.03,0.03,0.03
76487af88a72fc379462,17,7600,15200,15.200000000000001,True,False,15.200000000000001,15.200000000000001,15.200000000000001
7673b7b0fa3bcdc26aa8,0,4445,4500,0.11,False,True,0.11,0.11,0.11
7673b7b0fa3bcdc26aa8,1,4501,4560,0.11800000000000001,False,True,0.116,0.116,0.108
7673b7b0fa3bcdc26aa8,2,4561,4748,0.374,False,True,0.374,0.374,0.374
7673b7b0fa3bcdc26aa8,3,4749,4789,0.08,False,True,0.08,0.08,0.08
7673b7b0fa3bcdc26aa8,4,4790,4816,0.052000000000000005,False,True,0.052000000000000005,0.052000000000000005,0.052000000000000005
7673b7b0fa3bcdc26aa8,5,4817,4839,0.044,False,True,0.044,0.044,0.044
7673b7b0fa3bcdc26aa8,6,4841,4857,0.032,False,True,0.032,0.032,0.032
7673b7b0fa3bcdc26aa8,7,4859,4877,0.036000000000000004,False,True,0.036000000000000004,0.036000000000000004,0.036000000000000004
7673b7b0fa3bcdc26aa8,8,4878,4892,0.028,False,True,0.028,0.028,0.028
7673b7b0fa3bcdc26aa8,9,4893,4896,0.006,False,True,0.006,0.006,0.006
7673b7b0fa3bcdc26aa8,10,4897,4905,0.016,False,True,0.016,0.016,0.016
7673b7b0fa3bcdc26aa8,11,4906,4916,0.02,False,True,0.02,0.02,0.02
7673b7b0fa3bcdc26aa8,12,4917,15100,20.366,True,True,20.366,20.366,20.366
78dc5ff05a3b3357c9db,0,3466,4574,2.216,False,False,2.212,2.212,1.75
78dc5ff05a3b3357c9db,1,7242,8208,1.932,False,False,1.85,1.85,1.118
78dc5ff05a3b3357c9db,2,8209,8220,0.022,False,False,0.022,0.022,0.022
78dc5ff05a3b3357c9db,3,8221,8226,0.01,False,False,0.01,0.01,0.01
78dc5ff05a3b3357c9db,4,8227,8231,0.008,False,False,0.008,0.008,0.008
78dc5ff05a3b3357c9db,5,8233,8236,0.006,False,False,0.006,0.006,0.006
78dc5ff05a3b3357c9db,6,8238,8240,0.004,False,False,0.004,0.004,0.004
78dc5ff05a3b3357c9db,7,8250,8256,0.012,False,False,0.01,0.01,0.01
78dc5ff05a3b3357c9db,8,8264,8276,0.024,False,False,0.024,0.024,0.024
78dc5ff05a3b3357c9db,9,8291,8310,0.038,False,False,0.038,0.038,0.038
78dc5ff05a3b3357c9db,10,8315,8323,0.016,False,False,0.016,0.016,0.016
78dc5ff05a3b3357c9db,11,8327,11517,6.38,False,False,6.38,6.38,6.38
793e2aa8a101a35275a7,0,1345,9000,15.31,True,True,15.31,15.31,15.31
7a27eea47543420761dd,0,7427,7434,0.014,False,True,0.014,0.014,0.014
7a27eea47543420761dd,1,7435,15200,15.530000000000001,True,True,15.530000000000001,15.530000000000001,15.530000000000001
7a2f31c689958b41ba04,0,7774,15400,15.252,True,True,15.252,15.252,15.252
7ba06eba7e9e76fbdeeb,0,4942,4947,0.01,False,True,0.01,0.01,0.01
7ba06eba7e9e76fbdeeb,1,4948,4953,0.01,False,True,0.01,0.01,0.01
7ba06eba7e9e76fbdeeb,2,4954,4959,0.01,False,True,0.01,0.01,0.01
7ba06eba7e9e76fbdeeb,3,4960,4964,0.008,False,True,0.008,0.008,0.008
7ba06eba7e9e76fbdeeb,4,4965,4969,0.008,False,True,0.008,0.008,0.008
7ba06eba7e9e76fbdeeb,5,4970,4974,0.008,False,True,0.008,0.008,0.008
7ba06eba7e9e76fbdeeb,6,4975,4979,0.008,False,True,0.008,0.008,0.008
7ba06eba7e9e76fbdeeb,7,4980,4983,0.006,False,True,0.006,0.006,0.006
7ba06eba7e9e76fbdeeb,8,4984,4987,0.006,False,True,0.006,0.006,0.006
7ba06eba7e9e76fbdeeb,9,4988,4992,0.008,False,True,0.008,0.008,0.008
7ba06eba7e9e76fbdeeb,10,4994,5000,0.012,False,True,0.012,0.012,0.012
7ba06eba7e9e76fbdeeb,11,5003,5010,0.014,False,True,0.014,0.014,0.014
7ba06eba7e9e76fbdeeb,12,5011,5012,0.002,False,True,0.002,0.002,0.002
7ba06eba7e9e76fbdeeb,13,5013,5017,0.008,False,True,0.008,0.008,0.008
7ba06eba7e9e76fbdeeb,14,5018,5020,0.004,False,True,0.004,0.004,0.004
7ba06eba7e9e76fbdeeb,15,5021,5025,0.008,False,True,0.008,0.008,0.008
7ba06eba7e9e76fbdeeb,16,5027,5033,0.012,False,True,0.012,0.012,0.012
7ba06eba7e9e76fbdeeb,17,5036,5043,0.014,False,True,0.014,0.014,0.014
7ba06eba7e9e76fbdeeb,18,5045,5050,0.01,False,True,0.01,0.01,0.01
7ba06eba7e9e76fbdeeb,19,5051,5054,0.006,False,True,0.006,0.006,0.006
7ba06eba7e9e76fbdeeb,20,5055,5059,0.008,False,True,0.008,0.008,0.008
7ba06eba7e9e76fbdeeb,21,5060,5066,0.012,False,True,0.012,0.012,0.012
7ba06eba7e9e76fbdeeb,22,5067,5075,0.016,False,True,0.016,0.016,0.016
7ba06eba7e9e76fbdeeb,23,5076,6816,3.48,False,True,3.48,3.48,3.48
7ba06eba7e9e76fbdeeb,24,6817,15400,17.166,True,True,17.166,17.166,17.166
7c0bdd404f4c61113c6e,0,7841,15200,14.718,False,False,14.718,14.718,14.718
7db3098480decf9e18b3,0,7842,15400,15.116,True,False,15.116,15.116,15.116
7e527545760e3e477e7e,0,3200,3221,0.042,False,False,0.042,0.042,0.042
7e527545760e3e477e7e,1,4252,8358,8.212,False,False,8.156,8.156,6.904
7e527545760e3e477e7e,2,8363,8371,0.016,False,False,0.016,0.016,0.016
7e527545760e3e477e7e,3,8380,8384,0.008,False,False,0.008,0.008,0.008
7e527545760e3e477e7e,4,8390,8392,0.004,False,False,0.004,0.004,0.004
7eb2ba87b0cd0f971698,0,4849,5400,1.102,False,True,0.0,0.0,0.0
7eb2ba87b0cd0f971698,1,5611,5618,0.014,False,True,0.012,0.012,0.012
7eb2ba87b0cd0f971698,2,5619,5625,0.012,False,True,0.012,0.012,0.012
7eb2ba87b0cd0f971698,3,5627,5629,0.004,False,True,0.002,0.002,0.002
7eb2ba87b0cd0f971698,4,5631,5642,0.022,False,True,0.022,0.022,0.022
7eb2ba87b0cd0f971698,5,5643,5657,0.028,False,True,0.028,0.028,0.028
7eb2ba87b0cd0f971698,6,5658,5659,0.002,False,True,0.002,0.002,0.002
7eb2ba87b0cd0f971698,7,5660,5672,0.024,False,True,0.022,0.022,0.018000000000000002
7eb2ba87b0cd0f971698,8,5673,15100,18.854,True,True,18.854,18.854,18.854
7ecd3212844b080473f9,0,1163,9000,15.674,True,True,15.674,15.674,15.674
7f44d07f1446013fea24,0,4806,4808,0.004,False,False,0.004,0.004,0.004
7f44d07f1446013fea24,1,4810,4813,0.006,False,False,0.006,0.006,0.006
7f44d07f1446013fea24,2,4815,4818,0.006,False,False,0.006,0.006,0.006
7f44d07f1446013fea24,3,4820,4823,0.006,False,False,0.006,0.006,0.006
7f44d07f1446013fea24,4,4824,4825,0.002,False,False,0.002,0.002,0.002
7f44d07f1446013fea24,5,4826,4828,0.004,False,False,0.004,0.004,0.004
7f44d07f1446013fea24,6,4830,4833,0.006,False,False,0.006,0.006,0.006
7f44d07f1446013fea24,7,4835,4837,0.004,False,False,0.004,0.004,0.004
7f44d07f1446013fea24,8,4838,4839,0.002,False,False,0.002,0.002,0.002
7f44d07f1446013fea24,9,4840,4842,0.004,False,False,0.004,0.004,0.004
7f44d07f1446013fea24,10,4844,4846,0.004,False,False,0.004,0.004,0.004
7f44d07f1446013fea24,11,4854,4859,0.01,False,False,0.01,0.01,0.01
7f44d07f1446013fea24,12,4862,4865,0.006,False,False,0.006,0.006,0.006
7f44d07f1446013fea24,13,4867,4869,0.004,False,False,0.004,0.004,0.004
7f44d07f1446013fea24,14,4871,4872,0.002,False,False,0.002,0.002,0.002
7f44d07f1446013fea24,15,4873,4875,0.004,False,False,0.004,0.004,0.004
7f44d07f1446013fea24,16,4878,4880,0.004,False,False,0.004,0.004,0.004
7f44d07f1446013fea24,17,4882,4883,0.002,False,False,0.002,0.002,0.002
7f44d07f1446013fea24,18,4885,4887,0.004,False,False,0.004,0.004,0.004
7f44d07f1446013fea24,19,4900,4903,0.006,False,False,0.006,0.006,0.006
7f44d07f1446013fea24,20,4907,4908,0.002,False,False,0.002,0.002,0.002
7f44d07f1446013fea24,21,4909,4910,0.002,False,False,0.002,0.002,0.002
7f44d07f1446013fea24,22,4914,4916,0.004,False,False,0.004,0.004,0.004
7f44d07f1446013fea24,23,7133,7141,0.016,False,False,0.016,0.016,0.016
7f44d07f1446013fea24,24,7145,7148,0.006,False,False,0.006,0.006,0.006
7f44d07f1446013fea24,25,7149,7150,0.002,False,False,0.002,0.002,0.002
7f44d07f1446013fea24,26,7151,7153,0.004,False,False,0.004,0.004,0.004
7f44d07f1446013fea24,27,7155,7158,0.006,False,False,0.006,0.006,0.006
7f44d07f1446013fea24,28,7160,7162,0.004,False,False,0.004,0.004,0.004
7f44d07f1446013fea24,29,7163,7165,0.004,False,False,0.004,0.004,0.004
7f44d07f1446013fea24,30,7167,7170,0.006,False,False,0.006,0.006,0.006
7f44d07f1446013fea24,31,7171,7172,0.002,False,False,0.002,0.002,0.002
7f44d07f1446013fea24,32,7173,7175,0.004,False,False,0.004,0.004,0.004
7f44d07f1446013fea24,33,7176,7178,0.004,False,False,0.004,0.004,0.004
7f44d07f1446013fea24,34,7180,7184,0.008,False,False,0.008,0.008,0.008
7f44d07f1446013fea24,35,7185,7186,0.002,False,False,0.002,0.002,0.002
7f44d07f1446013fea24,36,7187,7190,0.006,False,False,0.006,0.006,0.006
7f44d07f1446013fea24,37,7192,7196,0.008,False,False,0.008,0.008,0.008
7f44d07f1446013fea24,38,7197,7199,0.004,False,False,0.004,0.004,0.004
7f44d07f1446013fea24,39,7200,7202,0.004,False,False,0.004,0.004,0.004
7f44d07f1446013fea24,40,7203,7206,0.006,False,False,0.006,0.006,0.006
7f44d07f1446013fea24,41,7207,7210,0.006,False,False,0.006,0.006,0.006
7f44d07f1446013fea24,42,7212,7218,0.012,False,False,0.012,0.012,0.012
7f44d07f1446013fea24,43,7220,7225,0.01,False,False,0.01,0.01,0.01
7f44d07f1446013fea24,44,7227,7233,0.012,False,False,0.012,0.012,0.012
7f44d07f1446013fea24,45,7234,7236,0.004,False,False,0.004,0.004,0.004
7f44d07f1446013fea24,46,7237,7241,0.008,False,False,0.008,0.008,0.008
7f44d07f1446013fea24,47,7242,7245,0.006,False,False,0.006,0.006,0.006
7f44d07f1446013fea24,48,7246,7250,0.008,False,False,0.008,0.008,0.008
7f44d07f1446013fea24,49,7251,7255,0.008,False,False,0.008,0.008,0.008
7f44d07f1446013fea24,50,7256,7260,0.008,False,False,0.008,0.008,0.008
7f44d07f1446013fea24,51,7261,7265,0.008,False,False,0.008,0.008,0.008
7f44d07f1446013fea24,52,7266,7270,0.008,False,False,0.008,0.008,0.008
7f44d07f1446013fea24,53,7271,7275,0.008,False,False,0.008,0.008,0.008
7f44d07f1446013fea24,54,7276,7281,0.01,False,False,0.01,0.01,0.01
7f44d07f1446013fea24,55,7282,7287,0.01,False,False,0.01,0.01,0.01
7f44d07f1446013fea24,56,7288,7292,0.008,False,False,0.008,0.008,0.008
7f44d07f1446013fea24,57,7293,7299,0.012,False,False,0.012,0.012,0.012
7f44d07f1446013fea24,58,7301,7311,0.02,False,False,0.02,0.02,0.02
7f44d07f1446013fea24,59,7312,7316,0.008,False,False,0.008,0.008,0.008
7f44d07f1446013fea24,60,7317,7323,0.012,False,False,0.012,0.012,0.012
7f44d07f1446013fea24,61,7324,7329,0.01,False,False,0.01,0.01,0.01
7f44d07f1446013fea24,62,7330,7337,0.014,False,False,0.014,0.014,0.014
7f44d07f1446013fea24,63,7338,7343,0.01,False,False,0.01,0.01,0.01
7f44d07f1446013fea24,64,7344,7351,0.014,False,False,0.014,0.014,0.014
7f44d07f1446013fea24,65,7352,7358,0.012,False,False,0.012,0.012,0.012
7f44d07f1446013fea24,66,7359,7366,0.014,False,False,0.014,0.014,0.014
7f44d07f1446013fea24,67,7367,7374,0.014,False,False,0.014,0.014,0.014
7f44d07f1446013fea24,68,7375,7382,0.014,False,False,0.014,0.014,0.014
7f44d07f1446013fea24,69,7383,7390,0.014,False,False,0.014,0.014,0.014
7f44d07f1446013fea24,70,7391,7399,0.016,False,False,0.016,0.016,0.016
7f44d07f1446013fea24,71,7400,7407,0.014,False,False,0.014,0.014,0.014
7f44d07f1446013fea24,72,7408,7416,0.016,False,False,0.016,0.016,0.016
7f44d07f1446013fea24,73,7417,7424,0.014,False,False,0.014,0.014,0.014
7f44d07f1446013fea24,74,7425,7433,0.016,False,False,0.016,0.016,0.016
7f44d07f1446013fea24,75,7434,7442,0.016,False,False,0.016,0.016,0.016
7f44d07f1446013fea24,76,7443,7451,0.016,False,False,0.016,0.016,0.016
7f44d07f1446013fea24,77,7452,7459,0.014,False,False,0.014,0.014,0.014
7f44d07f1446013fea24,78,7460,7468,0.016,False,False,0.016,0.016,0.016
7f44d07f1446013fea24,79,7469,7476,0.014,False,False,0.014,0.014,0.014
7f44d07f1446013fea24,80,7477,7485,0.016,False,False,0.016,0.016,0.016
7f44d07f1446013fea24,81,7486,7493,0.014,False,False,0.014,0.014,0.014
7f44d07f1446013fea24,82,7494,7501,0.014,False,False,0.014,0.014,0.014
7f44d07f1446013fea24,83,7502,7509,0.014,False,False,0.014,0.014,0.014
7f44d07f1446013fea24,84,7510,7517,0.014,False,False,0.014,0.014,0.014
7f44d07f1446013fea24,85,7518,7525,0.014,False,False,0.014,0.014,0.014
7f44d07f1446013fea24,86,7526,7532,0.012,False,False,0.012,0.012,0.012
7f44d07f1446013fea24,87,7533,7540,0.014,False,False,0.014,0.014,0.014
7f44d07f1446013fea24,88,7541,7547,0.012,False,False,0.012,0.012,0.012
7f44d07f1446013fea24,89,7548,7554,0.012,False,False,0.012,0.012,0.012
7f44d07f1446013fea24,90,7555,7561,0.012,False,False,0.012,0.012,0.012
7f44d07f1446013fea24,91,7562,7567,0.01,False,False,0.01,0.01,0.01
7f44d07f1446013fea24,92,7568,7574,0.012,False,False,0.012,0.012,0.012
7f44d07f1446013fea24,93,7575,7578,0.006,False,False,0.006,0.006,0.006
7f44d07f1446013fea24,94,7579,7585,0.012,False,False,0.012,0.012,0.012
7f44d07f1446013fea24,95,7586,7591,0.01,False,False,0.01,0.01,0.01
7f44d07f1446013fea24,96,7592,7598,0.012,False,False,0.012,0.012,0.012
7f44d07f1446013fea24,97,7599,7604,0.01,False,False,0.01,0.01,0.01
7f44d07f1446013fea24,98,7605,7608,0.006,False,False,0.006,0.006,0.006
7f44d07f1446013fea24,99,7609,7613,0.008,False,False,0.008,0.008,0.008
7f44d07f1446013fea24,100,7614,7620,0.012,False,False,0.012,0.012,0.012
7f44d07f1446013fea24,101,7621,7625,0.008,False,False,0.008,0.008,0.008
7f44d07f1446013fea24,102,7626,7630,0.008,False,False,0.008,0.008,0.008
7f44d07f1446013fea24,103,7631,7635,0.008,False,False,0.008,0.008,0.008
7f44d07f1446013fea24,104,7636,7641,0.01,False,False,0.01,0.01,0.01
7f44d07f1446013fea24,105,7642,7647,0.01,False,False,0.01,0.01,0.01
7f44d07f1446013fea24,106,7648,7649,0.002,False,False,0.002,0.002,0.002
7f44d07f1446013fea24,107,7650,7656,0.012,False,False,0.012,0.012,0.012
7f44d07f1446013fea24,108,7657,7660,0.006,False,False,0.006,0.006,0.006
7f44d07f1446013fea24,109,7661,7665,0.008,False,False,0.008,0.008,0.008
7f44d07f1446013fea24,110,7666,7669,0.006,False,False,0.006,0.006,0.006
7f44d07f1446013fea24,111,7670,7675,0.01,False,False,0.01,0.01,0.01
7f44d07f1446013fea24,112,7676,7679,0.006,False,False,0.006,0.006,0.006
7f44d07f1446013fea24,113,7680,7683,0.006,False,False,0.006,0.006,0.006
7f44d07f1446013fea24,114,7684,7688,0.008,False,False,0.008,0.008,0.008
7f44d07f1446013fea24,115,7689,7692,0.006,False,False,0.006,0.006,0.006
7f44d07f1446013fea24,116,7693,7696,0.006,False,False,0.006,0.006,0.006
7f44d07f1446013fea24,117,7697,7700,0.006,False,False,0.006,0.006,0.006
7f44d07f1446013fea24,118,7701,7705,0.008,False,False,0.008,0.008,0.008
7f44d07f1446013fea24,119,7706,7710,0.008,False,False,0.008,0.008,0.008
7f44d07f1446013fea24,120,7712,7718,0.012,False,False,0.012,0.012,0.012
7f44d07f1446013fea24,121,7720,7726,0.012,False,False,0.012,0.012,0.012
7f44d07f1446013fea24,122,7727,7729,0.004,False,False,0.004,0.004,0.004
7f44d07f1446013fea24,123,7731,7736,0.01,False,False,0.01,0.01,0.01
7f44d07f1446013fea24,124,7737,7739,0.004,False,False,0.004,0.004,0.004
7f44d07f1446013fea24,125,7740,7742,0.004,False,False,0.004,0.004,0.004
7f44d07f1446013fea24,126,7743,7745,0.004,False,False,0.004,0.004,0.004
7f44d07f1446013fea24,127,7746,7749,0.006,False,False,0.006,0.006,0.006
7f44d07f1446013fea24,128,7750,7753,0.006,False,False,0.006,0.006,0.006
7f44d07f1446013fea24,129,7755,7759,0.008,False,False,0.008,0.008,0.008
7f44d07f1446013fea24,130,7761,7766,0.01,False,False,0.01,0.01,0.01
7f44d07f1446013fea24,131,7768,7771,0.006,False,False,0.006,0.006,0.006
7f44d07f1446013fea24,132,7773,7777,0.008,False,False,0.008,0.008,0.008
7f44d07f1446013fea24,133,7779,7783,0.008,False,False,0.008,0.008,0.008
7f44d07f1446013fea24,134,7785,7787,0.004,False,False,0.004,0.004,0.004
7f44d07f1446013fea24,135,7788,7789,0.002,False,False,0.002,0.002,0.002
7f44d07f1446013fea24,136,7790,7793,0.006,False,False,0.006,0.006,0.006
7f44d07f1446013fea24,137,7795,7799,0.008,False,False,0.008,0.008,0.008
7f44d07f1446013fea24,138,7801,7803,0.004,False,False,0.004,0.004,0.004
7f44d07f1446013fea24,139,7805,7810,0.01,False,False,0.01,0.01,0.01
7f44d07f1446013fea24,140,7811,7812,0.002,False,False,0.002,0.002,0.002
7f44d07f1446013fea24,141,7813,7817,0.008,False,False,0.008,0.008,0.008
7f44d07f1446013fea24,142,7818,7820,0.004,False,False,0.004,0.004,0.004
7f44d07f1446013fea24,143,7821,7824,0.006,False,False,0.006,0.006,0.006
7f44d07f1446013fea24,144,7825,7827,0.004,False,False,0.004,0.004,0.004
7f44d07f1446013fea24,145,7828,7831,0.006,False,False,0.006,0.006,0.006
7f44d07f1446013fea24,146,7833,7837,0.008,False,False,0.008,0.008,0.008
7f44d07f1446013fea24,147,7838,7839,0.002,False,False,0.002,0.002,0.002
7f44d07f1446013fea24,148,7840,7842,0.004,False,False,0.004,0.004,0.004
7f44d07f1446013fea24,149,7843,7845,0.004,False,False,0.004,0.004,0.004
7f44d07f1446013fea24,150,7847,7850,0.006,False,False,0.006,0.006,0.006
7f44d07f1446013fea24,151,7852,7854,0.004,False,False,0.004,0.004,0.004
7f44d07f1446013fea24,152,7855,7856,0.002,False,False,0.002,0.002,0.002
7f44d07f1446013fea24,153,7857,7858,0.002,False,False,0.002,0.002,0.002
7f44d07f1446013fea24,154,7859,7860,0.002,False,False,0.002,0.002,0.002
7f44d07f1446013fea24,155,7861,7863,0.004,False,False,0.004,0.004,0.004
7f44d07f1446013fea24,156,7866,7868,0.004,False,False,0.004,0.004,0.004
7f44d07f1446013fea24,157,7871,7873,0.004,False,False,0.004,0.004,0.004
7f44d07f1446013fea24,158,7877,7878,0.002,False,False,0.002,0.002,0.002
7f44d07f1446013fea24,159,7881,7882,0.002,False,False,0.002,0.002,0.002
8076d972020a223805e1,0,1215,2301,2.172,False,False,2.172,2.172,2.172
80f619418707a874300e,0,3455,3829,0.748,False,False,0.714,0.714,0.37
80f619418707a874300e,1,7081,15200,16.238,True,False,16.164,16.164,15.062000000000001
81e26afccb2806272337,0,3346,3366,0.04,False,True,0.04,0.04,0.04
81e26afccb2806272337,1,3368,3439,0.14200000000000002,False,True,0.14200000000000002,0.14200000000000002,0.14200000000000002
81e26afccb2806272337,2,3441,3876,0.87,False,True,0.87,0.87,0.87
81e26afccb2806272337,3,4645,15200,21.11,True,True,20.5,20.5,15.116
827866f378647d1b694c,0,3375,3826,0.902,False,False,0.8200000000000001,0.8200000000000001,0.52
827866f378647d1b694c,1,7057,15200,16.286,True,False,15.132,15.132,15.06
837dc546915244b56232,0,7605,15400,15.59,True,True,15.59,15.59,15.59
86489537f656473897dd,0,4777,4804,0.054,False,False,0.052000000000000005,0.052000000000000005,0.038
86489537f656473897dd,1,4805,4866,0.122,False,False,0.12,0.12,0.092
86489537f656473897dd,2,4867,4909,0.084,False,False,0.084,0.084,0.084
86489537f656473897dd,3,4910,4917,0.014,False,False,0.012,0.012,0.01
86489537f656473897dd,4,4918,4930,0.024,False,False,0.024,0.024,0.024
86489537f656473897dd,5,4931,4939,0.016,False,False,0.016,0.016,0.016
86489537f656473897dd,6,4942,4957,0.03,False,False,0.03,0.03,0.03
86489537f656473897dd,7,4958,4971,0.026000000000000002,False,False,0.026000000000000002,0.026000000000000002,0.026000000000000002
86489537f656473897dd,8,4972,4986,0.028,False,False,0.028,0.028,0.028
86489537f656473897dd,9,4987,4991,0.008,False,False,0.008,0.008,0.008
86489537f656473897dd,10,4993,5026,0.066,False,False,0.066,0.066,0.066
86489537f656473897dd,11,5027,13277,16.5,True,False,16.5,16.5,16.5
865acae982a028533266,0,7908,15400,14.984,False,False,14.984,14.984,14.984
865c4ce75863aad4ca92,0,917,4457,7.08,False,False,7.08,7.08,7.08
865cb40c3dce9146b6a6,0,4853,4858,0.01,False,False,0.01,0.01,0.01
865cb40c3dce9146b6a6,1,4860,4863,0.006,False,False,0.006,0.006,0.006
865cb40c3dce9146b6a6,2,4864,4867,0.006,False,False,0.006,0.006,0.006
865cb40c3dce9146b6a6,3,4871,4880,0.018000000000000002,False,False,0.018000000000000002,0.018000000000000002,0.018000000000000002
865cb40c3dce9146b6a6,4,4884,4890,0.012,False,False,0.012,0.012,0.012
865cb40c3dce9146b6a6,5,4892,4895,0.006,False,False,0.006,0.006,0.006
865cb40c3dce9146b6a6,6,4897,4902,0.01,False,False,0.01,0.01,0.01
865cb40c3dce9146b6a6,7,4905,4911,0.012,False,False,0.012,0.012,0.012
865cb40c3dce9146b6a6,8,4914,4919,0.01,False,False,0.01,0.01,0.01
865cb40c3dce9146b6a6,9,4922,4927,0.01,False,False,0.01,0.01,0.01
865cb40c3dce9146b6a6,10,4929,4932,0.006,False,False,0.006,0.006,0.006
865cb40c3dce9146b6a6,11,4933,4935,0.004,False,False,0.004,0.004,0.004
865cb40c3dce9146b6a6,12,4937,4941,0.008,False,False,0.008,0.008,0.008
865cb40c3dce9146b6a6,13,4943,4945,0.004,False,False,0.004,0.004,0.004
865cb40c3dce9146b6a6,14,4946,4948,0.004,False,False,0.004,0.004,0.004
865cb40c3dce9146b6a6,15,4949,4950,0.002,False,False,0.002,0.002,0.002
865cb40c3dce9146b6a6,16,4951,4953,0.004,False,False,0.004,0.004,0.004
865cb40c3dce9146b6a6,17,4954,4955,0.002,False,False,0.002,0.002,0.002
865cb40c3dce9146b6a6,18,4956,4958,0.004,False,False,0.004,0.004,0.004
865cb40c3dce9146b6a6,19,4959,4960,0.002,False,False,0.002,0.002,0.002
865cb40c3dce9146b6a6,20,4961,4963,0.004,False,False,0.004,0.004,0.004
865cb40c3dce9146b6a6,21,4965,4967,0.004,False,False,0.004,0.004,0.004
865cb40c3dce9146b6a6,22,4968,4969,0.002,False,False,0.002,0.002,0.002
865cb40c3dce9146b6a6,23,4970,4971,0.002,False,False,0.002,0.002,0.002
865cb40c3dce9146b6a6,24,4972,4974,0.004,False,False,0.004,0.004,0.004
865cb40c3dce9146b6a6,25,4977,4980,0.006,False,False,0.006,0.006,0.006
865cb40c3dce9146b6a6,26,4983,4985,0.004,False,False,0.004,0.004,0.004
865cb40c3dce9146b6a6,27,4987,4988,0.002,False,False,0.002,0.002,0.002
865cb40c3dce9146b6a6,28,4989,4990,0.002,False,False,0.002,0.002,0.002
865cb40c3dce9146b6a6,29,4991,4992,0.002,False,False,0.002,0.002,0.002
865cb40c3dce9146b6a6,30,4994,4995,0.002,False,False,0.002,0.002,0.002
865cb40c3dce9146b6a6,31,4997,4999,0.004,False,False,0.004,0.004,0.004
865cb40c3dce9146b6a6,32,5004,5007,0.006,False,False,0.006,0.006,0.006
865cb40c3dce9146b6a6,33,5014,5016,0.004,False,False,0.004,0.004,0.004
865cb40c3dce9146b6a6,34,5022,5023,0.002,False,False,0.002,0.002,0.002
865cb40c3dce9146b6a6,35,5081,5099,0.036000000000000004,False,False,0.036000000000000004,0.036000000000000004,0.036000000000000004
865cb40c3dce9146b6a6,36,5100,5111,0.022,False,False,0.022,0.022,0.022
865cb40c3dce9146b6a6,37,5112,5127,0.03,False,False,0.03,0.03,0.03
865cb40c3dce9146b6a6,38,5128,5154,0.052000000000000005,False,False,0.052000000000000005,0.052000000000000005,0.052000000000000005
865cb40c3dce9146b6a6,39,5155,5199,0.088,False,False,0.088,0.088,0.088
865cb40c3dce9146b6a6,40,5200,5253,0.106,False,False,0.106,0.106,0.106
865cb40c3dce9146b6a6,41,5254,5317,0.126,False,False,0.126,0.126,0.126
865cb40c3dce9146b6a6,42,5318,5357,0.078,False,False,0.078,0.078,0.078
865cb40c3dce9146b6a6,43,5358,5399,0.082,False,False,0.082,0.082,0.082
865cb40c3dce9146b6a6,44,5400,5445,0.09,False,False,0.09,0.09,0.09
865cb40c3dce9146b6a6,45,5446,5492,0.092,False,False,0.092,0.092,0.092
865cb40c3dce9146b6a6,46,5493,5537,0.088,False,False,0.088,0.088,0.088
865cb40c3dce9146b6a6,47,5538,5579,0.082,False,False,0.082,0.082,0.082
865cb40c3dce9146b6a6,48,5580,5618,0.076,False,False,0.076,0.076,0.076
865cb40c3dce9146b6a6,49,5619,5654,0.07,False,False,0.07,0.07,0.07
865cb40c3dce9146b6a6,50,5655,5688,0.066,False,False,0.066,0.066,0.066
865cb40c3dce9146b6a6,51,5689,5719,0.06,False,False,0.06,0.06,0.06
865cb40c3dce9146b6a6,52,5720,5747,0.054,False,False,0.054,0.054,0.054
865cb40c3dce9146b6a6,53,5748,5773,0.05,False,False,0.05,0.05,0.05
865cb40c3dce9146b6a6,54,5774,5796,0.044,False,False,0.044,0.044,0.044
865cb40c3dce9146b6a6,55,5797,5818,0.042,False,False,0.042,0.042,0.042
865cb40c3dce9146b6a6,56,5819,5837,0.036000000000000004,False,False,0.036000000000000004,0.036000000000000004,0.036000000000000004
865cb40c3dce9146b6a6,57,5838,5854,0.032,False,False,0.032,0.032,0.032
865cb40c3dce9146b6a6,58,5855,5870,0.03,False,False,0.03,0.03,0.03
865cb40c3dce9146b6a6,59,5871,5884,0.026000000000000002,False,False,0.026000000000000002,0.026000000000000002,0.026000000000000002
865cb40c3dce9146b6a6,60,5885,5897,0.024,False,False,0.024,0.024,0.024
865cb40c3dce9146b6a6,61,5898,5908,0.02,False,False,0.02,0.02,0.02
865cb40c3dce9146b6a6,62,5909,5919,0.02,False,False,0.02,0.02,0.02
865cb40c3dce9146b6a6,63,5920,5928,0.016,False,False,0.016,0.016,0.016
865cb40c3dce9146b6a6,64,5929,5936,0.014,False,False,0.014,0.014,0.014
865cb40c3dce9146b6a6,65,5937,5944,0.014,False,False,0.014,0.014,0.014
865cb40c3dce9146b6a6,66,5945,5951,0.012,False,False,0.012,0.012,0.012
865cb40c3dce9146b6a6,67,5952,5957,0.01,False,False,0.01,0.01,0.01
865cb40c3dce9146b6a6,68,5958,5963,0.01,False,False,0.01,0.01,0.01
865cb40c3dce9146b6a6,69,5964,5969,0.01,False,False,0.01,0.01,0.01
865cb40c3dce9146b6a6,70,5971,5978,0.014,False,False,0.014,0.014,0.014
865cb40c3dce9146b6a6,71,5980,5985,0.01,False,False,0.01,0.01,0.01
865cb40c3dce9146b6a6,72,5987,5991,0.008,False,False,0.008,0.008,0.008
865cb40c3dce9146b6a6,73,5992,5993,0.002,False,False,0.002,0.002,0.002
865cb40c3dce9146b6a6,74,5994,5997,0.006,False,False,0.006,0.006,0.006
865cb40c3dce9146b6a6,75,5999,6002,0.006,False,False,0.006,0.006,0.006
865cb40c3dce9146b6a6,76,6004,6006,0.004,False,False,0.004,0.004,0.004
865cb40c3dce9146b6a6,77,6008,6010,0.004,False,False,0.004,0.004,0.004
865cb40c3dce9146b6a6,78,6013,6015,0.004,False,False,0.004,0.004,0.004
865cb40c3dce9146b6a6,79,6020,6021,0.002,False,False,0.002,0.002,0.002
865cb40c3dce9146b6a6,80,6851,7522,1.342,False,False,1.342,1.342,1.342
865cb40c3dce9146b6a6,81,7523,7566,0.08600000000000001,False,False,0.08600000000000001,0.08600000000000001,0.08600000000000001
865cb40c3dce9146b6a6,82,7567,7589,0.044,False,False,0.044,0.044,0.044
865cb40c3dce9146b6a6,83,7590,7608,0.036000000000000004,False,False,0.036000000000000004,0.036000000000000004,0.036000000000000004
865cb40c3dce9146b6a6,84,7609,7626,0.034,False,False,0.034,0.034,0.034
865cb40c3dce9146b6a6,85,7627,7645,0.036000000000000004,False,False,0.036000000000000004,0.036000000000000004,0.036000000000000004
865cb40c3dce9146b6a6,86,7646,7664,0.036000000000000004,False,False,0.036000000000000004,0.036000000000000004,0.036000000000000004
865cb40c3dce9146b6a6,87,7665,7685,0.04,False,False,0.04,0.04,0.04
865cb40c3dce9146b6a6,88,7686,7708,0.044,False,False,0.044,0.044,0.044
865cb40c3dce9146b6a6,89,7709,7735,0.052000000000000005,False,False,0.052000000000000005,0.052000000000000005,0.052000000000000005
865cb40c3dce9146b6a6,90,7736,7765,0.058,False,False,0.058,0.058,0.058
865cb40c3dce9146b6a6,91,7766,15400,15.268,True,False,15.268,15.268,15.268
878f17d2f214774984f2,0,7625,10814,6.378,False,False,6.378,6.378,6.378
878f17d2f214774984f2,1,10816,10833,0.034,False,False,0.034,0.034,0.034
878f17d2f214774984f2,2,10834,10850,0.032,False,False,0.032,0.032,0.032
878f17d2f214774984f2,3,10851,11438,1.174,False,False,1.174,1.174,1.174
87a961b6f3a1ea44bb12,0,3195,3315,0.24,False,True,0.232,0.232,0.228
87a961b6f3a1ea44bb12,1,3317,3324,0.014,False,True,0.01,0.01,0.008
87a961b6f3a1ea44bb12,2,7532,15200,15.336,True,True,15.324,15.324,15.132
87fc2bae4a362e964479,0,3493,3899,0.812,False,False,0.806,0.806,0.396
87fc2bae4a362e964479,1,7532,7597,0.13,False,False,0.116,0.116,0.02
87fc2bae4a362e964479,2,7598,7617,0.038,False,False,0.036000000000000004,0.036000000000000004,0.03
87fc2bae4a362e964479,3,7618,7628,0.02,False,False,0.018000000000000002,0.018000000000000002,0.016
87fc2bae4a362e964479,4,7629,7638,0.018000000000000002,False,False,0.018000000000000002,0.018000000000000002,0.018000000000000002
87fc2bae4a362e964479,5,7640,7646,0.012,False,False,0.01,0.01,0.006
87fc2bae4a362e964479,6,7648,7651,0.006,False,False,0.006,0.006,0.006
87fc2bae4a362e964479,7,7653,7655,0.004,False,False,0.004,0.004,0.004
87fc2bae4a362e964479,8,7662,7664,0.004,False,False,0.004,0.004,0.004
87fc2bae4a362e964479,9,7679,7680,0.002,False,False,0.0,0.0,0.0
888f893047a6def66d88,0,1342,9000,15.316,True,True,15.316,15.316,15.316
89b39e88f5775705803e,0,4917,4922,0.01,False,False,0.01,0.01,0.01
89b39e88f5775705803e,1,4923,4927,0.008,False,False,0.008,0.008,0.008
89b39e88f5775705803e,2,4928,4935,0.014,False,False,0.014,0.014,0.014
89b39e88f5775705803e,3,4936,4942,0.012,False,False,0.012,0.012,0.012
89b39e88f5775705803e,4,4943,4949,0.012,False,False,0.012,0.012,0.012
89b39e88f5775705803e,5,4950,4956,0.012,False,False,0.012,0.012,0.012
89b39e88f5775705803e,6,4957,4964,0.014,False,False,0.014,0.014,0.014
89b39e88f5775705803e,7,4965,4978,0.026000000000000002,False,False,0.026000000000000002,0.026000000000000002,0.026000000000000002
89b39e88f5775705803e,8,4980,4992,0.024,False,False,0.024,0.024,0.024
89b39e88f5775705803e,9,4994,5006,0.024,False,False,0.024,0.024,0.024
89b39e88f5775705803e,10,5008,5021,0.026000000000000002,False,False,0.026000000000000002,0.026000000000000002,0.026000000000000002
89b39e88f5775705803e,11,5023,5036,0.026000000000000002,False,False,0.026000000000000002,0.026000000000000002,0.026000000000000002
89b39e88f5775705803e,12,5037,5046,0.018000000000000002,False,False,0.018000000000000002,0.018000000000000002,0.018000000000000002
89b39e88f5775705803e,13,5047,6441,2.7880000000000003,False,False,2.7880000000000003,2.7880000000000003,2.7880000000000003
89b39e88f5775705803e,14,6442,6564,0.244,False,False,0.244,0.244,0.244
89b39e88f5775705803e,15,6565,6645,0.16,False,False,0.16,0.16,0.16
89b39e88f5775705803e,16,6646,6699,0.106,False,False,0.106,0.106,0.106
89b39e88f5775705803e,17,6700,6743,0.08600000000000001,False,False,0.08600000000000001,0.08600000000000001,0.08600000000000001
89b39e88f5775705803e,18,6744,6779,0.07,False,False,0.07,0.07,0.07
89b39e88f5775705803e,19,6780,6803,0.046,False,False,0.046,0.046,0.046
89b39e88f5775705803e,20,6805,7496,1.3820000000000001,False,False,1.3820000000000001,1.3820000000000001,1.3820000000000001
89b39e88f5775705803e,21,7514,7518,0.008,False,False,0.008,0.008,0.008
8aea585dfb701aec747c,0,1041,9000,15.918000000000001,True,True,15.918000000000001,15.918000000000001,15.918000000000001
8b9d057297813fb9822a,0,7798,12823,10.05,False,False,10.05,10.05,10.05
8bd015a8331bd164367d,0,7682,15400,15.436,True,True,15.436,15.436,15.436
8cf0412fd620986b62a6,0,3407,3469,0.124,False,True,0.124,0.124,0.124
8cf0412fd620986b62a6,1,7043,15200,16.314,True,True,15.374,15.374,15.116
8d8a564cbe22d62aade0,0,3424,4315,1.782,False,False,1.78,1.78,1.78
8d8a564cbe22d62aade0,1,4317,4320,0.006,False,False,0.0,0.0,0.0
8d8a564cbe22d62aade0,2,4321,4322,0.002,False,False,0.0,0.0,0.0
8d8a564cbe22d62aade0,3,4323,4326,0.006,False,False,0.0,0.0,0.0
8d8a564cbe22d62aade0,4,4328,4330,0.004,False,False,0.0,0.0,0.0
8dda145fca5e10c6a68a,0,3446,15200,23.508,True,True,23.508,23.508,23.508
8e2d395b57c4b8c7f72d,0,4856,8728,7.744,False,False,7.5,7.5,4.048
905ee62224e4a67d84c3,0,4789,10982,12.386000000000001,False,False,12.328,12.328,6.988
908428fd32c37101ed3c,0,1043,9000,15.914,True,True,15.914,15.914,15.914
9191d21ec783aca2121b,0,3407,3469,0.124,False,True,0.124,0.124,0.124
9191d21ec783aca2121b,1,7390,15200,15.620000000000001,True,True,15.524000000000001,15.524000000000001,15.094000000000001
91a53bbe7e2218089218,0,7202,15400,16.396,True,False,16.396,16.396,16.396
927e08639bf5a7588c15,0,3028,4295,2.5340000000000003,False,False,2.5340000000000003,2.5340000000000003,2.5340000000000003
927e08639bf5a7588c15,1,4297,4299,0.004,False,False,0.004,0.004,0.004
927e08639bf5a7588c15,2,4300,4304,0.008,False,False,0.002,0.002,0.002
927e08639bf5a7588c15,3,4308,4322,0.028,False,False,0.024,0.024,0.02
927e08639bf5a7588c15,4,4325,4327,0.004,False,False,0.0,0.0,0.0
927e08639bf5a7588c15,5,4774,4777,0.006,False,False,0.006,0.006,0.006
927e08639bf5a7588c15,6,4781,4782,0.002,False,False,0.002,0.002,0.002
927e08639bf5a7588c15,7,4792,4796,0.008,False,False,0.008,0.008,0.008
927e08639bf5a7588c15,8,4800,4802,0.004,False,False,0.004,0.004,0.004
927e08639bf5a7588c15,9,4805,4807,0.004,False,False,0.004,0.004,0.004
927e08639bf5a7588c15,10,4810,4812,0.004,False,False,0.004,0.004,0.004
927e08639bf5a7588c15,11,4816,4817,0.002,False,False,0.002,0.002,0.002
927e08639bf5a7588c15,12,4818,4819,0.002,False,False,0.002,0.002,0.002
927e08639bf5a7588c15,13,4822,4823,0.002,False,False,0.002,0.002,0.002
927e08639bf5a7588c15,14,4826,4828,0.004,False,False,0.004,0.004,0.004
927e08639bf5a7588c15,15,4836,4838,0.004,False,False,0.004,0.004,0.004
927e08639bf5a7588c15,16,4847,4848,0.002,False,False,0.002,0.002,0.002
927e08639bf5a7588c15,17,4854,4855,0.002,False,False,0.002,0.002,0.002
927e08639bf5a7588c15,18,7039,7061,0.044,False,False,0.044,0.044,0.044
927e08639bf5a7588c15,19,7062,7065,0.006,False,False,0.006,0.006,0.006
927e08639bf5a7588c15,20,7066,7070,0.008,False,False,0.008,0.008,0.008
927e08639bf5a7588c15,21,7071,7076,0.01,False,False,0.01,0.01,0.01
927e08639bf5a7588c15,22,7077,7081,0.008,False,False,0.008,0.008,0.008
927e08639bf5a7588c15,23,7082,7087,0.01,False,False,0.01,0.01,0.01
927e08639bf5a7588c15,24,7088,7093,0.01,False,False,0.01,0.01,0.01
927e08639bf5a7588c15,25,7094,7101,0.014,False,False,0.014,0.014,0.014
927e08639bf5a7588c15,26,7102,7108,0.012,False,False,0.012,0.012,0.012
927e08639bf5a7588c15,27,7109,7116,0.014,False,False,0.014,0.014,0.014
927e08639bf5a7588c15,28,7117,7124,0.014,False,False,0.014,0.014,0.014
927e08639bf5a7588c15,29,7125,7130,0.01,False,False,0.01,0.01,0.01
927e08639bf5a7588c15,30,7131,7137,0.012,False,False,0.012,0.012,0.012
927e08639bf5a7588c15,31,7138,7144,0.012,False,False,0.012,0.012,0.012
927e08639bf5a7588c15,32,7145,7151,0.012,False,False,0.012,0.012,0.012
927e08639bf5a7588c15,33,7152,7158,0.012,False,False,0.012,0.012,0.012
927e08639bf5a7588c15,34,7159,7166,0.014,False,False,0.014,0.014,0.014
927e08639bf5a7588c15,35,7167,7173,0.012,False,False,0.012,0.012,0.012
927e08639bf5a7588c15,36,7174,7180,0.012,False,False,0.012,0.012,0.012
927e08639bf5a7588c15,37,7181,7188,0.014,False,False,0.014,0.014,0.014
927e08639bf5a7588c15,38,7189,7195,0.012,False,False,0.012,0.012,0.012
927e08639bf5a7588c15,39,7196,7202,0.012,False,False,0.012,0.012,0.012
927e08639bf5a7588c15,40,7203,7209,0.012,False,False,0.012,0.012,0.012
927e08639bf5a7588c15,41,7210,7216,0.012,False,False,0.012,0.012,0.012
927e08639bf5a7588c15,42,7217,7223,0.012,False,False,0.012,0.012,0.012
927e08639bf5a7588c15,43,7224,7230,0.012,False,False,0.012,0.012,0.012
927e08639bf5a7588c15,44,7231,7237,0.012,False,False,0.012,0.012,0.012
927e08639bf5a7588c15,45,7238,7243,0.01,False,False,0.01,0.01,0.01
927e08639bf5a7588c15,46,7244,7250,0.012,False,False,0.012,0.012,0.012
927e08639bf5a7588c15,47,7251,7256,0.01,False,False,0.01,0.01,0.01
927e08639bf5a7588c15,48,7257,7263,0.012,False,False,0.012,0.012,0.012
927e08639bf5a7588c15,49,7264,7268,0.008,False,False,0.008,0.008,0.008
927e08639bf5a7588c15,50,7269,7275,0.012,False,False,0.012,0.012,0.012
927e08639bf5a7588c15,51,7276,7281,0.01,False,False,0.01,0.01,0.01
927e08639bf5a7588c15,52,7282,7287,0.01,False,False,0.01,0.01,0.01
927e08639bf5a7588c15,53,7288,7294,0.012,False,False,0.012,0.012,0.012
927e08639bf5a7588c15,54,7296,7306,0.02,False,False,0.02,0.02,0.02
927e08639bf5a7588c15,55,7308,7316,0.016,False,False,0.016,0.016,0.016
927e08639bf5a7588c15,56,7317,7320,0.006,False,False,0.006,0.006,0.006
927e08639bf5a7588c15,57,7321,7327,0.012,False,False,0.012,0.012,0.012
927e08639bf5a7588c15,58,7328,7331,0.006,False,False,0.006,0.006,0.006
927e08639bf5a7588c15,59,7332,7338,0.012,False,False,0.012,0.012,0.012
927e08639bf5a7588c15,60,7339,7342,0.006,False,False,0.006,0.006,0.006
927e08639bf5a7588c15,61,7343,7349,0.012,False,False,0.012,0.012,0.012
927e08639bf5a7588c15,62,7351,7360,0.018000000000000002,False,False,0.018000000000000002,0.018000000000000002,0.018000000000000002
927e08639bf5a7588c15,63,7362,7369,0.014,False,False,0.014,0.014,0.014
927e08639bf5a7588c15,64,7371,7379,0.016,False,False,0.016,0.016,0.016
927e08639bf5a7588c15,65,7381,7388,0.014,False,False,0.014,0.014,0.014
927e08639bf5a7588c15,66,7389,7391,0.004,False,False,0.004,0.004,0.004
927e08639bf5a7588c15,67,7392,7397,0.01,False,False,0.01,0.01,0.01
927e08639bf5a7588c15,68,7398,7401,0.006,False,False,0.006,0.006,0.006
927e08639bf5a7588c15,69,7402,7407,0.01,False,False,0.01,0.01,0.01
927e08639bf5a7588c15,70,7409,7417,0.016,False,False,0.016,0.016,0.016
927e08639bf5a7588c15,71,7419,7425,0.012,False,False,0.012,0.012,0.012
927e08639bf5a7588c15,72,7427,7434,0.014,False,False,0.014,0.014,0.014
927e08639bf5a7588c15,73,7436,7442,0.012,False,False,0.012,0.012,0.012
927e08639bf5a7588c15,74,7443,7446,0.006,False,False,0.006,0.006,0.006
927e08639bf5a7588c15,75,7447,7450,0.006,False,False,0.006,0.006,0.006
927e08639bf5a7588c15,76,7451,7455,0.008,False,False,0.008,0.008,0.008
927e08639bf5a7588c15,77,7456,7459,0.006,False,False,0.006,0.006,0.006
927e08639bf5a7588c15,78,7460,7464,0.008,False,False,0.008,0.008,0.008
927e08639bf5a7588c15,79,7466,7473,0.014,False,False,0.014,0.014,0.014
927e08639bf5a7588c15,80,7475,7478,0.006,False,False,0.006,0.006,0.006
927e08639bf5a7588c15,81,7479,7480,0.002,False,False,0.002,0.002,0.002
927e08639bf5a7588c15,82,7488,7491,0.006,False,False,0.006,0.006,0.006
927e08639bf5a7588c15,83,7492,7493,0.002,False,False,0.002,0.002,0.002
927e08639bf5a7588c15,84,7494,7496,0.004,False,False,0.004,0.004,0.004
927e08639bf5a7588c15,85,7497,7499,0.004,False,False,0.004,0.004,0.004
927e08639bf5a7588c15,86,7500,7503,0.006,False,False,0.006,0.006,0.006
927e08639bf5a7588c15,87,7505,7510,0.01,False,False,0.01,0.01,0.01
927e08639bf5a7588c15,88,7511,7513,0.004,False,False,0.004,0.004,0.004
927e08639bf5a7588c15,89,7514,7517,0.006,False,False,0.006,0.006,0.006
927e08639bf5a7588c15,90,7518,7522,0.008,False,False,0.008,0.008,0.008
927e08639bf5a7588c15,91,7524,7530,0.012,False,False,0.012,0.012,0.012
927e08639bf5a7588c15,92,7531,7533,0.004,False,False,0.004,0.004,0.004
927e08639bf5a7588c15,93,7534,7538,0.008,False,False,0.008,0.008,0.008
927e08639bf5a7588c15,94,7539,7542,0.006,False,False,0.006,0.006,0.006
927e08639bf5a7588c15,95,7543,7546,0.006,False,False,0.006,0.006,0.006
927e08639bf5a7588c15,96,7547,7548,0.002,False,False,0.002,0.002,0.002
927e08639bf5a7588c15,97,7567,7573,0.012,False,False,0.012,0.012,0.012
927e08639bf5a7588c15,98,7578,7579,0.002,False,False,0.002,0.002,0.002
927e08639bf5a7588c15,99,7595,7600,0.01,False,False,0.01,0.01,0.01
927e08639bf5a7588c15,100,7620,7621,0.002,False,False,0.002,0.002,0.002
92eb8f78937fc629b8e4,0,7320,9413,4.186,False,False,4.186,4.186,4.186
92eb8f78937fc629b8e4,1,9415,9430,0.03,False,False,0.03,0.03,0.03
92eb8f78937fc629b8e4,2,9431,9444,0.026000000000000002,False,False,0.026000000000000002,0.026000000000000002,0.026000000000000002
92eb8f78937fc629b8e4,3,9445,10231,1.572,False,False,1.572,1.572,1.572
93c47e3cb9fcea55dd93,0,4314,4335,0.042,False,False,0.04,0.04,0.028
93c47e3cb9fcea55dd93,1,4336,9035,9.398,False,False,9.398,9.398,9.398
93c47e3cb9fcea55dd93,2,9036,9037,0.002,False,False,0.002,0.002,0.002
94c2e9b37b464e581b06,0,8276,15400,14.248000000000001,False,False,14.248000000000001,14.248000000000001,14.248000000000001
95bf4a19a7700f7d3a4d,0,7273,15400,16.254,True,False,16.254,16.254,16.254
9635277a1c60cce2e696,0,7503,7514,0.022,False,True,0.022,0.022,0.022
9635277a1c60cce2e696,1,7515,7544,0.058,False,True,0.058,0.058,0.058
9635277a1c60cce2e696,2,7545,7551,0.012,False,True,0.01,0.01,0.006
9635277a1c60cce2e696,3,7552,15200,15.296000000000001,True,True,15.296000000000001,15.296000000000001,15.296000000000001
965da96781b1e0927341,0,7597,9941,4.688,False,False,4.688,4.688,4.688
965da96781b1e0927341,1,9944,9961,0.034,False,False,0.034,0.034,0.034
965da96781b1e0927341,2,9963,9982,0.038,False,False,0.038,0.038,0.038
965da96781b1e0927341,3,9983,12101,4.236,False,False,4.236,4.236,4.236
974671832b1c4944db9f,0,1504,9000,14.992,False,False,14.992,14.992,14.992
97b545d25697cfd2479e,0,1290,9000,15.42,True,True,15.42,15.42,15.42
98335da999ea0f5bdbfd,0,4904,4909,0.01,False,False,0.01,0.01,0.01
98335da999ea0f5bdbfd,1,4911,4917,0.012,False,False,0.012,0.012,0.012
98335da999ea0f5bdbfd,2,4919,4927,0.016,False,False,0.016,0.016,0.016
98335da999ea0f5bdbfd,3,4928,4930,0.004,False,False,0.004,0.004,0.004
98335da999ea0f5bdbfd,4,4931,4936,0.01,False,False,0.01,0.01,0.01
98335da999ea0f5bdbfd,5,4938,4944,0.012,False,False,0.012,0.012,0.012
98335da999ea0f5bdbfd,6,4946,4951,0.01,False,False,0.01,0.01,0.01
98335da999ea0f5bdbfd,7,4953,4958,0.01,False,False,0.01,0.01,0.01
98335da999ea0f5bdbfd,8,4960,4964,0.008,False,False,0.008,0.008,0.008
98335da999ea0f5bdbfd,9,4966,4970,0.008,False,False,0.008,0.008,0.008
98335da999ea0f5bdbfd,10,4972,4975,0.006,False,False,0.006,0.006,0.006
98335da999ea0f5bdbfd,11,4977,4978,0.002,False,False,0.002,0.002,0.002
98335da999ea0f5bdbfd,12,4982,4987,0.01,False,False,0.01,0.01,0.01
98335da999ea0f5bdbfd,13,4990,4994,0.008,False,False,0.008,0.008,0.008
98335da999ea0f5bdbfd,14,4997,5001,0.008,False,False,0.008,0.008,0.008
98335da999ea0f5bdbfd,15,5005,5009,0.008,False,False,0.008,0.008,0.008
98335da999ea0f5bdbfd,16,5012,5014,0.004,False,False,0.004,0.004,0.004
98335da999ea0f5bdbfd,17,5016,5018,0.004,False,False,0.004,0.004,0.004
98335da999ea0f5bdbfd,18,5021,5023,0.004,False,False,0.004,0.004,0.004
98335da999ea0f5bdbfd,19,5027,5029,0.004,False,False,0.004,0.004,0.004
98335da999ea0f5bdbfd,20,5036,5037,0.002,False,False,0.002,0.002,0.002
98335da999ea0f5bdbfd,21,5040,5041,0.002,False,False,0.002,0.002,0.002
98335da999ea0f5bdbfd,22,5049,5050,0.002,False,False,0.002,0.002,0.002
98335da999ea0f5bdbfd,23,5055,5056,0.002,False,False,0.002,0.002,0.002
98335da999ea0f5bdbfd,24,5058,5059,0.002,False,False,0.002,0.002,0.002
98335da999ea0f5bdbfd,25,5062,5064,0.004,False,False,0.004,0.004,0.004
98335da999ea0f5bdbfd,26,5067,5069,0.004,False,False,0.004,0.004,0.004
98335da999ea0f5bdbfd,27,5070,5071,0.002,False,False,0.002,0.002,0.002
98335da999ea0f5bdbfd,28,5072,5075,0.006,False,False,0.006,0.006,0.006
98335da999ea0f5bdbfd,29,5077,5084,0.014,False,False,0.014,0.014,0.014
98335da999ea0f5bdbfd,30,5085,5101,0.032,False,False,0.032,0.032,0.032
98335da999ea0f5bdbfd,31,5102,5209,0.214,False,False,0.214,0.214,0.214
98335da999ea0f5bdbfd,32,5210,5357,0.294,False,False,0.294,0.294,0.294
98335da999ea0f5bdbfd,33,5358,5578,0.44,False,False,0.44,0.44,0.44
98335da999ea0f5bdbfd,34,5579,5700,0.242,False,False,0.242,0.242,0.242
98335da999ea0f5bdbfd,35,5701,5806,0.21,False,False,0.21,0.21,0.21
98335da999ea0f5bdbfd,36,5807,5896,0.178,False,False,0.178,0.178,0.178
98335da999ea0f5bdbfd,37,5897,5969,0.14400000000000002,False,False,0.14400000000000002,0.14400000000000002,0.14400000000000002
98335da999ea0f5bdbfd,38,5970,6027,0.114,False,False,0.114,0.114,0.114
98335da999ea0f5bdbfd,39,6028,6076,0.096,False,False,0.096,0.096,0.096
98335da999ea0f5bdbfd,40,6077,6116,0.078,False,False,0.078,0.078,0.078
98335da999ea0f5bdbfd,41,6117,6150,0.066,False,False,0.066,0.066,0.066
98335da999ea0f5bdbfd,42,6151,6179,0.056,False,False,0.056,0.056,0.056
98335da999ea0f5bdbfd,43,6180,6202,0.044,False,False,0.044,0.044,0.044
98335da999ea0f5bdbfd,44,6203,6222,0.038,False,False,0.038,0.038,0.038
98335da999ea0f5bdbfd,45,6223,6239,0.032,False,False,0.032,0.032,0.032
98335da999ea0f5bdbfd,46,6240,6253,0.026000000000000002,False,False,0.026000000000000002,0.026000000000000002,0.026000000000000002
98335da999ea0f5bdbfd,47,6254,6265,0.022,False,False,0.022,0.022,0.022
98335da999ea0f5bdbfd,48,6266,6274,0.016,False,False,0.016,0.016,0.016
98335da999ea0f5bdbfd,49,6275,6284,0.018000000000000002,False,False,0.018000000000000002,0.018000000000000002,0.018000000000000002
98335da999ea0f5bdbfd,50,6286,6297,0.022,False,False,0.022,0.022,0.022
98335da999ea0f5bdbfd,51,6299,6306,0.014,False,False,0.014,0.014,0.014
98335da999ea0f5bdbfd,52,6307,6309,0.004,False,False,0.004,0.004,0.004
98335da999ea0f5bdbfd,53,6310,6314,0.008,False,False,0.008,0.008,0.008
98335da999ea0f5bdbfd,54,6315,6318,0.006,False,False,0.006,0.006,0.006
98335da999ea0f5bdbfd,55,6320,6325,0.01,False,False,0.01,0.01,0.01
98335da999ea0f5bdbfd,56,6328,6332,0.008,False,False,0.008,0.008,0.008
98335da999ea0f5bdbfd,57,6335,6338,0.006,False,False,0.006,0.006,0.006
98335da999ea0f5bdbfd,58,6342,6344,0.004,False,False,0.004,0.004,0.004
98335da999ea0f5bdbfd,59,6349,6350,0.002,False,False,0.002,0.002,0.002
98335da999ea0f5bdbfd,60,6873,6903,0.06,False,False,0.06,0.06,0.06
98335da999ea0f5bdbfd,61,6904,6906,0.004,False,False,0.004,0.004,0.004
98335da999ea0f5bdbfd,62,6907,6913,0.012,False,False,0.012,0.012,0.012
98335da999ea0f5bdbfd,63,6914,6919,0.01,False,False,0.01,0.01,0.01
98335da999ea0f5bdbfd,64,6920,6924,0.008,False,False,0.008,0.008,0.008
98335da999ea0f5bdbfd,65,6925,6931,0.012,False,False,0.012,0.012,0.012
98335da999ea0f5bdbfd,66,6932,6938,0.012,False,False,0.012,0.012,0.012
98335da999ea0f5bdbfd,67,6939,6945,0.012,False,False,0.012,0.012,0.012
98335da999ea0f5bdbfd,68,6946,6954,0.016,False,False,0.016,0.016,0.016
98335da999ea0f5bdbfd,69,6955,6963,0.016,False,False,0.016,0.016,0.016
98335da999ea0f5bdbfd,70,6964,6975,0.022,False,False,0.022,0.022,0.022
98335da999ea0f5bdbfd,71,6976,6987,0.022,False,False,0.022,0.022,0.022
98335da999ea0f5bdbfd,72,6988,6997,0.018000000000000002,False,False,0.018000000000000002,0.018000000000000002,0.018000000000000002
98335da999ea0f5bdbfd,73,6998,7008,0.02,False,False,0.02,0.02,0.02
98335da999ea0f5bdbfd,74,7009,7019,0.02,False,False,0.02,0.02,0.02
98335da999ea0f5bdbfd,75,7020,7032,0.024,False,False,0.024,0.024,0.024
98335da999ea0f5bdbfd,76,7033,7044,0.022,False,False,0.022,0.022,0.022
98335da999ea0f5bdbfd,77,7045,7057,0.024,False,False,0.024,0.024,0.024
98335da999ea0f5bdbfd,78,7058,7070,0.024,False,False,0.024,0.024,0.024
98335da999ea0f5bdbfd,79,7071,7083,0.024,False,False,0.024,0.024,0.024
98335da999ea0f5bdbfd,80,7084,7097,0.026000000000000002,False,False,0.026000000000000002,0.026000000000000002,0.026000000000000002
98335da999ea0f5bdbfd,81,7098,7111,0.026000000000000002,False,False,0.026000000000000002,0.026000000000000002,0.026000000000000002
98335da999ea0f5bdbfd,82,7112,7125,0.026000000000000002,False,False,0.026000000000000002,0.026000000000000002,0.026000000000000002
98335da999ea0f5bdbfd,83,7126,7140,0.028,False,False,0.028,0.028,0.028
98335da999ea0f5bdbfd,84,7141,7155,0.028,False,False,0.028,0.028,0.028
98335da999ea0f5bdbfd,85,7156,7171,0.03,False,False,0.03,0.03,0.03
98335da999ea0f5bdbfd,86,7172,7187,0.03,False,False,0.03,0.03,0.03
98335da999ea0f5bdbfd,87,7188,7204,0.032,False,False,0.032,0.032,0.032
98335da999ea0f5bdbfd,88,7205,7222,0.034,False,False,0.034,0.034,0.034
98335da999ea0f5bdbfd,89,7223,7239,0.032,False,False,0.032,0.032,0.032
98335da999ea0f5bdbfd,90,7240,7258,0.036000000000000004,False,False,0.036000000000000004,0.036000000000000004,0.036000000000000004
98335da999ea0f5bdbfd,91,7259,7276,0.034,False,False,0.034,0.034,0.034
98335da999ea0f5bdbfd,92,7277,7295,0.036000000000000004,False,False,0.036000000000000004,0.036000000000000004,0.036000000000000004
98335da999ea0f5bdbfd,93,7296,7314,0.036000000000000004,False,False,0.036000000000000004,0.036000000000000004,0.036000000000000004
98335da999ea0f5bdbfd,94,7315,7334,0.038,False,False,0.038,0.038,0.038
98335da999ea0f5bdbfd,95,7335,7353,0.036000000000000004,False,False,0.036000000000000004,0.036000000000000004,0.036000000000000004
98335da999ea0f5bdbfd,96,7354,7373,0.038,False,False,0.038,0.038,0.038
98335da999ea0f5bdbfd,97,7374,7394,0.04,False,False,0.04,0.04,0.04
98335da999ea0f5bdbfd,98,7395,7414,0.038,False,False,0.038,0.038,0.038
98335da999ea0f5bdbfd,99,7415,7435,0.04,False,False,0.04,0.04,0.04
98335da999ea0f5bdbfd,100,7436,7456,0.04,False,False,0.04,0.04,0.04
98335da999ea0f5bdbfd,101,7457,7478,0.042,False,False,0.042,0.042,0.042
98335da999ea0f5bdbfd,102,7479,7499,0.04,False,False,0.04,0.04,0.04
98335da999ea0f5bdbfd,103,7500,7520,0.04,False,False,0.04,0.04,0.04
98335da999ea0f5bdbfd,104,7521,7540,0.038,False,False,0.038,0.038,0.038
98335da999ea0f5bdbfd,105,7541,7558,0.034,False,False,0.034,0.034,0.034
98335da999ea0f5bdbfd,106,7559,7575,0.032,False,False,0.032,0.032,0.032
98335da999ea0f5bdbfd,107,7576,7591,0.03,False,False,0.03,0.03,0.03
98335da999ea0f5bdbfd,108,7592,7605,0.026000000000000002,False,False,0.026000000000000002,0.026000000000000002,0.026000000000000002
98335da999ea0f5bdbfd,109,7606,7616,0.02,False,False,0.02,0.02,0.02
98335da999ea0f5bdbfd,110,7617,7629,0.024,False,False,0.024,0.024,0.024
98335da999ea0f5bdbfd,111,7630,7643,0.026000000000000002,False,False,0.026000000000000002,0.026000000000000002,0.026000000000000002
98335da999ea0f5bdbfd,112,7644,7651,0.014,False,False,0.014,0.014,0.014
98335da999ea0f5bdbfd,113,7652,7665,0.026000000000000002,False,False,0.026000000000000002,0.026000000000000002,0.026000000000000002
98335da999ea0f5bdbfd,114,7666,7673,0.014,False,False,0.014,0.014,0.014
98335da999ea0f5bdbfd,115,7674,7685,0.022,False,False,0.022,0.022,0.022
98335da999ea0f5bdbfd,116,7686,7695,0.018000000000000002,False,False,0.018000000000000002,0.018000000000000002,0.018000000000000002
98335da999ea0f5bdbfd,117,7696,7702,0.012,False,False,0.012,0.012,0.012
98335da999ea0f5bdbfd,118,7703,7713,0.02,False,False,0.02,0.02,0.02
98335da999ea0f5bdbfd,119,7714,7722,0.016,False,False,0.016,0.016,0.016
98335da999ea0f5bdbfd,120,7723,7730,0.014,False,False,0.014,0.014,0.014
98335da999ea0f5bdbfd,121,7731,7739,0.016,False,False,0.016,0.016,0.016
98335da999ea0f5bdbfd,122,7740,7748,0.016,False,False,0.016,0.016,0.016
98335da999ea0f5bdbfd,123,7749,7758,0.018000000000000002,False,False,0.018000000000000002,0.018000000000000002,0.018000000000000002
98335da999ea0f5bdbfd,124,7759,7765,0.012,False,False,0.012,0.012,0.012
98335da999ea0f5bdbfd,125,7766,7775,0.018000000000000002,False,False,0.018000000000000002,0.018000000000000002,0.018000000000000002
98335da999ea0f5bdbfd,126,7776,7784,0.016,False,False,0.016,0.016,0.016
98335da999ea0f5bdbfd,127,7785,7791,0.012,False,False,0.012,0.012,0.012
98335da999ea0f5bdbfd,128,7792,7802,0.02,False,False,0.02,0.02,0.02
98335da999ea0f5bdbfd,129,7803,7818,0.03,False,False,0.03,0.03,0.03
98335da999ea0f5bdbfd,130,7819,7841,0.044,False,False,0.044,0.044,0.044
98335da999ea0f5bdbfd,131,7842,7858,0.032,False,False,0.032,0.032,0.032
98335da999ea0f5bdbfd,132,7859,7876,0.034,False,False,0.034,0.034,0.034
98335da999ea0f5bdbfd,133,7877,7898,0.042,False,False,0.042,0.042,0.042
98335da999ea0f5bdbfd,134,7899,7934,0.07,False,False,0.07,0.07,0.07
98335da999ea0f5bdbfd,135,7935,7991,0.112,False,False,0.112,0.112,0.112
98335da999ea0f5bdbfd,136,7992,10281,4.578,False,False,4.578,4.578,4.578
98335da999ea0f5bdbfd,137,10282,10347,0.13,False,False,0.13,0.13,0.13
98335da999ea0f5bdbfd,138,10348,10407,0.11800000000000001,False,False,0.11800000000000001,0.11800000000000001,0.11800000000000001
98335da999ea0f5bdbfd,139,10408,10458,0.1,False,False,0.1,0.1,0.1
98335da999ea0f5bdbfd,140,10459,10498,0.078,False,False,0.078,0.078,0.078
98335da999ea0f5bdbfd,141,10499,10533,0.068,False,False,0.068,0.068,0.068
98335da999ea0f5bdbfd,142,10534,10563,0.058,False,False,0.058,0.058,0.058
98335da999ea0f5bdbfd,143,10564,10591,0.054,False,False,0.054,0.054,0.054
98335da999ea0f5bdbfd,144,10592,10615,0.046,False,False,0.046,0.046,0.046
98335da999ea0f5bdbfd,145,10616,10638,0.044,False,False,0.044,0.044,0.044
98335da999ea0f5bdbfd,146,10639,10659,0.04,False,False,0.04,0.04,0.04
98335da999ea0f5bdbfd,147,10660,10678,0.036000000000000004,False,False,0.036000000000000004,0.036000000000000004,0.036000000000000004
98335da999ea0f5bdbfd,148,10679,10695,0.032,False,False,0.032,0.032,0.032
98335da999ea0f5bdbfd,149,10696,10712,0.032,False,False,0.032,0.032,0.032
98335da999ea0f5bdbfd,150,10713,10726,0.026000000000000002,False,False,0.026000000000000002,0.026000000000000002,0.026000000000000002
98335da999ea0f5bdbfd,151,10727,10741,0.028,False,False,0.028,0.028,0.028
98335da999ea0f5bdbfd,152,10742,10753,0.022,False,False,0.022,0.022,0.022
98335da999ea0f5bdbfd,153,10754,10766,0.024,False,False,0.024,0.024,0.024
98335da999ea0f5bdbfd,154,10767,10777,0.02,False,False,0.02,0.02,0.02
98335da999ea0f5bdbfd,155,10778,10788,0.02,False,False,0.02,0.02,0.02
98335da999ea0f5bdbfd,156,10789,10797,0.016,False,False,0.016,0.016,0.016
98335da999ea0f5bdbfd,157,10798,10808,0.02,False,False,0.02,0.02,0.02
98335da999ea0f5bdbfd,158,10809,10815,0.012,False,False,0.012,0.012,0.012
98335da999ea0f5bdbfd,159,10816,10825,0.018000000000000002,False,False,0.018000000000000002,0.018000000000000002,0.018000000000000002
98335da999ea0f5bdbfd,160,10826,10832,0.012,False,False,0.012,0.012,0.012
98335da999ea0f5bdbfd,161,10833,10840,0.014,False,False,0.014,0.014,0.014
98335da999ea0f5bdbfd,162,10841,10847,0.012,False,False,0.012,0.012,0.012
98335da999ea0f5bdbfd,163,10848,10853,0.01,False,False,0.01,0.01,0.01
98335da999ea0f5bdbfd,164,10854,10860,0.012,False,False,0.012,0.012,0.012
98335da999ea0f5bdbfd,165,10861,10866,0.01,False,False,0.01,0.01,0.01
98335da999ea0f5bdbfd,166,10867,10872,0.01,False,False,0.01,0.01,0.01
98335da999ea0f5bdbfd,167,10874,10883,0.018000000000000002,False,False,0.018000000000000002,0.018000000000000002,0.018000000000000002
98335da999ea0f5bdbfd,168,10884,10886,0.004,False,False,0.004,0.004,0.004
98335da999ea0f5bdbfd,169,10887,10892,0.01,False,False,0.01,0.01,0.01
98335da999ea0f5bdbfd,170,10894,10901,0.014,False,False,0.014,0.014,0.014
98335da999ea0f5bdbfd,171,10903,10907,0.008,False,False,0.008,0.008,0.008
98335da999ea0f5bdbfd,172,10908,10911,0.006,False,False,0.006,0.006,0.006
98335da999ea0f5bdbfd,173,10913,10919,0.012,False,False,0.012,0.012,0.012
98335da999ea0f5bdbfd,174,10922,10927,0.01,False,False,0.01,0.01,0.01
98335da999ea0f5bdbfd,175,10929,10932,0.006,False,False,0.006,0.006,0.006
98335da999ea0f5bdbfd,176,10934,10937,0.006,False,False,0.006,0.006,0.006
98335da999ea0f5bdbfd,177,10939,10942,0.006,False,False,0.006,0.006,0.006
98335da999ea0f5bdbfd,178,10945,10948,0.006,False,False,0.006,0.006,0.006
98335da999ea0f5bdbfd,179,10951,10953,0.004,False,False,0.004,0.004,0.004
98335da999ea0f5bdbfd,180,10955,10956,0.002,False,False,0.002,0.002,0.002
98335da999ea0f5bdbfd,181,10957,10958,0.002,False,False,0.002,0.002,0.002
98335da999ea0f5bdbfd,182,10961,10962,0.002,False,False,0.002,0.002,0.002
98335da999ea0f5bdbfd,183,10965,10966,0.002,False,False,0.002,0.002,0.002
995767302bd576cd7c53,0,3358,3654,0.592,False,False,0.592,0.592,0.592
995767302bd576cd7c53,1,7930,8750,1.6400000000000001,False,False,1.6400000000000001,1.6400000000000001,1.6400000000000001
995767302bd576cd7c53,2,9206,11038,3.664,False,False,3.664,3.664,3.664
995767302bd576cd7c53,3,13514,15200,3.372,False,False,3.372,3.372,3.372
997a1059e4395b2670bc,0,7486,10820,6.668,False,False,6.668,6.668,6.668
997a1059e4395b2670bc,1,10822,10837,0.03,False,False,0.03,0.03,0.03
997a1059e4395b2670bc,2,10838,10856,0.036000000000000004,False,False,0.036000000000000004,0.036000000000000004,0.036000000000000004
997a1059e4395b2670bc,3,10857,14581,7.448,False,False,7.448,7.448,7.448
9a22bb77a475e49f808c,0,4770,11473,13.406,False,False,12.102,12.102,7.74
9a25c272f237cf86f6c6,0,7810,15400,15.18,True,False,15.18,15.18,15.18
9b08b04e335583081b55,0,4930,4932,0.004,False,False,0.004,0.004,0.004
9b08b04e335583081b55,1,4933,4940,0.014,False,False,0.014,0.014,0.014
9b08b04e335583081b55,2,4941,4946,0.01,False,False,0.01,0.01,0.01
9b08b04e335583081b55,3,4947,4953,0.012,False,False,0.012,0.012,0.012
9b08b04e335583081b55,4,4954,4958,0.008,False,False,0.008,0.008,0.008
9b08b04e335583081b55,5,4959,4965,0.012,False,False,0.012,0.012,0.012
9b08b04e335583081b55,6,4967,4975,0.016,False,False,0.016,0.016,0.016
9b08b04e335583081b55,7,4977,4983,0.012,False,False,0.012,0.012,0.012
9b08b04e335583081b55,8,4984,4986,0.004,False,False,0.004,0.004,0.004
9b08b04e335583081b55,9,4987,4991,0.008,False,False,0.008,0.008,0.008
9b08b04e335583081b55,10,4992,4994,0.004,False,False,0.004,0.004,0.004
9b08b04e335583081b55,11,4995,4999,0.008,False,False,0.008,0.008,0.008
9b08b04e335583081b55,12,5001,5007,0.012,False,False,0.012,0.012,0.012
9b08b04e335583081b55,13,5009,5014,0.01,False,False,0.01,0.01,0.01
9b08b04e335583081b55,14,5015,5017,0.004,False,False,0.004,0.004,0.004
9b08b04e335583081b55,15,5018,5021,0.006,False,False,0.006,0.006,0.006
9b08b04e335583081b55,16,5022,5025,0.006,False,False,0.006,0.006,0.006
9b08b04e335583081b55,17,5026,5028,0.004,False,False,0.004,0.004,0.004
9b08b04e335583081b55,18,5029,5033,0.008,False,False,0.008,0.008,0.008
9b08b04e335583081b55,19,5035,5040,0.01,False,False,0.01,0.01,0.01
9b08b04e335583081b55,20,5042,5047,0.01,False,False,0.01,0.01,0.01
9b08b04e335583081b55,21,5048,5051,0.006,False,False,0.006,0.006,0.006
9b08b04e335583081b55,22,5052,5056,0.008,False,False,0.008,0.008,0.008
9b08b04e335583081b55,23,5057,5062,0.01,False,False,0.01,0.01,0.01
9b08b04e335583081b55,24,5063,5073,0.02,False,False,0.02,0.02,0.02
9b08b04e335583081b55,25,5074,6816,3.484,False,False,3.484,3.484,3.484
9b08b04e335583081b55,26,6820,6837,0.034,False,False,0.034,0.034,0.034
9b08b04e335583081b55,27,6838,6896,0.116,False,False,0.116,0.116,0.116
9b08b04e335583081b55,28,6897,6923,0.052000000000000005,False,False,0.052000000000000005,0.052000000000000005,0.052000000000000005
9b08b04e335583081b55,29,6924,6950,0.052000000000000005,False,False,0.052000000000000005,0.052000000000000005,0.052000000000000005
9b08b04e335583081b55,30,6951,6988,0.074,False,False,0.074,0.074,0.074
9b08b04e335583081b55,31,6989,7014,0.05,False,False,0.05,0.05,0.05
9b08b04e335583081b55,32,7015,7041,0.052000000000000005,False,False,0.052000000000000005,0.052000000000000005,0.052000000000000005
9b08b04e335583081b55,33,7042,7069,0.054,False,False,0.054,0.054,0.054
9b08b04e335583081b55,34,7070,7098,0.056,False,False,0.056,0.056,0.056
9b08b04e335583081b55,35,7099,7126,0.054,False,False,0.054,0.054,0.054
9b08b04e335583081b55,36,7127,7156,0.058,False,False,0.058,0.058,0.058
9b08b04e335583081b55,37,7157,7186,0.058,False,False,0.058,0.058,0.058
9b08b04e335583081b55,38,7187,7217,0.06,False,False,0.06,0.06,0.06
9b08b04e335583081b55,39,7218,7249,0.062,False,False,0.062,0.062,0.062
9b08b04e335583081b55,40,7250,7282,0.064,False,False,0.064,0.064,0.064
9b08b04e335583081b55,41,7283,7314,0.062,False,False,0.062,0.062,0.062
9b08b04e335583081b55,42,7315,7346,0.062,False,False,0.062,0.062,0.062
9b08b04e335583081b55,43,7347,7378,0.062,False,False,0.062,0.062,0.062
9b08b04e335583081b55,44,7379,7410,0.062,False,False,0.062,0.062,0.062
9b08b04e335583081b55,45,7411,7443,0.064,False,False,0.064,0.064,0.064
9b08b04e335583081b55,46,7444,7477,0.066,False,False,0.066,0.066,0.066
9b08b04e335583081b55,47,7478,7512,0.068,False,False,0.068,0.068,0.068
9b08b04e335583081b55,48,7513,7547,0.068,False,False,0.068,0.068,0.068
9b08b04e335583081b55,49,7548,7581,0.066,False,False,0.066,0.066,0.066
9b08b04e335583081b55,50,7582,7611,0.058,False,False,0.058,0.058,0.058
9b08b04e335583081b55,51,7612,7635,0.046,False,False,0.046,0.046,0.046
9b08b04e335583081b55,52,7636,7656,0.04,False,False,0.04,0.04,0.04
9b08b04e335583081b55,53,7657,7667,0.02,False,False,0.02,0.02,0.02
9b08b04e335583081b55,54,7668,7691,0.046,False,False,0.046,0.046,0.046
9b08b04e335583081b55,55,7692,7705,0.026000000000000002,False,False,0.026000000000000002,0.026000000000000002,0.026000000000000002
9b08b04e335583081b55,56,7706,7717,0.022,False,False,0.022,0.022,0.022
9b08b04e335583081b55,57,7718,7729,0.022,False,False,0.022,0.022,0.022
9b08b04e335583081b55,58,7730,7742,0.024,False,False,0.024,0.024,0.024
9b08b04e335583081b55,59,7743,7754,0.022,False,False,0.022,0.022,0.022
9b08b04e335583081b55,60,7755,7763,0.016,False,False,0.016,0.016,0.016
9b08b04e335583081b55,61,7764,7778,0.028,False,False,0.028,0.028,0.028
9b08b04e335583081b55,62,7779,7786,0.014,False,False,0.014,0.014,0.014
9b08b04e335583081b55,63,7787,7801,0.028,False,False,0.028,0.028,0.028
9b08b04e335583081b55,64,7802,7826,0.048,False,False,0.048,0.048,0.048
9b08b04e335583081b55,65,7827,7865,0.076,False,False,0.076,0.076,0.076
9b08b04e335583081b55,66,7866,7900,0.068,False,False,0.068,0.068,0.068
9b08b04e335583081b55,67,7901,12572,9.342,False,False,9.342,9.342,9.342
9b08b04e335583081b55,68,12574,12597,0.046,False,False,0.046,0.046,0.046
9b08b04e335583081b55,69,12599,12609,0.02,False,False,0.02,0.02,0.02
9b08b04e335583081b55,70,12611,12620,0.018000000000000002,False,False,0.018000000000000002,0.018000000000000002,0.018000000000000002
9b08b04e335583081b55,71,12622,12627,0.01,False,False,0.01,0.01,0.01
9b08b04e335583081b55,72,12628,12631,0.006,False,False,0.006,0.006,0.006
9b08b04e335583081b55,73,12633,12639,0.012,False,False,0.012,0.012,0.012
9b08b04e335583081b55,74,12643,12649,0.012,False,False,0.012,0.012,0.012
9b08b04e335583081b55,75,12654,12658,0.008,False,False,0.008,0.008,0.008
9b08b04e335583081b55,76,12662,12664,0.004,False,False,0.004,0.004,0.004
9b08b04e335583081b55,77,12668,12669,0.002,False,False,0.002,0.002,0.002
9b08b04e335583081b55,78,12670,12671,0.002,False,False,0.002,0.002,0.002
9b3ab65437c1f85ba08b,0,4546,4583,0.074,False,True,0.074,0.074,0.074
9b3ab65437c1f85ba08b,1,4584,4655,0.14200000000000002,False,True,0.14200000000000002,0.14200000000000002,0.14200000000000002
9b3ab65437c1f85ba08b,2,4656,4741,0.17,False,True,0.17,0.17,0.17
9b3ab65437c1f85ba08b,3,4742,4789,0.094,False,True,0.094,0.094,0.094
9b3ab65437c1f85ba08b,4,4790,4819,0.058,False,True,0.058,0.058,0.058
9b3ab65437c1f85ba08b,5,4820,4832,0.024,False,True,0.024,0.024,0.024
9b3ab65437c1f85ba08b,6,4833,4838,0.01,False,True,0.01,0.01,0.01
9b3ab65437c1f85ba08b,7,4840,4854,0.028,False,True,0.028,0.028,0.028
9b3ab65437c1f85ba08b,8,4855,4865,0.02,False,True,0.02,0.02,0.02
9b3ab65437c1f85ba08b,9,4866,4868,0.004,False,True,0.004,0.004,0.004
9b3ab65437c1f85ba08b,10,4870,4873,0.006,False,True,0.006,0.006,0.006
9b3ab65437c1f85ba08b,11,4874,4876,0.004,False,True,0.004,0.004,0.004
9b3ab65437c1f85ba08b,12,4877,4883,0.012,False,True,0.012,0.012,0.012
9b3ab65437c1f85ba08b,13,4884,4889,0.01,False,True,0.01,0.01,0.01
9b3ab65437c1f85ba08b,14,4890,4895,0.01,False,True,0.01,0.01,0.01
9b3ab65437c1f85ba08b,15,4900,4907,0.014,False,True,0.014,0.014,0.014
9b3ab65437c1f85ba08b,16,4908,4912,0.008,False,True,0.008,0.008,0.008
9b3ab65437c1f85ba08b,17,4913,4923,0.02,False,True,0.02,0.02,0.02
9b3ab65437c1f85ba08b,18,4924,4930,0.012,False,True,0.012,0.012,0.012
9b3ab65437c1f85ba08b,19,4931,15100,20.338,True,True,20.338,20.338,20.338
9cdf377c60dcd79c040c,0,7409,7512,0.20600000000000002,False,True,0.20600000000000002,0.20600000000000002,0.20600000000000002
9cdf377c60dcd79c040c,1,7513,7526,0.026000000000000002,False,True,0.026000000000000002,0.026000000000000002,0.026000000000000002
9cdf377c60dcd79c040c,2,7527,7545,0.036000000000000004,False,True,0.036000000000000004,0.036000000000000004,0.036000000000000004
9cdf377c60dcd79c040c,3,7546,7575,0.058,False,True,0.058,0.058,0.058
9cdf377c60dcd79c040c,4,7576,15200,15.248000000000001,True,True,15.248000000000001,15.248000000000001,15.248000000000001
9cee7bbb9b12e7ed7c27,0,1182,9000,15.636000000000001,True,True,15.636000000000001,15.636000000000001,15.636000000000001
9cf7b6057c421bf1c3ff,0,5060,7245,4.37,False,True,4.37,4.37,4.37
9cf7b6057c421bf1c3ff,1,7398,15400,16.004,True,True,16.004,16.004,16.004
9ddcf38ba48bbd0ba17b,0,3501,4279,1.556,False,False,1.554,1.554,1.1480000000000001
9ddcf38ba48bbd0ba17b,1,11474,11582,0.216,False,False,0.216,0.216,0.216
9ddcf38ba48bbd0ba17b,2,11584,11592,0.016,False,False,0.016,0.016,0.016
9ddcf38ba48bbd0ba17b,3,11595,11597,0.004,False,False,0.004,0.004,0.004
9ddcf38ba48bbd0ba17b,4,11600,11604,0.008,False,False,0.008,0.008,0.008
9ddcf38ba48bbd0ba17b,5,11608,11611,0.006,False,False,0.006,0.006,0.006
9ddcf38ba48bbd0ba17b,6,11612,11613,0.002,False,False,0.002,0.002,0.002
9ddcf38ba48bbd0ba17b,7,11659,11685,0.052000000000000005,False,False,0.052000000000000005,0.052000000000000005,0.052000000000000005
9e5e125e1ff0345bdcff,0,5060,7559,4.998,False,False,4.998,4.998,4.998
9e5e125e1ff0345bdcff,1,8706,12775,8.138,False,False,8.138,8.138,8.138
9e5e125e1ff0345bdcff,2,12776,12822,0.092,False,False,0.092,0.092,0.092
9e5e125e1ff0345bdcff,3,12823,12849,0.052000000000000005,False,False,0.052000000000000005,0.052000000000000005,0.052000000000000005
9e5e125e1ff0345bdcff,4,12850,12873,0.046,False,False,0.046,0.046,0.046
9e5e125e1ff0345bdcff,5,12874,12892,0.036000000000000004,False,False,0.036000000000000004,0.036000000000000004,0.036000000000000004
9e5e125e1ff0345bdcff,6,12893,12909,0.032,False,False,0.032,0.032,0.032
9e5e125e1ff0345bdcff,7,12910,12923,0.026000000000000002,False,False,0.026000000000000002,0.026000000000000002,0.026000000000000002
9e5e125e1ff0345bdcff,8,12924,12937,0.026000000000000002,False,False,0.026000000000000002,0.026000000000000002,0.026000000000000002
9e5e125e1ff0345bdcff,9,12938,12949,0.022,False,False,0.022,0.022,0.022
9e5e125e1ff0345bdcff,10,12950,12960,0.02,False,False,0.02,0.02,0.02
9e5e125e1ff0345bdcff,11,12961,12971,0.02,False,False,0.02,0.02,0.02
9e5e125e1ff0345bdcff,12,12972,12980,0.016,False,False,0.016,0.016,0.016
9e5e125e1ff0345bdcff,13,12981,12989,0.016,False,False,0.016,0.016,0.016
9e5e125e1ff0345bdcff,14,12990,12998,0.016,False,False,0.016,0.016,0.016
9e5e125e1ff0345bdcff,15,13000,13013,0.026000000000000002,False,False,0.026000000000000002,0.026000000000000002,0.026000000000000002
9e5e125e1ff0345bdcff,16,13016,13029,0.026000000000000002,False,False,0.026000000000000002,0.026000000000000002,0.026000000000000002
9e5e125e1ff0345bdcff,17,13030,13032,0.004,False,False,0.004,0.004,0.004
9e5e125e1ff0345bdcff,18,13033,13040,0.014,False,False,0.014,0.014,0.014
9e5e125e1ff0345bdcff,19,13041,13045,0.008,False,False,0.008,0.008,0.008
9e5e125e1ff0345bdcff,20,13046,13052,0.012,False,False,0.012,0.012,0.012
9e5e125e1ff0345bdcff,21,13054,13062,0.016,False,False,0.016,0.016,0.016
9e5e125e1ff0345bdcff,22,13065,13074,0.018000000000000002,False,False,0.018000000000000002,0.018000000000000002,0.018000000000000002
9e5e125e1ff0345bdcff,23,13077,13083,0.012,False,False,0.012,0.012,0.012
9e5e125e1ff0345bdcff,24,13084,13087,0.006,False,False,0.006,0.006,0.006
9e5e125e1ff0345bdcff,25,13089,13095,0.012,False,False,0.012,0.012,0.012
9e5e125e1ff0345bdcff,26,13098,13103,0.01,False,False,0.01,0.01,0.01
9e5e125e1ff0345bdcff,27,13104,13106,0.004,False,False,0.004,0.004,0.004
9e5e125e1ff0345bdcff,28,13108,13112,0.008,False,False,0.008,0.008,0.008
9e5e125e1ff0345bdcff,29,13114,13118,0.008,False,False,0.008,0.008,0.008
9e5e125e1ff0345bdcff,30,13121,13124,0.006,False,False,0.006,0.006,0.006
9e5e125e1ff0345bdcff,31,13125,13126,0.002,False,False,0.002,0.002,0.002
9e5e125e1ff0345bdcff,32,13127,13129,0.004,False,False,0.004,0.004,0.004
9e5e125e1ff0345bdcff,33,13131,13134,0.006,False,False,0.006,0.006,0.006
9e5e125e1ff0345bdcff,34,13137,13139,0.004,False,False,0.004,0.004,0.004
9e5e125e1ff0345bdcff,35,13141,13143,0.004,False,False,0.004,0.004,0.004
9e5e125e1ff0345bdcff,36,13146,13148,0.004,False,False,0.004,0.004,0.004
9e5e125e1ff0345bdcff,37,13150,13151,0.002,False,False,0.002,0.002,0.002
9e5e125e1ff0345bdcff,38,13153,13154,0.002,False,False,0.002,0.002,0.002
9e5e125e1ff0345bdcff,39,13156,13157,0.002,False,False,0.002,0.002,0.002
9e5e125e1ff0345bdcff,40,13160,13161,0.002,False,False,0.002,0.002,0.002
9e5e125e1ff0345bdcff,41,13165,13166,0.002,False,False,0.002,0.002,0.002
9eb023c6b49c36129684,0,3407,3428,0.042,False,True,0.042,0.042,0.042
9eb023c6b49c36129684,1,3429,3620,0.382,False,True,0.382,0.382,0.382
9eb023c6b49c36129684,2,7226,15200,15.948,True,True,15.47,15.47,15.092
9ecb45b05686ee60ae55,0,1297,9000,15.406,True,True,15.406,15.406,15.406
9f522d4f264bfec0c597,0,4813,4871,0.116,False,False,0.112,0.112,0.10400000000000001
9f522d4f264bfec0c597,1,4873,4957,0.168,False,False,0.168,0.168,0.168
9f522d4f264bfec0c597,2,4958,4997,0.078,False,False,0.078,0.078,0.078
9f522d4f264bfec0c597,3,4998,11495,12.994,False,False,12.994,12.994,12.994
9f554396406df227e5de,0,1255,9000,15.49,True,True,15.49,15.49,15.49
9f78b867ab5f5a761b0a,0,4831,9411,9.16,False,False,8.908,8.908,3.984
9f8560fce51c71776ac7,0,4793,4809,0.032,False,False,0.032,0.032,0.032
9f8560fce51c71776ac7,1,4810,4824,0.028,False,False,0.028,0.028,0.028
9f8560fce51c71776ac7,2,4825,4828,0.006,False,False,0.006,0.006,0.006
9f8560fce51c71776ac7,3,4829,4833,0.008,False,False,0.008,0.008,0.008
9f8560fce51c71776ac7,4,4837,4840,0.006,False,False,0.006,0.006,0.006
9f8560fce51c71776ac7,5,4841,4845,0.008,False,False,0.008,0.008,0.008
9f8560fce51c71776ac7,6,4846,4847,0.002,False,False,0.002,0.002,0.002
9f8560fce51c71776ac7,7,4852,4856,0.008,False,False,0.008,0.008,0.008
9f8560fce51c71776ac7,8,4858,4860,0.004,False,False,0.004,0.004,0.004
9f8560fce51c71776ac7,9,4861,4865,0.008,False,False,0.008,0.008,0.008
9f8560fce51c71776ac7,10,4866,4868,0.004,False,False,0.004,0.004,0.004
9f8560fce51c71776ac7,11,4869,4871,0.004,False,False,0.004,0.004,0.004
9f8560fce51c71776ac7,12,4877,4883,0.012,False,False,0.012,0.012,0.012
9f8560fce51c71776ac7,13,4887,4895,0.016,False,False,0.016,0.016,0.016
9f8560fce51c71776ac7,14,4897,4898,0.002,False,False,0.002,0.002,0.002
9f8560fce51c71776ac7,15,4904,4913,0.018000000000000002,False,False,0.018000000000000002,0.018000000000000002,0.018000000000000002
9f8560fce51c71776ac7,16,4922,4933,0.022,False,False,0.022,0.022,0.022
9f8560fce51c71776ac7,17,4946,4954,0.016,False,False,0.016,0.016,0.016
9f8560fce51c71776ac7,18,4963,4967,0.008,False,False,0.008,0.008,0.008
9f8560fce51c71776ac7,19,6892,13810,13.836,False,False,13.836,13.836,13.836
a014c69c06ef162298cc,0,943,9000,16.114,True,True,16.114,16.114,16.114
a029a4a79d4c7ec0b9bc,0,1120,8762,15.284,True,True,15.284,15.284,15.284
a143783fb56c45c59554,0,5002,6992,3.98,False,False,3.978,3.978,3.97
a143783fb56c45c59554,1,7297,12307,10.02,False,False,10.02,10.02,10.02
a143783fb56c45c59554,2,12309,12310,0.002,False,False,0.002,0.002,0.002
a1d554287902b6723c99,0,1326,9000,15.348,True,True,15.348,15.348,15.348
a1f12131b3707d0c43b8,0,7774,15400,15.252,True,True,15.252,15.252,15.252
a2b5f163218b423df585,0,1305,9000,15.39,True,True,15.39,15.39,15.39
a363c9af16aeceb3d6e0,0,3330,3729,0.798,False,True,0.798,0.798,0.798
a363c9af16aeceb3d6e0,1,7024,15200,16.352,True,True,15.85,15.85,15.116
a55ef7bc14c2f4e810d1,0,3466,4574,2.216,False,False,2.212,2.212,1.75
a55ef7bc14c2f4e810d1,1,7623,9318,3.39,False,False,3.39,3.39,3.39
a55ef7bc14c2f4e810d1,2,12283,12613,0.66,False,False,0.66,0.66,0.66
a55ef7bc14c2f4e810d1,3,12614,12620,0.012,False,False,0.012,0.012,0.012
a55ef7bc14c2f4e810d1,4,12622,12627,0.01,False,False,0.01,0.01,0.01
a55ef7bc14c2f4e810d1,5,12631,12635,0.008,False,False,0.008,0.008,0.008
a55ef7bc14c2f4e810d1,6,12636,12638,0.004,False,False,0.004,0.004,0.004
a55ef7bc14c2f4e810d1,7,12639,12641,0.004,False,False,0.004,0.004,0.004
a55ef7bc14c2f4e810d1,8,12642,12645,0.006,False,False,0.006,0.006,0.006
a55ef7bc14c2f4e810d1,9,12690,12721,0.062,False,False,0.062,0.062,0.062
a63fe3fc175574954038,0,3256,3393,0.274,False,True,0.27,0.27,0.268
a63fe3fc175574954038,1,3394,3397,0.006,False,True,0.002,0.002,0.002
a63fe3fc175574954038,2,3398,3402,0.008,False,True,0.004,0.004,0.004
a63fe3fc175574954038,3,7527,15200,15.346,True,True,15.33,15.33,15.128
a66d0fe2aa2fc20396e4,0,4831,9383,9.104000000000001,False,False,8.852,8.852,4.026
a7a6295207867128e9e9,0,4533,4782,0.498,False,True,0.498,0.498,0.498
a7a6295207867128e9e9,1,4783,4837,0.108,False,True,0.108,0.108,0.108
a7a6295207867128e9e9,2,4838,4882,0.088,False,True,0.088,0.088,0.088
a7a6295207867128e9e9,3,4883,15100,20.434,True,True,20.434,20.434,20.434
a7b2dc8ab980cd87b64d,0,4855,4867,0.024,False,True,0.024,0.024,0.024
a7b2dc8ab980cd87b64d,1,4868,15100,20.464000000000002,True,True,20.464000000000002,20.464000000000002,20.464000000000002
a7c38b4b582723fe6a97,0,961,8182,14.442,False,False,14.442,14.442,14.442
a8771e00744f3379160e,0,3375,3826,0.902,False,True,0.8200000000000001,0.8200000000000001,0.52
a8771e00744f3379160e,1,7423,15200,15.554,True,True,15.540000000000001,15.540000000000001,15.106
aac7d5556bf814a9e080,0,7785,15400,15.23,True,False,15.23,15.23,15.23
aafedf4c388f11c8a83e,0,3429,3848,0.838,False,True,0.8300000000000001,0.8300000000000001,0.506
aafedf4c388f11c8a83e,1,7330,7339,0.018000000000000002,False,True,0.018000000000000002,0.018000000000000002,0.018000000000000002
aafedf4c388f11c8a83e,2,7340,7351,0.022,False,True,0.022,0.022,0.022
aafedf4c388f11c8a83e,3,7352,7357,0.01,False,True,0.008,0.008,0.004
aafedf4c388f11c8a83e,4,7358,7374,0.032,False,True,0.032,0.032,0.032
aafedf4c388f11c8a83e,5,7375,7378,0.006,False,True,0.006,0.006,0.006
aafedf4c388f11c8a83e,6,7379,7386,0.014,False,True,0.014,0.014,0.014
aafedf4c388f11c8a83e,7,7387,7392,0.01,False,True,0.01,0.01,0.01
aafedf4c388f11c8a83e,8,7393,7404,0.022,False,True,0.022,0.022,0.022
aafedf4c388f11c8a83e,9,7405,7407,0.004,False,True,0.002,0.002,0.002
aafedf4c388f11c8a83e,10,7409,7436,0.054,False,True,0.054,0.054,0.054
aafedf4c388f11c8a83e,11,7437,7465,0.056,False,True,0.056,0.056,0.056
aafedf4c388f11c8a83e,12,7466,7584,0.23600000000000002,False,True,0.23600000000000002,0.23600000000000002,0.23600000000000002
aafedf4c388f11c8a83e,13,7585,15200,15.23,True,True,15.23,15.23,15.23
ab43a06d2e52fdf6938f,0,4853,4858,0.01,False,True,0.01,0.01,0.01
ab43a06d2e52fdf6938f,1,4860,4863,0.006,False,True,0.006,0.006,0.006
ab43a06d2e52fdf6938f,2,4864,4867,0.006,False,True,0.006,0.006,0.006
ab43a06d2e52fdf6938f,3,4871,4880,0.018000000000000002,False,True,0.018000000000000002,0.018000000000000002,0.018000000000000002
ab43a06d2e52fdf6938f,4,4884,4890,0.012,False,True,0.012,0.012,0.012
ab43a06d2e52fdf6938f,5,4892,4895,0.006,False,True,0.006,0.006,0.006
ab43a06d2e52fdf6938f,6,4897,4902,0.01,False,True,0.01,0.01,0.01
ab43a06d2e52fdf6938f,7,4905,4911,0.012,False,True,0.012,0.012,0.012
ab43a06d2e52fdf6938f,8,4914,4919,0.01,False,True,0.01,0.01,0.01
ab43a06d2e52fdf6938f,9,4922,4927,0.01,False,True,0.01,0.01,0.01
ab43a06d2e52fdf6938f,10,4929,4932,0.006,False,True,0.006,0.006,0.006
ab43a06d2e52fdf6938f,11,4933,4935,0.004,False,True,0.004,0.004,0.004
ab43a06d2e52fdf6938f,12,4937,4941,0.008,False,True,0.008,0.008,0.008
ab43a06d2e52fdf6938f,13,4943,4945,0.004,False,True,0.004,0.004,0.004
ab43a06d2e52fdf6938f,14,4946,4948,0.004,False,True,0.004,0.004,0.004
ab43a06d2e52fdf6938f,15,4949,4950,0.002,False,True,0.002,0.002,0.002
ab43a06d2e52fdf6938f,16,4951,4953,0.004,False,True,0.004,0.004,0.004
ab43a06d2e52fdf6938f,17,4954,4955,0.002,False,True,0.002,0.002,0.002
ab43a06d2e52fdf6938f,18,4956,4958,0.004,False,True,0.004,0.004,0.004
ab43a06d2e52fdf6938f,19,4959,4960,0.002,False,True,0.002,0.002,0.002
ab43a06d2e52fdf6938f,20,4961,4963,0.004,False,True,0.004,0.004,0.004
ab43a06d2e52fdf6938f,21,4965,4967,0.004,False,True,0.004,0.004,0.004
ab43a06d2e52fdf6938f,22,4968,4969,0.002,False,True,0.002,0.002,0.002
ab43a06d2e52fdf6938f,23,4970,4971,0.002,False,True,0.002,0.002,0.002
ab43a06d2e52fdf6938f,24,4972,4974,0.004,False,True,0.004,0.004,0.004
ab43a06d2e52fdf6938f,25,4977,4980,0.006,False,True,0.006,0.006,0.006
ab43a06d2e52fdf6938f,26,4983,4985,0.004,False,True,0.004,0.004,0.004
ab43a06d2e52fdf6938f,27,4987,4988,0.002,False,True,0.002,0.002,0.002
ab43a06d2e52fdf6938f,28,4989,4990,0.002,False,True,0.002,0.002,0.002
ab43a06d2e52fdf6938f,29,4991,4992,0.002,False,True,0.002,0.002,0.002
ab43a06d2e52fdf6938f,30,4994,4995,0.002,False,True,0.002,0.002,0.002
ab43a06d2e52fdf6938f,31,4997,4999,0.004,False,True,0.004,0.004,0.004
ab43a06d2e52fdf6938f,32,5004,5007,0.006,False,True,0.006,0.006,0.006
ab43a06d2e52fdf6938f,33,5014,5016,0.004,False,True,0.004,0.004,0.004
ab43a06d2e52fdf6938f,34,5022,5023,0.002,False,True,0.002,0.002,0.002
ab43a06d2e52fdf6938f,35,5081,5099,0.036000000000000004,False,True,0.036000000000000004,0.036000000000000004,0.036000000000000004
ab43a06d2e52fdf6938f,36,5100,5111,0.022,False,True,0.022,0.022,0.022
ab43a06d2e52fdf6938f,37,5112,5127,0.03,False,True,0.03,0.03,0.03
ab43a06d2e52fdf6938f,38,5128,5154,0.052000000000000005,False,True,0.052000000000000005,0.052000000000000005,0.052000000000000005
ab43a06d2e52fdf6938f,39,5155,5199,0.088,False,True,0.088,0.088,0.088
ab43a06d2e52fdf6938f,40,5200,5253,0.106,False,True,0.106,0.106,0.106
ab43a06d2e52fdf6938f,41,5254,5317,0.126,False,True,0.126,0.126,0.126
ab43a06d2e52fdf6938f,42,5318,5357,0.078,False,True,0.078,0.078,0.078
ab43a06d2e52fdf6938f,43,5358,5399,0.082,False,True,0.082,0.082,0.082
ab43a06d2e52fdf6938f,44,5400,5445,0.09,False,True,0.09,0.09,0.09
ab43a06d2e52fdf6938f,45,5446,5492,0.092,False,True,0.092,0.092,0.092
ab43a06d2e52fdf6938f,46,5493,5537,0.088,False,True,0.088,0.088,0.088
ab43a06d2e52fdf6938f,47,5538,5579,0.082,False,True,0.082,0.082,0.082
ab43a06d2e52fdf6938f,48,5580,5618,0.076,False,True,0.076,0.076,0.076
ab43a06d2e52fdf6938f,49,5619,5654,0.07,False,True,0.07,0.07,0.07
ab43a06d2e52fdf6938f,50,5655,5688,0.066,False,True,0.066,0.066,0.066
ab43a06d2e52fdf6938f,51,5689,5719,0.06,False,True,0.06,0.06,0.06
ab43a06d2e52fdf6938f,52,5720,5747,0.054,False,True,0.054,0.054,0.054
ab43a06d2e52fdf6938f,53,5748,5773,0.05,False,True,0.05,0.05,0.05
ab43a06d2e52fdf6938f,54,5774,5796,0.044,False,True,0.044,0.044,0.044
ab43a06d2e52fdf6938f,55,5797,5818,0.042,False,True,0.042,0.042,0.042
ab43a06d2e52fdf6938f,56,5819,5837,0.036000000000000004,False,True,0.036000000000000004,0.036000000000000004,0.036000000000000004
ab43a06d2e52fdf6938f,57,5838,5854,0.032,False,True,0.032,0.032,0.032
ab43a06d2e52fdf6938f,58,5855,5870,0.03,False,True,0.03,0.03,0.03
ab43a06d2e52fdf6938f,59,5871,5884,0.026000000000000002,False,True,0.026000000000000002,0.026000000000000002,0.026000000000000002
ab43a06d2e52fdf6938f,60,5885,5897,0.024,False,True,0.024,0.024,0.024
ab43a06d2e52fdf6938f,61,5898,5908,0.02,False,True,0.02,0.02,0.02
ab43a06d2e52fdf6938f,62,5909,5919,0.02,False,True,0.02,0.02,0.02
ab43a06d2e52fdf6938f,63,5920,5928,0.016,False,True,0.016,0.016,0.016
ab43a06d2e52fdf6938f,64,5929,5936,0.014,False,True,0.014,0.014,0.014
ab43a06d2e52fdf6938f,65,5937,5944,0.014,False,True,0.014,0.014,0.014
ab43a06d2e52fdf6938f,66,5945,5951,0.012,False,True,0.012,0.012,0.012
ab43a06d2e52fdf6938f,67,5952,5957,0.01,False,True,0.01,0.01,0.01
ab43a06d2e52fdf6938f,68,5958,5963,0.01,False,True,0.01,0.01,0.01
ab43a06d2e52fdf6938f,69,5964,5969,0.01,False,True,0.01,0.01,0.01
ab43a06d2e52fdf6938f,70,5971,5978,0.014,False,True,0.014,0.014,0.014
ab43a06d2e52fdf6938f,71,5980,5985,0.01,False,True,0.01,0.01,0.01
ab43a06d2e52fdf6938f,72,5987,5991,0.008,False,True,0.008,0.008,0.008
ab43a06d2e52fdf6938f,73,5992,5993,0.002,False,True,0.002,0.002,0.002
ab43a06d2e52fdf6938f,74,5994,5997,0.006,False,True,0.006,0.006,0.006
ab43a06d2e52fdf6938f,75,5999,6002,0.006,False,True,0.006,0.006,0.006
ab43a06d2e52fdf6938f,76,6004,6006,0.004,False,True,0.004,0.004,0.004
ab43a06d2e52fdf6938f,77,6008,6010,0.004,False,True,0.004,0.004,0.004
ab43a06d2e52fdf6938f,78,6013,6015,0.004,False,True,0.004,0.004,0.004
ab43a06d2e52fdf6938f,79,6020,6021,0.002,False,True,0.002,0.002,0.002
ab43a06d2e52fdf6938f,80,6846,15400,17.108,True,True,17.108,17.108,17.108
ab6760804cb48a5f0fe3,0,1206,9000,15.588000000000001,True,True,15.588000000000001,15.588000000000001,15.588000000000001
ac6074f170a620f192ac,0,7818,15400,15.164,True,False,15.164,15.164,15.164
ac7ae2413bde13f51130,0,3449,15200,23.502,True,False,23.5,23.5,15.156
af923f013fa44eb4aafc,0,895,8553,15.316,True,True,15.316,15.316,15.316
b0382e005eafd8b617dd,0,1360,7225,11.73,False,False,11.73,11.73,11.73
b199fb7ecc4db7a13bc7,0,7472,15400,15.856,True,True,15.856,15.856,15.856
b1fe4dbcbbf9be46b06b,0,7392,7475,0.166,False,True,0.166,0.166,0.166
b1fe4dbcbbf9be46b06b,1,7476,7524,0.096,False,True,0.094,0.094,0.08600000000000001
b1fe4dbcbbf9be46b06b,2,7525,7556,0.062,False,True,0.062,0.062,0.062
b1fe4dbcbbf9be46b06b,3,7557,15200,15.286,True,True,15.286,15.286,15.286
b30f077026546b09e77c,0,4917,4922,0.01,False,False,0.01,0.01,0.01
b30f077026546b09e77c,1,4923,4927,0.008,False,False,0.008,0.008,0.008
b30f077026546b09e77c,2,4928,4935,0.014,False,False,0.014,0.014,0.014
b30f077026546b09e77c,3,4936,4942,0.012,False,False,0.012,0.012,0.012
b30f077026546b09e77c,4,4943,4949,0.012,False,False,0.012,0.012,0.012
b30f077026546b09e77c,5,4950,4956,0.012,False,False,0.012,0.012,0.012
b30f077026546b09e77c,6,4957,4964,0.014,False,False,0.014,0.014,0.014
b30f077026546b09e77c,7,4965,4978,0.026000000000000002,False,False,0.026000000000000002,0.026000000000000002,0.026000000000000002
b30f077026546b09e77c,8,4980,4992,0.024,False,False,0.024,0.024,0.024
b30f077026546b09e77c,9,4994,5006,0.024,False,False,0.024,0.024,0.024
b30f077026546b09e77c,10,5008,5021,0.026000000000000002,False,False,0.026000000000000002,0.026000000000000002,0.026000000000000002
b30f077026546b09e77c,11,5023,5036,0.026000000000000002,False,False,0.026000000000000002,0.026000000000000002,0.026000000000000002
b30f077026546b09e77c,12,5037,5046,0.018000000000000002,False,False,0.018000000000000002,0.018000000000000002,0.018000000000000002
b30f077026546b09e77c,13,5047,6441,2.7880000000000003,False,False,2.7880000000000003,2.7880000000000003,2.7880000000000003
b30f077026546b09e77c,14,6442,6564,0.244,False,False,0.244,0.244,0.244
b30f077026546b09e77c,15,6565,6645,0.16,False,False,0.16,0.16,0.16
b30f077026546b09e77c,16,6646,6699,0.106,False,False,0.106,0.106,0.106
b30f077026546b09e77c,17,6700,6743,0.08600000000000001,False,False,0.08600000000000001,0.08600000000000001,0.08600000000000001
b30f077026546b09e77c,18,6744,6779,0.07,False,False,0.07,0.07,0.07
b30f077026546b09e77c,19,6780,6803,0.046,False,False,0.046,0.046,0.046
b30f077026546b09e77c,20,6805,6812,0.014,False,False,0.014,0.014,0.014
b30f077026546b09e77c,21,6813,7891,2.156,False,False,2.156,2.156,2.156
b3475d4c2db4c299df74,0,3400,15200,23.6,True,True,23.526,23.526,15.14
b3e81fa890ba12138a9a,0,4260,4286,0.052000000000000005,False,False,0.052000000000000005,0.052000000000000005,0.052000000000000005
b3e81fa890ba12138a9a,1,4287,4311,0.048,False,False,0.048,0.048,0.048
b3e81fa890ba12138a9a,2,4312,4337,0.05,False,False,0.05,0.05,0.05
b3e81fa890ba12138a9a,3,4338,4368,0.06,False,False,0.06,0.06,0.06
b3e81fa890ba12138a9a,4,4369,8932,9.126,False,False,9.126,9.126,9.126
b3e81fa890ba12138a9a,5,8933,8939,0.012,False,False,0.012,0.012,0.012
b413f5e1b655ff0f0e3c,0,7333,7596,0.526,False,True,0.526,0.526,0.526
b413f5e1b655ff0f0e3c,1,7597,15200,15.206,True,True,15.206,15.206,15.206
b6037f1b448425603a0a,0,7506,15400,15.788,True,False,15.788,15.788,15.788
b65cc2d20b2a059ecab5,0,1504,9000,14.992,False,False,14.992,14.992,14.992
b8140768773c71b6bf5c,0,3367,3795,0.856,False,True,0.856,0.856,0.856
b8140768773c71b6bf5c,1,6978,15200,16.444,True,True,14.14,14.14,13.902000000000001
b844c33693ea2007c44c,0,3459,15200,23.482,True,False,23.412,23.412,15.122
b860f245271c473265e2,0,4904,4909,0.01,False,True,0.01,0.01,0.01
b860f245271c473265e2,1,4911,4917,0.012,False,True,0.012,0.012,0.012
b860f245271c473265e2,2,4919,4927,0.016,False,True,0.016,0.016,0.016
b860f245271c473265e2,3,4928,4930,0.004,False,True,0.004,0.004,0.004
b860f245271c473265e2,4,4931,4936,0.01,False,True,0.01,0.01,0.01
b860f245271c473265e2,5,4938,4944,0.012,False,True,0.012,0.012,0.012
b860f245271c473265e2,6,4946,4951,0.01,False,True,0.01,0.01,0.01
b860f245271c473265e2,7,4953,4958,0.01,False,True,0.01,0.01,0.01
b860f245271c473265e2,8,4960,4964,0.008,False,True,0.008,0.008,0.008
b860f245271c473265e2,9,4966,4970,0.008,False,True,0.008,0.008,0.008
b860f245271c473265e2,10,4972,4975,0.006,False,True,0.006,0.006,0.006
b860f245271c473265e2,11,4977,4978,0.002,False,True,0.002,0.002,0.002
b860f245271c473265e2,12,4982,4987,0.01,False,True,0.01,0.01,0.01
b860f245271c473265e2,13,4990,4994,0.008,False,True,0.008,0.008,0.008
b860f245271c473265e2,14,4997,5001,0.008,False,True,0.008,0.008,0.008
b860f245271c473265e2,15,5005,5009,0.008,False,True,0.008,0.008,0.008
b860f245271c473265e2,16,5012,5014,0.004,False,True,0.004,0.004,0.004
b860f245271c473265e2,17,5016,5018,0.004,False,True,0.004,0.004,0.004
b860f245271c473265e2,18,5021,5023,0.004,False,True,0.004,0.004,0.004
b860f245271c473265e2,19,5027,5029,0.004,False,True,0.004,0.004,0.004
b860f245271c473265e2,20,5036,5037,0.002,False,True,0.002,0.002,0.002
b860f245271c473265e2,21,5040,5041,0.002,False,True,0.002,0.002,0.002
b860f245271c473265e2,22,5049,5050,0.002,False,True,0.002,0.002,0.002
b860f245271c473265e2,23,5055,5056,0.002,False,True,0.002,0.002,0.002
b860f245271c473265e2,24,5058,5059,0.002,False,True,0.002,0.002,0.002
b860f245271c473265e2,25,5062,5064,0.004,False,True,0.004,0.004,0.004
b860f245271c473265e2,26,5067,5069,0.004,False,True,0.004,0.004,0.004
b860f245271c473265e2,27,5070,5071,0.002,False,True,0.002,0.002,0.002
b860f245271c473265e2,28,5072,5075,0.006,False,True,0.006,0.006,0.006
b860f245271c473265e2,29,5077,5084,0.014,False,True,0.014,0.014,0.014
b860f245271c473265e2,30,5085,5101,0.032,False,True,0.032,0.032,0.032
b860f245271c473265e2,31,5102,5209,0.214,False,True,0.214,0.214,0.214
b860f245271c473265e2,32,5210,5357,0.294,False,True,0.294,0.294,0.294
b860f245271c473265e2,33,5358,5578,0.44,False,True,0.44,0.44,0.44
b860f245271c473265e2,34,5579,5700,0.242,False,True,0.242,0.242,0.242
b860f245271c473265e2,35,5701,5806,0.21,False,True,0.21,0.21,0.21
b860f245271c473265e2,36,5807,5896,0.178,False,True,0.178,0.178,0.178
b860f245271c473265e2,37,5897,5969,0.14400000000000002,False,True,0.14400000000000002,0.14400000000000002,0.14400000000000002
b860f245271c473265e2,38,5970,6027,0.114,False,True,0.114,0.114,0.114
b860f245271c473265e2,39,6028,6076,0.096,False,True,0.096,0.096,0.096
b860f245271c473265e2,40,6077,6116,0.078,False,True,0.078,0.078,0.078
b860f245271c473265e2,41,6117,6150,0.066,False,True,0.066,0.066,0.066
b860f245271c473265e2,42,6151,6179,0.056,False,True,0.056,0.056,0.056
b860f245271c473265e2,43,6180,6202,0.044,False,True,0.044,0.044,0.044
b860f245271c473265e2,44,6203,6222,0.038,False,True,0.038,0.038,0.038
b860f245271c473265e2,45,6223,6239,0.032,False,True,0.032,0.032,0.032
b860f245271c473265e2,46,6240,6253,0.026000000000000002,False,True,0.026000000000000002,0.026000000000000002,0.026000000000000002
b860f245271c473265e2,47,6254,6265,0.022,False,True,0.022,0.022,0.022
b860f245271c473265e2,48,6266,6274,0.016,False,True,0.016,0.016,0.016
b860f245271c473265e2,49,6275,6284,0.018000000000000002,False,True,0.018000000000000002,0.018000000000000002,0.018000000000000002
b860f245271c473265e2,50,6286,6297,0.022,False,True,0.022,0.022,0.022
b860f245271c473265e2,51,6299,6306,0.014,False,True,0.014,0.014,0.014
b860f245271c473265e2,52,6307,6309,0.004,False,True,0.004,0.004,0.004
b860f245271c473265e2,53,6310,6314,0.008,False,True,0.008,0.008,0.008
b860f245271c473265e2,54,6315,6318,0.006,False,True,0.006,0.006,0.006
b860f245271c473265e2,55,6320,6325,0.01,False,True,0.01,0.01,0.01
b860f245271c473265e2,56,6328,6332,0.008,False,True,0.008,0.008,0.008
b860f245271c473265e2,57,6335,6338,0.006,False,True,0.006,0.006,0.006
b860f245271c473265e2,58,6342,6344,0.004,False,True,0.004,0.004,0.004
b860f245271c473265e2,59,6349,6350,0.002,False,True,0.002,0.002,0.002
b860f245271c473265e2,60,6837,15400,17.126,True,True,17.126,17.126,17.126
b86e8efcd169088efcce,0,7181,7198,0.034,False,True,0.034,0.034,0.034
b86e8efcd169088efcce,1,7199,7212,0.026000000000000002,False,True,0.026000000000000002,0.026000000000000002,0.026000000000000002
b86e8efcd169088efcce,2,7213,7227,0.028,False,True,0.028,0.028,0.028
b86e8efcd169088efcce,3,7228,7246,0.036000000000000004,False,True,0.036000000000000004,0.036000000000000004,0.036000000000000004
b86e8efcd169088efcce,4,7247,7253,0.012,False,True,0.012,0.012,0.012
b86e8efcd169088efcce,5,7254,7270,0.032,False,True,0.032,0.032,0.032
b86e8efcd169088efcce,6,7271,7276,0.01,False,True,0.01,0.01,0.01
b86e8efcd169088efcce,7,7277,7282,0.01,False,True,0.01,0.01,0.01
b86e8efcd169088efcce,8,7283,7296,0.026000000000000002,False,True,0.026000000000000002,0.026000000000000002,0.026000000000000002
b86e8efcd169088efcce,9,7298,7310,0.024,False,True,0.024,0.024,0.024
b86e8efcd169088efcce,10,7311,7320,0.018000000000000002,False,True,0.018000000000000002,0.018000000000000002,0.018000000000000002
b86e8efcd169088efcce,11,7321,7327,0.012,False,True,0.012,0.012,0.012
b86e8efcd169088efcce,12,7329,7348,0.038,False,True,0.038,0.038,0.038
b86e8efcd169088efcce,13,7349,7360,0.022,False,True,0.022,0.022,0.022
b86e8efcd169088efcce,14,7361,7371,0.02,False,True,0.02,0.02,0.02
b86e8efcd169088efcce,15,7372,7386,0.028,False,True,0.028,0.028,0.028
b86e8efcd169088efcce,16,7387,7404,0.034,False,True,0.034,0.034,0.034
b86e8efcd169088efcce,17,7405,7430,0.05,False,True,0.05,0.05,0.05
b86e8efcd169088efcce,18,7431,7451,0.04,False,True,0.04,0.04,0.04
b86e8efcd169088efcce,19,7452,7475,0.046,False,True,0.046,0.046,0.046
b86e8efcd169088efcce,20,7476,7491,0.03,False,True,0.03,0.03,0.03
b86e8efcd169088efcce,21,7492,7505,0.026000000000000002,False,True,0.026000000000000002,0.026000000000000002,0.026000000000000002
b86e8efcd169088efcce,22,7506,7522,0.032,False,True,0.032,0.032,0.032
b86e8efcd169088efcce,23,7523,7539,0.032,False,True,0.032,0.032,0.032
b86e8efcd169088efcce,24,7540,7558,0.036000000000000004,False,True,0.036000000000000004,0.036000000000000004,0.036000000000000004
b86e8efcd169088efcce,25,7560,7581,0.042,False,True,0.042,0.042,0.042
b86e8efcd169088efcce,26,7582,7598,0.032,False,True,0.032,0.032,0.032
b86e8efcd169088efcce,27,7599,15200,15.202,True,True,15.202,15.202,15.202
b896229e41038db3b12d,0,7450,15400,15.9,True,False,15.9,15.9,15.9
b9a3483009ebaed5e9a9,0,4904,4909,0.01,False,True,0.01,0.01,0.01
b9a3483009ebaed5e9a9,1,4911,4917,0.012,False,True,0.012,0.012,0.012
b9a3483009ebaed5e9a9,2,4919,4927,0.016,False,True,0.016,0.016,0.016
b9a3483009ebaed5e9a9,3,4928,4930,0.004,False,True,0.004,0.004,0.004
b9a3483009ebaed5e9a9,4,4931,4936,0.01,False,True,0.01,0.01,0.01
b9a3483009ebaed5e9a9,5,4938,4944,0.012,False,True,0.012,0.012,0.012
b9a3483009ebaed5e9a9,6,4946,4951,0.01,False,True,0.01,0.01,0.01
b9a3483009ebaed5e9a9,7,4953,4958,0.01,False,True,0.01,0.01,0.01
b9a3483009ebaed5e9a9,8,4960,4964,0.008,False,True,0.008,0.008,0.008
b9a3483009ebaed5e9a9,9,4966,4970,0.008,False,True,0.008,0.008,0.008
b9a3483009ebaed5e9a9,10,4972,4975,0.006,False,True,0.006,0.006,0.006
b9a3483009ebaed5e9a9,11,4977,4978,0.002,False,True,0.002,0.002,0.002
b9a3483009ebaed5e9a9,12,4982,4987,0.01,False,True,0.01,0.01,0.01
b9a3483009ebaed5e9a9,13,4990,4994,0.008,False,True,0.008,0.008,0.008
b9a3483009ebaed5e9a9,14,4997,5001,0.008,False,True,0.008,0.008,0.008
b9a3483009ebaed5e9a9,15,5005,5009,0.008,False,True,0.008,0.008,0.008
b9a3483009ebaed5e9a9,16,5012,5014,0.004,False,True,0.004,0.004,0.004
b9a3483009ebaed5e9a9,17,5016,5018,0.004,False,True,0.004,0.004,0.004
b9a3483009ebaed5e9a9,18,5021,5023,0.004,False,True,0.004,0.004,0.004
b9a3483009ebaed5e9a9,19,5027,5029,0.004,False,True,0.004,0.004,0.004
b9a3483009ebaed5e9a9,20,5036,5037,0.002,False,True,0.002,0.002,0.002
b9a3483009ebaed5e9a9,21,5040,5041,0.002,False,True,0.002,0.002,0.002
b9a3483009ebaed5e9a9,22,5049,5050,0.002,False,True,0.002,0.002,0.002
b9a3483009ebaed5e9a9,23,5055,5056,0.002,False,True,0.002,0.002,0.002
b9a3483009ebaed5e9a9,24,5058,5059,0.002,False,True,0.002,0.002,0.002
b9a3483009ebaed5e9a9,25,5062,5064,0.004,False,True,0.004,0.004,0.004
b9a3483009ebaed5e9a9,26,5067,5069,0.004,False,True,0.004,0.004,0.004
b9a3483009ebaed5e9a9,27,5070,5071,0.002,False,True,0.002,0.002,0.002
b9a3483009ebaed5e9a9,28,5072,5075,0.006,False,True,0.006,0.006,0.006
b9a3483009ebaed5e9a9,29,5077,5084,0.014,False,True,0.014,0.014,0.014
b9a3483009ebaed5e9a9,30,5085,5101,0.032,False,True,0.032,0.032,0.032
b9a3483009ebaed5e9a9,31,5102,5209,0.214,False,True,0.214,0.214,0.214
b9a3483009ebaed5e9a9,32,5210,5357,0.294,False,True,0.294,0.294,0.294
b9a3483009ebaed5e9a9,33,5358,5578,0.44,False,True,0.44,0.44,0.44
b9a3483009ebaed5e9a9,34,5579,5700,0.242,False,True,0.242,0.242,0.242
b9a3483009ebaed5e9a9,35,5701,5806,0.21,False,True,0.21,0.21,0.21
b9a3483009ebaed5e9a9,36,5807,5896,0.178,False,True,0.178,0.178,0.178
b9a3483009ebaed5e9a9,37,5897,5969,0.14400000000000002,False,True,0.14400000000000002,0.14400000000000002,0.14400000000000002
b9a3483009ebaed5e9a9,38,5970,6027,0.114,False,True,0.114,0.114,0.114
b9a3483009ebaed5e9a9,39,6028,6076,0.096,False,True,0.096,0.096,0.096
b9a3483009ebaed5e9a9,40,6077,6116,0.078,False,True,0.078,0.078,0.078
b9a3483009ebaed5e9a9,41,6117,6150,0.066,False,True,0.066,0.066,0.066
b9a3483009ebaed5e9a9,42,6151,6179,0.056,False,True,0.056,0.056,0.056
b9a3483009ebaed5e9a9,43,6180,6202,0.044,False,True,0.044,0.044,0.044
b9a3483009ebaed5e9a9,44,6203,6222,0.038,False,True,0.038,0.038,0.038
b9a3483009ebaed5e9a9,45,6223,6239,0.032,False,True,0.032,0.032,0.032
b9a3483009ebaed5e9a9,46,6240,6253,0.026000000000000002,False,True,0.026000000000000002,0.026000000000000002,0.026000000000000002
b9a3483009ebaed5e9a9,47,6254,6265,0.022,False,True,0.022,0.022,0.022
b9a3483009ebaed5e9a9,48,6266,6274,0.016,False,True,0.016,0.016,0.016
b9a3483009ebaed5e9a9,49,6275,6284,0.018000000000000002,False,True,0.018000000000000002,0.018000000000000002,0.018000000000000002
b9a3483009ebaed5e9a9,50,6286,6297,0.022,False,True,0.022,0.022,0.022
b9a3483009ebaed5e9a9,51,6299,6306,0.014,False,True,0.014,0.014,0.014
b9a3483009ebaed5e9a9,52,6307,6309,0.004,False,True,0.004,0.004,0.004
b9a3483009ebaed5e9a9,53,6310,6314,0.008,False,True,0.008,0.008,0.008
b9a3483009ebaed5e9a9,54,6315,6318,0.006,False,True,0.006,0.006,0.006
b9a3483009ebaed5e9a9,55,6320,6325,0.01,False,True,0.01,0.01,0.01
b9a3483009ebaed5e9a9,56,6328,6332,0.008,False,True,0.008,0.008,0.008
b9a3483009ebaed5e9a9,57,6335,6338,0.006,False,True,0.006,0.006,0.006
b9a3483009ebaed5e9a9,58,6342,6344,0.004,False,True,0.004,0.004,0.004
b9a3483009ebaed5e9a9,59,6349,6350,0.002,False,True,0.002,0.002,0.002
b9a3483009ebaed5e9a9,60,6840,7417,1.154,False,True,1.154,1.154,1.154
b9a3483009ebaed5e9a9,61,7418,7462,0.088,False,True,0.088,0.088,0.088
b9a3483009ebaed5e9a9,62,7463,7484,0.042,False,True,0.042,0.042,0.042
b9a3483009ebaed5e9a9,63,7485,7500,0.03,False,True,0.03,0.03,0.03
b9a3483009ebaed5e9a9,64,7501,7514,0.026000000000000002,False,True,0.026000000000000002,0.026000000000000002,0.026000000000000002
b9a3483009ebaed5e9a9,65,7515,7526,0.022,False,True,0.022,0.022,0.022
b9a3483009ebaed5e9a9,66,7527,7538,0.022,False,True,0.022,0.022,0.022
b9a3483009ebaed5e9a9,67,7539,7549,0.02,False,True,0.02,0.02,0.02
b9a3483009ebaed5e9a9,68,7550,7561,0.022,False,True,0.022,0.022,0.022
b9a3483009ebaed5e9a9,69,7562,7574,0.024,False,True,0.024,0.024,0.024
b9a3483009ebaed5e9a9,70,7575,7586,0.022,False,True,0.022,0.022,0.022
b9a3483009ebaed5e9a9,71,7587,7600,0.026000000000000002,False,True,0.026000000000000002,0.026000000000000002,0.026000000000000002
b9a3483009ebaed5e9a9,72,7601,7613,0.024,False,True,0.024,0.024,0.024
b9a3483009ebaed5e9a9,73,7614,7628,0.028,False,True,0.028,0.028,0.028
b9a3483009ebaed5e9a9,74,7629,7643,0.028,False,True,0.028,0.028,0.028
b9a3483009ebaed5e9a9,75,7644,7659,0.03,False,True,0.03,0.03,0.03
b9a3483009ebaed5e9a9,76,7660,7676,0.032,False,True,0.032,0.032,0.032
b9a3483009ebaed5e9a9,77,7677,7695,0.036000000000000004,False,True,0.036000000000000004,0.036000000000000004,0.036000000000000004
b9a3483009ebaed5e9a9,78,7696,7715,0.038,False,True,0.038,0.038,0.038
b9a3483009ebaed5e9a9,79,7716,7725,0.018000000000000002,False,True,0.018000000000000002,0.018000000000000002,0.018000000000000002
b9a3483009ebaed5e9a9,80,7726,7733,0.014,False,True,0.014,0.014,0.014
b9a3483009ebaed5e9a9,81,7735,7767,0.064,False,True,0.064,0.064,0.064
b9a3483009ebaed5e9a9,82,7768,7797,0.058,False,True,0.058,0.058,0.058
b9a3483009ebaed5e9a9,83,7798,7804,0.012,False,True,0.012,0.012,0.012
b9a3483009ebaed5e9a9,84,7806,15400,15.188,True,True,15.188,15.188,15.188
bdb3e2b8740992af1960,0,5511,7053,3.084,False,False,3.084,3.084,3.084
bdb3e2b8740992af1960,1,7308,15400,16.184,True,False,16.184,16.184,16.184
bdf12a631adc1b72027a,0,7679,15400,15.442,True,False,15.442,15.442,15.442
be5fa8e1f7a567a1a260,0,4289,5146,1.714,False,False,1.666,1.666,0.46
be5fa8e1f7a567a1a260,1,5149,5164,0.03,False,False,0.03,0.03,0.03
be5fa8e1f7a567a1a260,2,5166,5173,0.014,False,False,0.014,0.014,0.014
be5fa8e1f7a567a1a260,3,5175,5180,0.01,False,False,0.01,0.01,0.01
be5fa8e1f7a567a1a260,4,5189,5192,0.006,False,False,0.006,0.006,0.006
be5fa8e1f7a567a1a260,5,5202,5204,0.004,False,False,0.004,0.004,0.004
be5fa8e1f7a567a1a260,6,5208,5210,0.004,False,False,0.004,0.004,0.004
be5fa8e1f7a567a1a260,7,5273,8085,5.6240000000000006,False,False,5.6240000000000006,5.6240000000000006,5.6240000000000006
be5fa8e1f7a567a1a260,8,8086,8090,0.008,False,False,0.008,0.008,0.008
bf846adb5e57fc29e589,0,3484,15200,23.432000000000002,True,True,20.162,20.162,13.178
bfe00f78f17d9ba86e67,0,7712,15400,15.376,True,True,15.376,15.376,15.376
c1a34d93f79f6e9f9df7,0,1337,9000,15.326,True,True,15.326,15.326,15.326
c1d69f41eb6ec1ecb6ab,0,1214,6790,11.152000000000001,False,False,11.152000000000001,11.152000000000001,11.152000000000001
c285ab54e9aab5b6c7d4,0,3537,3544,0.014,False,False,0.014,0.014,0.014
c285ab54e9aab5b6c7d4,1,3668,3677,0.018000000000000002,False,False,0.016,0.016,0.016
c2ea4925982b4101cda3,0,1300,9000,15.4,True,True,15.4,15.4,15.4
c3030c8d601781ed8683,0,1152,9000,15.696,True,True,15.696,15.696,15.696
c3325f9c2fcd37c34aa6,0,3256,3393,0.274,False,True,0.27,0.27,0.268
c3325f9c2fcd37c34aa6,1,3394,3397,0.006,False,True,0.002,0.002,0.002
c3325f9c2fcd37c34aa6,2,3398,3402,0.008,False,True,0.004,0.004,0.004
c3325f9c2fcd37c34aa6,3,7119,15200,16.162,True,True,15.708,15.708,15.108
c3c94df8504b49015b5f,0,7730,15400,15.34,True,True,15.34,15.34,15.34
c418e59dfbd224d31acf,0,7499,8462,1.926,False,False,1.926,1.926,1.926
c418e59dfbd224d31acf,1,8464,8483,0.038,False,False,0.038,0.038,0.038
c418e59dfbd224d31acf,2,8484,11928,6.888,False,False,6.888,6.888,6.888
c418e59dfbd224d31acf,3,11929,11931,0.004,False,False,0.004,0.004,0.004
c442e36582af28860f2e,0,3195,3315,0.24,False,True,0.232,0.232,0.228
c442e36582af28860f2e,1,3317,3324,0.014,False,True,0.01,0.01,0.008
c442e36582af28860f2e,2,7120,15200,16.16,True,True,15.708,15.708,15.106
c481c8f88cb37f446165,0,4925,4941,0.032,False,False,0.032,0.032,0.032
c481c8f88cb37f446165,1,4942,4953,0.022,False,False,0.022,0.022,0.022
c481c8f88cb37f446165,2,4956,4981,0.05,False,False,0.05,0.05,0.05
c481c8f88cb37f446165,3,4982,4999,0.034,False,False,0.034,0.034,0.034
c481c8f88cb37f446165,4,5000,5033,0.066,False,False,0.066,0.066,0.066
c481c8f88cb37f446165,5,5034,6637,3.206,False,False,3.206,3.206,3.206
c481c8f88cb37f446165,6,6638,6745,0.214,False,False,0.214,0.214,0.214
c481c8f88cb37f446165,7,6746,6804,0.116,False,False,0.116,0.116,0.116
c481c8f88cb37f446165,8,6805,6824,0.038,False,False,0.038,0.038,0.038
c481c8f88cb37f446165,9,6825,7081,0.512,False,False,0.512,0.512,0.512
c4d9bc829431f14a2380,0,3458,4336,1.756,False,False,1.75,1.75,1.004
c5424769ce0a3400e27c,0,4831,6344,3.0260000000000002,False,False,0.0,0.0,0.0
c5424769ce0a3400e27c,1,6617,13538,13.842,False,False,10.614,10.614,10.414
c57c05ffb3daf9ba7b45,0,1321,7164,11.686,False,False,11.686,11.686,11.686
c5eed1152b8fa25913c7,0,4852,15100,20.496,True,True,20.496,20.496,20.496
c6d2a31ce32f2549a3f5,0,4968,4976,0.016,False,False,0.016,0.016,0.016
c6d2a31ce32f2549a3f5,1,4978,4989,0.022,False,False,0.02,0.02,0.014
c6d2a31ce32f2549a3f5,2,4990,4998,0.016,False,False,0.016,0.016,0.016
c6d2a31ce32f2549a3f5,3,4999,5010,0.022,False,False,0.022,0.022,0.022
c6d2a31ce32f2549a3f5,4,5011,5020,0.018000000000000002,False,False,0.018000000000000002,0.018000000000000002,0.018000000000000002
c6d2a31ce32f2549a3f5,5,5021,5030,0.018000000000000002,False,False,0.018000000000000002,0.018000000000000002,0.018000000000000002
c6d2a31ce32f2549a3f5,6,5031,5042,0.022,False,False,0.022,0.022,0.022
c6d2a31ce32f2549a3f5,7,5043,5054,0.022,False,False,0.022,0.022,0.022
c6d2a31ce32f2549a3f5,8,5055,5072,0.034,False,False,0.034,0.034,0.034
c6d2a31ce32f2549a3f5,9,5073,5227,0.308,False,False,0.308,0.308,0.308
c6d2a31ce32f2549a3f5,10,7427,7742,0.63,False,False,0.63,0.63,0.63
c75ecb76b39241594a6a,0,1190,9000,15.620000000000001,True,True,15.620000000000001,15.620000000000001,15.620000000000001
c851ecfd7a81435e78e9,0,3167,3547,0.76,False,False,0.76,0.76,0.76
c851ecfd7a81435e78e9,1,4142,4291,0.298,False,False,0.298,0.298,0.298
c851ecfd7a81435e78e9,2,4292,4331,0.078,False,False,0.078,0.078,0.078
c851ecfd7a81435e78e9,3,4332,4363,0.062,False,False,0.062,0.062,0.062
c851ecfd7a81435e78e9,4,4364,4390,0.052000000000000005,False,False,0.052000000000000005,0.052000000000000005,0.052000000000000005
c851ecfd7a81435e78e9,5,4391,4414,0.046,False,False,0.046,0.046,0.046
c851ecfd7a81435e78e9,6,4415,4435,0.04,False,False,0.04,0.04,0.04
c851ecfd7a81435e78e9,7,4436,4455,0.038,False,False,0.038,0.038,0.038
c851ecfd7a81435e78e9,8,4456,4475,0.038,False,False,0.038,0.038,0.038
c851ecfd7a81435e78e9,9,4476,4481,0.01,False,False,0.01,0.01,0.01
c851ecfd7a81435e78e9,10,4483,4490,0.014,False,False,0.014,0.014,0.014
c851ecfd7a81435e78e9,11,4492,4496,0.008,False,False,0.008,0.008,0.008
c851ecfd7a81435e78e9,12,4497,4500,0.006,False,False,0.006,0.006,0.006
c851ecfd7a81435e78e9,13,4501,4505,0.008,False,False,0.008,0.008,0.008
c851ecfd7a81435e78e9,14,4507,4512,0.01,False,False,0.01,0.01,0.01
c851ecfd7a81435e78e9,15,4514,4521,0.014,False,False,0.014,0.014,0.014
c851ecfd7a81435e78e9,16,4523,4530,0.014,False,False,0.014,0.014,0.014
c851ecfd7a81435e78e9,17,4532,4539,0.014,False,False,0.014,0.014,0.014
c851ecfd7a81435e78e9,18,4541,4548,0.014,False,False,0.014,0.014,0.014
c851ecfd7a81435e78e9,19,4549,4554,0.01,False,False,0.01,0.01,0.01
c851ecfd7a81435e78e9,20,4555,4560,0.01,False,False,0.01,0.01,0.01
c851ecfd7a81435e78e9,21,4561,4565,0.008,False,False,0.008,0.008,0.008
c851ecfd7a81435e78e9,22,4566,4574,0.016,False,False,0.016,0.016,0.016
c851ecfd7a81435e78e9,23,4575,4580,0.01,False,False,0.01,0.01,0.01
c851ecfd7a81435e78e9,24,4581,4588,0.014,False,False,0.014,0.014,0.014
c851ecfd7a81435e78e9,25,4589,4597,0.016,False,False,0.016,0.016,0.016
c851ecfd7a81435e78e9,26,4599,4612,0.026000000000000002,False,False,0.026000000000000002,0.026000000000000002,0.026000000000000002
c851ecfd7a81435e78e9,27,4613,4620,0.014,False,False,0.014,0.014,0.014
c851ecfd7a81435e78e9,28,4622,4636,0.028,False,False,0.028,0.028,0.028
c851ecfd7a81435e78e9,29,4637,4643,0.012,False,False,0.012,0.012,0.012
c851ecfd7a81435e78e9,30,4644,4650,0.012,False,False,0.012,0.012,0.012
c851ecfd7a81435e78e9,31,4651,4660,0.018000000000000002,False,False,0.018000000000000002,0.018000000000000002,0.018000000000000002
c851ecfd7a81435e78e9,32,4661,4669,0.016,False,False,0.016,0.016,0.016
c851ecfd7a81435e78e9,33,4670,4675,0.01,False,False,0.01,0.01,0.01
c851ecfd7a81435e78e9,34,4676,4686,0.02,False,False,0.02,0.02,0.02
c851ecfd7a81435e78e9,35,4687,4694,0.014,False,False,0.014,0.014,0.014
c851ecfd7a81435e78e9,36,4695,11548,13.706,False,False,13.706,13.706,13.706
c851ecfd7a81435e78e9,37,11549,11552,0.006,False,False,0.006,0.006,0.006
c851ecfd7a81435e78e9,38,11553,11554,0.002,False,False,0.002,0.002,0.002
c8674e008e998d1fd622,0,7212,7217,0.01,False,False,0.008,0.008,0.006
c8674e008e998d1fd622,1,7220,7251,0.062,False,False,0.058,0.058,0.034
c8674e008e998d1fd622,2,7252,7282,0.06,False,False,0.058,0.058,0.058
c8674e008e998d1fd622,3,7285,7327,0.084,False,False,0.08,0.08,0.054
c8674e008e998d1fd622,4,7329,7367,0.076,False,False,0.074,0.074,0.068
c8674e008e998d1fd622,5,7369,7430,0.122,False,False,0.116,0.116,0.046
c8674e008e998d1fd622,6,7431,7475,0.088,False,False,0.084,0.084,0.042
c8674e008e998d1fd622,7,7476,7507,0.062,False,False,0.058,0.058,0.032
c8674e008e998d1fd622,8,7508,7533,0.05,False,False,0.046,0.046,0.026000000000000002
c8674e008e998d1fd622,9,7534,7556,0.044,False,False,0.04,0.04,0.022
c8674e008e998d1fd622,10,7557,7579,0.044,False,False,0.04,0.04,0.022
c8674e008e998d1fd622,11,7580,7601,0.042,False,False,0.038,0.038,0.022
c8674e008e998d1fd622,12,7603,15200,15.194,True,False,15.19,15.19,15.15
c8f95b6741138aaa5d93,0,7770,15400,15.26,True,False,15.26,15.26,15.26
c9944c75a68bf47b3f6e,0,9804,15400,11.192,False,False,11.192,11.192,11.192
caed6618a2f7b9f7113b,0,1393,9000,15.214,True,True,15.214,15.214,15.214
cbb211c0f11e1674f290,0,3455,3829,0.748,False,False,0.714,0.714,0.37
cbb211c0f11e1674f290,1,7275,11069,7.588,False,False,7.588,7.588,7.588
cc26afc8565a710572e9,0,3416,3551,0.27,False,True,0.27,0.27,0.27
cc26afc8565a710572e9,1,7302,15200,15.796000000000001,True,True,15.38,15.38,15.096
cc979c845723e159ef53,0,4919,5996,2.154,False,False,0.0,0.0,0.0
cc979c845723e159ef53,1,6658,8626,3.936,False,False,0.0,0.0,0.0
cd6fb912a6626d5a8ba0,0,4810,15100,20.580000000000002,True,False,20.580000000000002,20.580000000000002,20.580000000000002
cdaa44b34d235de23472,0,1031,1766,1.47,False,False,1.47,1.47,1.47
ce2d9e2f7fc3e4c69569,0,6920,9000,4.16,False,False,4.16,4.16,4.16
d00ceaf9e5c0ac674e55,0,1256,9000,15.488,True,True,15.488,15.488,15.488
d0480ebec817ae1e80df,0,4734,5602,1.736,False,True,0.0,0.0,0.0
d0480ebec817ae1e80df,1,5603,5606,0.006,False,True,0.0,0.0,0.0
d0480ebec817ae1e80df,2,5608,5611,0.006,False,True,0.0,0.0,0.0
d0480ebec817ae1e80df,3,5612,5615,0.006,False,True,0.0,0.0,0.0
d0480ebec817ae1e80df,4,5714,15100,18.772000000000002,True,True,18.772000000000002,18.772000000000002,18.772000000000002
d0b111c388475d44967b,0,873,895,0.044,False,False,0.044,0.044,0.044
d0b111c388475d44967b,1,896,914,0.036000000000000004,False,False,0.036000000000000004,0.036000000000000004,0.036000000000000004
d0b111c388475d44967b,2,915,931,0.032,False,False,0.032,0.032,0.032
d0b111c388475d44967b,3,932,947,0.03,False,False,0.03,0.03,0.03
d0b111c388475d44967b,4,948,959,0.022,False,False,0.022,0.022,0.022
d0b111c388475d44967b,5,960,965,0.01,False,False,0.01,0.01,0.01
d0b111c388475d44967b,6,966,973,0.014,False,False,0.014,0.014,0.014
d0b111c388475d44967b,7,974,979,0.01,False,False,0.01,0.01,0.01
d0b111c388475d44967b,8,980,986,0.012,False,False,0.012,0.012,0.012
d0b111c388475d44967b,9,987,993,0.012,False,False,0.012,0.012,0.012
d0b111c388475d44967b,10,994,1000,0.012,False,False,0.012,0.012,0.012
d0b111c388475d44967b,11,1001,1008,0.014,False,False,0.014,0.014,0.014
d0b111c388475d44967b,12,1010,1021,0.022,False,False,0.022,0.022,0.022
d0b111c388475d44967b,13,1023,1031,0.016,False,False,0.016,0.016,0.016
d0b111c388475d44967b,14,1032,1035,0.006,False,False,0.006,0.006,0.006
d0b111c388475d44967b,15,1036,1043,0.014,False,False,0.014,0.014,0.014
d0b111c388475d44967b,16,1045,1054,0.018000000000000002,False,False,0.018000000000000002,0.018000000000000002,0.018000000000000002
d0b111c388475d44967b,17,1057,1067,0.02,False,False,0.02,0.02,0.02
d0b111c388475d44967b,18,1070,1080,0.02,False,False,0.02,0.02,0.02
d0b111c388475d44967b,19,1084,1094,0.02,False,False,0.02,0.02,0.02
d0b111c388475d44967b,20,1097,1105,0.016,False,False,0.016,0.016,0.016
d0b111c388475d44967b,21,1108,1115,0.014,False,False,0.014,0.014,0.014
d0b111c388475d44967b,22,1117,1122,0.01,False,False,0.01,0.01,0.01
d0b111c388475d44967b,23,1124,1129,0.01,False,False,0.01,0.01,0.01
d0b111c388475d44967b,24,1131,1136,0.01,False,False,0.01,0.01,0.01
d0b111c388475d44967b,25,1138,1143,0.01,False,False,0.01,0.01,0.01
d0b111c388475d44967b,26,1146,1152,0.012,False,False,0.012,0.012,0.012
d0b111c388475d44967b,27,1155,1160,0.01,False,False,0.01,0.01,0.01
d0b111c388475d44967b,28,1163,1168,0.01,False,False,0.01,0.01,0.01
d0b111c388475d44967b,29,1171,1176,0.01,False,False,0.01,0.01,0.01
d0b111c388475d44967b,30,1180,1184,0.008,False,False,0.008,0.008,0.008
d0b111c388475d44967b,31,1186,1189,0.006,False,False,0.006,0.006,0.006
d0b111c388475d44967b,32,1195,1196,0.002,False,False,0.002,0.002,0.002
d190c27b235fef6af511,0,3487,4189,1.4040000000000001,False,False,1.4040000000000001,1.4040000000000001,1.4040000000000001
d190c27b235fef6af511,1,7029,7036,0.014,False,False,0.012,0.012,0.01
d190c27b235fef6af511,2,7045,7588,1.086,False,False,0.984,0.984,0.056
d190c27b235fef6af511,3,7589,15200,15.222,True,False,15.214,15.214,15.168000000000001
d3631c2f61c59a11e94c,0,4675,15100,20.85,True,False,20.85,20.85,20.85
d3a18b9d4bd9fb00e8ab,0,4827,4828,0.002,False,True,0.002,0.002,0.002
d3a18b9d4bd9fb00e8ab,1,4832,4837,0.01,False,True,0.01,0.01,0.01
d3a18b9d4bd9fb00e8ab,2,4839,4842,0.006,False,True,0.006,0.006,0.006
d3a18b9d4bd9fb00e8ab,3,4844,4848,0.008,False,True,0.008,0.008,0.008
d3a18b9d4bd9fb00e8ab,4,4851,4855,0.008,False,True,0.008,0.008,0.008
d3a18b9d4bd9fb00e8ab,5,4858,4859,0.002,False,True,0.002,0.002,0.002
d3a18b9d4bd9fb00e8ab,6,4863,4866,0.006,False,True,0.006,0.006,0.006
d3a18b9d4bd9fb00e8ab,7,4868,4871,0.006,False,True,0.006,0.006,0.006
d3a18b9d4bd9fb00e8ab,8,4874,4877,0.006,False,True,0.006,0.006,0.006
d3a18b9d4bd9fb00e8ab,9,4879,4881,0.004,False,True,0.004,0.004,0.004
d3a18b9d4bd9fb00e8ab,10,4883,4884,0.002,False,True,0.002,0.002,0.002
d3a18b9d4bd9fb00e8ab,11,4885,4887,0.004,False,True,0.004,0.004,0.004
d3a18b9d4bd9fb00e8ab,12,4897,4900,0.006,False,True,0.006,0.006,0.006
d3a18b9d4bd9fb00e8ab,13,4902,4903,0.002,False,True,0.002,0.002,0.002
d3a18b9d4bd9fb00e8ab,14,4905,4907,0.004,False,True,0.004,0.004,0.004
d3a18b9d4bd9fb00e8ab,15,4912,4914,0.004,False,True,0.004,0.004,0.004
d3a18b9d4bd9fb00e8ab,16,4933,4935,0.004,False,True,0.004,0.004,0.004
d3a18b9d4bd9fb00e8ab,17,6937,6998,0.122,False,True,0.122,0.122,0.122
d3a18b9d4bd9fb00e8ab,18,6999,7028,0.058,False,True,0.058,0.058,0.058
d3a18b9d4bd9fb00e8ab,19,7029,7081,0.10400000000000001,False,True,0.10400000000000001,0.10400000000000001,0.10400000000000001
d3a18b9d4bd9fb00e8ab,20,7082,7107,0.05,False,True,0.05,0.05,0.05
d3a18b9d4bd9fb00e8ab,21,7108,7130,0.044,False,True,0.044,0.044,0.044
d3a18b9d4bd9fb00e8ab,22,7131,7152,0.042,False,True,0.042,0.042,0.042
d3a18b9d4bd9fb00e8ab,23,7153,7174,0.042,False,True,0.042,0.042,0.042
d3a18b9d4bd9fb00e8ab,24,7175,7200,0.05,False,True,0.05,0.05,0.05
d3a18b9d4bd9fb00e8ab,25,7201,7231,0.06,False,True,0.06,0.06,0.06
d3a18b9d4bd9fb00e8ab,26,7232,7271,0.078,False,True,0.078,0.078,0.078
d3a18b9d4bd9fb00e8ab,27,7272,7318,0.092,False,True,0.092,0.092,0.092
d3a18b9d4bd9fb00e8ab,28,7319,7372,0.106,False,True,0.106,0.106,0.106
d3a18b9d4bd9fb00e8ab,29,7373,7568,0.39,False,True,0.39,0.39,0.39
d3a18b9d4bd9fb00e8ab,30,7569,7653,0.168,False,True,0.168,0.168,0.168
d3a18b9d4bd9fb00e8ab,31,7654,7709,0.11,False,True,0.11,0.11,0.11
d3a18b9d4bd9fb00e8ab,32,7710,7763,0.106,False,True,0.106,0.106,0.106
d3a18b9d4bd9fb00e8ab,33,7764,7812,0.096,False,True,0.096,0.096,0.096
d3a18b9d4bd9fb00e8ab,34,7813,15400,15.174,True,True,15.174,15.174,15.174
d4326302638cc8f8fd3f,0,7467,7622,0.31,False,True,0.31,0.31,0.31
d4326302638cc8f8fd3f,1,7623,7652,0.058,False,True,0.058,0.058,0.058
d4326302638cc8f8fd3f,2,7653,15200,15.094000000000001,True,True,15.094000000000001,15.094000000000001,15.094000000000001
d49290caf039f77bba2d,0,7851,15400,15.098,True,False,15.098,15.098,15.098
d51671a9d7dee86f2940,0,1037,9000,15.926,True,True,15.926,15.926,15.926
d62a4af81130f5c5b5df,0,7307,15400,16.186,True,True,16.186,16.186,16.186
d694dcf25716d1221723,0,7302,7322,0.04,False,False,0.04,0.04,0.04
d694dcf25716d1221723,1,7324,7332,0.016,False,False,0.016,0.016,0.016
d694dcf25716d1221723,2,7334,7343,0.018000000000000002,False,False,0.018000000000000002,0.018000000000000002,0.018000000000000002
d694dcf25716d1221723,3,7344,7349,0.01,False,False,0.01,0.01,0.01
d694dcf25716d1221723,4,7350,7352,0.004,False,False,0.004,0.004,0.004
d694dcf25716d1221723,5,7353,7356,0.006,False,False,0.006,0.006,0.006
d694dcf25716d1221723,6,7357,7358,0.002,False,False,0.002,0.002,0.002
d694dcf25716d1221723,7,7359,7362,0.006,False,False,0.006,0.006,0.006
d694dcf25716d1221723,8,7366,7368,0.004,False,False,0.004,0.004,0.004
d694dcf25716d1221723,9,7370,7377,0.014,False,False,0.014,0.014,0.014
d694dcf25716d1221723,10,7379,7389,0.02,False,False,0.02,0.02,0.02
d694dcf25716d1221723,11,7390,7398,0.016,False,False,0.016,0.016,0.016
d694dcf25716d1221723,12,7399,7407,0.016,False,False,0.016,0.016,0.016
d694dcf25716d1221723,13,7408,7414,0.012,False,False,0.012,0.012,0.012
d694dcf25716d1221723,14,7415,8941,3.052,False,False,3.052,3.052,3.052
d694dcf25716d1221723,15,8942,8950,0.016,False,False,0.016,0.016,0.016
d694dcf25716d1221723,16,8952,8953,0.002,False,False,0.002,0.002,0.002
d7fb1ec98d44eeeed738,0,3315,3356,0.082,False,True,0.082,0.082,0.082
d7fb1ec98d44eeeed738,1,3360,3841,0.962,False,True,0.606,0.606,0.29
d7fb1ec98d44eeeed738,2,7397,15200,15.606,True,True,15.502,15.502,15.118
d8dea9ea8bb6c23a66fe,0,3373,3803,0.86,False,True,0.8300000000000001,0.8300000000000001,0.312
d8dea9ea8bb6c23a66fe,1,5332,15200,19.736,True,True,19.73,19.73,19.556
daf45bc5ac15a59d3069,0,4414,4437,0.046,False,True,0.046,0.046,0.046
daf45bc5ac15a59d3069,1,4438,4485,0.094,False,True,0.092,0.092,0.09
daf45bc5ac15a59d3069,2,4486,4523,0.074,False,True,0.074,0.074,0.074
daf45bc5ac15a59d3069,3,4524,4558,0.068,False,True,0.068,0.068,0.068
daf45bc5ac15a59d3069,4,4559,4595,0.07200000000000001,False,True,0.07200000000000001,0.07200000000000001,0.07200000000000001
daf45bc5ac15a59d3069,5,4596,4635,0.078,False,True,0.078,0.078,0.078
daf45bc5ac15a59d3069,6,4636,4674,0.076,False,True,0.076,0.076,0.076
daf45bc5ac15a59d3069,7,4675,4707,0.064,False,True,0.064,0.064,0.064
daf45bc5ac15a59d3069,8,4708,4731,0.046,False,True,0.046,0.046,0.046
daf45bc5ac15a59d3069,9,4732,4751,0.038,False,True,0.038,0.038,0.038
daf45bc5ac15a59d3069,10,4752,4766,0.028,False,True,0.028,0.028,0.028
daf45bc5ac15a59d3069,11,4767,4779,0.024,False,True,0.024,0.024,0.024
daf45bc5ac15a59d3069,12,4781,4786,0.01,False,True,0.01,0.01,0.01
daf45bc5ac15a59d3069,13,4788,4795,0.014,False,True,0.014,0.014,0.014
daf45bc5ac15a59d3069,14,4797,4804,0.014,False,True,0.014,0.014,0.014
daf45bc5ac15a59d3069,15,4805,4808,0.006,False,True,0.006,0.006,0.006
daf45bc5ac15a59d3069,16,4809,4811,0.004,False,True,0.004,0.004,0.004
daf45bc5ac15a59d3069,17,4813,4814,0.002,False,True,0.002,0.002,0.002
daf45bc5ac15a59d3069,18,4821,4824,0.006,False,True,0.006,0.006,0.006
daf45bc5ac15a59d3069,19,4826,4829,0.006,False,True,0.006,0.006,0.006
daf45bc5ac15a59d3069,20,4831,4834,0.006,False,True,0.006,0.006,0.006
daf45bc5ac15a59d3069,21,4836,4838,0.004,False,True,0.004,0.004,0.004
daf45bc5ac15a59d3069,22,4839,4840,0.002,False,True,0.002,0.002,0.002
daf45bc5ac15a59d3069,23,4849,4850,0.002,False,True,0.002,0.002,0.002
daf45bc5ac15a59d3069,24,4851,4852,0.002,False,True,0.002,0.002,0.002
daf45bc5ac15a59d3069,25,5026,5048,0.044,False,True,0.044,0.044,0.044
daf45bc5ac15a59d3069,26,6619,6689,0.14,False,True,0.14,0.14,0.14
daf45bc5ac15a59d3069,27,6690,6869,0.358,False,True,0.358,0.358,0.358
daf45bc5ac15a59d3069,28,6870,6944,0.148,False,True,0.148,0.148,0.148
daf45bc5ac15a59d3069,29,6945,6990,0.09,False,True,0.09,0.09,0.09
daf45bc5ac15a59d3069,30,6991,7030,0.078,False,True,0.078,0.078,0.078
daf45bc5ac15a59d3069,31,7031,7063,0.064,False,True,0.064,0.064,0.064
daf45bc5ac15a59d3069,32,7064,7090,0.052000000000000005,False,True,0.052000000000000005,0.052000000000000005,0.052000000000000005
daf45bc5ac15a59d3069,33,7091,7115,0.048,False,True,0.048,0.048,0.048
daf45bc5ac15a59d3069,34,7116,7138,0.044,False,True,0.044,0.044,0.044
daf45bc5ac15a59d3069,35,7139,7158,0.038,False,True,0.038,0.038,0.038
daf45bc5ac15a59d3069,36,7159,7177,0.036000000000000004,False,True,0.036000000000000004,0.036000000000000004,0.036000000000000004
daf45bc5ac15a59d3069,37,7178,7194,0.032,False,True,0.032,0.032,0.032
daf45bc5ac15a59d3069,38,7195,7211,0.032,False,True,0.032,0.032,0.032
daf45bc5ac15a59d3069,39,7212,7226,0.028,False,True,0.028,0.028,0.028
daf45bc5ac15a59d3069,40,7227,7241,0.028,False,True,0.028,0.028,0.028
daf45bc5ac15a59d3069,41,7242,7254,0.024,False,True,0.024,0.024,0.024
daf45bc5ac15a59d3069,42,7255,7268,0.026000000000000002,False,True,0.026000000000000002,0.026000000000000002,0.026000000000000002
daf45bc5ac15a59d3069,43,7269,7280,0.022,False,True,0.022,0.022,0.022
daf45bc5ac15a59d3069,44,7281,7293,0.024,False,True,0.024,0.024,0.024
daf45bc5ac15a59d3069,45,7294,7304,0.02,False,True,0.02,0.02,0.02
daf45bc5ac15a59d3069,46,7305,7316,0.022,False,True,0.022,0.022,0.022
daf45bc5ac15a59d3069,47,7317,7326,0.018000000000000002,False,True,0.018000000000000002,0.018000000000000002,0.018000000000000002
daf45bc5ac15a59d3069,48,7327,7337,0.02,False,True,0.02,0.02,0.02
daf45bc5ac15a59d3069,49,7338,7347,0.018000000000000002,False,True,0.018000000000000002,0.018000000000000002,0.018000000000000002
daf45bc5ac15a59d3069,50,7348,7357,0.018000000000000002,False,True,0.018000000000000002,0.018000000000000002,0.018000000000000002
daf45bc5ac15a59d3069,51,7358,7367,0.018000000000000002,False,True,0.018000000000000002,0.018000000000000002,0.018000000000000002
daf45bc5ac15a59d3069,52,7368,7376,0.016,False,True,0.016,0.016,0.016
daf45bc5ac15a59d3069,53,7377,7386,0.018000000000000002,False,True,0.018000000000000002,0.018000000000000002,0.018000000000000002
daf45bc5ac15a59d3069,54,7387,7394,0.014,False,True,0.014,0.014,0.014
daf45bc5ac15a59d3069,55,7395,7403,0.016,False,True,0.016,0.016,0.016
daf45bc5ac15a59d3069,56,7404,7412,0.016,False,True,0.016,0.016,0.016
daf45bc5ac15a59d3069,57,7413,7419,0.012,False,True,0.012,0.012,0.012
daf45bc5ac15a59d3069,58,7420,7428,0.016,False,True,0.016,0.016,0.016
daf45bc5ac15a59d3069,59,7429,7436,0.014,False,True,0.014,0.014,0.014
daf45bc5ac15a59d3069,60,7437,7443,0.012,False,True,0.012,0.012,0.012
daf45bc5ac15a59d3069,61,7444,7451,0.014,False,True,0.014,0.014,0.014
daf45bc5ac15a59d3069,62,7452,7459,0.014,False,True,0.014,0.014,0.014
daf45bc5ac15a59d3069,63,7460,7465,0.01,False,True,0.01,0.01,0.01
daf45bc5ac15a59d3069,64,7466,7473,0.014,False,True,0.014,0.014,0.014
daf45bc5ac15a59d3069,65,7474,7480,0.012,False,True,0.012,0.012,0.012
daf45bc5ac15a59d3069,66,7481,7486,0.01,False,True,0.01,0.01,0.01
daf45bc5ac15a59d3069,67,7487,7494,0.014,False,True,0.014,0.014,0.014
daf45bc5ac15a59d3069,68,7496,7513,0.034,False,True,0.034,0.034,0.034
daf45bc5ac15a59d3069,69,7514,7542,0.056,False,True,0.056,0.056,0.056
daf45bc5ac15a59d3069,70,7543,7575,0.064,False,True,0.064,0.064,0.064
daf45bc5ac15a59d3069,71,7576,15100,15.048,True,True,15.048,15.048,15.048
db652cd731f60db64113,0,4917,4922,0.01,False,False,0.01,0.01,0.01
db652cd731f60db64113,1,4923,4927,0.008,False,False,0.008,0.008,0.008
db652cd731f60db64113,2,4928,4935,0.014,False,False,0.014,0.014,0.014
db652cd731f60db64113,3,4936,4942,0.012,False,False,0.012,0.012,0.012
db652cd731f60db64113,4,4943,4949,0.012,False,False,0.012,0.012,0.012
db652cd731f60db64113,5,4950,4956,0.012,False,False,0.012,0.012,0.012
db652cd731f60db64113,6,4957,4964,0.014,False,False,0.014,0.014,0.014
db652cd731f60db64113,7,4965,4978,0.026000000000000002,False,False,0.026000000000000002,0.026000000000000002,0.026000000000000002
db652cd731f60db64113,8,4980,4992,0.024,False,False,0.024,0.024,0.024
db652cd731f60db64113,9,4994,5006,0.024,False,False,0.024,0.024,0.024
db652cd731f60db64113,10,5008,5021,0.026000000000000002,False,False,0.026000000000000002,0.026000000000000002,0.026000000000000002
db652cd731f60db64113,11,5023,5036,0.026000000000000002,False,False,0.026000000000000002,0.026000000000000002,0.026000000000000002
db652cd731f60db64113,12,5037,5046,0.018000000000000002,False,False,0.018000000000000002,0.018000000000000002,0.018000000000000002
db652cd731f60db64113,13,5047,6441,2.7880000000000003,False,False,2.7880000000000003,2.7880000000000003,2.7880000000000003
db652cd731f60db64113,14,6442,6564,0.244,False,False,0.244,0.244,0.244
db652cd731f60db64113,15,6565,6645,0.16,False,False,0.16,0.16,0.16
db652cd731f60db64113,16,6646,6699,0.106,False,False,0.106,0.106,0.106
db652cd731f60db64113,17,6700,6743,0.08600000000000001,False,False,0.08600000000000001,0.08600000000000001,0.08600000000000001
db652cd731f60db64113,18,6744,6779,0.07,False,False,0.07,0.07,0.07
db652cd731f60db64113,19,6780,6804,0.048,False,False,0.048,0.048,0.048
db652cd731f60db64113,20,6806,6816,0.02,False,False,0.02,0.02,0.02
db652cd731f60db64113,21,6818,7302,0.968,False,False,0.964,0.964,0.892
dbc6ac6a2d573159c06a,0,1430,9000,15.14,True,True,15.14,15.14,15.14
dc515f3c0936e21c6aa3,0,4678,15100,20.844,True,True,20.844,20.844,20.844
dcf8ec98eb32288bad02,0,1681,8387,13.412,False,False,13.412,13.412,13.412
dd40f1f1098d092ee5c4,0,1037,9000,15.926,True,True,15.926,15.926,15.926
de3c137e9da63c131ea5,0,3384,3550,0.332,False,True,0.332,0.332,0.332
de3c137e9da63c131ea5,1,7255,15200,15.89,True,True,15.154,15.154,15.094000000000001
de7526b1eb71b05689b8,0,3468,15200,23.464000000000002,True,False,23.376,23.376,15.102
dec67b951f182bcc97ce,0,3426,3569,0.28600000000000003,False,True,0.28600000000000003,0.28600000000000003,0.28600000000000003
dec67b951f182bcc97ce,1,7394,15200,15.612,True,True,15.49,15.49,15.106
df40af0d7b41cccc1711,0,7207,7237,0.06,False,False,0.056,0.056,0.044
df40af0d7b41cccc1711,1,7238,7255,0.034,False,False,0.032,0.032,0.022
df40af0d7b41cccc1711,2,7256,7285,0.058,False,False,0.054,0.054,0.032
df40af0d7b41cccc1711,3,7286,7311,0.05,False,False,0.046,0.046,0.028
df40af0d7b41cccc1711,4,7312,7335,0.046,False,False,0.042,0.042,0.026000000000000002
df40af0d7b41cccc1711,5,7336,7358,0.044,False,False,0.04,0.04,0.024
df40af0d7b41cccc1711,6,7359,7382,0.046,False,False,0.042,0.042,0.022
df40af0d7b41cccc1711,7,7383,7406,0.046,False,False,0.042,0.042,0.026000000000000002
df40af0d7b41cccc1711,8,7408,7447,0.078,False,False,0.07200000000000001,0.07200000000000001,0.032
df40af0d7b41cccc1711,9,7449,7476,0.054,False,False,0.05,0.05,0.032
df40af0d7b41cccc1711,10,7477,7505,0.056,False,False,0.052000000000000005,0.052000000000000005,0.032
df40af0d7b41cccc1711,11,7507,7535,0.056,False,False,0.052000000000000005,0.052000000000000005,0.034
df40af0d7b41cccc1711,12,7537,7561,0.048,False,False,0.044,0.044,0.028
df40af0d7b41cccc1711,13,7563,7587,0.048,False,False,0.044,0.044,0.028
df40af0d7b41cccc1711,14,7589,7603,0.028,False,False,0.026000000000000002,0.026000000000000002,0.014
df40af0d7b41cccc1711,15,7604,7637,0.066,False,False,0.062,0.062,0.046
df40af0d7b41cccc1711,16,7640,15200,15.120000000000001,True,False,15.120000000000001,15.120000000000001,15.120000000000001
df4ceef6845acbea6df7,0,3295,3548,0.506,False,True,0.456,0.456,0.36
df4ceef6845acbea6df7,1,3549,3552,0.006,False,True,0.0,0.0,0.0
df4ceef6845acbea6df7,2,7531,15200,15.338000000000001,True,True,15.314,15.314,15.146
df7f3d0235cf8c6620d6,0,4664,4807,0.28600000000000003,False,True,0.28600000000000003,0.28600000000000003,0.28600000000000003
df7f3d0235cf8c6620d6,1,4808,4860,0.10400000000000001,False,True,0.10400000000000001,0.10400000000000001,0.10400000000000001
df7f3d0235cf8c6620d6,2,4861,4903,0.084,False,True,0.084,0.084,0.084
df7f3d0235cf8c6620d6,3,4904,15100,20.392,True,True,20.392,20.392,20.392
df93fe45865d231cc459,0,4789,4797,0.016,False,False,0.016,0.016,0.016
df93fe45865d231cc459,1,4810,4812,0.004,False,False,0.004,0.004,0.004
df93fe45865d231cc459,2,4835,4840,0.01,False,False,0.01,0.01,0.01
df93fe45865d231cc459,3,5188,5221,0.066,False,False,0.066,0.066,0.066
df93fe45865d231cc459,4,5227,5232,0.01,False,False,0.01,0.01,0.01
df93fe45865d231cc459,5,5334,5348,0.028,False,False,0.028,0.028,0.028
df93fe45865d231cc459,6,5349,5351,0.004,False,False,0.004,0.004,0.004
df93fe45865d231cc459,7,5352,5361,0.018000000000000002,False,False,0.018000000000000002,0.018000000000000002,0.018000000000000002
df93fe45865d231cc459,8,5362,5370,0.016,False,False,0.016,0.016,0.016
df93fe45865d231cc459,9,5371,5379,0.016,False,False,0.016,0.016,0.016
df93fe45865d231cc459,10,5380,5388,0.016,False,False,0.016,0.016,0.016
df93fe45865d231cc459,11,5389,5398,0.018000000000000002,False,False,0.018000000000000002,0.018000000000000002,0.018000000000000002
df93fe45865d231cc459,12,5399,5407,0.016,False,False,0.016,0.016,0.016
df93fe45865d231cc459,13,5408,5416,0.016,False,False,0.016,0.016,0.016
df93fe45865d231cc459,14,5417,5424,0.014,False,False,0.014,0.014,0.014
df93fe45865d231cc459,15,5425,5433,0.016,False,False,0.016,0.016,0.016
df93fe45865d231cc459,16,5434,5440,0.012,False,False,0.012,0.012,0.012
df93fe45865d231cc459,17,5441,5448,0.014,False,False,0.014,0.014,0.014
df93fe45865d231cc459,18,5449,5455,0.012,False,False,0.012,0.012,0.012
df93fe45865d231cc459,19,5456,5462,0.012,False,False,0.012,0.012,0.012
df93fe45865d231cc459,20,5463,5468,0.01,False,False,0.01,0.01,0.01
df93fe45865d231cc459,21,5469,5475,0.012,False,False,0.012,0.012,0.012
df93fe45865d231cc459,22,5477,5486,0.018000000000000002,False,False,0.018000000000000002,0.018000000000000002,0.018000000000000002
df93fe45865d231cc459,23,5488,5496,0.016,False,False,0.016,0.016,0.016
df93fe45865d231cc459,24,5498,5504,0.012,False,False,0.012,0.012,0.012
df93fe45865d231cc459,25,5506,5513,0.014,False,False,0.014,0.014,0.014
df93fe45865d231cc459,26,5515,5519,0.008,False,False,0.008,0.008,0.008
df93fe45865d231cc459,27,5520,5523,0.006,False,False,0.006,0.006,0.006
df93fe45865d231cc459,28,5524,5526,0.004,False,False,0.004,0.004,0.004
df93fe45865d231cc459,29,5527,5531,0.008,False,False,0.008,0.008,0.008
df93fe45865d231cc459,30,5533,5537,0.008,False,False,0.008,0.008,0.008
df93fe45865d231cc459,31,5539,5542,0.006,False,False,0.006,0.006,0.006
df93fe45865d231cc459,32,5543,5544,0.002,False,False,0.002,0.002,0.002
df93fe45865d231cc459,33,5545,5548,0.006,False,False,0.006,0.006,0.006
df93fe45865d231cc459,34,5550,5552,0.004,False,False,0.004,0.004,0.004
df93fe45865d231cc459,35,5553,5554,0.002,False,False,0.002,0.002,0.002
df93fe45865d231cc459,36,5555,5557,0.004,False,False,0.004,0.004,0.004
df93fe45865d231cc459,37,5559,5561,0.004,False,False,0.004,0.004,0.004
df93fe45865d231cc459,38,5563,5564,0.002,False,False,0.002,0.002,0.002
df93fe45865d231cc459,39,5565,5566,0.002,False,False,0.002,0.002,0.002
df93fe45865d231cc459,40,5567,5568,0.002,False,False,0.002,0.002,0.002
df93fe45865d231cc459,41,5570,5571,0.002,False,False,0.002,0.002,0.002
df93fe45865d231cc459,42,5573,5574,0.002,False,False,0.002,0.002,0.002
df93fe45865d231cc459,43,5577,5578,0.002,False,False,0.002,0.002,0.002
df93fe45865d231cc459,44,6905,11231,8.652000000000001,False,False,8.652000000000001,8.652000000000001,8.652000000000001
e046d83180d774efc2e2,0,4780,11021,12.482000000000001,False,False,11.524000000000001,11.524000000000001,6.822
e06fef85e193f7064778,0,4968,4976,0.016,False,False,0.016,0.016,0.016
e06fef85e193f7064778,1,4978,4989,0.022,False,False,0.02,0.02,0.014
e06fef85e193f7064778,2,4990,4998,0.016,False,False,0.016,0.016,0.016
e06fef85e193f7064778,3,4999,5010,0.022,False,False,0.022,0.022,0.022
e06fef85e193f7064778,4,5011,5020,0.018000000000000002,False,False,0.018000000000000002,0.018000000000000002,0.018000000000000002
e06fef85e193f7064778,5,5021,5030,0.018000000000000002,False,False,0.018000000000000002,0.018000000000000002,0.018000000000000002
e06fef85e193f7064778,6,5031,5042,0.022,False,False,0.022,0.022,0.022
e06fef85e193f7064778,7,5043,5054,0.022,False,False,0.022,0.022,0.022
e06fef85e193f7064778,8,5055,5072,0.034,False,False,0.034,0.034,0.034
e06fef85e193f7064778,9,5073,5227,0.308,False,False,0.308,0.308,0.308
e06fef85e193f7064778,10,7149,8747,3.196,False,False,3.196,3.196,3.196
e0d72d4dee9d7793f6b8,0,7750,15400,15.3,True,False,15.3,15.3,15.3
e0fb19437a563f4e2297,0,7066,9555,4.978,False,False,3.0420000000000003,3.0420000000000003,2.8120000000000003
e10ff1b145ae6d97e3fa,0,4851,15100,20.498,True,False,20.498,20.498,20.498
e1551b2a558b8677def8,0,3429,3848,0.838,False,False,0.8300000000000001,0.8300000000000001,0.506
e1551b2a558b8677def8,1,7898,15200,14.604000000000001,False,False,14.604000000000001,14.604000000000001,14.604000000000001
e1a535089c4ebe1ad932,0,3400,15200,23.6,True,False,23.366,23.366,15.114
e2360b2b085dec1062b1,0,4714,4879,0.33,False,True,0.33,0.33,0.33
e2360b2b085dec1062b1,1,4880,15100,20.44,True,True,20.44,20.44,20.44
e24787acfaf13eeb532f,0,3493,3899,0.812,False,False,0.806,0.806,0.396
e2b9210c0ecf69a89114,0,3338,3707,0.738,False,True,0.738,0.738,0.738
e2b9210c0ecf69a89114,1,6189,15200,18.022000000000002,True,True,17.976,17.976,15.134
e3243adb62a690238cd3,0,4735,4755,0.04,False,True,0.038,0.038,0.034
e3243adb62a690238cd3,1,4756,4792,0.07200000000000001,False,True,0.07,0.07,0.07
e3243adb62a690238cd3,2,4795,4837,0.084,False,True,0.084,0.084,0.084
e3243adb62a690238cd3,3,4838,4839,0.002,False,True,0.0,0.0,0.0
e3243adb62a690238cd3,4,4841,4873,0.064,False,True,0.064,0.064,0.064
e3243adb62a690238cd3,5,4874,4883,0.018000000000000002,False,True,0.018000000000000002,0.018000000000000002,0.018000000000000002
e3243adb62a690238cd3,6,4884,4894,0.02,False,True,0.02,0.02,0.02
e3243adb62a690238cd3,7,4895,4897,0.004,False,True,0.004,0.004,0.004
e3243adb62a690238cd3,8,4899,4906,0.014,False,True,0.014,0.014,0.014
e3243adb62a690238cd3,9,4914,4927,0.026000000000000002,False,True,0.026000000000000002,0.026000000000000002,0.026000000000000002
e3243adb62a690238cd3,10,4931,4933,0.004,False,True,0.004,0.004,0.004
e3243adb62a690238cd3,11,4938,4944,0.012,False,True,0.012,0.012,0.012
e3243adb62a690238cd3,12,4946,4951,0.01,False,True,0.01,0.01,0.01
e3243adb62a690238cd3,13,4952,4954,0.004,False,True,0.004,0.004,0.004
e3243adb62a690238cd3,14,4957,4962,0.01,False,True,0.01,0.01,0.01
e3243adb62a690238cd3,15,4964,4968,0.008,False,True,0.008,0.008,0.008
e3243adb62a690238cd3,16,4971,4975,0.008,False,True,0.008,0.008,0.008
e3243adb62a690238cd3,17,4978,4982,0.008,False,True,0.008,0.008,0.008
e3243adb62a690238cd3,18,4985,4989,0.008,False,True,0.008,0.008,0.008
e3243adb62a690238cd3,19,4992,4994,0.004,False,True,0.004,0.004,0.004
e3243adb62a690238cd3,20,4996,4998,0.004,False,True,0.004,0.004,0.004
e3243adb62a690238cd3,21,4999,5000,0.002,False,True,0.002,0.002,0.002
e3243adb62a690238cd3,22,5003,5005,0.004,False,True,0.004,0.004,0.004
e3243adb62a690238cd3,23,5006,5007,0.002,False,True,0.002,0.002,0.002
e3243adb62a690238cd3,24,5009,5011,0.004,False,True,0.004,0.004,0.004
e3243adb62a690238cd3,25,5013,5014,0.002,False,True,0.002,0.002,0.002
e3243adb62a690238cd3,26,5023,5026,0.006,False,True,0.006,0.006,0.006
e3243adb62a690238cd3,27,5059,5078,0.038,False,True,0.038,0.038,0.038
e3243adb62a690238cd3,28,5080,6712,3.2640000000000002,False,True,3.2640000000000002,3.2640000000000002,3.2640000000000002
e3243adb62a690238cd3,29,6713,6802,0.178,False,True,0.178,0.178,0.178
e3243adb62a690238cd3,30,6803,6806,0.006,False,True,0.006,0.006,0.006
e3243adb62a690238cd3,31,6807,6810,0.006,False,True,0.006,0.006,0.006
e3243adb62a690238cd3,32,6811,6816,0.01,False,True,0.01,0.01,0.01
e3243adb62a690238cd3,33,6817,15359,17.084,True,True,17.084,17.084,17.084
e33fa59cccac3d1865a8,0,7779,15400,15.242,True,False,15.242,15.242,15.242
e35354a6d9d86ebf3acd,0,3407,3428,0.042,False,False,0.042,0.042,0.042
e35354a6d9d86ebf3acd,1,3430,3434,0.008,False,False,0.008,0.008,0.008
e35354a6d9d86ebf3acd,2,3438,3446,0.016,False,False,0.016,0.016,0.016
e35354a6d9d86ebf3acd,3,3447,3841,0.788,False,False,0.756,0.756,0.418
e35354a6d9d86ebf3acd,4,3850,3853,0.006,False,False,0.006,0.006,0.006
e35354a6d9d86ebf3acd,5,7041,7585,1.088,False,False,0.98,0.98,0.058
e35354a6d9d86ebf3acd,6,7586,7929,0.686,False,False,0.682,0.682,0.662
e35354a6d9d86ebf3acd,7,7930,7943,0.026000000000000002,False,False,0.026000000000000002,0.026000000000000002,0.026000000000000002
e35354a6d9d86ebf3acd,8,7945,7954,0.018000000000000002,False,False,0.018000000000000002,0.018000000000000002,0.018000000000000002
e35354a6d9d86ebf3acd,9,7956,7959,0.006,False,False,0.006,0.006,0.006
e35354a6d9d86ebf3acd,10,7960,7961,0.002,False,False,0.002,0.002,0.002
e35354a6d9d86ebf3acd,11,7962,7964,0.004,False,False,0.004,0.004,0.004
e35354a6d9d86ebf3acd,12,7968,7969,0.002,False,False,0.002,0.002,0.002
e35354a6d9d86ebf3acd,13,7975,7985,0.02,False,False,0.02,0.02,0.02
e35354a6d9d86ebf3acd,14,8000,8013,0.026000000000000002,False,False,0.026000000000000002,0.026000000000000002,0.026000000000000002
e35354a6d9d86ebf3acd,15,8020,8025,0.01,False,False,0.01,0.01,0.01
e35354a6d9d86ebf3acd,16,8026,8028,0.004,False,False,0.004,0.004,0.004
e35354a6d9d86ebf3acd,17,8029,8035,0.012,False,False,0.012,0.012,0.012
e35354a6d9d86ebf3acd,18,8037,8043,0.012,False,False,0.012,0.012,0.012
e35354a6d9d86ebf3acd,19,8045,8056,0.022,False,False,0.022,0.022,0.022
e35354a6d9d86ebf3acd,20,8058,8079,0.042,False,False,0.042,0.042,0.042
e35354a6d9d86ebf3acd,21,8080,14144,12.128,False,False,12.128,12.128,12.128
e4080c25564d2b017c79,0,4396,4459,0.126,False,True,0.126,0.126,0.126
e4080c25564d2b017c79,1,4460,4505,0.09,False,True,0.09,0.09,0.09
e4080c25564d2b017c79,2,4506,4541,0.07,False,True,0.07,0.07,0.07
e4080c25564d2b017c79,3,4542,4576,0.068,False,True,0.068,0.068,0.068
e4080c25564d2b017c79,4,4577,4615,0.076,False,True,0.076,0.076,0.076
e4080c25564d2b017c79,5,4616,4658,0.084,False,True,0.084,0.084,0.084
e4080c25564d2b017c79,6,4659,4699,0.08,False,True,0.08,0.08,0.08
e4080c25564d2b017c79,7,4700,4731,0.062,False,True,0.062,0.062,0.062
e4080c25564d2b017c79,8,4732,4755,0.046,False,True,0.046,0.046,0.046
e4080c25564d2b017c79,9,4756,4774,0.036000000000000004,False,True,0.036000000000000004,0.036000000000000004,0.036000000000000004
e4080c25564d2b017c79,10,4775,4789,0.028,False,True,0.028,0.028,0.028
e4080c25564d2b017c79,11,4790,4798,0.016,False,True,0.016,0.016,0.016
e4080c25564d2b017c79,12,4799,4801,0.004,False,True,0.004,0.004,0.004
e4080c25564d2b017c79,13,4804,4813,0.018000000000000002,False,True,0.018000000000000002,0.018000000000000002,0.018000000000000002
e4080c25564d2b017c79,14,4815,4823,0.016,False,True,0.016,0.016,0.016
e4080c25564d2b017c79,15,4825,4831,0.012,False,True,0.012,0.012,0.012
e4080c25564d2b017c79,16,4832,4833,0.002,False,True,0.002,0.002,0.002
e4080c25564d2b017c79,17,4838,4843,0.01,False,True,0.01,0.01,0.01
e4080c25564d2b017c79,18,4846,4851,0.01,False,True,0.01,0.01,0.01
e4080c25564d2b017c79,19,4856,4857,0.002,False,True,0.002,0.002,0.002
e4080c25564d2b017c79,20,4859,4861,0.004,False,True,0.004,0.004,0.004
e4080c25564d2b017c79,21,4864,4867,0.006,False,True,0.006,0.006,0.006
e4080c25564d2b017c79,22,4952,5034,0.164,False,True,0.164,0.164,0.164
e4080c25564d2b017c79,23,5035,5040,0.01,False,True,0.01,0.01,0.01
e4080c25564d2b017c79,24,5041,5055,0.028,False,True,0.028,0.028,0.028
e4080c25564d2b017c79,25,5056,5068,0.024,False,True,0.024,0.024,0.024
e4080c25564d2b017c79,26,5069,6151,2.164,False,True,2.164,2.164,2.164
e4080c25564d2b017c79,27,6152,6180,0.056,False,True,0.056,0.056,0.056
e4080c25564d2b017c79,28,6181,6200,0.038,False,True,0.038,0.038,0.038
e4080c25564d2b017c79,29,6201,6214,0.026000000000000002,False,True,0.026000000000000002,0.026000000000000002,0.026000000000000002
e4080c25564d2b017c79,30,6215,6227,0.024,False,True,0.024,0.024,0.024
e4080c25564d2b017c79,31,6228,6238,0.02,False,True,0.02,0.02,0.02
e4080c25564d2b017c79,32,6239,6249,0.02,False,True,0.02,0.02,0.02
e4080c25564d2b017c79,33,6250,6258,0.016,False,True,0.016,0.016,0.016
e4080c25564d2b017c79,34,6259,6267,0.016,False,True,0.016,0.016,0.016
e4080c25564d2b017c79,35,6268,6276,0.016,False,True,0.016,0.016,0.016
e4080c25564d2b017c79,36,6277,6285,0.016,False,True,0.016,0.016,0.016
e4080c25564d2b017c79,37,6286,6293,0.014,False,True,0.014,0.014,0.014
e4080c25564d2b017c79,38,6294,6301,0.014,False,True,0.014,0.014,0.014
e4080c25564d2b017c79,39,6302,6308,0.012,False,True,0.012,0.012,0.012
e4080c25564d2b017c79,40,6309,6316,0.014,False,True,0.014,0.014,0.014
e4080c25564d2b017c79,41,6317,6323,0.012,False,True,0.012,0.012,0.012
e4080c25564d2b017c79,42,6324,6331,0.014,False,True,0.014,0.014,0.014
e4080c25564d2b017c79,43,6332,6337,0.01,False,True,0.01,0.01,0.01
e4080c25564d2b017c79,44,6338,6344,0.012,False,True,0.012,0.012,0.012
e4080c25564d2b017c79,45,6345,6351,0.012,False,True,0.012,0.012,0.012
e4080c25564d2b017c79,46,6352,6357,0.01,False,True,0.01,0.01,0.01
e4080c25564d2b017c79,47,6358,6363,0.01,False,True,0.01,0.01,0.01
e4080c25564d2b017c79,48,6364,6369,0.01,False,True,0.01,0.01,0.01
e4080c25564d2b017c79,49,6370,6376,0.012,False,True,0.012,0.012,0.012
e4080c25564d2b017c79,50,6378,6387,0.018000000000000002,False,True,0.018000000000000002,0.018000000000000002,0.018000000000000002
e4080c25564d2b017c79,51,6389,6397,0.016,False,True,0.016,0.016,0.016
e4080c25564d2b017c79,52,6399,6407,0.016,False,True,0.016,0.016,0.016
e4080c25564d2b017c79,53,6409,6416,0.014,False,True,0.014,0.014,0.014
e4080c25564d2b017c79,54,6418,6425,0.014,False,True,0.014,0.014,0.014
e4080c25564d2b017c79,55,6427,6433,0.012,False,True,0.012,0.012,0.012
e4080c25564d2b017c79,56,6434,6436,0.004,False,True,0.004,0.004,0.004
e4080c25564d2b017c79,57,6437,6442,0.01,False,True,0.01,0.01,0.01
e4080c25564d2b017c79,58,6444,6450,0.012,False,True,0.012,0.012,0.012
e4080c25564d2b017c79,59,6452,6458,0.012,False,True,0.012,0.012,0.012
e4080c25564d2b017c79,60,6460,6465,0.01,False,True,0.01,0.01,0.01
e4080c25564d2b017c79,61,6467,6473,0.012,False,True,0.012,0.012,0.012
e4080c25564d2b017c79,62,6476,6483,0.014,False,True,0.014,0.014,0.014
e4080c25564d2b017c79,63,6486,6492,0.012,False,True,0.012,0.012,0.012
e4080c25564d2b017c79,64,6495,6501,0.012,False,True,0.012,0.012,0.012
e4080c25564d2b017c79,65,6503,6506,0.006,False,True,0.006,0.006,0.006
e4080c25564d2b017c79,66,6507,6512,0.01,False,True,0.01,0.01,0.01
e4080c25564d2b017c79,67,6513,7223,1.42,False,True,1.42,1.42,1.42
e4080c25564d2b017c79,68,7224,7300,0.152,False,True,0.152,0.152,0.152
e4080c25564d2b017c79,69,7301,7342,0.082,False,True,0.082,0.082,0.082
e4080c25564d2b017c79,70,7343,7380,0.074,False,True,0.074,0.074,0.074
e4080c25564d2b017c79,71,7381,7411,0.06,False,True,0.06,0.06,0.06
e4080c25564d2b017c79,72,7412,7436,0.048,False,True,0.048,0.048,0.048
e4080c25564d2b017c79,73,7437,7458,0.042,False,True,0.042,0.042,0.042
e4080c25564d2b017c79,74,7459,7478,0.038,False,True,0.038,0.038,0.038
e4080c25564d2b017c79,75,7479,7496,0.034,False,True,0.034,0.034,0.034
e4080c25564d2b017c79,76,7497,15100,15.206,True,True,15.206,15.206,15.206
e4160af481811de4ffcc,0,7534,7620,0.17200000000000001,False,True,0.17200000000000001,0.17200000000000001,0.17200000000000001
e4160af481811de4ffcc,1,7621,7634,0.026000000000000002,False,True,0.026000000000000002,0.026000000000000002,0.026000000000000002
e4160af481811de4ffcc,2,7635,7652,0.034,False,True,0.034,0.034,0.034
e4160af481811de4ffcc,3,7653,15200,15.094000000000001,True,True,15.094000000000001,15.094000000000001,15.094000000000001
e45359827346999aa441,0,7167,7182,0.03,False,False,0.03,0.03,0.03
e45359827346999aa441,1,7183,7187,0.008,False,False,0.008,0.008,0.008
e45359827346999aa441,2,7189,7193,0.008,False,False,0.006,0.006,0.004
e45359827346999aa441,3,7196,7213,0.034,False,False,0.034,0.034,0.034
e45359827346999aa441,4,7214,7230,0.032,False,False,0.032,0.032,0.032
e45359827346999aa441,5,7231,7234,0.006,False,False,0.006,0.006,0.006
e45359827346999aa441,6,7235,7245,0.02,False,False,0.02,0.02,0.02
e45359827346999aa441,7,7247,7259,0.024,False,False,0.024,0.024,0.024
e45359827346999aa441,8,7260,7263,0.006,False,False,0.006,0.006,0.006
e45359827346999aa441,9,7264,7275,0.022,False,False,0.022,0.022,0.022
e45359827346999aa441,10,7277,7291,0.028,False,False,0.028,0.028,0.028
e45359827346999aa441,11,7292,7296,0.008,False,False,0.008,0.008,0.008
e45359827346999aa441,12,7297,7308,0.022,False,False,0.022,0.022,0.022
e45359827346999aa441,13,7310,7323,0.026000000000000002,False,False,0.026000000000000002,0.026000000000000002,0.026000000000000002
e45359827346999aa441,14,7324,7328,0.008,False,False,0.006,0.006,0.006
e45359827346999aa441,15,7333,7352,0.038,False,False,0.038,0.038,0.038
e45359827346999aa441,16,7354,7362,0.016,False,False,0.016,0.016,0.016
e45359827346999aa441,17,7365,7376,0.022,False,False,0.022,0.022,0.022
e45359827346999aa441,18,7377,7381,0.008,False,False,0.008,0.008,0.008
e45359827346999aa441,19,7383,7387,0.008,False,False,0.008,0.008,0.008
e45359827346999aa441,20,7389,7398,0.018000000000000002,False,False,0.018000000000000002,0.018000000000000002,0.018000000000000002
e45359827346999aa441,21,7400,7408,0.016,False,False,0.016,0.016,0.016
e45359827346999aa441,22,7411,7414,0.006,False,False,0.004,0.004,0.004
e45359827346999aa441,23,7422,7437,0.03,False,False,0.03,0.03,0.03
e45359827346999aa441,24,7440,7452,0.024,False,False,0.024,0.024,0.024
e45359827346999aa441,25,7454,7462,0.016,False,False,0.016,0.016,0.016
e45359827346999aa441,26,7463,7465,0.004,False,False,0.004,0.004,0.004
e45359827346999aa441,27,7469,7484,0.03,False,False,0.03,0.03,0.03
e45359827346999aa441,28,7487,7496,0.018000000000000002,False,False,0.018000000000000002,0.018000000000000002,0.018000000000000002
e45359827346999aa441,29,7498,7505,0.014,False,False,0.014,0.014,0.014
e45359827346999aa441,30,7506,7511,0.01,False,False,0.01,0.01,0.01
e45359827346999aa441,31,7513,7521,0.016,False,False,0.016,0.016,0.016
e45359827346999aa441,32,7522,7525,0.006,False,False,0.006,0.006,0.006
e45359827346999aa441,33,7526,7530,0.008,False,False,0.008,0.008,0.008
e45359827346999aa441,34,7531,7537,0.012,False,False,0.012,0.012,0.012
e45359827346999aa441,35,7539,7547,0.016,False,False,0.016,0.016,0.016
e45359827346999aa441,36,7549,7556,0.014,False,False,0.014,0.014,0.014
e45359827346999aa441,37,7558,7565,0.014,False,False,0.014,0.014,0.014
e45359827346999aa441,38,7566,7570,0.008,False,False,0.008,0.008,0.008
e45359827346999aa441,39,7572,7580,0.016,False,False,0.016,0.016,0.016
e45359827346999aa441,40,7582,7589,0.014,False,False,0.014,0.014,0.014
e45359827346999aa441,41,7591,7597,0.012,False,False,0.012,0.012,0.012
e45359827346999aa441,42,7599,7608,0.018000000000000002,False,False,0.018000000000000002,0.018000000000000002,0.018000000000000002
e45359827346999aa441,43,7609,7617,0.016,False,False,0.016,0.016,0.016
e45359827346999aa441,44,7618,7627,0.018000000000000002,False,False,0.018000000000000002,0.018000000000000002,0.018000000000000002
e45359827346999aa441,45,7629,7645,0.032,False,False,0.032,0.032,0.032
e45359827346999aa441,46,7646,7661,0.03,False,False,0.03,0.03,0.03
e45359827346999aa441,47,7662,10607,5.89,False,False,5.89,5.89,5.89
e45359827346999aa441,48,10608,10668,0.12,False,False,0.12,0.12,0.12
e45359827346999aa441,49,10669,10703,0.068,False,False,0.068,0.068,0.068
e45359827346999aa441,50,10704,10726,0.044,False,False,0.044,0.044,0.044
e45359827346999aa441,51,10727,10743,0.032,False,False,0.032,0.032,0.032
e45359827346999aa441,52,10744,10756,0.024,False,False,0.024,0.024,0.024
e45359827346999aa441,53,10757,10766,0.018000000000000002,False,False,0.018000000000000002,0.018000000000000002,0.018000000000000002
e45359827346999aa441,54,10767,10773,0.012,False,False,0.012,0.012,0.012
e45359827346999aa441,55,10774,10780,0.012,False,False,0.012,0.012,0.012
e45359827346999aa441,56,10781,10785,0.008,False,False,0.008,0.008,0.008
e45359827346999aa441,57,10786,10790,0.008,False,False,0.008,0.008,0.008
e45359827346999aa441,58,10792,10797,0.01,False,False,0.01,0.01,0.01
e45359827346999aa441,59,10799,10801,0.004,False,False,0.004,0.004,0.004
e45359827346999aa441,60,10802,10803,0.002,False,False,0.002,0.002,0.002
e45359827346999aa441,61,10805,10806,0.002,False,False,0.002,0.002,0.002
e45359827346999aa441,62,10808,10809,0.002,False,False,0.002,0.002,0.002
e492e300cc679d8c30e8,0,7483,15400,15.834,True,True,15.834,15.834,15.834
e587f92abf453a4c02e0,0,5003,5012,0.018000000000000002,False,False,0.018000000000000002,0.018000000000000002,0.018000000000000002
e587f92abf453a4c02e0,1,5013,5025,0.024,False,False,0.024,0.024,0.024
e587f92abf453a4c02e0,2,5026,5040,0.028,False,False,0.028,0.028,0.028
e587f92abf453a4c02e0,3,5041,5065,0.048,False,False,0.048,0.048,0.048
e587f92abf453a4c02e0,4,5066,6935,3.738,False,False,3.738,3.738,3.738
e587f92abf453a4c02e0,5,6936,7017,0.162,False,False,0.162,0.162,0.162
e587f92abf453a4c02e0,6,7018,7116,0.196,False,False,0.196,0.196,0.196
e587f92abf453a4c02e0,7,7117,7617,1.0,False,False,1.0,1.0,1.0
e587f92abf453a4c02e0,8,7618,7657,0.078,False,False,0.078,0.078,0.078
e587f92abf453a4c02e0,9,7658,7688,0.06,False,False,0.06,0.06,0.06
e587f92abf453a4c02e0,10,7689,7707,0.036000000000000004,False,False,0.036000000000000004,0.036000000000000004,0.036000000000000004
e587f92abf453a4c02e0,11,7708,7731,0.046,False,False,0.046,0.046,0.046
e587f92abf453a4c02e0,12,7732,7743,0.022,False,False,0.022,0.022,0.022
e587f92abf453a4c02e0,13,7744,7758,0.028,False,False,0.028,0.028,0.028
e587f92abf453a4c02e0,14,7759,7769,0.02,False,False,0.02,0.02,0.02
e587f92abf453a4c02e0,15,7770,7781,0.022,False,False,0.022,0.022,0.022
e587f92abf453a4c02e0,16,7782,7790,0.016,False,False,0.016,0.016,0.016
e587f92abf453a4c02e0,17,7791,7799,0.016,False,False,0.016,0.016,0.016
e587f92abf453a4c02e0,18,7800,7810,0.02,False,False,0.02,0.02,0.02
e587f92abf453a4c02e0,19,7811,7829,0.036000000000000004,False,False,0.036000000000000004,0.036000000000000004,0.036000000000000004
e587f92abf453a4c02e0,20,7830,7841,0.022,False,False,0.022,0.022,0.022
e587f92abf453a4c02e0,21,7842,7855,0.026000000000000002,False,False,0.026000000000000002,0.026000000000000002,0.026000000000000002
e587f92abf453a4c02e0,22,7856,7869,0.026000000000000002,False,False,0.026000000000000002,0.026000000000000002,0.026000000000000002
e587f92abf453a4c02e0,23,7870,7884,0.028,False,False,0.028,0.028,0.028
e587f92abf453a4c02e0,24,7885,7900,0.03,False,False,0.03,0.03,0.03
e587f92abf453a4c02e0,25,7901,7914,0.026000000000000002,False,False,0.026000000000000002,0.026000000000000002,0.026000000000000002
e587f92abf453a4c02e0,26,7915,7933,0.036000000000000004,False,False,0.036000000000000004,0.036000000000000004,0.036000000000000004
e587f92abf453a4c02e0,27,7934,7947,0.026000000000000002,False,False,0.026000000000000002,0.026000000000000002,0.026000000000000002
e587f92abf453a4c02e0,28,7948,7966,0.036000000000000004,False,False,0.036000000000000004,0.036000000000000004,0.036000000000000004
e587f92abf453a4c02e0,29,7967,7986,0.038,False,False,0.038,0.038,0.038
e587f92abf453a4c02e0,30,7987,8009,0.044,False,False,0.044,0.044,0.044
e587f92abf453a4c02e0,31,8010,8033,0.046,False,False,0.046,0.046,0.046
e587f92abf453a4c02e0,32,8034,8061,0.054,False,False,0.054,0.054,0.054
e587f92abf453a4c02e0,33,8062,8099,0.074,False,False,0.074,0.074,0.074
e587f92abf453a4c02e0,34,8100,8179,0.158,False,False,0.158,0.158,0.158
e587f92abf453a4c02e0,35,8180,8996,1.6320000000000001,False,False,1.6320000000000001,1.6320000000000001,1.6320000000000001
e587f92abf453a4c02e0,36,8997,9065,0.136,False,False,0.136,0.136,0.136
e587f92abf453a4c02e0,37,9066,9124,0.116,False,False,0.116,0.116,0.116
e587f92abf453a4c02e0,38,9125,9173,0.096,False,False,0.096,0.096,0.096
e587f92abf453a4c02e0,39,9174,9213,0.078,False,False,0.078,0.078,0.078
e587f92abf453a4c02e0,40,9214,9247,0.066,False,False,0.066,0.066,0.066
e587f92abf453a4c02e0,41,9248,9277,0.058,False,False,0.058,0.058,0.058
e587f92abf453a4c02e0,42,9278,9305,0.054,False,False,0.054,0.054,0.054
e587f92abf453a4c02e0,43,9306,9329,0.046,False,False,0.046,0.046,0.046
e587f92abf453a4c02e0,44,9330,9352,0.044,False,False,0.044,0.044,0.044
e587f92abf453a4c02e0,45,9353,9373,0.04,False,False,0.04,0.04,0.04
e587f92abf453a4c02e0,46,9374,9392,0.036000000000000004,False,False,0.036000000000000004,0.036000000000000004,0.036000000000000004
e587f92abf453a4c02e0,47,9393,9410,0.034,False,False,0.034,0.034,0.034
e587f92abf453a4c02e0,48,9411,9427,0.032,False,False,0.032,0.032,0.032
e587f92abf453a4c02e0,49,9428,9442,0.028,False,False,0.028,0.028,0.028
e587f92abf453a4c02e0,50,9443,9457,0.028,False,False,0.028,0.028,0.028
e587f92abf453a4c02e0,51,9458,9471,0.026000000000000002,False,False,0.026000000000000002,0.026000000000000002,0.026000000000000002
e587f92abf453a4c02e0,52,9472,9483,0.022,False,False,0.022,0.022,0.022
e587f92abf453a4c02e0,53,9484,9496,0.024,False,False,0.024,0.024,0.024
e587f92abf453a4c02e0,54,9497,9507,0.02,False,False,0.02,0.02,0.02
e587f92abf453a4c02e0,55,9508,9518,0.02,False,False,0.02,0.02,0.02
e587f92abf453a4c02e0,56,9519,9529,0.02,False,False,0.02,0.02,0.02
e587f92abf453a4c02e0,57,9530,9538,0.016,False,False,0.016,0.016,0.016
e587f92abf453a4c02e0,58,9539,9548,0.018000000000000002,False,False,0.018000000000000002,0.018000000000000002,0.018000000000000002
e587f92abf453a4c02e0,59,9549,9556,0.014,False,False,0.014,0.014,0.014
e587f92abf453a4c02e0,60,9557,9565,0.016,False,False,0.016,0.016,0.016
e587f92abf453a4c02e0,61,9566,9573,0.014,False,False,0.014,0.014,0.014
e587f92abf453a4c02e0,62,9574,9581,0.014,False,False,0.014,0.014,0.014
e587f92abf453a4c02e0,63,9582,9588,0.012,False,False,0.012,0.012,0.012
e587f92abf453a4c02e0,64,9589,9595,0.012,False,False,0.012,0.012,0.012
e587f92abf453a4c02e0,65,9596,9602,0.012,False,False,0.012,0.012,0.012
e587f92abf453a4c02e0,66,9603,9608,0.01,False,False,0.01,0.01,0.01
e587f92abf453a4c02e0,67,9609,9615,0.012,False,False,0.012,0.012,0.012
e587f92abf453a4c02e0,68,9616,9620,0.008,False,False,0.008,0.008,0.008
e587f92abf453a4c02e0,69,9621,9626,0.01,False,False,0.01,0.01,0.01
e587f92abf453a4c02e0,70,9627,9632,0.01,False,False,0.01,0.01,0.01
e587f92abf453a4c02e0,71,9633,9636,0.006,False,False,0.006,0.006,0.006
e587f92abf453a4c02e0,72,9637,9642,0.01,False,False,0.01,0.01,0.01
e587f92abf453a4c02e0,73,9643,9647,0.008,False,False,0.008,0.008,0.008
e587f92abf453a4c02e0,74,9649,9657,0.016,False,False,0.016,0.016,0.016
e587f92abf453a4c02e0,75,9659,9664,0.01,False,False,0.01,0.01,0.01
e587f92abf453a4c02e0,76,9665,9667,0.004,False,False,0.004,0.004,0.004
e587f92abf453a4c02e0,77,9668,9671,0.006,False,False,0.006,0.006,0.006
e587f92abf453a4c02e0,78,9672,9675,0.006,False,False,0.006,0.006,0.006
e587f92abf453a4c02e0,79,9676,9678,0.004,False,False,0.004,0.004,0.004
e587f92abf453a4c02e0,80,9679,9682,0.006,False,False,0.006,0.006,0.006
e587f92abf453a4c02e0,81,9683,9685,0.004,False,False,0.004,0.004,0.004
e587f92abf453a4c02e0,82,9686,9689,0.006,False,False,0.006,0.006,0.006
e587f92abf453a4c02e0,83,9691,9695,0.008,False,False,0.008,0.008,0.008
e587f92abf453a4c02e0,84,9696,9697,0.002,False,False,0.002,0.002,0.002
e587f92abf453a4c02e0,85,9698,9701,0.006,False,False,0.006,0.006,0.006
e587f92abf453a4c02e0,86,9703,9706,0.006,False,False,0.006,0.006,0.006
e587f92abf453a4c02e0,87,9708,9711,0.006,False,False,0.006,0.006,0.006
e587f92abf453a4c02e0,88,9713,9715,0.004,False,False,0.004,0.004,0.004
e587f92abf453a4c02e0,89,9717,9720,0.006,False,False,0.006,0.006,0.006
e587f92abf453a4c02e0,90,9723,9726,0.006,False,False,0.006,0.006,0.006
e587f92abf453a4c02e0,91,9730,9733,0.006,False,False,0.006,0.006,0.006
e587f92abf453a4c02e0,92,9738,9740,0.004,False,False,0.004,0.004,0.004
e587f92abf453a4c02e0,93,9745,9746,0.002,False,False,0.002,0.002,0.002
e587f92abf453a4c02e0,94,9748,9749,0.002,False,False,0.002,0.002,0.002
e75fd3e250b2dae3f752,0,3346,3366,0.04,False,True,0.04,0.04,0.04
e75fd3e250b2dae3f752,1,3368,3439,0.14200000000000002,False,True,0.14200000000000002,0.14200000000000002,0.14200000000000002
e75fd3e250b2dae3f752,2,3441,3876,0.87,False,True,0.87,0.87,0.87
e75fd3e250b2dae3f752,3,4645,15200,21.11,True,True,21.082,21.082,19.516000000000002
e86ff2a3a7e536779238,0,7502,7568,0.132,False,True,0.132,0.132,0.132
e86ff2a3a7e536779238,1,7569,7581,0.024,False,True,0.024,0.024,0.024
e86ff2a3a7e536779238,2,7582,7589,0.014,False,True,0.014,0.014,0.014
e86ff2a3a7e536779238,3,7590,7611,0.042,False,True,0.042,0.042,0.042
e86ff2a3a7e536779238,4,7612,15200,15.176,True,True,15.176,15.176,15.176
e9d095a38059f14f3fe5,0,4853,4858,0.01,False,False,0.01,0.01,0.01
e9d095a38059f14f3fe5,1,4860,4863,0.006,False,False,0.006,0.006,0.006
e9d095a38059f14f3fe5,2,4864,4867,0.006,False,False,0.006,0.006,0.006
e9d095a38059f14f3fe5,3,4871,4880,0.018000000000000002,False,False,0.018000000000000002,0.018000000000000002,0.018000000000000002
e9d095a38059f14f3fe5,4,4884,4890,0.012,False,False,0.012,0.012,0.012
e9d095a38059f14f3fe5,5,4892,4895,0.006,False,False,0.006,0.006,0.006
e9d095a38059f14f3fe5,6,4897,4902,0.01,False,False,0.01,0.01,0.01
e9d095a38059f14f3fe5,7,4905,4911,0.012,False,False,0.012,0.012,0.012
e9d095a38059f14f3fe5,8,4914,4919,0.01,False,False,0.01,0.01,0.01
e9d095a38059f14f3fe5,9,4922,4927,0.01,False,False,0.01,0.01,0.01
e9d095a38059f14f3fe5,10,4929,4932,0.006,False,False,0.006,0.006,0.006
e9d095a38059f14f3fe5,11,4933,4935,0.004,False,False,0.004,0.004,0.004
e9d095a38059f14f3fe5,12,4937,4941,0.008,False,False,0.008,0.008,0.008
e9d095a38059f14f3fe5,13,4943,4945,0.004,False,False,0.004,0.004,0.004
e9d095a38059f14f3fe5,14,4946,4948,0.004,False,False,0.004,0.004,0.004
e9d095a38059f14f3fe5,15,4949,4950,0.002,False,False,0.002,0.002,0.002
e9d095a38059f14f3fe5,16,4951,4953,0.004,False,False,0.004,0.004,0.004
e9d095a38059f14f3fe5,17,4954,4955,0.002,False,False,0.002,0.002,0.002
e9d095a38059f14f3fe5,18,4956,4958,0.004,False,False,0.004,0.004,0.004
e9d095a38059f14f3fe5,19,4959,4960,0.002,False,False,0.002,0.002,0.002
e9d095a38059f14f3fe5,20,4961,4963,0.004,False,False,0.004,0.004,0.004
e9d095a38059f14f3fe5,21,4965,4967,0.004,False,False,0.004,0.004,0.004
e9d095a38059f14f3fe5,22,4968,4969,0.002,False,False,0.002,0.002,0.002
e9d095a38059f14f3fe5,23,4970,4971,0.002,False,False,0.002,0.002,0.002
e9d095a38059f14f3fe5,24,4972,4974,0.004,False,False,0.004,0.004,0.004
e9d095a38059f14f3fe5,25,4977,4980,0.006,False,False,0.006,0.006,0.006
e9d095a38059f14f3fe5,26,4983,4985,0.004,False,False,0.004,0.004,0.004
e9d095a38059f14f3fe5,27,4987,4988,0.002,False,False,0.002,0.002,0.002
e9d095a38059f14f3fe5,28,4989,4990,0.002,False,False,0.002,0.002,0.002
e9d095a38059f14f3fe5,29,4991,4992,0.002,False,False,0.002,0.002,0.002
e9d095a38059f14f3fe5,30,4994,4995,0.002,False,False,0.002,0.002,0.002
e9d095a38059f14f3fe5,31,4997,4999,0.004,False,False,0.004,0.004,0.004
e9d095a38059f14f3fe5,32,5004,5007,0.006,False,False,0.006,0.006,0.006
e9d095a38059f14f3fe5,33,5014,5016,0.004,False,False,0.004,0.004,0.004
e9d095a38059f14f3fe5,34,5022,5023,0.002,False,False,0.002,0.002,0.002
e9d095a38059f14f3fe5,35,5081,5099,0.036000000000000004,False,False,0.036000000000000004,0.036000000000000004,0.036000000000000004
e9d095a38059f14f3fe5,36,5100,5111,0.022,False,False,0.022,0.022,0.022
e9d095a38059f14f3fe5,37,5112,5127,0.03,False,False,0.03,0.03,0.03
e9d095a38059f14f3fe5,38,5128,5154,0.052000000000000005,False,False,0.052000000000000005,0.052000000000000005,0.052000000000000005
e9d095a38059f14f3fe5,39,5155,5199,0.088,False,False,0.088,0.088,0.088
e9d095a38059f14f3fe5,40,5200,5253,0.106,False,False,0.106,0.106,0.106
e9d095a38059f14f3fe5,41,5254,5317,0.126,False,False,0.126,0.126,0.126
e9d095a38059f14f3fe5,42,5318,5357,0.078,False,False,0.078,0.078,0.078
e9d095a38059f14f3fe5,43,5358,5399,0.082,False,False,0.082,0.082,0.082
e9d095a38059f14f3fe5,44,5400,5445,0.09,False,False,0.09,0.09,0.09
e9d095a38059f14f3fe5,45,5446,5492,0.092,False,False,0.092,0.092,0.092
e9d095a38059f14f3fe5,46,5493,5537,0.088,False,False,0.088,0.088,0.088
e9d095a38059f14f3fe5,47,5538,5579,0.082,False,False,0.082,0.082,0.082
e9d095a38059f14f3fe5,48,5580,5618,0.076,False,False,0.076,0.076,0.076
e9d095a38059f14f3fe5,49,5619,5654,0.07,False,False,0.07,0.07,0.07
e9d095a38059f14f3fe5,50,5655,5688,0.066,False,False,0.066,0.066,0.066
e9d095a38059f14f3fe5,51,5689,5719,0.06,False,False,0.06,0.06,0.06
e9d095a38059f14f3fe5,52,5720,5747,0.054,False,False,0.054,0.054,0.054
e9d095a38059f14f3fe5,53,5748,5773,0.05,False,False,0.05,0.05,0.05
e9d095a38059f14f3fe5,54,5774,5796,0.044,False,False,0.044,0.044,0.044
e9d095a38059f14f3fe5,55,5797,5818,0.042,False,False,0.042,0.042,0.042
e9d095a38059f14f3fe5,56,5819,5837,0.036000000000000004,False,False,0.036000000000000004,0.036000000000000004,0.036000000000000004
e9d095a38059f14f3fe5,57,5838,5854,0.032,False,False,0.032,0.032,0.032
e9d095a38059f14f3fe5,58,5855,5870,0.03,False,False,0.03,0.03,0.03
e9d095a38059f14f3fe5,59,5871,5884,0.026000000000000002,False,False,0.026000000000000002,0.026000000000000002,0.026000000000000002
e9d095a38059f14f3fe5,60,5885,5897,0.024,False,False,0.024,0.024,0.024
e9d095a38059f14f3fe5,61,5898,5908,0.02,False,False,0.02,0.02,0.02
e9d095a38059f14f3fe5,62,5909,5919,0.02,False,False,0.02,0.02,0.02
e9d095a38059f14f3fe5,63,5920,5928,0.016,False,False,0.016,0.016,0.016
e9d095a38059f14f3fe5,64,5929,5936,0.014,False,False,0.014,0.014,0.014
e9d095a38059f14f3fe5,65,5937,5944,0.014,False,False,0.014,0.014,0.014
e9d095a38059f14f3fe5,66,5945,5951,0.012,False,False,0.012,0.012,0.012
e9d095a38059f14f3fe5,67,5952,5957,0.01,False,False,0.01,0.01,0.01
e9d095a38059f14f3fe5,68,5958,5963,0.01,False,False,0.01,0.01,0.01
e9d095a38059f14f3fe5,69,5964,5969,0.01,False,False,0.01,0.01,0.01
e9d095a38059f14f3fe5,70,5971,5978,0.014,False,False,0.014,0.014,0.014
e9d095a38059f14f3fe5,71,5980,5985,0.01,False,False,0.01,0.01,0.01
e9d095a38059f14f3fe5,72,5987,5991,0.008,False,False,0.008,0.008,0.008
e9d095a38059f14f3fe5,73,5992,5993,0.002,False,False,0.002,0.002,0.002
e9d095a38059f14f3fe5,74,5994,5997,0.006,False,False,0.006,0.006,0.006
e9d095a38059f14f3fe5,75,5999,6002,0.006,False,False,0.006,0.006,0.006
e9d095a38059f14f3fe5,76,6004,6006,0.004,False,False,0.004,0.004,0.004
e9d095a38059f14f3fe5,77,6008,6010,0.004,False,False,0.004,0.004,0.004
e9d095a38059f14f3fe5,78,6013,6015,0.004,False,False,0.004,0.004,0.004
e9d095a38059f14f3fe5,79,6020,6021,0.002,False,False,0.002,0.002,0.002
e9d095a38059f14f3fe5,80,6885,6910,0.05,False,False,0.05,0.05,0.05
e9d095a38059f14f3fe5,81,6913,6921,0.016,False,False,0.016,0.016,0.016
e9d095a38059f14f3fe5,82,6922,6924,0.004,False,False,0.004,0.004,0.004
e9d095a38059f14f3fe5,83,6925,6929,0.008,False,False,0.008,0.008,0.008
e9d095a38059f14f3fe5,84,6930,6933,0.006,False,False,0.006,0.006,0.006
e9d095a38059f14f3fe5,85,6934,6938,0.008,False,False,0.008,0.008,0.008
e9d095a38059f14f3fe5,86,6939,6943,0.008,False,False,0.008,0.008,0.008
e9d095a38059f14f3fe5,87,6944,6948,0.008,False,False,0.008,0.008,0.008
e9d095a38059f14f3fe5,88,6949,6955,0.012,False,False,0.012,0.012,0.012
e9d095a38059f14f3fe5,89,6956,6960,0.008,False,False,0.008,0.008,0.008
e9d095a38059f14f3fe5,90,6961,6969,0.016,False,False,0.016,0.016,0.016
e9d095a38059f14f3fe5,91,6970,6976,0.012,False,False,0.012,0.012,0.012
e9d095a38059f14f3fe5,92,6977,6987,0.02,False,False,0.02,0.02,0.02
e9d095a38059f14f3fe5,93,6988,6997,0.018000000000000002,False,False,0.018000000000000002,0.018000000000000002,0.018000000000000002
e9d095a38059f14f3fe5,94,6998,7010,0.024,False,False,0.024,0.024,0.024
e9d095a38059f14f3fe5,95,7011,7025,0.028,False,False,0.028,0.028,0.028
e9d095a38059f14f3fe5,96,7026,7040,0.028,False,False,0.028,0.028,0.028
e9d095a38059f14f3fe5,97,7041,7058,0.034,False,False,0.034,0.034,0.034
e9d095a38059f14f3fe5,98,7059,7076,0.034,False,False,0.034,0.034,0.034
e9d095a38059f14f3fe5,99,7077,7097,0.04,False,False,0.04,0.04,0.04
e9d095a38059f14f3fe5,100,7098,7120,0.044,False,False,0.044,0.044,0.044
e9d095a38059f14f3fe5,101,7121,7142,0.042,False,False,0.042,0.042,0.042
e9d095a38059f14f3fe5,102,7143,7158,0.03,False,False,0.03,0.03,0.03
e9d095a38059f14f3fe5,103,7159,7174,0.03,False,False,0.03,0.03,0.03
e9d095a38059f14f3fe5,104,7175,7192,0.034,False,False,0.034,0.034,0.034
e9d095a38059f14f3fe5,105,7193,7211,0.036000000000000004,False,False,0.036000000000000004,0.036000000000000004,0.036000000000000004
e9d095a38059f14f3fe5,106,7212,7231,0.038,False,False,0.038,0.038,0.038
e9d095a38059f14f3fe5,107,7232,7252,0.04,False,False,0.04,0.04,0.04
e9d095a38059f14f3fe5,108,7253,7274,0.042,False,False,0.042,0.042,0.042
e9d095a38059f14f3fe5,109,7275,7297,0.044,False,False,0.044,0.044,0.044
e9d095a38059f14f3fe5,110,7298,7321,0.046,False,False,0.046,0.046,0.046
e9d095a38059f14f3fe5,111,7322,7346,0.048,False,False,0.048,0.048,0.048
e9d095a38059f14f3fe5,112,7347,7372,0.05,False,False,0.05,0.05,0.05
e9d095a38059f14f3fe5,113,7373,7398,0.05,False,False,0.05,0.05,0.05
e9d095a38059f14f3fe5,114,7399,7426,0.054,False,False,0.054,0.054,0.054
e9d095a38059f14f3fe5,115,7427,7455,0.056,False,False,0.056,0.056,0.056
e9d095a38059f14f3fe5,116,7456,7486,0.06,False,False,0.06,0.06,0.06
e9d095a38059f14f3fe5,117,7487,7519,0.064,False,False,0.064,0.064,0.064
e9d095a38059f14f3fe5,118,7520,7554,0.068,False,False,0.068,0.068,0.068
e9d095a38059f14f3fe5,119,7555,7592,0.074,False,False,0.074,0.074,0.074
e9d095a38059f14f3fe5,120,7593,7633,0.08,False,False,0.08,0.08,0.08
e9d095a38059f14f3fe5,121,7634,7674,0.08,False,False,0.08,0.08,0.08
e9d095a38059f14f3fe5,122,7675,7709,0.068,False,False,0.068,0.068,0.068
e9d095a38059f14f3fe5,123,7710,7739,0.058,False,False,0.058,0.058,0.058
e9d095a38059f14f3fe5,124,7740,7764,0.048,False,False,0.048,0.048,0.048
e9d095a38059f14f3fe5,125,7765,7788,0.046,False,False,0.046,0.046,0.046
e9d095a38059f14f3fe5,126,7789,7819,0.06,False,False,0.06,0.06,0.06
e9d095a38059f14f3fe5,127,7820,7891,0.14200000000000002,False,False,0.14200000000000002,0.14200000000000002,0.14200000000000002
e9d095a38059f14f3fe5,128,7892,14797,13.81,False,False,13.81,13.81,13.81
e9d095a38059f14f3fe5,129,14798,14849,0.10200000000000001,False,False,0.10200000000000001,0.10200000000000001,0.10200000000000001
e9d095a38059f14f3fe5,130,14850,14886,0.07200000000000001,False,False,0.07200000000000001,0.07200000000000001,0.07200000000000001
e9d095a38059f14f3fe5,131,14887,14916,0.058,False,False,0.058,0.058,0.058
e9d095a38059f14f3fe5,132,14917,14942,0.05,False,False,0.05,0.05,0.05
e9d095a38059f14f3fe5,133,14943,14964,0.042,False,False,0.042,0.042,0.042
e9d095a38059f14f3fe5,134,14965,14984,0.038,False,False,0.038,0.038,0.038
e9d095a38059f14f3fe5,135,14985,15003,0.036000000000000004,False,False,0.036000000000000004,0.036000000000000004,0.036000000000000004
e9d095a38059f14f3fe5,136,15004,15019,0.03,False,False,0.03,0.03,0.03
e9d095a38059f14f3fe5,137,15020,15035,0.03,False,False,0.03,0.03,0.03
e9d095a38059f14f3fe5,138,15036,15049,0.026000000000000002,False,False,0.026000000000000002,0.026000000000000002,0.026000000000000002
e9d095a38059f14f3fe5,139,15050,15063,0.026000000000000002,False,False,0.026000000000000002,0.026000000000000002,0.026000000000000002
e9d095a38059f14f3fe5,140,15064,15076,0.024,False,False,0.024,0.024,0.024
e9d095a38059f14f3fe5,141,15077,15088,0.022,False,False,0.022,0.022,0.022
e9d095a38059f14f3fe5,142,15089,15099,0.02,False,False,0.02,0.02,0.02
e9d095a38059f14f3fe5,143,15100,15111,0.022,False,False,0.022,0.022,0.022
e9d095a38059f14f3fe5,144,15112,15121,0.018000000000000002,False,False,0.018000000000000002,0.018000000000000002,0.018000000000000002
e9d095a38059f14f3fe5,145,15122,15131,0.018000000000000002,False,False,0.018000000000000002,0.018000000000000002,0.018000000000000002
e9d095a38059f14f3fe5,146,15132,15140,0.016,False,False,0.016,0.016,0.016
e9d095a38059f14f3fe5,147,15141,15150,0.018000000000000002,False,False,0.018000000000000002,0.018000000000000002,0.018000000000000002
e9d095a38059f14f3fe5,148,15151,15158,0.014,False,False,0.014,0.014,0.014
e9d095a38059f14f3fe5,149,15159,15167,0.016,False,False,0.016,0.016,0.016
e9d095a38059f14f3fe5,150,15168,15175,0.014,False,False,0.014,0.014,0.014
e9d095a38059f14f3fe5,151,15176,15183,0.014,False,False,0.014,0.014,0.014
e9d095a38059f14f3fe5,152,15184,15190,0.012,False,False,0.012,0.012,0.012
e9d095a38059f14f3fe5,153,15191,15198,0.014,False,False,0.014,0.014,0.014
e9d095a38059f14f3fe5,154,15199,15205,0.012,False,False,0.012,0.012,0.012
e9d095a38059f14f3fe5,155,15206,15211,0.01,False,False,0.01,0.01,0.01
e9d095a38059f14f3fe5,156,15212,15219,0.014,False,False,0.014,0.014,0.014
e9d095a38059f14f3fe5,157,15221,15231,0.02,False,False,0.02,0.02,0.02
e9d095a38059f14f3fe5,158,15233,15242,0.018000000000000002,False,False,0.018000000000000002,0.018000000000000002,0.018000000000000002
e9d095a38059f14f3fe5,159,15244,15252,0.016,False,False,0.016,0.016,0.016
e9d095a38059f14f3fe5,160,15253,15256,0.006,False,False,0.006,0.006,0.006
e9d095a38059f14f3fe5,161,15257,15262,0.01,False,False,0.01,0.01,0.01
e9d095a38059f14f3fe5,162,15263,15267,0.008,False,False,0.008,0.008,0.008
e9d095a38059f14f3fe5,163,15268,15272,0.008,False,False,0.008,0.008,0.008
e9d095a38059f14f3fe5,164,15273,15277,0.008,False,False,0.008,0.008,0.008
e9d095a38059f14f3fe5,165,15278,15282,0.008,False,False,0.008,0.008,0.008
e9d095a38059f14f3fe5,166,15284,15292,0.016,False,False,0.016,0.016,0.016
e9d095a38059f14f3fe5,167,15295,15303,0.016,False,False,0.016,0.016,0.016
e9d095a38059f14f3fe5,168,15305,15310,0.01,False,False,0.01,0.01,0.01
e9d095a38059f14f3fe5,169,15312,15317,0.01,False,False,0.01,0.01,0.01
e9d095a38059f14f3fe5,170,15319,15324,0.01,False,False,0.01,0.01,0.01
e9d095a38059f14f3fe5,171,15325,15326,0.002,False,False,0.002,0.002,0.002
e9d095a38059f14f3fe5,172,15327,15331,0.008,False,False,0.008,0.008,0.008
e9d095a38059f14f3fe5,173,15333,15338,0.01,False,False,0.01,0.01,0.01
e9d095a38059f14f3fe5,174,15341,15347,0.012,False,False,0.012,0.012,0.012
e9d095a38059f14f3fe5,175,15350,15355,0.01,False,False,0.01,0.01,0.01
e9d095a38059f14f3fe5,176,15358,15362,0.008,False,False,0.008,0.008,0.008
e9d095a38059f14f3fe5,177,15363,15364,0.002,False,False,0.002,0.002,0.002
e9d095a38059f14f3fe5,178,15365,15367,0.004,False,False,0.004,0.004,0.004
e9d095a38059f14f3fe5,179,15369,15372,0.006,False,False,0.006,0.006,0.006
e9d095a38059f14f3fe5,180,15373,15374,0.002,False,False,0.002,0.002,0.002
e9d095a38059f14f3fe5,181,15375,15377,0.004,False,False,0.004,0.004,0.004
e9d095a38059f14f3fe5,182,15379,15382,0.006,False,False,0.006,0.006,0.006
e9d095a38059f14f3fe5,183,15385,15388,0.006,False,False,0.006,0.006,0.006
e9d095a38059f14f3fe5,184,15390,15392,0.004,False,False,0.004,0.004,0.004
e9d095a38059f14f3fe5,185,15394,15396,0.004,False,False,0.004,0.004,0.004
e9d095a38059f14f3fe5,186,15398,15400,0.004,False,False,0.004,0.004,0.004
e9e6b9692f8fc0ec40f6,0,4789,4797,0.016,False,False,0.016,0.016,0.016
e9e6b9692f8fc0ec40f6,1,4810,4812,0.004,False,False,0.004,0.004,0.004
e9e6b9692f8fc0ec40f6,2,4835,4840,0.01,False,False,0.01,0.01,0.01
e9e6b9692f8fc0ec40f6,3,5188,5221,0.066,False,False,0.066,0.066,0.066
e9e6b9692f8fc0ec40f6,4,5227,5232,0.01,False,False,0.01,0.01,0.01
e9e6b9692f8fc0ec40f6,5,5334,5348,0.028,False,False,0.028,0.028,0.028
e9e6b9692f8fc0ec40f6,6,5349,5351,0.004,False,False,0.004,0.004,0.004
e9e6b9692f8fc0ec40f6,7,5352,5361,0.018000000000000002,False,False,0.018000000000000002,0.018000000000000002,0.018000000000000002
e9e6b9692f8fc0ec40f6,8,5362,5370,0.016,False,False,0.016,0.016,0.016
e9e6b9692f8fc0ec40f6,9,5371,5379,0.016,False,False,0.016,0.016,0.016
e9e6b9692f8fc0ec40f6,10,5380,5388,0.016,False,False,0.016,0.016,0.016
e9e6b9692f8fc0ec40f6,11,5389,5398,0.018000000000000002,False,False,0.018000000000000002,0.018000000000000002,0.018000000000000002
e9e6b9692f8fc0ec40f6,12,5399,5407,0.016,False,False,0.016,0.016,0.016
e9e6b9692f8fc0ec40f6,13,5408,5416,0.016,False,False,0.016,0.016,0.016
e9e6b9692f8fc0ec40f6,14,5417,5424,0.014,False,False,0.014,0.014,0.014
e9e6b9692f8fc0ec40f6,15,5425,5433,0.016,False,False,0.016,0.016,0.016
e9e6b9692f8fc0ec40f6,16,5434,5440,0.012,False,False,0.012,0.012,0.012
e9e6b9692f8fc0ec40f6,17,5441,5448,0.014,False,False,0.014,0.014,0.014
e9e6b9692f8fc0ec40f6,18,5449,5455,0.012,False,False,0.012,0.012,0.012
e9e6b9692f8fc0ec40f6,19,5456,5462,0.012,False,False,0.012,0.012,0.012
e9e6b9692f8fc0ec40f6,20,5463,5468,0.01,False,False,0.01,0.01,0.01
e9e6b9692f8fc0ec40f6,21,5469,5475,0.012,False,False,0.012,0.012,0.012
e9e6b9692f8fc0ec40f6,22,5477,5486,0.018000000000000002,False,False,0.018000000000000002,0.018000000000000002,0.018000000000000002
e9e6b9692f8fc0ec40f6,23,5488,5496,0.016,False,False,0.016,0.016,0.016
e9e6b9692f8fc0ec40f6,24,5498,5504,0.012,False,False,0.012,0.012,0.012
e9e6b9692f8fc0ec40f6,25,5506,5513,0.014,False,False,0.014,0.014,0.014
e9e6b9692f8fc0ec40f6,26,5515,5519,0.008,False,False,0.008,0.008,0.008
e9e6b9692f8fc0ec40f6,27,5520,5523,0.006,False,False,0.006,0.006,0.006
e9e6b9692f8fc0ec40f6,28,5524,5526,0.004,False,False,0.004,0.004,0.004
e9e6b9692f8fc0ec40f6,29,5527,5531,0.008,False,False,0.008,0.008,0.008
e9e6b9692f8fc0ec40f6,30,5533,5537,0.008,False,False,0.008,0.008,0.008
e9e6b9692f8fc0ec40f6,31,5539,5542,0.006,False,False,0.006,0.006,0.006
e9e6b9692f8fc0ec40f6,32,5543,5544,0.002,False,False,0.002,0.002,0.002
e9e6b9692f8fc0ec40f6,33,5545,5548,0.006,False,False,0.006,0.006,0.006
e9e6b9692f8fc0ec40f6,34,5550,5552,0.004,False,False,0.004,0.004,0.004
e9e6b9692f8fc0ec40f6,35,5553,5554,0.002,False,False,0.002,0.002,0.002
e9e6b9692f8fc0ec40f6,36,5555,5557,0.004,False,False,0.004,0.004,0.004
e9e6b9692f8fc0ec40f6,37,5559,5561,0.004,False,False,0.004,0.004,0.004
e9e6b9692f8fc0ec40f6,38,5563,5564,0.002,False,False,0.002,0.002,0.002
e9e6b9692f8fc0ec40f6,39,5565,5566,0.002,False,False,0.002,0.002,0.002
e9e6b9692f8fc0ec40f6,40,5567,5568,0.002,False,False,0.002,0.002,0.002
e9e6b9692f8fc0ec40f6,41,5570,5571,0.002,False,False,0.002,0.002,0.002
e9e6b9692f8fc0ec40f6,42,5573,5574,0.002,False,False,0.002,0.002,0.002
e9e6b9692f8fc0ec40f6,43,5577,5578,0.002,False,False,0.002,0.002,0.002
e9e6b9692f8fc0ec40f6,44,6907,9141,4.468,False,False,4.468,4.468,4.468
e9e6b9692f8fc0ec40f6,45,9142,9145,0.006,False,False,0.006,0.006,0.006
eb2ca70710ab65de68c2,0,4796,9298,9.004,False,False,7.928,7.928,3.4
eb928eb8ece926250732,0,7891,15400,15.018,True,False,15.018,15.018,15.018
ec61a6df65c9bab1a4a6,0,10757,15400,9.286,False,False,9.286,9.286,9.286
ed2d800bfd4e32cde049,0,3367,3795,0.856,False,True,0.856,0.856,0.856
ed2d800bfd4e32cde049,1,7216,15200,15.968,True,True,15.758000000000001,15.758000000000001,15.094000000000001
ee68817537a25a99df8d,0,1293,9000,15.414,True,True,15.414,15.414,15.414
ee94b795f3b33fffb313,0,4333,4335,0.004,False,False,0.004,0.004,0.004
ee94b795f3b33fffb313,1,4336,4340,0.008,False,False,0.008,0.008,0.008
ee94b795f3b33fffb313,2,4342,4366,0.048,False,False,0.048,0.048,0.048
ee94b795f3b33fffb313,3,4367,4381,0.028,False,False,0.028,0.028,0.028
ee94b795f3b33fffb313,4,4382,4399,0.034,False,False,0.034,0.034,0.034
ee94b795f3b33fffb313,5,4400,4419,0.038,False,False,0.038,0.038,0.038
ee94b795f3b33fffb313,6,4420,4445,0.05,False,False,0.05,0.05,0.05
ee94b795f3b33fffb313,7,4446,4539,0.186,False,False,0.186,0.186,0.186
ee94b795f3b33fffb313,8,4540,4590,0.1,False,False,0.1,0.1,0.1
ee94b795f3b33fffb313,9,4591,4619,0.056,False,False,0.056,0.056,0.056
ee94b795f3b33fffb313,10,4620,4625,0.01,False,False,0.01,0.01,0.01
ee94b795f3b33fffb313,11,4627,4634,0.014,False,False,0.014,0.014,0.014
ee94b795f3b33fffb313,12,4636,4643,0.014,False,False,0.014,0.014,0.014
ee94b795f3b33fffb313,13,4645,4653,0.016,False,False,0.016,0.016,0.016
ee94b795f3b33fffb313,14,4656,4666,0.02,False,False,0.02,0.02,0.02
ee94b795f3b33fffb313,15,4667,4670,0.006,False,False,0.006,0.006,0.006
ee94b795f3b33fffb313,16,4671,4678,0.014,False,False,0.014,0.014,0.014
ee94b795f3b33fffb313,17,4679,4680,0.002,False,False,0.002,0.002,0.002
ee94b795f3b33fffb313,18,4681,4689,0.016,False,False,0.016,0.016,0.016
ee94b795f3b33fffb313,19,4690,4698,0.016,False,False,0.016,0.016,0.016
ee94b795f3b33fffb313,20,4699,4707,0.016,False,False,0.016,0.016,0.016
ee94b795f3b33fffb313,21,4708,10946,12.476,False,False,12.476,12.476,12.476
ee94b795f3b33fffb313,22,10947,10957,0.02,False,False,0.02,0.02,0.02
ee94b795f3b33fffb313,23,10958,10961,0.006,False,False,0.006,0.006,0.006
eea35d3228c60e585891,0,4868,8937,8.138,False,False,0.0,0.0,0.0
ef52590f435f1a4ad8a2,0,3487,4189,1.4040000000000001,False,False,1.4040000000000001,1.4040000000000001,1.4040000000000001
ef52590f435f1a4ad8a2,1,7344,10596,6.5040000000000004,False,False,6.502,6.502,5.918
ef52590f435f1a4ad8a2,2,10879,14763,7.768,False,False,7.768,7.768,7.768
f015626683767e5a234e,0,1200,9000,15.6,True,True,15.6,15.6,15.6
f1427292d6fd7ba53eab,0,4735,4755,0.04,False,False,0.038,0.038,0.034
f1427292d6fd7ba53eab,1,4756,4792,0.07200000000000001,False,False,0.07,0.07,0.07
f1427292d6fd7ba53eab,2,4795,4837,0.084,False,False,0.084,0.084,0.084
f1427292d6fd7ba53eab,3,4838,4839,0.002,False,False,0.0,0.0,0.0
f1427292d6fd7ba53eab,4,4841,4873,0.064,False,False,0.064,0.064,0.064
f1427292d6fd7ba53eab,5,4874,4883,0.018000000000000002,False,False,0.018000000000000002,0.018000000000000002,0.018000000000000002
f1427292d6fd7ba53eab,6,4884,4894,0.02,False,False,0.02,0.02,0.02
f1427292d6fd7ba53eab,7,4895,4897,0.004,False,False,0.004,0.004,0.004
f1427292d6fd7ba53eab,8,4899,4906,0.014,False,False,0.014,0.014,0.014
f1427292d6fd7ba53eab,9,4914,4927,0.026000000000000002,False,False,0.026000000000000002,0.026000000000000002,0.026000000000000002
f1427292d6fd7ba53eab,10,4931,4933,0.004,False,False,0.004,0.004,0.004
f1427292d6fd7ba53eab,11,4938,4944,0.012,False,False,0.012,0.012,0.012
f1427292d6fd7ba53eab,12,4946,4951,0.01,False,False,0.01,0.01,0.01
f1427292d6fd7ba53eab,13,4952,4954,0.004,False,False,0.004,0.004,0.004
f1427292d6fd7ba53eab,14,4957,4962,0.01,False,False,0.01,0.01,0.01
f1427292d6fd7ba53eab,15,4964,4968,0.008,False,False,0.008,0.008,0.008
f1427292d6fd7ba53eab,16,4971,4975,0.008,False,False,0.008,0.008,0.008
f1427292d6fd7ba53eab,17,4978,4982,0.008,False,False,0.008,0.008,0.008
f1427292d6fd7ba53eab,18,4985,4989,0.008,False,False,0.008,0.008,0.008
f1427292d6fd7ba53eab,19,4992,4994,0.004,False,False,0.004,0.004,0.004
f1427292d6fd7ba53eab,20,4996,4998,0.004,False,False,0.004,0.004,0.004
f1427292d6fd7ba53eab,21,4999,5000,0.002,False,False,0.002,0.002,0.002
f1427292d6fd7ba53eab,22,5003,5005,0.004,False,False,0.004,0.004,0.004
f1427292d6fd7ba53eab,23,5006,5007,0.002,False,False,0.002,0.002,0.002
f1427292d6fd7ba53eab,24,5009,5011,0.004,False,False,0.004,0.004,0.004
f1427292d6fd7ba53eab,25,5013,5014,0.002,False,False,0.002,0.002,0.002
f1427292d6fd7ba53eab,26,5023,5026,0.006,False,False,0.006,0.006,0.006
f1427292d6fd7ba53eab,27,5059,5078,0.038,False,False,0.038,0.038,0.038
f1427292d6fd7ba53eab,28,5080,6712,3.2640000000000002,False,False,3.2640000000000002,3.2640000000000002,3.2640000000000002
f1427292d6fd7ba53eab,29,6713,6802,0.178,False,False,0.178,0.178,0.178
f1427292d6fd7ba53eab,30,6805,6809,0.008,False,False,0.008,0.008,0.008
f1427292d6fd7ba53eab,31,6811,6829,0.036000000000000004,False,False,0.036000000000000004,0.036000000000000004,0.036000000000000004
f1427292d6fd7ba53eab,32,6830,12139,10.618,False,False,10.618,10.618,10.618
f1427292d6fd7ba53eab,33,12141,12144,0.006,False,False,0.006,0.006,0.006
f20ab2db287b9002990d,0,1374,8151,13.554,False,False,13.554,13.554,13.554
f35cfabd8429ad663eaf,0,7717,15400,15.366,True,False,15.366,15.366,15.366
f3665752d81a9d6ade24,0,4497,4506,0.018000000000000002,False,False,0.018000000000000002,0.018000000000000002,0.018000000000000002
f3665752d81a9d6ade24,1,4507,6553,4.0920000000000005,False,False,4.0760000000000005,4.0760000000000005,3.31
f3665752d81a9d6ade24,2,6555,6567,0.024,False,False,0.024,0.024,0.024
f3665752d81a9d6ade24,3,6568,6573,0.01,False,False,0.01,0.01,0.01
f3665752d81a9d6ade24,4,6574,6582,0.016,False,False,0.016,0.016,0.016
f3665752d81a9d6ade24,5,6584,6593,0.018000000000000002,False,False,0.018000000000000002,0.018000000000000002,0.018000000000000002
f3665752d81a9d6ade24,6,6599,6602,0.006,False,False,0.006,0.006,0.006
f3665752d81a9d6ade24,7,6604,6607,0.006,False,False,0.006,0.006,0.006
f3665752d81a9d6ade24,8,6608,6609,0.002,False,False,0.002,0.002,0.002
f3665752d81a9d6ade24,9,6610,6612,0.004,False,False,0.004,0.004,0.004
f3665752d81a9d6ade24,10,6615,6618,0.006,False,False,0.006,0.006,0.006
f3665752d81a9d6ade24,11,6619,6620,0.002,False,False,0.002,0.002,0.002
f3665752d81a9d6ade24,12,6622,6625,0.006,False,False,0.006,0.006,0.006
f3665752d81a9d6ade24,13,6626,6628,0.004,False,False,0.004,0.004,0.004
f3665752d81a9d6ade24,14,6629,6633,0.008,False,False,0.008,0.008,0.008
f3665752d81a9d6ade24,15,6634,6648,0.028,False,False,0.028,0.028,0.028
f3665752d81a9d6ade24,16,6649,12732,12.166,False,False,12.166,12.166,12.166
f3665752d81a9d6ade24,17,12733,12737,0.008,False,False,0.008,0.008,0.008
f46f7f23049812420c9a,0,4925,4941,0.032,False,False,0.032,0.032,0.032
f46f7f23049812420c9a,1,4942,4953,0.022,False,False,0.022,0.022,0.022
f46f7f23049812420c9a,2,4956,4981,0.05,False,False,0.05,0.05,0.05
f46f7f23049812420c9a,3,4982,4999,0.034,False,False,0.034,0.034,0.034
f46f7f23049812420c9a,4,5000,5033,0.066,False,False,0.066,0.066,0.066
f46f7f23049812420c9a,5,5034,6637,3.206,False,False,3.206,3.206,3.206
f46f7f23049812420c9a,6,6638,6745,0.214,False,False,0.214,0.214,0.214
f46f7f23049812420c9a,7,6746,6803,0.114,False,False,0.114,0.114,0.114
f46f7f23049812420c9a,8,6804,7941,2.274,False,False,2.274,2.274,2.274
f46f7f23049812420c9a,9,7942,7947,0.01,False,False,0.01,0.01,0.01
f54a1b6dc8a608f985e9,0,3052,4637,3.17,False,False,3.158,3.158,3.08
f54a1b6dc8a608f985e9,1,7598,15400,15.604000000000001,True,False,15.604000000000001,15.604000000000001,15.604000000000001
f66a6d1410990e550bef,0,3046,9000,11.908,False,False,11.908,11.908,11.908
f6724807f0b5d9614218,0,13436,14631,2.39,False,False,2.39,2.39,2.39
f6d06e5d5e2e6d123a87,0,7830,11449,7.238,False,False,7.238,7.238,7.238
f6d06e5d5e2e6d123a87,1,11450,13718,4.5360000000000005,False,False,4.5360000000000005,4.5360000000000005,4.5360000000000005
f6d96eb710fb64f3daac,0,7765,15400,15.27,True,True,15.27,15.27,15.27
f91909f50687e23d1c52,0,7815,15400,15.17,True,False,15.17,15.17,15.17
fa69a0d4ecdafea16d9e,0,10957,14368,6.822,False,False,6.822,6.822,6.822
fbd132f4a2a4ef85086d,0,1341,6916,11.15,False,False,11.15,11.15,11.15
fc67ee7ecc981aed593a,0,3028,4295,2.5340000000000003,False,False,2.5340000000000003,2.5340000000000003,2.5340000000000003
fc67ee7ecc981aed593a,1,4297,4299,0.004,False,False,0.004,0.004,0.004
fc67ee7ecc981aed593a,2,4300,4304,0.008,False,False,0.002,0.002,0.002
fc67ee7ecc981aed593a,3,4308,4322,0.028,False,False,0.024,0.024,0.02
fc67ee7ecc981aed593a,4,4325,4327,0.004,False,False,0.0,0.0,0.0
fc67ee7ecc981aed593a,5,4774,4777,0.006,False,False,0.006,0.006,0.006
fc67ee7ecc981aed593a,6,4781,4782,0.002,False,False,0.002,0.002,0.002
fc67ee7ecc981aed593a,7,4792,4796,0.008,False,False,0.008,0.008,0.008
fc67ee7ecc981aed593a,8,4800,4802,0.004,False,False,0.004,0.004,0.004
fc67ee7ecc981aed593a,9,4805,4807,0.004,False,False,0.004,0.004,0.004
fc67ee7ecc981aed593a,10,4810,4812,0.004,False,False,0.004,0.004,0.004
fc67ee7ecc981aed593a,11,4816,4817,0.002,False,False,0.002,0.002,0.002
fc67ee7ecc981aed593a,12,4818,4819,0.002,False,False,0.002,0.002,0.002
fc67ee7ecc981aed593a,13,4822,4823,0.002,False,False,0.002,0.002,0.002
fc67ee7ecc981aed593a,14,4826,4828,0.004,False,False,0.004,0.004,0.004
fc67ee7ecc981aed593a,15,4836,4838,0.004,False,False,0.004,0.004,0.004
fc67ee7ecc981aed593a,16,4847,4848,0.002,False,False,0.002,0.002,0.002
fc67ee7ecc981aed593a,17,4854,4855,0.002,False,False,0.002,0.002,0.002
fc67ee7ecc981aed593a,18,7360,7363,0.006,False,False,0.006,0.006,0.006
fc67ee7ecc981aed593a,19,7366,7367,0.002,False,False,0.002,0.002,0.002
fc67ee7ecc981aed593a,20,7368,7369,0.002,False,False,0.002,0.002,0.002
fc67ee7ecc981aed593a,21,7371,7372,0.002,False,False,0.002,0.002,0.002
fc67ee7ecc981aed593a,22,7374,7376,0.004,False,False,0.004,0.004,0.004
fc67ee7ecc981aed593a,23,7380,7382,0.004,False,False,0.004,0.004,0.004
fc67ee7ecc981aed593a,24,7386,7388,0.004,False,False,0.004,0.004,0.004
fc67ee7ecc981aed593a,25,7391,7393,0.004,False,False,0.004,0.004,0.004
fc67ee7ecc981aed593a,26,7397,7399,0.004,False,False,0.004,0.004,0.004
fc67ee7ecc981aed593a,27,7403,7405,0.004,False,False,0.004,0.004,0.004
fc67ee7ecc981aed593a,28,7408,7409,0.002,False,False,0.002,0.002,0.002
fc67ee7ecc981aed593a,29,7410,7411,0.002,False,False,0.002,0.002,0.002
fc67ee7ecc981aed593a,30,7414,7416,0.004,False,False,0.004,0.004,0.004
fc67ee7ecc981aed593a,31,7421,7423,0.004,False,False,0.004,0.004,0.004
fc67ee7ecc981aed593a,32,7427,7429,0.004,False,False,0.004,0.004,0.004
fc67ee7ecc981aed593a,33,7435,7437,0.004,False,False,0.004,0.004,0.004
fc67ee7ecc981aed593a,34,7443,7444,0.002,False,False,0.002,0.002,0.002
fc67ee7ecc981aed593a,35,7446,7447,0.002,False,False,0.002,0.002,0.002
fc67ee7ecc981aed593a,36,7453,7454,0.002,False,False,0.002,0.002,0.002
fc67ee7ecc981aed593a,37,7458,7459,0.002,False,False,0.002,0.002,0.002
fc67ee7ecc981aed593a,38,7469,7470,0.002,False,False,0.002,0.002,0.002
fc884a3a2469d113fa22,0,4735,4755,0.04,False,False,0.038,0.038,0.034
fc884a3a2469d113fa22,1,4756,4792,0.07200000000000001,False,False,0.07,0.07,0.07
fc884a3a2469d113fa22,2,4795,4837,0.084,False,False,0.084,0.084,0.084
fc884a3a2469d113fa22,3,4838,4839,0.002,False,False,0.0,0.0,0.0
fc884a3a2469d113fa22,4,4841,4873,0.064,False,False,0.064,0.064,0.064
fc884a3a2469d113fa22,5,4874,4883,0.018000000000000002,False,False,0.018000000000000002,0.018000000000000002,0.018000000000000002
fc884a3a2469d113fa22,6,4884,4894,0.02,False,False,0.02,0.02,0.02
fc884a3a2469d113fa22,7,4895,4897,0.004,False,False,0.004,0.004,0.004
fc884a3a2469d113fa22,8,4899,4906,0.014,False,False,0.014,0.014,0.014
fc884a3a2469d113fa22,9,4914,4927,0.026000000000000002,False,False,0.026000000000000002,0.026000000000000002,0.026000000000000002
fc884a3a2469d113fa22,10,4931,4933,0.004,False,False,0.004,0.004,0.004
fc884a3a2469d113fa22,11,4938,4944,0.012,False,False,0.012,0.012,0.012
fc884a3a2469d113fa22,12,4946,4951,0.01,False,False,0.01,0.01,0.01
fc884a3a2469d113fa22,13,4952,4954,0.004,False,False,0.004,0.004,0.004
fc884a3a2469d113fa22,14,4957,4962,0.01,False,False,0.01,0.01,0.01
fc884a3a2469d113fa22,15,4964,4968,0.008,False,False,0.008,0.008,0.008
fc884a3a2469d113fa22,16,4971,4975,0.008,False,False,0.008,0.008,0.008
fc884a3a2469d113fa22,17,4978,4982,0.008,False,False,0.008,0.008,0.008
fc884a3a2469d113fa22,18,4985,4989,0.008,False,False,0.008,0.008,0.008
fc884a3a2469d113fa22,19,4992,4994,0.004,False,False,0.004,0.004,0.004
fc884a3a2469d113fa22,20,4996,4998,0.004,False,False,0.004,0.004,0.004
fc884a3a2469d113fa22,21,4999,5000,0.002,False,False,0.002,0.002,0.002
fc884a3a2469d113fa22,22,5003,5005,0.004,False,False,0.004,0.004,0.004
fc884a3a2469d113fa22,23,5006,5007,0.002,False,False,0.002,0.002,0.002
fc884a3a2469d113fa22,24,5009,5011,0.004,False,False,0.004,0.004,0.004
fc884a3a2469d113fa22,25,5013,5014,0.002,False,False,0.002,0.002,0.002
fc884a3a2469d113fa22,26,5023,5026,0.006,False,False,0.006,0.006,0.006
fc884a3a2469d113fa22,27,5059,5078,0.038,False,False,0.038,0.038,0.038
fc884a3a2469d113fa22,28,5080,6712,3.2640000000000002,False,False,3.2640000000000002,3.2640000000000002,3.2640000000000002
fc884a3a2469d113fa22,29,6713,6802,0.178,False,False,0.178,0.178,0.178
fc884a3a2469d113fa22,30,6804,6813,0.018000000000000002,False,False,0.018000000000000002,0.018000000000000002,0.018000000000000002
fc884a3a2469d113fa22,31,6814,10071,6.514,False,False,6.514,6.514,6.514
fc884a3a2469d113fa22,32,10072,10076,0.008,False,False,0.008,0.008,0.008
fd64dc32253fcf3bb0ab,0,1026,9000,15.948,True,True,15.948,15.948,15.948
fd716a8746b691ef5792,0,3416,3551,0.27,False,False,0.27,0.27,0.27
fd716a8746b691ef5792,1,11607,15200,7.186,False,False,7.186,7.186,7.186
feb0d2cc45bc104c9e6b,0,3373,3803,0.86,False,True,0.8300000000000001,0.8300000000000001,0.312
feb0d2cc45bc104c9e6b,1,5332,15200,19.736,True,True,19.25,19.25,15.132
ff59f48992c9d06b4398,0,7181,15200,16.038,True,True,16.038,16.038,16.038
