case_id,low,high,method,verdict,reference,validity
final_control_000,1e-06,0.0001,B5,PASS,PASS,VALID
final_control_000,1e-06,0.0001,B4,PASS,PASS,VALID
final_control_000,1e-06,0.0001,A_no_geometry,PASS,PASS,VALID
final_control_000,1e-06,0.0001,A_no_torque,PASS,PASS,VALID
final_control_000,1e-06,0.0001,A_binary_unknown_fail,PASS,PASS,VALID
final_control_000,1e-06,0.0001,A_accumulated,PASS,PASS,VALID
final_control_000,1e-06,0.0001,A_net_aggregation,PASS,PASS,VALID
final_control_000,1e-06,0.0001,B0,PASS,PASS,VALID
final_control_000,1e-06,0.0001,B1,PASS,PASS,VALID
final_control_000,1e-06,0.0001,B2,PASS,PASS,VALID
final_control_000,1e-06,0.0001,B3,PASS,PASS,VALID
final_control_000,1e-06,0.0001,B4_normal,PASS,PASS,VALID
final_control_000,1e-05,0.001,B5,PASS,PASS,VALID
final_control_000,1e-05,0.001,B4,PASS,PASS,VALID
final_control_000,1e-05,0.001,A_no_geometry,PASS,PASS,VALID
final_control_000,1e-05,0.001,A_no_torque,PASS,PASS,VALID
final_control_000,1e-05,0.001,A_binary_unknown_fail,PASS,PASS,VALID
final_control_000,1e-05,0.001,A_accumulated,PASS,PASS,VALID
final_control_000,1e-05,0.001,A_net_aggregation,PASS,PASS,VALID
final_control_000,1e-05,0.001,B0,PASS,PASS,VALID
final_control_000,1e-05,0.001,B1,PASS,PASS,VALID
final_control_000,1e-05,0.001,B2,PASS,PASS,VALID
final_control_000,1e-05,0.001,B3,PASS,PASS,VALID
final_control_000,1e-05,0.001,B4_normal,PASS,PASS,VALID
final_control_000,0.0001,0.01,B5,PASS,PASS,VALID
final_control_000,0.0001,0.01,B4,PASS,PASS,VALID
final_control_000,0.0001,0.01,A_no_geometry,PASS,PASS,VALID
final_control_000,0.0001,0.01,A_no_torque,PASS,PASS,VALID
final_control_000,0.0001,0.01,A_binary_unknown_fail,PASS,PASS,VALID
final_control_000,0.0001,0.01,A_accumulated,PASS,PASS,VALID
final_control_000,0.0001,0.01,A_net_aggregation,PASS,PASS,VALID
final_control_000,0.0001,0.01,B0,PASS,PASS,VALID
final_control_000,0.0001,0.01,B1,PASS,PASS,VALID
final_control_000,0.0001,0.01,B2,PASS,PASS,VALID
final_control_000,0.0001,0.01,B3,PASS,PASS,VALID
final_control_000,0.0001,0.01,B4_normal,PASS,PASS,VALID
final_control_000,0.001,0.1,B5,PASS,PASS,VALID
final_control_000,0.001,0.1,B4,PASS,PASS,VALID
final_control_000,0.001,0.1,A_no_geometry,PASS,PASS,VALID
final_control_000,0.001,0.1,A_no_torque,PASS,PASS,VALID
final_control_000,0.001,0.1,A_binary_unknown_fail,PASS,PASS,VALID
final_control_000,0.001,0.1,A_accumulated,PASS,PASS,VALID
final_control_000,0.001,0.1,A_net_aggregation,PASS,PASS,VALID
final_control_000,0.001,0.1,B0,PASS,PASS,VALID
final_control_000,0.001,0.1,B1,PASS,PASS,VALID
final_control_000,0.001,0.1,B2,PASS,PASS,VALID
final_control_000,0.001,0.1,B3,PASS,PASS,VALID
final_control_000,0.001,0.1,B4_normal,PASS,PASS,VALID
final_control_000,0.01,1.0,B5,PASS,PASS,VALID
final_control_000,0.01,1.0,B4,PASS,PASS,VALID
final_control_000,0.01,1.0,A_no_geometry,PASS,PASS,VALID
final_control_000,0.01,1.0,A_no_torque,PASS,PASS,VALID
final_control_000,0.01,1.0,A_binary_unknown_fail,PASS,PASS,VALID
final_control_000,0.01,1.0,A_accumulated,PASS,PASS,VALID
final_control_000,0.01,1.0,A_net_aggregation,PASS,PASS,VALID
final_control_000,0.01,1.0,B0,PASS,PASS,VALID
final_control_000,0.01,1.0,B1,PASS,PASS,VALID
final_control_000,0.01,1.0,B2,PASS,PASS,VALID
final_control_000,0.01,1.0,B3,PASS,PASS,VALID
final_control_000,0.01,1.0,B4_normal,PASS,PASS,VALID
final_control_001,1e-06,0.0001,B5,PASS,PASS,VALID
final_control_001,1e-06,0.0001,B4,PASS,PASS,VALID
final_control_001,1e-06,0.0001,A_no_geometry,PASS,PASS,VALID
final_control_001,1e-06,0.0001,A_no_torque,PASS,PASS,VALID
final_control_001,1e-06,0.0001,A_binary_unknown_fail,PASS,PASS,VALID
final_control_001,1e-06,0.0001,A_accumulated,PASS,PASS,VALID
final_control_001,1e-06,0.0001,A_net_aggregation,PASS,PASS,VALID
final_control_001,1e-06,0.0001,B0,PASS,PASS,VALID
final_control_001,1e-06,0.0001,B1,PASS,PASS,VALID
final_control_001,1e-06,0.0001,B2,FAIL,PASS,VALID
final_control_001,1e-06,0.0001,B3,PASS,PASS,VALID
final_control_001,1e-06,0.0001,B4_normal,PASS,PASS,VALID
final_control_001,1e-05,0.001,B5,PASS,PASS,VALID
final_control_001,1e-05,0.001,B4,PASS,PASS,VALID
final_control_001,1e-05,0.001,A_no_geometry,PASS,PASS,VALID
final_control_001,1e-05,0.001,A_no_torque,PASS,PASS,VALID
final_control_001,1e-05,0.001,A_binary_unknown_fail,PASS,PASS,VALID
final_control_001,1e-05,0.001,A_accumulated,PASS,PASS,VALID
final_control_001,1e-05,0.001,A_net_aggregation,PASS,PASS,VALID
final_control_001,1e-05,0.001,B0,PASS,PASS,VALID
final_control_001,1e-05,0.001,B1,PASS,PASS,VALID
final_control_001,1e-05,0.001,B2,FAIL,PASS,VALID
final_control_001,1e-05,0.001,B3,PASS,PASS,VALID
final_control_001,1e-05,0.001,B4_normal,PASS,PASS,VALID
final_control_001,0.0001,0.01,B5,PASS,PASS,VALID
final_control_001,0.0001,0.01,B4,PASS,PASS,VALID
final_control_001,0.0001,0.01,A_no_geometry,PASS,PASS,VALID
final_control_001,0.0001,0.01,A_no_torque,PASS,PASS,VALID
final_control_001,0.0001,0.01,A_binary_unknown_fail,PASS,PASS,VALID
final_control_001,0.0001,0.01,A_accumulated,PASS,PASS,VALID
final_control_001,0.0001,0.01,A_net_aggregation,PASS,PASS,VALID
final_control_001,0.0001,0.01,B0,PASS,PASS,VALID
final_control_001,0.0001,0.01,B1,PASS,PASS,VALID
final_control_001,0.0001,0.01,B2,FAIL,PASS,VALID
final_control_001,0.0001,0.01,B3,PASS,PASS,VALID
final_control_001,0.0001,0.01,B4_normal,PASS,PASS,VALID
final_control_001,0.001,0.1,B5,PASS,PASS,VALID
final_control_001,0.001,0.1,B4,PASS,PASS,VALID
final_control_001,0.001,0.1,A_no_geometry,PASS,PASS,VALID
final_control_001,0.001,0.1,A_no_torque,PASS,PASS,VALID
final_control_001,0.001,0.1,A_binary_unknown_fail,PASS,PASS,VALID
final_control_001,0.001,0.1,A_accumulated,PASS,PASS,VALID
final_control_001,0.001,0.1,A_net_aggregation,PASS,PASS,VALID
final_control_001,0.001,0.1,B0,PASS,PASS,VALID
final_control_001,0.001,0.1,B1,PASS,PASS,VALID
final_control_001,0.001,0.1,B2,FAIL,PASS,VALID
final_control_001,0.001,0.1,B3,PASS,PASS,VALID
final_control_001,0.001,0.1,B4_normal,PASS,PASS,VALID
final_control_001,0.01,1.0,B5,PASS,PASS,VALID
final_control_001,0.01,1.0,B4,PASS,PASS,VALID
final_control_001,0.01,1.0,A_no_geometry,PASS,PASS,VALID
final_control_001,0.01,1.0,A_no_torque,PASS,PASS,VALID
final_control_001,0.01,1.0,A_binary_unknown_fail,PASS,PASS,VALID
final_control_001,0.01,1.0,A_accumulated,PASS,PASS,VALID
final_control_001,0.01,1.0,A_net_aggregation,PASS,PASS,VALID
final_control_001,0.01,1.0,B0,PASS,PASS,VALID
final_control_001,0.01,1.0,B1,PASS,PASS,VALID
final_control_001,0.01,1.0,B2,FAIL,PASS,VALID
final_control_001,0.01,1.0,B3,PASS,PASS,VALID
final_control_001,0.01,1.0,B4_normal,PASS,PASS,VALID
final_control_002,1e-06,0.0001,B5,FAIL,FAIL,VALID
final_control_002,1e-06,0.0001,B4,FAIL,FAIL,VALID
final_control_002,1e-06,0.0001,A_no_geometry,FAIL,FAIL,VALID
final_control_002,1e-06,0.0001,A_no_torque,FAIL,FAIL,VALID
final_control_002,1e-06,0.0001,A_binary_unknown_fail,FAIL,FAIL,VALID
final_control_002,1e-06,0.0001,A_accumulated,FAIL,FAIL,VALID
final_control_002,1e-06,0.0001,A_net_aggregation,FAIL,FAIL,VALID
final_control_002,1e-06,0.0001,B0,PASS,FAIL,VALID
final_control_002,1e-06,0.0001,B1,PASS,FAIL,VALID
final_control_002,1e-06,0.0001,B2,FAIL,FAIL,VALID
final_control_002,1e-06,0.0001,B3,FAIL,FAIL,VALID
final_control_002,1e-06,0.0001,B4_normal,FAIL,FAIL,VALID
final_control_002,1e-05,0.001,B5,FAIL,FAIL,VALID
final_control_002,1e-05,0.001,B4,FAIL,FAIL,VALID
final_control_002,1e-05,0.001,A_no_geometry,FAIL,FAIL,VALID
final_control_002,1e-05,0.001,A_no_torque,FAIL,FAIL,VALID
final_control_002,1e-05,0.001,A_binary_unknown_fail,FAIL,FAIL,VALID
final_control_002,1e-05,0.001,A_accumulated,FAIL,FAIL,VALID
final_control_002,1e-05,0.001,A_net_aggregation,FAIL,FAIL,VALID
final_control_002,1e-05,0.001,B0,PASS,FAIL,VALID
final_control_002,1e-05,0.001,B1,PASS,FAIL,VALID
final_control_002,1e-05,0.001,B2,FAIL,FAIL,VALID
final_control_002,1e-05,0.001,B3,FAIL,FAIL,VALID
final_control_002,1e-05,0.001,B4_normal,FAIL,FAIL,VALID
final_control_002,0.0001,0.01,B5,FAIL,FAIL,VALID
final_control_002,0.0001,0.01,B4,FAIL,FAIL,VALID
final_control_002,0.0001,0.01,A_no_geometry,FAIL,FAIL,VALID
final_control_002,0.0001,0.01,A_no_torque,FAIL,FAIL,VALID
final_control_002,0.0001,0.01,A_binary_unknown_fail,FAIL,FAIL,VALID
final_control_002,0.0001,0.01,A_accumulated,FAIL,FAIL,VALID
final_control_002,0.0001,0.01,A_net_aggregation,FAIL,FAIL,VALID
final_control_002,0.0001,0.01,B0,PASS,FAIL,VALID
final_control_002,0.0001,0.01,B1,PASS,FAIL,VALID
final_control_002,0.0001,0.01,B2,FAIL,FAIL,VALID
final_control_002,0.0001,0.01,B3,FAIL,FAIL,VALID
final_control_002,0.0001,0.01,B4_normal,FAIL,FAIL,VALID
final_control_002,0.001,0.1,B5,FAIL,FAIL,VALID
final_control_002,0.001,0.1,B4,FAIL,FAIL,VALID
final_control_002,0.001,0.1,A_no_geometry,FAIL,FAIL,VALID
final_control_002,0.001,0.1,A_no_torque,FAIL,FAIL,VALID
final_control_002,0.001,0.1,A_binary_unknown_fail,FAIL,FAIL,VALID
final_control_002,0.001,0.1,A_accumulated,FAIL,FAIL,VALID
final_control_002,0.001,0.1,A_net_aggregation,FAIL,FAIL,VALID
final_control_002,0.001,0.1,B0,PASS,FAIL,VALID
final_control_002,0.001,0.1,B1,PASS,FAIL,VALID
final_control_002,0.001,0.1,B2,FAIL,FAIL,VALID
final_control_002,0.001,0.1,B3,FAIL,FAIL,VALID
final_control_002,0.001,0.1,B4_normal,FAIL,FAIL,VALID
final_control_002,0.01,1.0,B5,FAIL,FAIL,VALID
final_control_002,0.01,1.0,B4,FAIL,FAIL,VALID
final_control_002,0.01,1.0,A_no_geometry,FAIL,FAIL,VALID
final_control_002,0.01,1.0,A_no_torque,FAIL,FAIL,VALID
final_control_002,0.01,1.0,A_binary_unknown_fail,FAIL,FAIL,VALID
final_control_002,0.01,1.0,A_accumulated,FAIL,FAIL,VALID
final_control_002,0.01,1.0,A_net_aggregation,FAIL,FAIL,VALID
final_control_002,0.01,1.0,B0,PASS,FAIL,VALID
final_control_002,0.01,1.0,B1,PASS,FAIL,VALID
final_control_002,0.01,1.0,B2,FAIL,FAIL,VALID
final_control_002,0.01,1.0,B3,FAIL,FAIL,VALID
final_control_002,0.01,1.0,B4_normal,FAIL,FAIL,VALID
final_control_003,1e-06,0.0001,B5,FAIL,FAIL,VALID
final_control_003,1e-06,0.0001,B4,FAIL,FAIL,VALID
final_control_003,1e-06,0.0001,A_no_geometry,FAIL,FAIL,VALID
final_control_003,1e-06,0.0001,A_no_torque,FAIL,FAIL,VALID
final_control_003,1e-06,0.0001,A_binary_unknown_fail,FAIL,FAIL,VALID
final_control_003,1e-06,0.0001,A_accumulated,FAIL,FAIL,VALID
final_control_003,1e-06,0.0001,A_net_aggregation,FAIL,FAIL,VALID
final_control_003,1e-06,0.0001,B0,PASS,FAIL,VALID
final_control_003,1e-06,0.0001,B1,PASS,FAIL,VALID
final_control_003,1e-06,0.0001,B2,FAIL,FAIL,VALID
final_control_003,1e-06,0.0001,B3,FAIL,FAIL,VALID
final_control_003,1e-06,0.0001,B4_normal,FAIL,FAIL,VALID
final_control_003,1e-05,0.001,B5,FAIL,FAIL,VALID
final_control_003,1e-05,0.001,B4,FAIL,FAIL,VALID
final_control_003,1e-05,0.001,A_no_geometry,FAIL,FAIL,VALID
final_control_003,1e-05,0.001,A_no_torque,FAIL,FAIL,VALID
final_control_003,1e-05,0.001,A_binary_unknown_fail,FAIL,FAIL,VALID
final_control_003,1e-05,0.001,A_accumulated,FAIL,FAIL,VALID
final_control_003,1e-05,0.001,A_net_aggregation,FAIL,FAIL,VALID
final_control_003,1e-05,0.001,B0,PASS,FAIL,VALID
final_control_003,1e-05,0.001,B1,PASS,FAIL,VALID
final_control_003,1e-05,0.001,B2,FAIL,FAIL,VALID
final_control_003,1e-05,0.001,B3,FAIL,FAIL,VALID
final_control_003,1e-05,0.001,B4_normal,FAIL,FAIL,VALID
final_control_003,0.0001,0.01,B5,FAIL,FAIL,VALID
final_control_003,0.0001,0.01,B4,FAIL,FAIL,VALID
final_control_003,0.0001,0.01,A_no_geometry,FAIL,FAIL,VALID
final_control_003,0.0001,0.01,A_no_torque,FAIL,FAIL,VALID
final_control_003,0.0001,0.01,A_binary_unknown_fail,FAIL,FAIL,VALID
final_control_003,0.0001,0.01,A_accumulated,FAIL,FAIL,VALID
final_control_003,0.0001,0.01,A_net_aggregation,FAIL,FAIL,VALID
final_control_003,0.0001,0.01,B0,PASS,FAIL,VALID
final_control_003,0.0001,0.01,B1,PASS,FAIL,VALID
final_control_003,0.0001,0.01,B2,FAIL,FAIL,VALID
final_control_003,0.0001,0.01,B3,FAIL,FAIL,VALID
final_control_003,0.0001,0.01,B4_normal,FAIL,FAIL,VALID
final_control_003,0.001,0.1,B5,FAIL,FAIL,VALID
final_control_003,0.001,0.1,B4,FAIL,FAIL,VALID
final_control_003,0.001,0.1,A_no_geometry,FAIL,FAIL,VALID
final_control_003,0.001,0.1,A_no_torque,FAIL,FAIL,VALID
final_control_003,0.001,0.1,A_binary_unknown_fail,FAIL,FAIL,VALID
final_control_003,0.001,0.1,A_accumulated,FAIL,FAIL,VALID
final_control_003,0.001,0.1,A_net_aggregation,FAIL,FAIL,VALID
final_control_003,0.001,0.1,B0,PASS,FAIL,VALID
final_control_003,0.001,0.1,B1,PASS,FAIL,VALID
final_control_003,0.001,0.1,B2,FAIL,FAIL,VALID
final_control_003,0.001,0.1,B3,FAIL,FAIL,VALID
final_control_003,0.001,0.1,B4_normal,FAIL,FAIL,VALID
final_control_003,0.01,1.0,B5,FAIL,FAIL,VALID
final_control_003,0.01,1.0,B4,FAIL,FAIL,VALID
final_control_003,0.01,1.0,A_no_geometry,FAIL,FAIL,VALID
final_control_003,0.01,1.0,A_no_torque,FAIL,FAIL,VALID
final_control_003,0.01,1.0,A_binary_unknown_fail,FAIL,FAIL,VALID
final_control_003,0.01,1.0,A_accumulated,FAIL,FAIL,VALID
final_control_003,0.01,1.0,A_net_aggregation,FAIL,FAIL,VALID
final_control_003,0.01,1.0,B0,PASS,FAIL,VALID
final_control_003,0.01,1.0,B1,PASS,FAIL,VALID
final_control_003,0.01,1.0,B2,FAIL,FAIL,VALID
final_control_003,0.01,1.0,B3,FAIL,FAIL,VALID
final_control_003,0.01,1.0,B4_normal,FAIL,FAIL,VALID
final_control_004,1e-06,0.0001,B5,FAIL,FAIL,VALID
final_control_004,1e-06,0.0001,B4,FAIL,FAIL,VALID
final_control_004,1e-06,0.0001,A_no_geometry,FAIL,FAIL,VALID
final_control_004,1e-06,0.0001,A_no_torque,FAIL,FAIL,VALID
final_control_004,1e-06,0.0001,A_binary_unknown_fail,FAIL,FAIL,VALID
final_control_004,1e-06,0.0001,A_accumulated,FAIL,FAIL,VALID
final_control_004,1e-06,0.0001,A_net_aggregation,FAIL,FAIL,VALID
final_control_004,1e-06,0.0001,B0,PASS,FAIL,VALID
final_control_004,1e-06,0.0001,B1,PASS,FAIL,VALID
final_control_004,1e-06,0.0001,B2,FAIL,FAIL,VALID
final_control_004,1e-06,0.0001,B3,FAIL,FAIL,VALID
final_control_004,1e-06,0.0001,B4_normal,FAIL,FAIL,VALID
final_control_004,1e-05,0.001,B5,FAIL,FAIL,VALID
final_control_004,1e-05,0.001,B4,FAIL,FAIL,VALID
final_control_004,1e-05,0.001,A_no_geometry,FAIL,FAIL,VALID
final_control_004,1e-05,0.001,A_no_torque,FAIL,FAIL,VALID
final_control_004,1e-05,0.001,A_binary_unknown_fail,FAIL,FAIL,VALID
final_control_004,1e-05,0.001,A_accumulated,FAIL,FAIL,VALID
final_control_004,1e-05,0.001,A_net_aggregation,FAIL,FAIL,VALID
final_control_004,1e-05,0.001,B0,PASS,FAIL,VALID
final_control_004,1e-05,0.001,B1,PASS,FAIL,VALID
final_control_004,1e-05,0.001,B2,FAIL,FAIL,VALID
final_control_004,1e-05,0.001,B3,FAIL,FAIL,VALID
final_control_004,1e-05,0.001,B4_normal,FAIL,FAIL,VALID
final_control_004,0.0001,0.01,B5,FAIL,FAIL,VALID
final_control_004,0.0001,0.01,B4,FAIL,FAIL,VALID
final_control_004,0.0001,0.01,A_no_geometry,FAIL,FAIL,VALID
final_control_004,0.0001,0.01,A_no_torque,FAIL,FAIL,VALID
final_control_004,0.0001,0.01,A_binary_unknown_fail,FAIL,FAIL,VALID
final_control_004,0.0001,0.01,A_accumulated,FAIL,FAIL,VALID
final_control_004,0.0001,0.01,A_net_aggregation,FAIL,FAIL,VALID
final_control_004,0.0001,0.01,B0,PASS,FAIL,VALID
final_control_004,0.0001,0.01,B1,PASS,FAIL,VALID
final_control_004,0.0001,0.01,B2,FAIL,FAIL,VALID
final_control_004,0.0001,0.01,B3,FAIL,FAIL,VALID
final_control_004,0.0001,0.01,B4_normal,FAIL,FAIL,VALID
final_control_004,0.001,0.1,B5,FAIL,FAIL,VALID
final_control_004,0.001,0.1,B4,FAIL,FAIL,VALID
final_control_004,0.001,0.1,A_no_geometry,FAIL,FAIL,VALID
final_control_004,0.001,0.1,A_no_torque,FAIL,FAIL,VALID
final_control_004,0.001,0.1,A_binary_unknown_fail,FAIL,FAIL,VALID
final_control_004,0.001,0.1,A_accumulated,FAIL,FAIL,VALID
final_control_004,0.001,0.1,A_net_aggregation,FAIL,FAIL,VALID
final_control_004,0.001,0.1,B0,PASS,FAIL,VALID
final_control_004,0.001,0.1,B1,PASS,FAIL,VALID
final_control_004,0.001,0.1,B2,FAIL,FAIL,VALID
final_control_004,0.001,0.1,B3,FAIL,FAIL,VALID
final_control_004,0.001,0.1,B4_normal,FAIL,FAIL,VALID
final_control_004,0.01,1.0,B5,FAIL,FAIL,VALID
final_control_004,0.01,1.0,B4,FAIL,FAIL,VALID
final_control_004,0.01,1.0,A_no_geometry,FAIL,FAIL,VALID
final_control_004,0.01,1.0,A_no_torque,FAIL,FAIL,VALID
final_control_004,0.01,1.0,A_binary_unknown_fail,FAIL,FAIL,VALID
final_control_004,0.01,1.0,A_accumulated,FAIL,FAIL,VALID
final_control_004,0.01,1.0,A_net_aggregation,INDETERMINATE,FAIL,VALID
final_control_004,0.01,1.0,B0,PASS,FAIL,VALID
final_control_004,0.01,1.0,B1,PASS,FAIL,VALID
final_control_004,0.01,1.0,B2,FAIL,FAIL,VALID
final_control_004,0.01,1.0,B3,FAIL,FAIL,VALID
final_control_004,0.01,1.0,B4_normal,FAIL,FAIL,VALID
final_control_005,1e-06,0.0001,B5,FAIL,FAIL,VALID
final_control_005,1e-06,0.0001,B4,FAIL,FAIL,VALID
final_control_005,1e-06,0.0001,A_no_geometry,FAIL,FAIL,VALID
final_control_005,1e-06,0.0001,A_no_torque,FAIL,FAIL,VALID
final_control_005,1e-06,0.0001,A_binary_unknown_fail,FAIL,FAIL,VALID
final_control_005,1e-06,0.0001,A_accumulated,FAIL,FAIL,VALID
final_control_005,1e-06,0.0001,A_net_aggregation,FAIL,FAIL,VALID
final_control_005,1e-06,0.0001,B0,PASS,FAIL,VALID
final_control_005,1e-06,0.0001,B1,PASS,FAIL,VALID
final_control_005,1e-06,0.0001,B2,FAIL,FAIL,VALID
final_control_005,1e-06,0.0001,B3,FAIL,FAIL,VALID
final_control_005,1e-06,0.0001,B4_normal,FAIL,FAIL,VALID
final_control_005,1e-05,0.001,B5,FAIL,FAIL,VALID
final_control_005,1e-05,0.001,B4,FAIL,FAIL,VALID
final_control_005,1e-05,0.001,A_no_geometry,FAIL,FAIL,VALID
final_control_005,1e-05,0.001,A_no_torque,FAIL,FAIL,VALID
final_control_005,1e-05,0.001,A_binary_unknown_fail,FAIL,FAIL,VALID
final_control_005,1e-05,0.001,A_accumulated,FAIL,FAIL,VALID
final_control_005,1e-05,0.001,A_net_aggregation,FAIL,FAIL,VALID
final_control_005,1e-05,0.001,B0,PASS,FAIL,VALID
final_control_005,1e-05,0.001,B1,PASS,FAIL,VALID
final_control_005,1e-05,0.001,B2,FAIL,FAIL,VALID
final_control_005,1e-05,0.001,B3,FAIL,FAIL,VALID
final_control_005,1e-05,0.001,B4_normal,FAIL,FAIL,VALID
final_control_005,0.0001,0.01,B5,FAIL,FAIL,VALID
final_control_005,0.0001,0.01,B4,FAIL,FAIL,VALID
final_control_005,0.0001,0.01,A_no_geometry,FAIL,FAIL,VALID
final_control_005,0.0001,0.01,A_no_torque,FAIL,FAIL,VALID
final_control_005,0.0001,0.01,A_binary_unknown_fail,FAIL,FAIL,VALID
final_control_005,0.0001,0.01,A_accumulated,FAIL,FAIL,VALID
final_control_005,0.0001,0.01,A_net_aggregation,FAIL,FAIL,VALID
final_control_005,0.0001,0.01,B0,PASS,FAIL,VALID
final_control_005,0.0001,0.01,B1,PASS,FAIL,VALID
final_control_005,0.0001,0.01,B2,FAIL,FAIL,VALID
final_control_005,0.0001,0.01,B3,FAIL,FAIL,VALID
final_control_005,0.0001,0.01,B4_normal,FAIL,FAIL,VALID
final_control_005,0.001,0.1,B5,FAIL,FAIL,VALID
final_control_005,0.001,0.1,B4,FAIL,FAIL,VALID
final_control_005,0.001,0.1,A_no_geometry,FAIL,FAIL,VALID
final_control_005,0.001,0.1,A_no_torque,FAIL,FAIL,VALID
final_control_005,0.001,0.1,A_binary_unknown_fail,FAIL,FAIL,VALID
final_control_005,0.001,0.1,A_accumulated,FAIL,FAIL,VALID
final_control_005,0.001,0.1,A_net_aggregation,FAIL,FAIL,VALID
final_control_005,0.001,0.1,B0,PASS,FAIL,VALID
final_control_005,0.001,0.1,B1,PASS,FAIL,VALID
final_control_005,0.001,0.1,B2,FAIL,FAIL,VALID
final_control_005,0.001,0.1,B3,FAIL,FAIL,VALID
final_control_005,0.001,0.1,B4_normal,FAIL,FAIL,VALID
final_control_005,0.01,1.0,B5,FAIL,FAIL,VALID
final_control_005,0.01,1.0,B4,FAIL,FAIL,VALID
final_control_005,0.01,1.0,A_no_geometry,FAIL,FAIL,VALID
final_control_005,0.01,1.0,A_no_torque,FAIL,FAIL,VALID
final_control_005,0.01,1.0,A_binary_unknown_fail,FAIL,FAIL,VALID
final_control_005,0.01,1.0,A_accumulated,FAIL,FAIL,VALID
final_control_005,0.01,1.0,A_net_aggregation,FAIL,FAIL,VALID
final_control_005,0.01,1.0,B0,PASS,FAIL,VALID
final_control_005,0.01,1.0,B1,PASS,FAIL,VALID
final_control_005,0.01,1.0,B2,FAIL,FAIL,VALID
final_control_005,0.01,1.0,B3,FAIL,FAIL,VALID
final_control_005,0.01,1.0,B4_normal,FAIL,FAIL,VALID
final_control_006,1e-06,0.0001,B5,FAIL,FAIL,VALID
final_control_006,1e-06,0.0001,B4,FAIL,FAIL,VALID
final_control_006,1e-06,0.0001,A_no_geometry,FAIL,FAIL,VALID
final_control_006,1e-06,0.0001,A_no_torque,FAIL,FAIL,VALID
final_control_006,1e-06,0.0001,A_binary_unknown_fail,FAIL,FAIL,VALID
final_control_006,1e-06,0.0001,A_accumulated,FAIL,FAIL,VALID
final_control_006,1e-06,0.0001,A_net_aggregation,FAIL,FAIL,VALID
final_control_006,1e-06,0.0001,B0,FAIL,FAIL,VALID
final_control_006,1e-06,0.0001,B1,FAIL,FAIL,VALID
final_control_006,1e-06,0.0001,B2,FAIL,FAIL,VALID
final_control_006,1e-06,0.0001,B3,FAIL,FAIL,VALID
final_control_006,1e-06,0.0001,B4_normal,FAIL,FAIL,VALID
final_control_006,1e-05,0.001,B5,FAIL,FAIL,VALID
final_control_006,1e-05,0.001,B4,FAIL,FAIL,VALID
final_control_006,1e-05,0.001,A_no_geometry,FAIL,FAIL,VALID
final_control_006,1e-05,0.001,A_no_torque,FAIL,FAIL,VALID
final_control_006,1e-05,0.001,A_binary_unknown_fail,FAIL,FAIL,VALID
final_control_006,1e-05,0.001,A_accumulated,FAIL,FAIL,VALID
final_control_006,1e-05,0.001,A_net_aggregation,FAIL,FAIL,VALID
final_control_006,1e-05,0.001,B0,FAIL,FAIL,VALID
final_control_006,1e-05,0.001,B1,FAIL,FAIL,VALID
final_control_006,1e-05,0.001,B2,FAIL,FAIL,VALID
final_control_006,1e-05,0.001,B3,FAIL,FAIL,VALID
final_control_006,1e-05,0.001,B4_normal,FAIL,FAIL,VALID
final_control_006,0.0001,0.01,B5,FAIL,FAIL,VALID
final_control_006,0.0001,0.01,B4,FAIL,FAIL,VALID
final_control_006,0.0001,0.01,A_no_geometry,FAIL,FAIL,VALID
final_control_006,0.0001,0.01,A_no_torque,FAIL,FAIL,VALID
final_control_006,0.0001,0.01,A_binary_unknown_fail,FAIL,FAIL,VALID
final_control_006,0.0001,0.01,A_accumulated,FAIL,FAIL,VALID
final_control_006,0.0001,0.01,A_net_aggregation,FAIL,FAIL,VALID
final_control_006,0.0001,0.01,B0,FAIL,FAIL,VALID
final_control_006,0.0001,0.01,B1,FAIL,FAIL,VALID
final_control_006,0.0001,0.01,B2,FAIL,FAIL,VALID
final_control_006,0.0001,0.01,B3,FAIL,FAIL,VALID
final_control_006,0.0001,0.01,B4_normal,FAIL,FAIL,VALID
final_control_006,0.001,0.1,B5,FAIL,FAIL,VALID
final_control_006,0.001,0.1,B4,FAIL,FAIL,VALID
final_control_006,0.001,0.1,A_no_geometry,FAIL,FAIL,VALID
final_control_006,0.001,0.1,A_no_torque,FAIL,FAIL,VALID
final_control_006,0.001,0.1,A_binary_unknown_fail,FAIL,FAIL,VALID
final_control_006,0.001,0.1,A_accumulated,FAIL,FAIL,VALID
final_control_006,0.001,0.1,A_net_aggregation,FAIL,FAIL,VALID
final_control_006,0.001,0.1,B0,FAIL,FAIL,VALID
final_control_006,0.001,0.1,B1,FAIL,FAIL,VALID
final_control_006,0.001,0.1,B2,FAIL,FAIL,VALID
final_control_006,0.001,0.1,B3,FAIL,FAIL,VALID
final_control_006,0.001,0.1,B4_normal,FAIL,FAIL,VALID
final_control_006,0.01,1.0,B5,FAIL,FAIL,VALID
final_control_006,0.01,1.0,B4,FAIL,FAIL,VALID
final_control_006,0.01,1.0,A_no_geometry,FAIL,FAIL,VALID
final_control_006,0.01,1.0,A_no_torque,FAIL,FAIL,VALID
final_control_006,0.01,1.0,A_binary_unknown_fail,FAIL,FAIL,VALID
final_control_006,0.01,1.0,A_accumulated,FAIL,FAIL,VALID
final_control_006,0.01,1.0,A_net_aggregation,FAIL,FAIL,VALID
final_control_006,0.01,1.0,B0,FAIL,FAIL,VALID
final_control_006,0.01,1.0,B1,FAIL,FAIL,VALID
final_control_006,0.01,1.0,B2,FAIL,FAIL,VALID
final_control_006,0.01,1.0,B3,FAIL,FAIL,VALID
final_control_006,0.01,1.0,B4_normal,FAIL,FAIL,VALID
final_control_007,1e-06,0.0001,B5,PASS,PASS,VALID
final_control_007,1e-06,0.0001,B4,PASS,PASS,VALID
final_control_007,1e-06,0.0001,A_no_geometry,PASS,PASS,VALID
final_control_007,1e-06,0.0001,A_no_torque,PASS,PASS,VALID
final_control_007,1e-06,0.0001,A_binary_unknown_fail,PASS,PASS,VALID
final_control_007,1e-06,0.0001,A_accumulated,PASS,PASS,VALID
final_control_007,1e-06,0.0001,A_net_aggregation,PASS,PASS,VALID
final_control_007,1e-06,0.0001,B0,PASS,PASS,VALID
final_control_007,1e-06,0.0001,B1,PASS,PASS,VALID
final_control_007,1e-06,0.0001,B2,FAIL,PASS,VALID
final_control_007,1e-06,0.0001,B3,PASS,PASS,VALID
final_control_007,1e-06,0.0001,B4_normal,PASS,PASS,VALID
final_control_007,1e-05,0.001,B5,PASS,PASS,VALID
final_control_007,1e-05,0.001,B4,PASS,PASS,VALID
final_control_007,1e-05,0.001,A_no_geometry,PASS,PASS,VALID
final_control_007,1e-05,0.001,A_no_torque,PASS,PASS,VALID
final_control_007,1e-05,0.001,A_binary_unknown_fail,PASS,PASS,VALID
final_control_007,1e-05,0.001,A_accumulated,PASS,PASS,VALID
final_control_007,1e-05,0.001,A_net_aggregation,PASS,PASS,VALID
final_control_007,1e-05,0.001,B0,PASS,PASS,VALID
final_control_007,1e-05,0.001,B1,PASS,PASS,VALID
final_control_007,1e-05,0.001,B2,FAIL,PASS,VALID
final_control_007,1e-05,0.001,B3,PASS,PASS,VALID
final_control_007,1e-05,0.001,B4_normal,PASS,PASS,VALID
final_control_007,0.0001,0.01,B5,PASS,PASS,VALID
final_control_007,0.0001,0.01,B4,PASS,PASS,VALID
final_control_007,0.0001,0.01,A_no_geometry,PASS,PASS,VALID
final_control_007,0.0001,0.01,A_no_torque,PASS,PASS,VALID
final_control_007,0.0001,0.01,A_binary_unknown_fail,PASS,PASS,VALID
final_control_007,0.0001,0.01,A_accumulated,PASS,PASS,VALID
final_control_007,0.0001,0.01,A_net_aggregation,PASS,PASS,VALID
final_control_007,0.0001,0.01,B0,PASS,PASS,VALID
final_control_007,0.0001,0.01,B1,PASS,PASS,VALID
final_control_007,0.0001,0.01,B2,FAIL,PASS,VALID
final_control_007,0.0001,0.01,B3,PASS,PASS,VALID
final_control_007,0.0001,0.01,B4_normal,PASS,PASS,VALID
final_control_007,0.001,0.1,B5,PASS,PASS,VALID
final_control_007,0.001,0.1,B4,PASS,PASS,VALID
final_control_007,0.001,0.1,A_no_geometry,PASS,PASS,VALID
final_control_007,0.001,0.1,A_no_torque,PASS,PASS,VALID
final_control_007,0.001,0.1,A_binary_unknown_fail,PASS,PASS,VALID
final_control_007,0.001,0.1,A_accumulated,PASS,PASS,VALID
final_control_007,0.001,0.1,A_net_aggregation,PASS,PASS,VALID
final_control_007,0.001,0.1,B0,PASS,PASS,VALID
final_control_007,0.001,0.1,B1,PASS,PASS,VALID
final_control_007,0.001,0.1,B2,FAIL,PASS,VALID
final_control_007,0.001,0.1,B3,PASS,PASS,VALID
final_control_007,0.001,0.1,B4_normal,PASS,PASS,VALID
final_control_007,0.01,1.0,B5,PASS,PASS,VALID
final_control_007,0.01,1.0,B4,PASS,PASS,VALID
final_control_007,0.01,1.0,A_no_geometry,PASS,PASS,VALID
final_control_007,0.01,1.0,A_no_torque,PASS,PASS,VALID
final_control_007,0.01,1.0,A_binary_unknown_fail,PASS,PASS,VALID
final_control_007,0.01,1.0,A_accumulated,PASS,PASS,VALID
final_control_007,0.01,1.0,A_net_aggregation,PASS,PASS,VALID
final_control_007,0.01,1.0,B0,PASS,PASS,VALID
final_control_007,0.01,1.0,B1,PASS,PASS,VALID
final_control_007,0.01,1.0,B2,FAIL,PASS,VALID
final_control_007,0.01,1.0,B3,PASS,PASS,VALID
final_control_007,0.01,1.0,B4_normal,PASS,PASS,VALID
final_control_008,1e-06,0.0001,B5,PASS,PASS,VALID
final_control_008,1e-06,0.0001,B4,PASS,PASS,VALID
final_control_008,1e-06,0.0001,A_no_geometry,PASS,PASS,VALID
final_control_008,1e-06,0.0001,A_no_torque,PASS,PASS,VALID
final_control_008,1e-06,0.0001,A_binary_unknown_fail,PASS,PASS,VALID
final_control_008,1e-06,0.0001,A_accumulated,PASS,PASS,VALID
final_control_008,1e-06,0.0001,A_net_aggregation,PASS,PASS,VALID
final_control_008,1e-06,0.0001,B0,PASS,PASS,VALID
final_control_008,1e-06,0.0001,B1,PASS,PASS,VALID
final_control_008,1e-06,0.0001,B2,PASS,PASS,VALID
final_control_008,1e-06,0.0001,B3,PASS,PASS,VALID
final_control_008,1e-06,0.0001,B4_normal,PASS,PASS,VALID
final_control_008,1e-05,0.001,B5,PASS,PASS,VALID
final_control_008,1e-05,0.001,B4,PASS,PASS,VALID
final_control_008,1e-05,0.001,A_no_geometry,PASS,PASS,VALID
final_control_008,1e-05,0.001,A_no_torque,PASS,PASS,VALID
final_control_008,1e-05,0.001,A_binary_unknown_fail,PASS,PASS,VALID
final_control_008,1e-05,0.001,A_accumulated,PASS,PASS,VALID
final_control_008,1e-05,0.001,A_net_aggregation,PASS,PASS,VALID
final_control_008,1e-05,0.001,B0,PASS,PASS,VALID
final_control_008,1e-05,0.001,B1,PASS,PASS,VALID
final_control_008,1e-05,0.001,B2,PASS,PASS,VALID
final_control_008,1e-05,0.001,B3,PASS,PASS,VALID
final_control_008,1e-05,0.001,B4_normal,PASS,PASS,VALID
final_control_008,0.0001,0.01,B5,PASS,PASS,VALID
final_control_008,0.0001,0.01,B4,PASS,PASS,VALID
final_control_008,0.0001,0.01,A_no_geometry,PASS,PASS,VALID
final_control_008,0.0001,0.01,A_no_torque,PASS,PASS,VALID
final_control_008,0.0001,0.01,A_binary_unknown_fail,PASS,PASS,VALID
final_control_008,0.0001,0.01,A_accumulated,PASS,PASS,VALID
final_control_008,0.0001,0.01,A_net_aggregation,PASS,PASS,VALID
final_control_008,0.0001,0.01,B0,PASS,PASS,VALID
final_control_008,0.0001,0.01,B1,PASS,PASS,VALID
final_control_008,0.0001,0.01,B2,PASS,PASS,VALID
final_control_008,0.0001,0.01,B3,PASS,PASS,VALID
final_control_008,0.0001,0.01,B4_normal,PASS,PASS,VALID
final_control_008,0.001,0.1,B5,PASS,PASS,VALID
final_control_008,0.001,0.1,B4,PASS,PASS,VALID
final_control_008,0.001,0.1,A_no_geometry,PASS,PASS,VALID
final_control_008,0.001,0.1,A_no_torque,PASS,PASS,VALID
final_control_008,0.001,0.1,A_binary_unknown_fail,PASS,PASS,VALID
final_control_008,0.001,0.1,A_accumulated,PASS,PASS,VALID
final_control_008,0.001,0.1,A_net_aggregation,PASS,PASS,VALID
final_control_008,0.001,0.1,B0,PASS,PASS,VALID
final_control_008,0.001,0.1,B1,PASS,PASS,VALID
final_control_008,0.001,0.1,B2,PASS,PASS,VALID
final_control_008,0.001,0.1,B3,PASS,PASS,VALID
final_control_008,0.001,0.1,B4_normal,PASS,PASS,VALID
final_control_008,0.01,1.0,B5,PASS,PASS,VALID
final_control_008,0.01,1.0,B4,PASS,PASS,VALID
final_control_008,0.01,1.0,A_no_geometry,PASS,PASS,VALID
final_control_008,0.01,1.0,A_no_torque,PASS,PASS,VALID
final_control_008,0.01,1.0,A_binary_unknown_fail,PASS,PASS,VALID
final_control_008,0.01,1.0,A_accumulated,PASS,PASS,VALID
final_control_008,0.01,1.0,A_net_aggregation,PASS,PASS,VALID
final_control_008,0.01,1.0,B0,PASS,PASS,VALID
final_control_008,0.01,1.0,B1,PASS,PASS,VALID
final_control_008,0.01,1.0,B2,PASS,PASS,VALID
final_control_008,0.01,1.0,B3,PASS,PASS,VALID
final_control_008,0.01,1.0,B4_normal,PASS,PASS,VALID
final_control_009,1e-06,0.0001,B5,PASS,PASS,VALID
final_control_009,1e-06,0.0001,B4,PASS,PASS,VALID
final_control_009,1e-06,0.0001,A_no_geometry,PASS,PASS,VALID
final_control_009,1e-06,0.0001,A_no_torque,PASS,PASS,VALID
final_control_009,1e-06,0.0001,A_binary_unknown_fail,PASS,PASS,VALID
final_control_009,1e-06,0.0001,A_accumulated,PASS,PASS,VALID
final_control_009,1e-06,0.0001,A_net_aggregation,PASS,PASS,VALID
final_control_009,1e-06,0.0001,B0,PASS,PASS,VALID
final_control_009,1e-06,0.0001,B1,PASS,PASS,VALID
final_control_009,1e-06,0.0001,B2,FAIL,PASS,VALID
final_control_009,1e-06,0.0001,B3,PASS,PASS,VALID
final_control_009,1e-06,0.0001,B4_normal,PASS,PASS,VALID
final_control_009,1e-05,0.001,B5,PASS,PASS,VALID
final_control_009,1e-05,0.001,B4,PASS,PASS,VALID
final_control_009,1e-05,0.001,A_no_geometry,PASS,PASS,VALID
final_control_009,1e-05,0.001,A_no_torque,PASS,PASS,VALID
final_control_009,1e-05,0.001,A_binary_unknown_fail,PASS,PASS,VALID
final_control_009,1e-05,0.001,A_accumulated,PASS,PASS,VALID
final_control_009,1e-05,0.001,A_net_aggregation,PASS,PASS,VALID
final_control_009,1e-05,0.001,B0,PASS,PASS,VALID
final_control_009,1e-05,0.001,B1,PASS,PASS,VALID
final_control_009,1e-05,0.001,B2,FAIL,PASS,VALID
final_control_009,1e-05,0.001,B3,PASS,PASS,VALID
final_control_009,1e-05,0.001,B4_normal,PASS,PASS,VALID
final_control_009,0.0001,0.01,B5,PASS,PASS,VALID
final_control_009,0.0001,0.01,B4,PASS,PASS,VALID
final_control_009,0.0001,0.01,A_no_geometry,PASS,PASS,VALID
final_control_009,0.0001,0.01,A_no_torque,PASS,PASS,VALID
final_control_009,0.0001,0.01,A_binary_unknown_fail,PASS,PASS,VALID
final_control_009,0.0001,0.01,A_accumulated,PASS,PASS,VALID
final_control_009,0.0001,0.01,A_net_aggregation,PASS,PASS,VALID
final_control_009,0.0001,0.01,B0,PASS,PASS,VALID
final_control_009,0.0001,0.01,B1,PASS,PASS,VALID
final_control_009,0.0001,0.01,B2,FAIL,PASS,VALID
final_control_009,0.0001,0.01,B3,PASS,PASS,VALID
final_control_009,0.0001,0.01,B4_normal,PASS,PASS,VALID
final_control_009,0.001,0.1,B5,PASS,PASS,VALID
final_control_009,0.001,0.1,B4,PASS,PASS,VALID
final_control_009,0.001,0.1,A_no_geometry,PASS,PASS,VALID
final_control_009,0.001,0.1,A_no_torque,PASS,PASS,VALID
final_control_009,0.001,0.1,A_binary_unknown_fail,PASS,PASS,VALID
final_control_009,0.001,0.1,A_accumulated,PASS,PASS,VALID
final_control_009,0.001,0.1,A_net_aggregation,PASS,PASS,VALID
final_control_009,0.001,0.1,B0,PASS,PASS,VALID
final_control_009,0.001,0.1,B1,PASS,PASS,VALID
final_control_009,0.001,0.1,B2,FAIL,PASS,VALID
final_control_009,0.001,0.1,B3,PASS,PASS,VALID
final_control_009,0.001,0.1,B4_normal,PASS,PASS,VALID
final_control_009,0.01,1.0,B5,PASS,PASS,VALID
final_control_009,0.01,1.0,B4,PASS,PASS,VALID
final_control_009,0.01,1.0,A_no_geometry,PASS,PASS,VALID
final_control_009,0.01,1.0,A_no_torque,PASS,PASS,VALID
final_control_009,0.01,1.0,A_binary_unknown_fail,PASS,PASS,VALID
final_control_009,0.01,1.0,A_accumulated,PASS,PASS,VALID
final_control_009,0.01,1.0,A_net_aggregation,PASS,PASS,VALID
final_control_009,0.01,1.0,B0,PASS,PASS,VALID
final_control_009,0.01,1.0,B1,PASS,PASS,VALID
final_control_009,0.01,1.0,B2,FAIL,PASS,VALID
final_control_009,0.01,1.0,B3,PASS,PASS,VALID
final_control_009,0.01,1.0,B4_normal,PASS,PASS,VALID
final_control_010,1e-06,0.0001,B5,FAIL,FAIL,VALID
final_control_010,1e-06,0.0001,B4,FAIL,FAIL,VALID
final_control_010,1e-06,0.0001,A_no_geometry,FAIL,FAIL,VALID
final_control_010,1e-06,0.0001,A_no_torque,FAIL,FAIL,VALID
final_control_010,1e-06,0.0001,A_binary_unknown_fail,FAIL,FAIL,VALID
final_control_010,1e-06,0.0001,A_accumulated,FAIL,FAIL,VALID
final_control_010,1e-06,0.0001,A_net_aggregation,FAIL,FAIL,VALID
final_control_010,1e-06,0.0001,B0,PASS,FAIL,VALID
final_control_010,1e-06,0.0001,B1,PASS,FAIL,VALID
final_control_010,1e-06,0.0001,B2,FAIL,FAIL,VALID
final_control_010,1e-06,0.0001,B3,FAIL,FAIL,VALID
final_control_010,1e-06,0.0001,B4_normal,FAIL,FAIL,VALID
final_control_010,1e-05,0.001,B5,FAIL,FAIL,VALID
final_control_010,1e-05,0.001,B4,FAIL,FAIL,VALID
final_control_010,1e-05,0.001,A_no_geometry,FAIL,FAIL,VALID
final_control_010,1e-05,0.001,A_no_torque,FAIL,FAIL,VALID
final_control_010,1e-05,0.001,A_binary_unknown_fail,FAIL,FAIL,VALID
final_control_010,1e-05,0.001,A_accumulated,FAIL,FAIL,VALID
final_control_010,1e-05,0.001,A_net_aggregation,FAIL,FAIL,VALID
final_control_010,1e-05,0.001,B0,PASS,FAIL,VALID
final_control_010,1e-05,0.001,B1,PASS,FAIL,VALID
final_control_010,1e-05,0.001,B2,FAIL,FAIL,VALID
final_control_010,1e-05,0.001,B3,FAIL,FAIL,VALID
final_control_010,1e-05,0.001,B4_normal,FAIL,FAIL,VALID
final_control_010,0.0001,0.01,B5,FAIL,FAIL,VALID
final_control_010,0.0001,0.01,B4,FAIL,FAIL,VALID
final_control_010,0.0001,0.01,A_no_geometry,FAIL,FAIL,VALID
final_control_010,0.0001,0.01,A_no_torque,FAIL,FAIL,VALID
final_control_010,0.0001,0.01,A_binary_unknown_fail,FAIL,FAIL,VALID
final_control_010,0.0001,0.01,A_accumulated,FAIL,FAIL,VALID
final_control_010,0.0001,0.01,A_net_aggregation,FAIL,FAIL,VALID
final_control_010,0.0001,0.01,B0,PASS,FAIL,VALID
final_control_010,0.0001,0.01,B1,PASS,FAIL,VALID
final_control_010,0.0001,0.01,B2,FAIL,FAIL,VALID
final_control_010,0.0001,0.01,B3,FAIL,FAIL,VALID
final_control_010,0.0001,0.01,B4_normal,FAIL,FAIL,VALID
final_control_010,0.001,0.1,B5,FAIL,FAIL,VALID
final_control_010,0.001,0.1,B4,FAIL,FAIL,VALID
final_control_010,0.001,0.1,A_no_geometry,FAIL,FAIL,VALID
final_control_010,0.001,0.1,A_no_torque,FAIL,FAIL,VALID
final_control_010,0.001,0.1,A_binary_unknown_fail,FAIL,FAIL,VALID
final_control_010,0.001,0.1,A_accumulated,FAIL,FAIL,VALID
final_control_010,0.001,0.1,A_net_aggregation,FAIL,FAIL,VALID
final_control_010,0.001,0.1,B0,PASS,FAIL,VALID
final_control_010,0.001,0.1,B1,PASS,FAIL,VALID
final_control_010,0.001,0.1,B2,FAIL,FAIL,VALID
final_control_010,0.001,0.1,B3,FAIL,FAIL,VALID
final_control_010,0.001,0.1,B4_normal,FAIL,FAIL,VALID
final_control_010,0.01,1.0,B5,FAIL,FAIL,VALID
final_control_010,0.01,1.0,B4,FAIL,FAIL,VALID
final_control_010,0.01,1.0,A_no_geometry,FAIL,FAIL,VALID
final_control_010,0.01,1.0,A_no_torque,FAIL,FAIL,VALID
final_control_010,0.01,1.0,A_binary_unknown_fail,FAIL,FAIL,VALID
final_control_010,0.01,1.0,A_accumulated,FAIL,FAIL,VALID
final_control_010,0.01,1.0,A_net_aggregation,FAIL,FAIL,VALID
final_control_010,0.01,1.0,B0,PASS,FAIL,VALID
final_control_010,0.01,1.0,B1,PASS,FAIL,VALID
final_control_010,0.01,1.0,B2,FAIL,FAIL,VALID
final_control_010,0.01,1.0,B3,FAIL,FAIL,VALID
final_control_010,0.01,1.0,B4_normal,FAIL,FAIL,VALID
final_control_011,1e-06,0.0001,B5,FAIL,FAIL,VALID
final_control_011,1e-06,0.0001,B4,FAIL,FAIL,VALID
final_control_011,1e-06,0.0001,A_no_geometry,FAIL,FAIL,VALID
final_control_011,1e-06,0.0001,A_no_torque,FAIL,FAIL,VALID
final_control_011,1e-06,0.0001,A_binary_unknown_fail,FAIL,FAIL,VALID
final_control_011,1e-06,0.0001,A_accumulated,FAIL,FAIL,VALID
final_control_011,1e-06,0.0001,A_net_aggregation,FAIL,FAIL,VALID
final_control_011,1e-06,0.0001,B0,PASS,FAIL,VALID
final_control_011,1e-06,0.0001,B1,PASS,FAIL,VALID
final_control_011,1e-06,0.0001,B2,FAIL,FAIL,VALID
final_control_011,1e-06,0.0001,B3,FAIL,FAIL,VALID
final_control_011,1e-06,0.0001,B4_normal,FAIL,FAIL,VALID
final_control_011,1e-05,0.001,B5,FAIL,FAIL,VALID
final_control_011,1e-05,0.001,B4,FAIL,FAIL,VALID
final_control_011,1e-05,0.001,A_no_geometry,FAIL,FAIL,VALID
final_control_011,1e-05,0.001,A_no_torque,FAIL,FAIL,VALID
final_control_011,1e-05,0.001,A_binary_unknown_fail,FAIL,FAIL,VALID
final_control_011,1e-05,0.001,A_accumulated,FAIL,FAIL,VALID
final_control_011,1e-05,0.001,A_net_aggregation,FAIL,FAIL,VALID
final_control_011,1e-05,0.001,B0,PASS,FAIL,VALID
final_control_011,1e-05,0.001,B1,PASS,FAIL,VALID
final_control_011,1e-05,0.001,B2,FAIL,FAIL,VALID
final_control_011,1e-05,0.001,B3,FAIL,FAIL,VALID
final_control_011,1e-05,0.001,B4_normal,FAIL,FAIL,VALID
final_control_011,0.0001,0.01,B5,FAIL,FAIL,VALID
final_control_011,0.0001,0.01,B4,FAIL,FAIL,VALID
final_control_011,0.0001,0.01,A_no_geometry,FAIL,FAIL,VALID
final_control_011,0.0001,0.01,A_no_torque,FAIL,FAIL,VALID
final_control_011,0.0001,0.01,A_binary_unknown_fail,FAIL,FAIL,VALID
final_control_011,0.0001,0.01,A_accumulated,FAIL,FAIL,VALID
final_control_011,0.0001,0.01,A_net_aggregation,FAIL,FAIL,VALID
final_control_011,0.0001,0.01,B0,PASS,FAIL,VALID
final_control_011,0.0001,0.01,B1,PASS,FAIL,VALID
final_control_011,0.0001,0.01,B2,FAIL,FAIL,VALID
final_control_011,0.0001,0.01,B3,FAIL,FAIL,VALID
final_control_011,0.0001,0.01,B4_normal,FAIL,FAIL,VALID
final_control_011,0.001,0.1,B5,FAIL,FAIL,VALID
final_control_011,0.001,0.1,B4,FAIL,FAIL,VALID
final_control_011,0.001,0.1,A_no_geometry,FAIL,FAIL,VALID
final_control_011,0.001,0.1,A_no_torque,FAIL,FAIL,VALID
final_control_011,0.001,0.1,A_binary_unknown_fail,FAIL,FAIL,VALID
final_control_011,0.001,0.1,A_accumulated,FAIL,FAIL,VALID
final_control_011,0.001,0.1,A_net_aggregation,FAIL,FAIL,VALID
final_control_011,0.001,0.1,B0,PASS,FAIL,VALID
final_control_011,0.001,0.1,B1,PASS,FAIL,VALID
final_control_011,0.001,0.1,B2,FAIL,FAIL,VALID
final_control_011,0.001,0.1,B3,FAIL,FAIL,VALID
final_control_011,0.001,0.1,B4_normal,FAIL,FAIL,VALID
final_control_011,0.01,1.0,B5,FAIL,FAIL,VALID
final_control_011,0.01,1.0,B4,FAIL,FAIL,VALID
final_control_011,0.01,1.0,A_no_geometry,FAIL,FAIL,VALID
final_control_011,0.01,1.0,A_no_torque,FAIL,FAIL,VALID
final_control_011,0.01,1.0,A_binary_unknown_fail,FAIL,FAIL,VALID
final_control_011,0.01,1.0,A_accumulated,FAIL,FAIL,VALID
final_control_011,0.01,1.0,A_net_aggregation,FAIL,FAIL,VALID
final_control_011,0.01,1.0,B0,PASS,FAIL,VALID
final_control_011,0.01,1.0,B1,PASS,FAIL,VALID
final_control_011,0.01,1.0,B2,FAIL,FAIL,VALID
final_control_011,0.01,1.0,B3,FAIL,FAIL,VALID
final_control_011,0.01,1.0,B4_normal,FAIL,FAIL,VALID
final_control_012,1e-06,0.0001,B5,FAIL,FAIL,VALID
final_control_012,1e-06,0.0001,B4,FAIL,FAIL,VALID
final_control_012,1e-06,0.0001,A_no_geometry,FAIL,FAIL,VALID
final_control_012,1e-06,0.0001,A_no_torque,FAIL,FAIL,VALID
final_control_012,1e-06,0.0001,A_binary_unknown_fail,FAIL,FAIL,VALID
final_control_012,1e-06,0.0001,A_accumulated,FAIL,FAIL,VALID
final_control_012,1e-06,0.0001,A_net_aggregation,FAIL,FAIL,VALID
final_control_012,1e-06,0.0001,B0,PASS,FAIL,VALID
final_control_012,1e-06,0.0001,B1,PASS,FAIL,VALID
final_control_012,1e-06,0.0001,B2,FAIL,FAIL,VALID
final_control_012,1e-06,0.0001,B3,FAIL,FAIL,VALID
final_control_012,1e-06,0.0001,B4_normal,FAIL,FAIL,VALID
final_control_012,1e-05,0.001,B5,FAIL,FAIL,VALID
final_control_012,1e-05,0.001,B4,FAIL,FAIL,VALID
final_control_012,1e-05,0.001,A_no_geometry,FAIL,FAIL,VALID
final_control_012,1e-05,0.001,A_no_torque,FAIL,FAIL,VALID
final_control_012,1e-05,0.001,A_binary_unknown_fail,FAIL,FAIL,VALID
final_control_012,1e-05,0.001,A_accumulated,FAIL,FAIL,VALID
final_control_012,1e-05,0.001,A_net_aggregation,FAIL,FAIL,VALID
final_control_012,1e-05,0.001,B0,PASS,FAIL,VALID
final_control_012,1e-05,0.001,B1,PASS,FAIL,VALID
final_control_012,1e-05,0.001,B2,FAIL,FAIL,VALID
final_control_012,1e-05,0.001,B3,FAIL,FAIL,VALID
final_control_012,1e-05,0.001,B4_normal,FAIL,FAIL,VALID
final_control_012,0.0001,0.01,B5,FAIL,FAIL,VALID
final_control_012,0.0001,0.01,B4,FAIL,FAIL,VALID
final_control_012,0.0001,0.01,A_no_geometry,FAIL,FAIL,VALID
final_control_012,0.0001,0.01,A_no_torque,FAIL,FAIL,VALID
final_control_012,0.0001,0.01,A_binary_unknown_fail,FAIL,FAIL,VALID
final_control_012,0.0001,0.01,A_accumulated,FAIL,FAIL,VALID
final_control_012,0.0001,0.01,A_net_aggregation,FAIL,FAIL,VALID
final_control_012,0.0001,0.01,B0,PASS,FAIL,VALID
final_control_012,0.0001,0.01,B1,PASS,FAIL,VALID
final_control_012,0.0001,0.01,B2,FAIL,FAIL,VALID
final_control_012,0.0001,0.01,B3,FAIL,FAIL,VALID
final_control_012,0.0001,0.01,B4_normal,FAIL,FAIL,VALID
final_control_012,0.001,0.1,B5,FAIL,FAIL,VALID
final_control_012,0.001,0.1,B4,FAIL,FAIL,VALID
final_control_012,0.001,0.1,A_no_geometry,FAIL,FAIL,VALID
final_control_012,0.001,0.1,A_no_torque,FAIL,FAIL,VALID
final_control_012,0.001,0.1,A_binary_unknown_fail,FAIL,FAIL,VALID
final_control_012,0.001,0.1,A_accumulated,FAIL,FAIL,VALID
final_control_012,0.001,0.1,A_net_aggregation,FAIL,FAIL,VALID
final_control_012,0.001,0.1,B0,PASS,FAIL,VALID
final_control_012,0.001,0.1,B1,PASS,FAIL,VALID
final_control_012,0.001,0.1,B2,FAIL,FAIL,VALID
final_control_012,0.001,0.1,B3,FAIL,FAIL,VALID
final_control_012,0.001,0.1,B4_normal,FAIL,FAIL,VALID
final_control_012,0.01,1.0,B5,FAIL,FAIL,VALID
final_control_012,0.01,1.0,B4,FAIL,FAIL,VALID
final_control_012,0.01,1.0,A_no_geometry,FAIL,FAIL,VALID
final_control_012,0.01,1.0,A_no_torque,FAIL,FAIL,VALID
final_control_012,0.01,1.0,A_binary_unknown_fail,FAIL,FAIL,VALID
final_control_012,0.01,1.0,A_accumulated,FAIL,FAIL,VALID
final_control_012,0.01,1.0,A_net_aggregation,INDETERMINATE,FAIL,VALID
final_control_012,0.01,1.0,B0,PASS,FAIL,VALID
final_control_012,0.01,1.0,B1,PASS,FAIL,VALID
final_control_012,0.01,1.0,B2,FAIL,FAIL,VALID
final_control_012,0.01,1.0,B3,FAIL,FAIL,VALID
final_control_012,0.01,1.0,B4_normal,FAIL,FAIL,VALID
final_control_013,1e-06,0.0001,B5,FAIL,FAIL,VALID
final_control_013,1e-06,0.0001,B4,FAIL,FAIL,VALID
final_control_013,1e-06,0.0001,A_no_geometry,FAIL,FAIL,VALID
final_control_013,1e-06,0.0001,A_no_torque,FAIL,FAIL,VALID
final_control_013,1e-06,0.0001,A_binary_unknown_fail,FAIL,FAIL,VALID
final_control_013,1e-06,0.0001,A_accumulated,FAIL,FAIL,VALID
final_control_013,1e-06,0.0001,A_net_aggregation,FAIL,FAIL,VALID
final_control_013,1e-06,0.0001,B0,PASS,FAIL,VALID
final_control_013,1e-06,0.0001,B1,PASS,FAIL,VALID
final_control_013,1e-06,0.0001,B2,FAIL,FAIL,VALID
final_control_013,1e-06,0.0001,B3,FAIL,FAIL,VALID
final_control_013,1e-06,0.0001,B4_normal,FAIL,FAIL,VALID
final_control_013,1e-05,0.001,B5,FAIL,FAIL,VALID
final_control_013,1e-05,0.001,B4,FAIL,FAIL,VALID
final_control_013,1e-05,0.001,A_no_geometry,FAIL,FAIL,VALID
final_control_013,1e-05,0.001,A_no_torque,FAIL,FAIL,VALID
final_control_013,1e-05,0.001,A_binary_unknown_fail,FAIL,FAIL,VALID
final_control_013,1e-05,0.001,A_accumulated,FAIL,FAIL,VALID
final_control_013,1e-05,0.001,A_net_aggregation,FAIL,FAIL,VALID
final_control_013,1e-05,0.001,B0,PASS,FAIL,VALID
final_control_013,1e-05,0.001,B1,PASS,FAIL,VALID
final_control_013,1e-05,0.001,B2,FAIL,FAIL,VALID
final_control_013,1e-05,0.001,B3,FAIL,FAIL,VALID
final_control_013,1e-05,0.001,B4_normal,FAIL,FAIL,VALID
final_control_013,0.0001,0.01,B5,FAIL,FAIL,VALID
final_control_013,0.0001,0.01,B4,FAIL,FAIL,VALID
final_control_013,0.0001,0.01,A_no_geometry,FAIL,FAIL,VALID
final_control_013,0.0001,0.01,A_no_torque,FAIL,FAIL,VALID
final_control_013,0.0001,0.01,A_binary_unknown_fail,FAIL,FAIL,VALID
final_control_013,0.0001,0.01,A_accumulated,FAIL,FAIL,VALID
final_control_013,0.0001,0.01,A_net_aggregation,FAIL,FAIL,VALID
final_control_013,0.0001,0.01,B0,PASS,FAIL,VALID
final_control_013,0.0001,0.01,B1,PASS,FAIL,VALID
final_control_013,0.0001,0.01,B2,FAIL,FAIL,VALID
final_control_013,0.0001,0.01,B3,FAIL,FAIL,VALID
final_control_013,0.0001,0.01,B4_normal,FAIL,FAIL,VALID
final_control_013,0.001,0.1,B5,FAIL,FAIL,VALID
final_control_013,0.001,0.1,B4,FAIL,FAIL,VALID
final_control_013,0.001,0.1,A_no_geometry,FAIL,FAIL,VALID
final_control_013,0.001,0.1,A_no_torque,FAIL,FAIL,VALID
final_control_013,0.001,0.1,A_binary_unknown_fail,FAIL,FAIL,VALID
final_control_013,0.001,0.1,A_accumulated,FAIL,FAIL,VALID
final_control_013,0.001,0.1,A_net_aggregation,FAIL,FAIL,VALID
final_control_013,0.001,0.1,B0,PASS,FAIL,VALID
final_control_013,0.001,0.1,B1,PASS,FAIL,VALID
final_control_013,0.001,0.1,B2,FAIL,FAIL,VALID
final_control_013,0.001,0.1,B3,FAIL,FAIL,VALID
final_control_013,0.001,0.1,B4_normal,FAIL,FAIL,VALID
final_control_013,0.01,1.0,B5,FAIL,FAIL,VALID
final_control_013,0.01,1.0,B4,FAIL,FAIL,VALID
final_control_013,0.01,1.0,A_no_geometry,FAIL,FAIL,VALID
final_control_013,0.01,1.0,A_no_torque,FAIL,FAIL,VALID
final_control_013,0.01,1.0,A_binary_unknown_fail,FAIL,FAIL,VALID
final_control_013,0.01,1.0,A_accumulated,FAIL,FAIL,VALID
final_control_013,0.01,1.0,A_net_aggregation,FAIL,FAIL,VALID
final_control_013,0.01,1.0,B0,PASS,FAIL,VALID
final_control_013,0.01,1.0,B1,PASS,FAIL,VALID
final_control_013,0.01,1.0,B2,FAIL,FAIL,VALID
final_control_013,0.01,1.0,B3,FAIL,FAIL,VALID
final_control_013,0.01,1.0,B4_normal,FAIL,FAIL,VALID
final_control_014,1e-06,0.0001,B5,FAIL,FAIL,VALID
final_control_014,1e-06,0.0001,B4,FAIL,FAIL,VALID
final_control_014,1e-06,0.0001,A_no_geometry,FAIL,FAIL,VALID
final_control_014,1e-06,0.0001,A_no_torque,FAIL,FAIL,VALID
final_control_014,1e-06,0.0001,A_binary_unknown_fail,FAIL,FAIL,VALID
final_control_014,1e-06,0.0001,A_accumulated,FAIL,FAIL,VALID
final_control_014,1e-06,0.0001,A_net_aggregation,FAIL,FAIL,VALID
final_control_014,1e-06,0.0001,B0,FAIL,FAIL,VALID
final_control_014,1e-06,0.0001,B1,FAIL,FAIL,VALID
final_control_014,1e-06,0.0001,B2,FAIL,FAIL,VALID
final_control_014,1e-06,0.0001,B3,FAIL,FAIL,VALID
final_control_014,1e-06,0.0001,B4_normal,FAIL,FAIL,VALID
final_control_014,1e-05,0.001,B5,FAIL,FAIL,VALID
final_control_014,1e-05,0.001,B4,FAIL,FAIL,VALID
final_control_014,1e-05,0.001,A_no_geometry,FAIL,FAIL,VALID
final_control_014,1e-05,0.001,A_no_torque,FAIL,FAIL,VALID
final_control_014,1e-05,0.001,A_binary_unknown_fail,FAIL,FAIL,VALID
final_control_014,1e-05,0.001,A_accumulated,FAIL,FAIL,VALID
final_control_014,1e-05,0.001,A_net_aggregation,FAIL,FAIL,VALID
final_control_014,1e-05,0.001,B0,FAIL,FAIL,VALID
final_control_014,1e-05,0.001,B1,FAIL,FAIL,VALID
final_control_014,1e-05,0.001,B2,FAIL,FAIL,VALID
final_control_014,1e-05,0.001,B3,FAIL,FAIL,VALID
final_control_014,1e-05,0.001,B4_normal,FAIL,FAIL,VALID
final_control_014,0.0001,0.01,B5,FAIL,FAIL,VALID
final_control_014,0.0001,0.01,B4,FAIL,FAIL,VALID
final_control_014,0.0001,0.01,A_no_geometry,FAIL,FAIL,VALID
final_control_014,0.0001,0.01,A_no_torque,FAIL,FAIL,VALID
final_control_014,0.0001,0.01,A_binary_unknown_fail,FAIL,FAIL,VALID
final_control_014,0.0001,0.01,A_accumulated,FAIL,FAIL,VALID
final_control_014,0.0001,0.01,A_net_aggregation,FAIL,FAIL,VALID
final_control_014,0.0001,0.01,B0,FAIL,FAIL,VALID
final_control_014,0.0001,0.01,B1,FAIL,FAIL,VALID
final_control_014,0.0001,0.01,B2,FAIL,FAIL,VALID
final_control_014,0.0001,0.01,B3,FAIL,FAIL,VALID
final_control_014,0.0001,0.01,B4_normal,FAIL,FAIL,VALID
final_control_014,0.001,0.1,B5,FAIL,FAIL,VALID
final_control_014,0.001,0.1,B4,FAIL,FAIL,VALID
final_control_014,0.001,0.1,A_no_geometry,FAIL,FAIL,VALID
final_control_014,0.001,0.1,A_no_torque,FAIL,FAIL,VALID
final_control_014,0.001,0.1,A_binary_unknown_fail,FAIL,FAIL,VALID
final_control_014,0.001,0.1,A_accumulated,FAIL,FAIL,VALID
final_control_014,0.001,0.1,A_net_aggregation,FAIL,FAIL,VALID
final_control_014,0.001,0.1,B0,FAIL,FAIL,VALID
final_control_014,0.001,0.1,B1,FAIL,FAIL,VALID
final_control_014,0.001,0.1,B2,FAIL,FAIL,VALID
final_control_014,0.001,0.1,B3,FAIL,FAIL,VALID
final_control_014,0.001,0.1,B4_normal,FAIL,FAIL,VALID
final_control_014,0.01,1.0,B5,FAIL,FAIL,VALID
final_control_014,0.01,1.0,B4,FAIL,FAIL,VALID
final_control_014,0.01,1.0,A_no_geometry,FAIL,FAIL,VALID
final_control_014,0.01,1.0,A_no_torque,FAIL,FAIL,VALID
final_control_014,0.01,1.0,A_binary_unknown_fail,FAIL,FAIL,VALID
final_control_014,0.01,1.0,A_accumulated,FAIL,FAIL,VALID
final_control_014,0.01,1.0,A_net_aggregation,FAIL,FAIL,VALID
final_control_014,0.01,1.0,B0,FAIL,FAIL,VALID
final_control_014,0.01,1.0,B1,FAIL,FAIL,VALID
final_control_014,0.01,1.0,B2,FAIL,FAIL,VALID
final_control_014,0.01,1.0,B3,FAIL,FAIL,VALID
final_control_014,0.01,1.0,B4_normal,FAIL,FAIL,VALID
final_control_015,1e-06,0.0001,B5,PASS,PASS,VALID
final_control_015,1e-06,0.0001,B4,PASS,PASS,VALID
final_control_015,1e-06,0.0001,A_no_geometry,PASS,PASS,VALID
final_control_015,1e-06,0.0001,A_no_torque,PASS,PASS,VALID
final_control_015,1e-06,0.0001,A_binary_unknown_fail,PASS,PASS,VALID
final_control_015,1e-06,0.0001,A_accumulated,PASS,PASS,VALID
final_control_015,1e-06,0.0001,A_net_aggregation,PASS,PASS,VALID
final_control_015,1e-06,0.0001,B0,PASS,PASS,VALID
final_control_015,1e-06,0.0001,B1,PASS,PASS,VALID
final_control_015,1e-06,0.0001,B2,FAIL,PASS,VALID
final_control_015,1e-06,0.0001,B3,PASS,PASS,VALID
final_control_015,1e-06,0.0001,B4_normal,PASS,PASS,VALID
final_control_015,1e-05,0.001,B5,PASS,PASS,VALID
final_control_015,1e-05,0.001,B4,PASS,PASS,VALID
final_control_015,1e-05,0.001,A_no_geometry,PASS,PASS,VALID
final_control_015,1e-05,0.001,A_no_torque,PASS,PASS,VALID
final_control_015,1e-05,0.001,A_binary_unknown_fail,PASS,PASS,VALID
final_control_015,1e-05,0.001,A_accumulated,PASS,PASS,VALID
final_control_015,1e-05,0.001,A_net_aggregation,PASS,PASS,VALID
final_control_015,1e-05,0.001,B0,PASS,PASS,VALID
final_control_015,1e-05,0.001,B1,PASS,PASS,VALID
final_control_015,1e-05,0.001,B2,FAIL,PASS,VALID
final_control_015,1e-05,0.001,B3,PASS,PASS,VALID
final_control_015,1e-05,0.001,B4_normal,PASS,PASS,VALID
final_control_015,0.0001,0.01,B5,PASS,PASS,VALID
final_control_015,0.0001,0.01,B4,PASS,PASS,VALID
final_control_015,0.0001,0.01,A_no_geometry,PASS,PASS,VALID
final_control_015,0.0001,0.01,A_no_torque,PASS,PASS,VALID
final_control_015,0.0001,0.01,A_binary_unknown_fail,PASS,PASS,VALID
final_control_015,0.0001,0.01,A_accumulated,PASS,PASS,VALID
final_control_015,0.0001,0.01,A_net_aggregation,PASS,PASS,VALID
final_control_015,0.0001,0.01,B0,PASS,PASS,VALID
final_control_015,0.0001,0.01,B1,PASS,PASS,VALID
final_control_015,0.0001,0.01,B2,FAIL,PASS,VALID
final_control_015,0.0001,0.01,B3,PASS,PASS,VALID
final_control_015,0.0001,0.01,B4_normal,PASS,PASS,VALID
final_control_015,0.001,0.1,B5,PASS,PASS,VALID
final_control_015,0.001,0.1,B4,PASS,PASS,VALID
final_control_015,0.001,0.1,A_no_geometry,PASS,PASS,VALID
final_control_015,0.001,0.1,A_no_torque,PASS,PASS,VALID
final_control_015,0.001,0.1,A_binary_unknown_fail,PASS,PASS,VALID
final_control_015,0.001,0.1,A_accumulated,PASS,PASS,VALID
final_control_015,0.001,0.1,A_net_aggregation,PASS,PASS,VALID
final_control_015,0.001,0.1,B0,PASS,PASS,VALID
final_control_015,0.001,0.1,B1,PASS,PASS,VALID
final_control_015,0.001,0.1,B2,FAIL,PASS,VALID
final_control_015,0.001,0.1,B3,PASS,PASS,VALID
final_control_015,0.001,0.1,B4_normal,PASS,PASS,VALID
final_control_015,0.01,1.0,B5,PASS,PASS,VALID
final_control_015,0.01,1.0,B4,PASS,PASS,VALID
final_control_015,0.01,1.0,A_no_geometry,PASS,PASS,VALID
final_control_015,0.01,1.0,A_no_torque,PASS,PASS,VALID
final_control_015,0.01,1.0,A_binary_unknown_fail,PASS,PASS,VALID
final_control_015,0.01,1.0,A_accumulated,PASS,PASS,VALID
final_control_015,0.01,1.0,A_net_aggregation,PASS,PASS,VALID
final_control_015,0.01,1.0,B0,PASS,PASS,VALID
final_control_015,0.01,1.0,B1,PASS,PASS,VALID
final_control_015,0.01,1.0,B2,FAIL,PASS,VALID
final_control_015,0.01,1.0,B3,PASS,PASS,VALID
final_control_015,0.01,1.0,B4_normal,PASS,PASS,VALID
final_control_016,1e-06,0.0001,B5,FAIL,FAIL,VALID
final_control_016,1e-06,0.0001,B4,FAIL,FAIL,VALID
final_control_016,1e-06,0.0001,A_no_geometry,FAIL,FAIL,VALID
final_control_016,1e-06,0.0001,A_no_torque,FAIL,FAIL,VALID
final_control_016,1e-06,0.0001,A_binary_unknown_fail,FAIL,FAIL,VALID
final_control_016,1e-06,0.0001,A_accumulated,FAIL,FAIL,VALID
final_control_016,1e-06,0.0001,A_net_aggregation,FAIL,FAIL,VALID
final_control_016,1e-06,0.0001,B0,FAIL,FAIL,VALID
final_control_016,1e-06,0.0001,B1,FAIL,FAIL,VALID
final_control_016,1e-06,0.0001,B2,FAIL,FAIL,VALID
final_control_016,1e-06,0.0001,B3,FAIL,FAIL,VALID
final_control_016,1e-06,0.0001,B4_normal,FAIL,FAIL,VALID
final_control_016,1e-05,0.001,B5,FAIL,FAIL,VALID
final_control_016,1e-05,0.001,B4,FAIL,FAIL,VALID
final_control_016,1e-05,0.001,A_no_geometry,FAIL,FAIL,VALID
final_control_016,1e-05,0.001,A_no_torque,FAIL,FAIL,VALID
final_control_016,1e-05,0.001,A_binary_unknown_fail,FAIL,FAIL,VALID
final_control_016,1e-05,0.001,A_accumulated,FAIL,FAIL,VALID
final_control_016,1e-05,0.001,A_net_aggregation,FAIL,FAIL,VALID
final_control_016,1e-05,0.001,B0,FAIL,FAIL,VALID
final_control_016,1e-05,0.001,B1,FAIL,FAIL,VALID
final_control_016,1e-05,0.001,B2,FAIL,FAIL,VALID
final_control_016,1e-05,0.001,B3,FAIL,FAIL,VALID
final_control_016,1e-05,0.001,B4_normal,FAIL,FAIL,VALID
final_control_016,0.0001,0.01,B5,FAIL,FAIL,VALID
final_control_016,0.0001,0.01,B4,FAIL,FAIL,VALID
final_control_016,0.0001,0.01,A_no_geometry,FAIL,FAIL,VALID
final_control_016,0.0001,0.01,A_no_torque,FAIL,FAIL,VALID
final_control_016,0.0001,0.01,A_binary_unknown_fail,FAIL,FAIL,VALID
final_control_016,0.0001,0.01,A_accumulated,FAIL,FAIL,VALID
final_control_016,0.0001,0.01,A_net_aggregation,FAIL,FAIL,VALID
final_control_016,0.0001,0.01,B0,FAIL,FAIL,VALID
final_control_016,0.0001,0.01,B1,FAIL,FAIL,VALID
final_control_016,0.0001,0.01,B2,FAIL,FAIL,VALID
final_control_016,0.0001,0.01,B3,FAIL,FAIL,VALID
final_control_016,0.0001,0.01,B4_normal,FAIL,FAIL,VALID
final_control_016,0.001,0.1,B5,FAIL,FAIL,VALID
final_control_016,0.001,0.1,B4,FAIL,FAIL,VALID
final_control_016,0.001,0.1,A_no_geometry,FAIL,FAIL,VALID
final_control_016,0.001,0.1,A_no_torque,FAIL,FAIL,VALID
final_control_016,0.001,0.1,A_binary_unknown_fail,FAIL,FAIL,VALID
final_control_016,0.001,0.1,A_accumulated,FAIL,FAIL,VALID
final_control_016,0.001,0.1,A_net_aggregation,FAIL,FAIL,VALID
final_control_016,0.001,0.1,B0,FAIL,FAIL,VALID
final_control_016,0.001,0.1,B1,FAIL,FAIL,VALID
final_control_016,0.001,0.1,B2,FAIL,FAIL,VALID
final_control_016,0.001,0.1,B3,FAIL,FAIL,VALID
final_control_016,0.001,0.1,B4_normal,FAIL,FAIL,VALID
final_control_016,0.01,1.0,B5,FAIL,FAIL,VALID
final_control_016,0.01,1.0,B4,FAIL,FAIL,VALID
final_control_016,0.01,1.0,A_no_geometry,FAIL,FAIL,VALID
final_control_016,0.01,1.0,A_no_torque,FAIL,FAIL,VALID
final_control_016,0.01,1.0,A_binary_unknown_fail,FAIL,FAIL,VALID
final_control_016,0.01,1.0,A_accumulated,FAIL,FAIL,VALID
final_control_016,0.01,1.0,A_net_aggregation,FAIL,FAIL,VALID
final_control_016,0.01,1.0,B0,FAIL,FAIL,VALID
final_control_016,0.01,1.0,B1,FAIL,FAIL,VALID
final_control_016,0.01,1.0,B2,FAIL,FAIL,VALID
final_control_016,0.01,1.0,B3,FAIL,FAIL,VALID
final_control_016,0.01,1.0,B4_normal,FAIL,FAIL,VALID
final_control_017,1e-06,0.0001,B5,PASS,PASS,VALID
final_control_017,1e-06,0.0001,B4,PASS,PASS,VALID
final_control_017,1e-06,0.0001,A_no_geometry,PASS,PASS,VALID
final_control_017,1e-06,0.0001,A_no_torque,PASS,PASS,VALID
final_control_017,1e-06,0.0001,A_binary_unknown_fail,PASS,PASS,VALID
final_control_017,1e-06,0.0001,A_accumulated,PASS,PASS,VALID
final_control_017,1e-06,0.0001,A_net_aggregation,PASS,PASS,VALID
final_control_017,1e-06,0.0001,B0,PASS,PASS,VALID
final_control_017,1e-06,0.0001,B1,PASS,PASS,VALID
final_control_017,1e-06,0.0001,B2,FAIL,PASS,VALID
final_control_017,1e-06,0.0001,B3,PASS,PASS,VALID
final_control_017,1e-06,0.0001,B4_normal,PASS,PASS,VALID
final_control_017,1e-05,0.001,B5,PASS,PASS,VALID
final_control_017,1e-05,0.001,B4,PASS,PASS,VALID
final_control_017,1e-05,0.001,A_no_geometry,PASS,PASS,VALID
final_control_017,1e-05,0.001,A_no_torque,PASS,PASS,VALID
final_control_017,1e-05,0.001,A_binary_unknown_fail,PASS,PASS,VALID
final_control_017,1e-05,0.001,A_accumulated,PASS,PASS,VALID
final_control_017,1e-05,0.001,A_net_aggregation,PASS,PASS,VALID
final_control_017,1e-05,0.001,B0,PASS,PASS,VALID
final_control_017,1e-05,0.001,B1,PASS,PASS,VALID
final_control_017,1e-05,0.001,B2,FAIL,PASS,VALID
final_control_017,1e-05,0.001,B3,PASS,PASS,VALID
final_control_017,1e-05,0.001,B4_normal,PASS,PASS,VALID
final_control_017,0.0001,0.01,B5,PASS,PASS,VALID
final_control_017,0.0001,0.01,B4,PASS,PASS,VALID
final_control_017,0.0001,0.01,A_no_geometry,PASS,PASS,VALID
final_control_017,0.0001,0.01,A_no_torque,PASS,PASS,VALID
final_control_017,0.0001,0.01,A_binary_unknown_fail,PASS,PASS,VALID
final_control_017,0.0001,0.01,A_accumulated,PASS,PASS,VALID
final_control_017,0.0001,0.01,A_net_aggregation,PASS,PASS,VALID
final_control_017,0.0001,0.01,B0,PASS,PASS,VALID
final_control_017,0.0001,0.01,B1,PASS,PASS,VALID
final_control_017,0.0001,0.01,B2,FAIL,PASS,VALID
final_control_017,0.0001,0.01,B3,PASS,PASS,VALID
final_control_017,0.0001,0.01,B4_normal,PASS,PASS,VALID
final_control_017,0.001,0.1,B5,PASS,PASS,VALID
final_control_017,0.001,0.1,B4,PASS,PASS,VALID
final_control_017,0.001,0.1,A_no_geometry,PASS,PASS,VALID
final_control_017,0.001,0.1,A_no_torque,PASS,PASS,VALID
final_control_017,0.001,0.1,A_binary_unknown_fail,PASS,PASS,VALID
final_control_017,0.001,0.1,A_accumulated,PASS,PASS,VALID
final_control_017,0.001,0.1,A_net_aggregation,PASS,PASS,VALID
final_control_017,0.001,0.1,B0,PASS,PASS,VALID
final_control_017,0.001,0.1,B1,PASS,PASS,VALID
final_control_017,0.001,0.1,B2,FAIL,PASS,VALID
final_control_017,0.001,0.1,B3,PASS,PASS,VALID
final_control_017,0.001,0.1,B4_normal,PASS,PASS,VALID
final_control_017,0.01,1.0,B5,PASS,PASS,VALID
final_control_017,0.01,1.0,B4,PASS,PASS,VALID
final_control_017,0.01,1.0,A_no_geometry,PASS,PASS,VALID
final_control_017,0.01,1.0,A_no_torque,PASS,PASS,VALID
final_control_017,0.01,1.0,A_binary_unknown_fail,PASS,PASS,VALID
final_control_017,0.01,1.0,A_accumulated,PASS,PASS,VALID
final_control_017,0.01,1.0,A_net_aggregation,PASS,PASS,VALID
final_control_017,0.01,1.0,B0,PASS,PASS,VALID
final_control_017,0.01,1.0,B1,PASS,PASS,VALID
final_control_017,0.01,1.0,B2,FAIL,PASS,VALID
final_control_017,0.01,1.0,B3,PASS,PASS,VALID
final_control_017,0.01,1.0,B4_normal,PASS,PASS,VALID
final_control_018,1e-06,0.0001,B5,FAIL,FAIL,VALID
final_control_018,1e-06,0.0001,B4,FAIL,FAIL,VALID
final_control_018,1e-06,0.0001,A_no_geometry,FAIL,FAIL,VALID
final_control_018,1e-06,0.0001,A_no_torque,FAIL,FAIL,VALID
final_control_018,1e-06,0.0001,A_binary_unknown_fail,FAIL,FAIL,VALID
final_control_018,1e-06,0.0001,A_accumulated,FAIL,FAIL,VALID
final_control_018,1e-06,0.0001,A_net_aggregation,FAIL,FAIL,VALID
final_control_018,1e-06,0.0001,B0,PASS,FAIL,VALID
final_control_018,1e-06,0.0001,B1,PASS,FAIL,VALID
final_control_018,1e-06,0.0001,B2,FAIL,FAIL,VALID
final_control_018,1e-06,0.0001,B3,FAIL,FAIL,VALID
final_control_018,1e-06,0.0001,B4_normal,FAIL,FAIL,VALID
final_control_018,1e-05,0.001,B5,FAIL,FAIL,VALID
final_control_018,1e-05,0.001,B4,FAIL,FAIL,VALID
final_control_018,1e-05,0.001,A_no_geometry,FAIL,FAIL,VALID
final_control_018,1e-05,0.001,A_no_torque,FAIL,FAIL,VALID
final_control_018,1e-05,0.001,A_binary_unknown_fail,FAIL,FAIL,VALID
final_control_018,1e-05,0.001,A_accumulated,FAIL,FAIL,VALID
final_control_018,1e-05,0.001,A_net_aggregation,FAIL,FAIL,VALID
final_control_018,1e-05,0.001,B0,PASS,FAIL,VALID
final_control_018,1e-05,0.001,B1,PASS,FAIL,VALID
final_control_018,1e-05,0.001,B2,FAIL,FAIL,VALID
final_control_018,1e-05,0.001,B3,FAIL,FAIL,VALID
final_control_018,1e-05,0.001,B4_normal,FAIL,FAIL,VALID
final_control_018,0.0001,0.01,B5,FAIL,FAIL,VALID
final_control_018,0.0001,0.01,B4,FAIL,FAIL,VALID
final_control_018,0.0001,0.01,A_no_geometry,FAIL,FAIL,VALID
final_control_018,0.0001,0.01,A_no_torque,FAIL,FAIL,VALID
final_control_018,0.0001,0.01,A_binary_unknown_fail,FAIL,FAIL,VALID
final_control_018,0.0001,0.01,A_accumulated,FAIL,FAIL,VALID
final_control_018,0.0001,0.01,A_net_aggregation,FAIL,FAIL,VALID
final_control_018,0.0001,0.01,B0,PASS,FAIL,VALID
final_control_018,0.0001,0.01,B1,PASS,FAIL,VALID
final_control_018,0.0001,0.01,B2,FAIL,FAIL,VALID
final_control_018,0.0001,0.01,B3,FAIL,FAIL,VALID
final_control_018,0.0001,0.01,B4_normal,FAIL,FAIL,VALID
final_control_018,0.001,0.1,B5,FAIL,FAIL,VALID
final_control_018,0.001,0.1,B4,FAIL,FAIL,VALID
final_control_018,0.001,0.1,A_no_geometry,FAIL,FAIL,VALID
final_control_018,0.001,0.1,A_no_torque,FAIL,FAIL,VALID
final_control_018,0.001,0.1,A_binary_unknown_fail,FAIL,FAIL,VALID
final_control_018,0.001,0.1,A_accumulated,FAIL,FAIL,VALID
final_control_018,0.001,0.1,A_net_aggregation,FAIL,FAIL,VALID
final_control_018,0.001,0.1,B0,PASS,FAIL,VALID
final_control_018,0.001,0.1,B1,PASS,FAIL,VALID
final_control_018,0.001,0.1,B2,FAIL,FAIL,VALID
final_control_018,0.001,0.1,B3,FAIL,FAIL,VALID
final_control_018,0.001,0.1,B4_normal,FAIL,FAIL,VALID
final_control_018,0.01,1.0,B5,FAIL,FAIL,VALID
final_control_018,0.01,1.0,B4,FAIL,FAIL,VALID
final_control_018,0.01,1.0,A_no_geometry,FAIL,FAIL,VALID
final_control_018,0.01,1.0,A_no_torque,FAIL,FAIL,VALID
final_control_018,0.01,1.0,A_binary_unknown_fail,FAIL,FAIL,VALID
final_control_018,0.01,1.0,A_accumulated,FAIL,FAIL,VALID
final_control_018,0.01,1.0,A_net_aggregation,FAIL,FAIL,VALID
final_control_018,0.01,1.0,B0,PASS,FAIL,VALID
final_control_018,0.01,1.0,B1,PASS,FAIL,VALID
final_control_018,0.01,1.0,B2,FAIL,FAIL,VALID
final_control_018,0.01,1.0,B3,FAIL,FAIL,VALID
final_control_018,0.01,1.0,B4_normal,FAIL,FAIL,VALID
final_control_019,1e-06,0.0001,B5,FAIL,FAIL,VALID
final_control_019,1e-06,0.0001,B4,FAIL,FAIL,VALID
final_control_019,1e-06,0.0001,A_no_geometry,FAIL,FAIL,VALID
final_control_019,1e-06,0.0001,A_no_torque,FAIL,FAIL,VALID
final_control_019,1e-06,0.0001,A_binary_unknown_fail,FAIL,FAIL,VALID
final_control_019,1e-06,0.0001,A_accumulated,FAIL,FAIL,VALID
final_control_019,1e-06,0.0001,A_net_aggregation,FAIL,FAIL,VALID
final_control_019,1e-06,0.0001,B0,PASS,FAIL,VALID
final_control_019,1e-06,0.0001,B1,PASS,FAIL,VALID
final_control_019,1e-06,0.0001,B2,FAIL,FAIL,VALID
final_control_019,1e-06,0.0001,B3,FAIL,FAIL,VALID
final_control_019,1e-06,0.0001,B4_normal,FAIL,FAIL,VALID
final_control_019,1e-05,0.001,B5,FAIL,FAIL,VALID
final_control_019,1e-05,0.001,B4,FAIL,FAIL,VALID
final_control_019,1e-05,0.001,A_no_geometry,FAIL,FAIL,VALID
final_control_019,1e-05,0.001,A_no_torque,FAIL,FAIL,VALID
final_control_019,1e-05,0.001,A_binary_unknown_fail,FAIL,FAIL,VALID
final_control_019,1e-05,0.001,A_accumulated,FAIL,FAIL,VALID
final_control_019,1e-05,0.001,A_net_aggregation,FAIL,FAIL,VALID
final_control_019,1e-05,0.001,B0,PASS,FAIL,VALID
final_control_019,1e-05,0.001,B1,PASS,FAIL,VALID
final_control_019,1e-05,0.001,B2,FAIL,FAIL,VALID
final_control_019,1e-05,0.001,B3,FAIL,FAIL,VALID
final_control_019,1e-05,0.001,B4_normal,FAIL,FAIL,VALID
final_control_019,0.0001,0.01,B5,FAIL,FAIL,VALID
final_control_019,0.0001,0.01,B4,FAIL,FAIL,VALID
final_control_019,0.0001,0.01,A_no_geometry,FAIL,FAIL,VALID
final_control_019,0.0001,0.01,A_no_torque,FAIL,FAIL,VALID
final_control_019,0.0001,0.01,A_binary_unknown_fail,FAIL,FAIL,VALID
final_control_019,0.0001,0.01,A_accumulated,FAIL,FAIL,VALID
final_control_019,0.0001,0.01,A_net_aggregation,FAIL,FAIL,VALID
final_control_019,0.0001,0.01,B0,PASS,FAIL,VALID
final_control_019,0.0001,0.01,B1,PASS,FAIL,VALID
final_control_019,0.0001,0.01,B2,FAIL,FAIL,VALID
final_control_019,0.0001,0.01,B3,FAIL,FAIL,VALID
final_control_019,0.0001,0.01,B4_normal,FAIL,FAIL,VALID
final_control_019,0.001,0.1,B5,FAIL,FAIL,VALID
final_control_019,0.001,0.1,B4,FAIL,FAIL,VALID
final_control_019,0.001,0.1,A_no_geometry,FAIL,FAIL,VALID
final_control_019,0.001,0.1,A_no_torque,FAIL,FAIL,VALID
final_control_019,0.001,0.1,A_binary_unknown_fail,FAIL,FAIL,VALID
final_control_019,0.001,0.1,A_accumulated,FAIL,FAIL,VALID
final_control_019,0.001,0.1,A_net_aggregation,FAIL,FAIL,VALID
final_control_019,0.001,0.1,B0,PASS,FAIL,VALID
final_control_019,0.001,0.1,B1,PASS,FAIL,VALID
final_control_019,0.001,0.1,B2,FAIL,FAIL,VALID
final_control_019,0.001,0.1,B3,FAIL,FAIL,VALID
final_control_019,0.001,0.1,B4_normal,FAIL,FAIL,VALID
final_control_019,0.01,1.0,B5,FAIL,FAIL,VALID
final_control_019,0.01,1.0,B4,FAIL,FAIL,VALID
final_control_019,0.01,1.0,A_no_geometry,FAIL,FAIL,VALID
final_control_019,0.01,1.0,A_no_torque,FAIL,FAIL,VALID
final_control_019,0.01,1.0,A_binary_unknown_fail,FAIL,FAIL,VALID
final_control_019,0.01,1.0,A_accumulated,INDETERMINATE,FAIL,VALID
final_control_019,0.01,1.0,A_net_aggregation,FAIL,FAIL,VALID
final_control_019,0.01,1.0,B0,PASS,FAIL,VALID
final_control_019,0.01,1.0,B1,PASS,FAIL,VALID
final_control_019,0.01,1.0,B2,FAIL,FAIL,VALID
final_control_019,0.01,1.0,B3,FAIL,FAIL,VALID
final_control_019,0.01,1.0,B4_normal,INDETERMINATE,FAIL,VALID
final_control_020,1e-06,0.0001,B5,FAIL,FAIL,VALID
final_control_020,1e-06,0.0001,B4,FAIL,FAIL,VALID
final_control_020,1e-06,0.0001,A_no_geometry,FAIL,FAIL,VALID
final_control_020,1e-06,0.0001,A_no_torque,FAIL,FAIL,VALID
final_control_020,1e-06,0.0001,A_binary_unknown_fail,FAIL,FAIL,VALID
final_control_020,1e-06,0.0001,A_accumulated,FAIL,FAIL,VALID
final_control_020,1e-06,0.0001,A_net_aggregation,FAIL,FAIL,VALID
final_control_020,1e-06,0.0001,B0,PASS,FAIL,VALID
final_control_020,1e-06,0.0001,B1,PASS,FAIL,VALID
final_control_020,1e-06,0.0001,B2,FAIL,FAIL,VALID
final_control_020,1e-06,0.0001,B3,FAIL,FAIL,VALID
final_control_020,1e-06,0.0001,B4_normal,FAIL,FAIL,VALID
final_control_020,1e-05,0.001,B5,FAIL,FAIL,VALID
final_control_020,1e-05,0.001,B4,FAIL,FAIL,VALID
final_control_020,1e-05,0.001,A_no_geometry,FAIL,FAIL,VALID
final_control_020,1e-05,0.001,A_no_torque,FAIL,FAIL,VALID
final_control_020,1e-05,0.001,A_binary_unknown_fail,FAIL,FAIL,VALID
final_control_020,1e-05,0.001,A_accumulated,FAIL,FAIL,VALID
final_control_020,1e-05,0.001,A_net_aggregation,FAIL,FAIL,VALID
final_control_020,1e-05,0.001,B0,PASS,FAIL,VALID
final_control_020,1e-05,0.001,B1,PASS,FAIL,VALID
final_control_020,1e-05,0.001,B2,FAIL,FAIL,VALID
final_control_020,1e-05,0.001,B3,FAIL,FAIL,VALID
final_control_020,1e-05,0.001,B4_normal,FAIL,FAIL,VALID
final_control_020,0.0001,0.01,B5,FAIL,FAIL,VALID
final_control_020,0.0001,0.01,B4,FAIL,FAIL,VALID
final_control_020,0.0001,0.01,A_no_geometry,FAIL,FAIL,VALID
final_control_020,0.0001,0.01,A_no_torque,FAIL,FAIL,VALID
final_control_020,0.0001,0.01,A_binary_unknown_fail,FAIL,FAIL,VALID
final_control_020,0.0001,0.01,A_accumulated,FAIL,FAIL,VALID
final_control_020,0.0001,0.01,A_net_aggregation,FAIL,FAIL,VALID
final_control_020,0.0001,0.01,B0,PASS,FAIL,VALID
final_control_020,0.0001,0.01,B1,PASS,FAIL,VALID
final_control_020,0.0001,0.01,B2,FAIL,FAIL,VALID
final_control_020,0.0001,0.01,B3,FAIL,FAIL,VALID
final_control_020,0.0001,0.01,B4_normal,FAIL,FAIL,VALID
final_control_020,0.001,0.1,B5,FAIL,FAIL,VALID
final_control_020,0.001,0.1,B4,FAIL,FAIL,VALID
final_control_020,0.001,0.1,A_no_geometry,FAIL,FAIL,VALID
final_control_020,0.001,0.1,A_no_torque,FAIL,FAIL,VALID
final_control_020,0.001,0.1,A_binary_unknown_fail,FAIL,FAIL,VALID
final_control_020,0.001,0.1,A_accumulated,FAIL,FAIL,VALID
final_control_020,0.001,0.1,A_net_aggregation,FAIL,FAIL,VALID
final_control_020,0.001,0.1,B0,PASS,FAIL,VALID
final_control_020,0.001,0.1,B1,PASS,FAIL,VALID
final_control_020,0.001,0.1,B2,FAIL,FAIL,VALID
final_control_020,0.001,0.1,B3,FAIL,FAIL,VALID
final_control_020,0.001,0.1,B4_normal,FAIL,FAIL,VALID
final_control_020,0.01,1.0,B5,FAIL,FAIL,VALID
final_control_020,0.01,1.0,B4,FAIL,FAIL,VALID
final_control_020,0.01,1.0,A_no_geometry,FAIL,FAIL,VALID
final_control_020,0.01,1.0,A_no_torque,FAIL,FAIL,VALID
final_control_020,0.01,1.0,A_binary_unknown_fail,FAIL,FAIL,VALID
final_control_020,0.01,1.0,A_accumulated,FAIL,FAIL,VALID
final_control_020,0.01,1.0,A_net_aggregation,INDETERMINATE,FAIL,VALID
final_control_020,0.01,1.0,B0,PASS,FAIL,VALID
final_control_020,0.01,1.0,B1,PASS,FAIL,VALID
final_control_020,0.01,1.0,B2,FAIL,FAIL,VALID
final_control_020,0.01,1.0,B3,FAIL,FAIL,VALID
final_control_020,0.01,1.0,B4_normal,FAIL,FAIL,VALID
final_control_021,1e-06,0.0001,B5,FAIL,FAIL,VALID
final_control_021,1e-06,0.0001,B4,FAIL,FAIL,VALID
final_control_021,1e-06,0.0001,A_no_geometry,FAIL,FAIL,VALID
final_control_021,1e-06,0.0001,A_no_torque,FAIL,FAIL,VALID
final_control_021,1e-06,0.0001,A_binary_unknown_fail,FAIL,FAIL,VALID
final_control_021,1e-06,0.0001,A_accumulated,FAIL,FAIL,VALID
final_control_021,1e-06,0.0001,A_net_aggregation,FAIL,FAIL,VALID
final_control_021,1e-06,0.0001,B0,PASS,FAIL,VALID
final_control_021,1e-06,0.0001,B1,PASS,FAIL,VALID
final_control_021,1e-06,0.0001,B2,FAIL,FAIL,VALID
final_control_021,1e-06,0.0001,B3,FAIL,FAIL,VALID
final_control_021,1e-06,0.0001,B4_normal,FAIL,FAIL,VALID
final_control_021,1e-05,0.001,B5,FAIL,FAIL,VALID
final_control_021,1e-05,0.001,B4,FAIL,FAIL,VALID
final_control_021,1e-05,0.001,A_no_geometry,FAIL,FAIL,VALID
final_control_021,1e-05,0.001,A_no_torque,FAIL,FAIL,VALID
final_control_021,1e-05,0.001,A_binary_unknown_fail,FAIL,FAIL,VALID
final_control_021,1e-05,0.001,A_accumulated,FAIL,FAIL,VALID
final_control_021,1e-05,0.001,A_net_aggregation,FAIL,FAIL,VALID
final_control_021,1e-05,0.001,B0,PASS,FAIL,VALID
final_control_021,1e-05,0.001,B1,PASS,FAIL,VALID
final_control_021,1e-05,0.001,B2,FAIL,FAIL,VALID
final_control_021,1e-05,0.001,B3,FAIL,FAIL,VALID
final_control_021,1e-05,0.001,B4_normal,FAIL,FAIL,VALID
final_control_021,0.0001,0.01,B5,FAIL,FAIL,VALID
final_control_021,0.0001,0.01,B4,FAIL,FAIL,VALID
final_control_021,0.0001,0.01,A_no_geometry,FAIL,FAIL,VALID
final_control_021,0.0001,0.01,A_no_torque,FAIL,FAIL,VALID
final_control_021,0.0001,0.01,A_binary_unknown_fail,FAIL,FAIL,VALID
final_control_021,0.0001,0.01,A_accumulated,FAIL,FAIL,VALID
final_control_021,0.0001,0.01,A_net_aggregation,FAIL,FAIL,VALID
final_control_021,0.0001,0.01,B0,PASS,FAIL,VALID
final_control_021,0.0001,0.01,B1,PASS,FAIL,VALID
final_control_021,0.0001,0.01,B2,FAIL,FAIL,VALID
final_control_021,0.0001,0.01,B3,FAIL,FAIL,VALID
final_control_021,0.0001,0.01,B4_normal,FAIL,FAIL,VALID
final_control_021,0.001,0.1,B5,FAIL,FAIL,VALID
final_control_021,0.001,0.1,B4,FAIL,FAIL,VALID
final_control_021,0.001,0.1,A_no_geometry,FAIL,FAIL,VALID
final_control_021,0.001,0.1,A_no_torque,FAIL,FAIL,VALID
final_control_021,0.001,0.1,A_binary_unknown_fail,FAIL,FAIL,VALID
final_control_021,0.001,0.1,A_accumulated,FAIL,FAIL,VALID
final_control_021,0.001,0.1,A_net_aggregation,FAIL,FAIL,VALID
final_control_021,0.001,0.1,B0,PASS,FAIL,VALID
final_control_021,0.001,0.1,B1,PASS,FAIL,VALID
final_control_021,0.001,0.1,B2,FAIL,FAIL,VALID
final_control_021,0.001,0.1,B3,FAIL,FAIL,VALID
final_control_021,0.001,0.1,B4_normal,FAIL,FAIL,VALID
final_control_021,0.01,1.0,B5,FAIL,FAIL,VALID
final_control_021,0.01,1.0,B4,FAIL,FAIL,VALID
final_control_021,0.01,1.0,A_no_geometry,FAIL,FAIL,VALID
final_control_021,0.01,1.0,A_no_torque,FAIL,FAIL,VALID
final_control_021,0.01,1.0,A_binary_unknown_fail,FAIL,FAIL,VALID
final_control_021,0.01,1.0,A_accumulated,INDETERMINATE,FAIL,VALID
final_control_021,0.01,1.0,A_net_aggregation,FAIL,FAIL,VALID
final_control_021,0.01,1.0,B0,PASS,FAIL,VALID
final_control_021,0.01,1.0,B1,PASS,FAIL,VALID
final_control_021,0.01,1.0,B2,FAIL,FAIL,VALID
final_control_021,0.01,1.0,B3,FAIL,FAIL,VALID
final_control_021,0.01,1.0,B4_normal,FAIL,FAIL,VALID
final_control_022,1e-06,0.0001,B5,FAIL,FAIL,VALID
final_control_022,1e-06,0.0001,B4,FAIL,FAIL,VALID
final_control_022,1e-06,0.0001,A_no_geometry,FAIL,FAIL,VALID
final_control_022,1e-06,0.0001,A_no_torque,FAIL,FAIL,VALID
final_control_022,1e-06,0.0001,A_binary_unknown_fail,FAIL,FAIL,VALID
final_control_022,1e-06,0.0001,A_accumulated,FAIL,FAIL,VALID
final_control_022,1e-06,0.0001,A_net_aggregation,FAIL,FAIL,VALID
final_control_022,1e-06,0.0001,B0,FAIL,FAIL,VALID
final_control_022,1e-06,0.0001,B1,FAIL,FAIL,VALID
final_control_022,1e-06,0.0001,B2,FAIL,FAIL,VALID
final_control_022,1e-06,0.0001,B3,FAIL,FAIL,VALID
final_control_022,1e-06,0.0001,B4_normal,FAIL,FAIL,VALID
final_control_022,1e-05,0.001,B5,FAIL,FAIL,VALID
final_control_022,1e-05,0.001,B4,FAIL,FAIL,VALID
final_control_022,1e-05,0.001,A_no_geometry,FAIL,FAIL,VALID
final_control_022,1e-05,0.001,A_no_torque,FAIL,FAIL,VALID
final_control_022,1e-05,0.001,A_binary_unknown_fail,FAIL,FAIL,VALID
final_control_022,1e-05,0.001,A_accumulated,FAIL,FAIL,VALID
final_control_022,1e-05,0.001,A_net_aggregation,FAIL,FAIL,VALID
final_control_022,1e-05,0.001,B0,FAIL,FAIL,VALID
final_control_022,1e-05,0.001,B1,FAIL,FAIL,VALID
final_control_022,1e-05,0.001,B2,FAIL,FAIL,VALID
final_control_022,1e-05,0.001,B3,FAIL,FAIL,VALID
final_control_022,1e-05,0.001,B4_normal,FAIL,FAIL,VALID
final_control_022,0.0001,0.01,B5,FAIL,FAIL,VALID
final_control_022,0.0001,0.01,B4,FAIL,FAIL,VALID
final_control_022,0.0001,0.01,A_no_geometry,FAIL,FAIL,VALID
final_control_022,0.0001,0.01,A_no_torque,FAIL,FAIL,VALID
final_control_022,0.0001,0.01,A_binary_unknown_fail,FAIL,FAIL,VALID
final_control_022,0.0001,0.01,A_accumulated,FAIL,FAIL,VALID
final_control_022,0.0001,0.01,A_net_aggregation,FAIL,FAIL,VALID
final_control_022,0.0001,0.01,B0,FAIL,FAIL,VALID
final_control_022,0.0001,0.01,B1,FAIL,FAIL,VALID
final_control_022,0.0001,0.01,B2,FAIL,FAIL,VALID
final_control_022,0.0001,0.01,B3,FAIL,FAIL,VALID
final_control_022,0.0001,0.01,B4_normal,FAIL,FAIL,VALID
final_control_022,0.001,0.1,B5,FAIL,FAIL,VALID
final_control_022,0.001,0.1,B4,FAIL,FAIL,VALID
final_control_022,0.001,0.1,A_no_geometry,FAIL,FAIL,VALID
final_control_022,0.001,0.1,A_no_torque,FAIL,FAIL,VALID
final_control_022,0.001,0.1,A_binary_unknown_fail,FAIL,FAIL,VALID
final_control_022,0.001,0.1,A_accumulated,FAIL,FAIL,VALID
final_control_022,0.001,0.1,A_net_aggregation,FAIL,FAIL,VALID
final_control_022,0.001,0.1,B0,FAIL,FAIL,VALID
final_control_022,0.001,0.1,B1,FAIL,FAIL,VALID
final_control_022,0.001,0.1,B2,FAIL,FAIL,VALID
final_control_022,0.001,0.1,B3,FAIL,FAIL,VALID
final_control_022,0.001,0.1,B4_normal,FAIL,FAIL,VALID
final_control_022,0.01,1.0,B5,FAIL,FAIL,VALID
final_control_022,0.01,1.0,B4,FAIL,FAIL,VALID
final_control_022,0.01,1.0,A_no_geometry,FAIL,FAIL,VALID
final_control_022,0.01,1.0,A_no_torque,FAIL,FAIL,VALID
final_control_022,0.01,1.0,A_binary_unknown_fail,FAIL,FAIL,VALID
final_control_022,0.01,1.0,A_accumulated,FAIL,FAIL,VALID
final_control_022,0.01,1.0,A_net_aggregation,FAIL,FAIL,VALID
final_control_022,0.01,1.0,B0,FAIL,FAIL,VALID
final_control_022,0.01,1.0,B1,FAIL,FAIL,VALID
final_control_022,0.01,1.0,B2,FAIL,FAIL,VALID
final_control_022,0.01,1.0,B3,FAIL,FAIL,VALID
final_control_022,0.01,1.0,B4_normal,FAIL,FAIL,VALID
final_control_023,1e-06,0.0001,B5,PASS,PASS,VALID
final_control_023,1e-06,0.0001,B4,PASS,PASS,VALID
final_control_023,1e-06,0.0001,A_no_geometry,PASS,PASS,VALID
final_control_023,1e-06,0.0001,A_no_torque,PASS,PASS,VALID
final_control_023,1e-06,0.0001,A_binary_unknown_fail,PASS,PASS,VALID
final_control_023,1e-06,0.0001,A_accumulated,PASS,PASS,VALID
final_control_023,1e-06,0.0001,A_net_aggregation,PASS,PASS,VALID
final_control_023,1e-06,0.0001,B0,PASS,PASS,VALID
final_control_023,1e-06,0.0001,B1,PASS,PASS,VALID
final_control_023,1e-06,0.0001,B2,FAIL,PASS,VALID
final_control_023,1e-06,0.0001,B3,PASS,PASS,VALID
final_control_023,1e-06,0.0001,B4_normal,PASS,PASS,VALID
final_control_023,1e-05,0.001,B5,PASS,PASS,VALID
final_control_023,1e-05,0.001,B4,PASS,PASS,VALID
final_control_023,1e-05,0.001,A_no_geometry,PASS,PASS,VALID
final_control_023,1e-05,0.001,A_no_torque,PASS,PASS,VALID
final_control_023,1e-05,0.001,A_binary_unknown_fail,PASS,PASS,VALID
final_control_023,1e-05,0.001,A_accumulated,PASS,PASS,VALID
final_control_023,1e-05,0.001,A_net_aggregation,PASS,PASS,VALID
final_control_023,1e-05,0.001,B0,PASS,PASS,VALID
final_control_023,1e-05,0.001,B1,PASS,PASS,VALID
final_control_023,1e-05,0.001,B2,FAIL,PASS,VALID
final_control_023,1e-05,0.001,B3,PASS,PASS,VALID
final_control_023,1e-05,0.001,B4_normal,PASS,PASS,VALID
final_control_023,0.0001,0.01,B5,PASS,PASS,VALID
final_control_023,0.0001,0.01,B4,PASS,PASS,VALID
final_control_023,0.0001,0.01,A_no_geometry,PASS,PASS,VALID
final_control_023,0.0001,0.01,A_no_torque,PASS,PASS,VALID
final_control_023,0.0001,0.01,A_binary_unknown_fail,PASS,PASS,VALID
final_control_023,0.0001,0.01,A_accumulated,PASS,PASS,VALID
final_control_023,0.0001,0.01,A_net_aggregation,PASS,PASS,VALID
final_control_023,0.0001,0.01,B0,PASS,PASS,VALID
final_control_023,0.0001,0.01,B1,PASS,PASS,VALID
final_control_023,0.0001,0.01,B2,FAIL,PASS,VALID
final_control_023,0.0001,0.01,B3,PASS,PASS,VALID
final_control_023,0.0001,0.01,B4_normal,PASS,PASS,VALID
final_control_023,0.001,0.1,B5,PASS,PASS,VALID
final_control_023,0.001,0.1,B4,PASS,PASS,VALID
final_control_023,0.001,0.1,A_no_geometry,PASS,PASS,VALID
final_control_023,0.001,0.1,A_no_torque,PASS,PASS,VALID
final_control_023,0.001,0.1,A_binary_unknown_fail,PASS,PASS,VALID
final_control_023,0.001,0.1,A_accumulated,PASS,PASS,VALID
final_control_023,0.001,0.1,A_net_aggregation,PASS,PASS,VALID
final_control_023,0.001,0.1,B0,PASS,PASS,VALID
final_control_023,0.001,0.1,B1,PASS,PASS,VALID
final_control_023,0.001,0.1,B2,FAIL,PASS,VALID
final_control_023,0.001,0.1,B3,PASS,PASS,VALID
final_control_023,0.001,0.1,B4_normal,PASS,PASS,VALID
final_control_023,0.01,1.0,B5,PASS,PASS,VALID
final_control_023,0.01,1.0,B4,PASS,PASS,VALID
final_control_023,0.01,1.0,A_no_geometry,PASS,PASS,VALID
final_control_023,0.01,1.0,A_no_torque,PASS,PASS,VALID
final_control_023,0.01,1.0,A_binary_unknown_fail,PASS,PASS,VALID
final_control_023,0.01,1.0,A_accumulated,PASS,PASS,VALID
final_control_023,0.01,1.0,A_net_aggregation,PASS,PASS,VALID
final_control_023,0.01,1.0,B0,PASS,PASS,VALID
final_control_023,0.01,1.0,B1,PASS,PASS,VALID
final_control_023,0.01,1.0,B2,FAIL,PASS,VALID
final_control_023,0.01,1.0,B3,PASS,PASS,VALID
final_control_023,0.01,1.0,B4_normal,PASS,PASS,VALID
final_control_024,1e-06,0.0001,B5,PASS,PASS,VALID
final_control_024,1e-06,0.0001,B4,PASS,PASS,VALID
final_control_024,1e-06,0.0001,A_no_geometry,PASS,PASS,VALID
final_control_024,1e-06,0.0001,A_no_torque,PASS,PASS,VALID
final_control_024,1e-06,0.0001,A_binary_unknown_fail,PASS,PASS,VALID
final_control_024,1e-06,0.0001,A_accumulated,PASS,PASS,VALID
final_control_024,1e-06,0.0001,A_net_aggregation,PASS,PASS,VALID
final_control_024,1e-06,0.0001,B0,PASS,PASS,VALID
final_control_024,1e-06,0.0001,B1,PASS,PASS,VALID
final_control_024,1e-06,0.0001,B2,PASS,PASS,VALID
final_control_024,1e-06,0.0001,B3,PASS,PASS,VALID
final_control_024,1e-06,0.0001,B4_normal,PASS,PASS,VALID
final_control_024,1e-05,0.001,B5,PASS,PASS,VALID
final_control_024,1e-05,0.001,B4,PASS,PASS,VALID
final_control_024,1e-05,0.001,A_no_geometry,PASS,PASS,VALID
final_control_024,1e-05,0.001,A_no_torque,PASS,PASS,VALID
final_control_024,1e-05,0.001,A_binary_unknown_fail,PASS,PASS,VALID
final_control_024,1e-05,0.001,A_accumulated,PASS,PASS,VALID
final_control_024,1e-05,0.001,A_net_aggregation,PASS,PASS,VALID
final_control_024,1e-05,0.001,B0,PASS,PASS,VALID
final_control_024,1e-05,0.001,B1,PASS,PASS,VALID
final_control_024,1e-05,0.001,B2,PASS,PASS,VALID
final_control_024,1e-05,0.001,B3,PASS,PASS,VALID
final_control_024,1e-05,0.001,B4_normal,PASS,PASS,VALID
final_control_024,0.0001,0.01,B5,PASS,PASS,VALID
final_control_024,0.0001,0.01,B4,PASS,PASS,VALID
final_control_024,0.0001,0.01,A_no_geometry,PASS,PASS,VALID
final_control_024,0.0001,0.01,A_no_torque,PASS,PASS,VALID
final_control_024,0.0001,0.01,A_binary_unknown_fail,PASS,PASS,VALID
final_control_024,0.0001,0.01,A_accumulated,PASS,PASS,VALID
final_control_024,0.0001,0.01,A_net_aggregation,PASS,PASS,VALID
final_control_024,0.0001,0.01,B0,PASS,PASS,VALID
final_control_024,0.0001,0.01,B1,PASS,PASS,VALID
final_control_024,0.0001,0.01,B2,PASS,PASS,VALID
final_control_024,0.0001,0.01,B3,PASS,PASS,VALID
final_control_024,0.0001,0.01,B4_normal,PASS,PASS,VALID
final_control_024,0.001,0.1,B5,PASS,PASS,VALID
final_control_024,0.001,0.1,B4,PASS,PASS,VALID
final_control_024,0.001,0.1,A_no_geometry,PASS,PASS,VALID
final_control_024,0.001,0.1,A_no_torque,PASS,PASS,VALID
final_control_024,0.001,0.1,A_binary_unknown_fail,PASS,PASS,VALID
final_control_024,0.001,0.1,A_accumulated,PASS,PASS,VALID
final_control_024,0.001,0.1,A_net_aggregation,PASS,PASS,VALID
final_control_024,0.001,0.1,B0,PASS,PASS,VALID
final_control_024,0.001,0.1,B1,PASS,PASS,VALID
final_control_024,0.001,0.1,B2,PASS,PASS,VALID
final_control_024,0.001,0.1,B3,PASS,PASS,VALID
final_control_024,0.001,0.1,B4_normal,PASS,PASS,VALID
final_control_024,0.01,1.0,B5,PASS,PASS,VALID
final_control_024,0.01,1.0,B4,PASS,PASS,VALID
final_control_024,0.01,1.0,A_no_geometry,PASS,PASS,VALID
final_control_024,0.01,1.0,A_no_torque,PASS,PASS,VALID
final_control_024,0.01,1.0,A_binary_unknown_fail,PASS,PASS,VALID
final_control_024,0.01,1.0,A_accumulated,PASS,PASS,VALID
final_control_024,0.01,1.0,A_net_aggregation,PASS,PASS,VALID
final_control_024,0.01,1.0,B0,PASS,PASS,VALID
final_control_024,0.01,1.0,B1,PASS,PASS,VALID
final_control_024,0.01,1.0,B2,PASS,PASS,VALID
final_control_024,0.01,1.0,B3,PASS,PASS,VALID
final_control_024,0.01,1.0,B4_normal,PASS,PASS,VALID
final_control_025,1e-06,0.0001,B5,PASS,PASS,VALID
final_control_025,1e-06,0.0001,B4,PASS,PASS,VALID
final_control_025,1e-06,0.0001,A_no_geometry,PASS,PASS,VALID
final_control_025,1e-06,0.0001,A_no_torque,PASS,PASS,VALID
final_control_025,1e-06,0.0001,A_binary_unknown_fail,PASS,PASS,VALID
final_control_025,1e-06,0.0001,A_accumulated,PASS,PASS,VALID
final_control_025,1e-06,0.0001,A_net_aggregation,PASS,PASS,VALID
final_control_025,1e-06,0.0001,B0,PASS,PASS,VALID
final_control_025,1e-06,0.0001,B1,PASS,PASS,VALID
final_control_025,1e-06,0.0001,B2,FAIL,PASS,VALID
final_control_025,1e-06,0.0001,B3,PASS,PASS,VALID
final_control_025,1e-06,0.0001,B4_normal,PASS,PASS,VALID
final_control_025,1e-05,0.001,B5,PASS,PASS,VALID
final_control_025,1e-05,0.001,B4,PASS,PASS,VALID
final_control_025,1e-05,0.001,A_no_geometry,PASS,PASS,VALID
final_control_025,1e-05,0.001,A_no_torque,PASS,PASS,VALID
final_control_025,1e-05,0.001,A_binary_unknown_fail,PASS,PASS,VALID
final_control_025,1e-05,0.001,A_accumulated,PASS,PASS,VALID
final_control_025,1e-05,0.001,A_net_aggregation,PASS,PASS,VALID
final_control_025,1e-05,0.001,B0,PASS,PASS,VALID
final_control_025,1e-05,0.001,B1,PASS,PASS,VALID
final_control_025,1e-05,0.001,B2,FAIL,PASS,VALID
final_control_025,1e-05,0.001,B3,PASS,PASS,VALID
final_control_025,1e-05,0.001,B4_normal,PASS,PASS,VALID
final_control_025,0.0001,0.01,B5,PASS,PASS,VALID
final_control_025,0.0001,0.01,B4,PASS,PASS,VALID
final_control_025,0.0001,0.01,A_no_geometry,PASS,PASS,VALID
final_control_025,0.0001,0.01,A_no_torque,PASS,PASS,VALID
final_control_025,0.0001,0.01,A_binary_unknown_fail,PASS,PASS,VALID
final_control_025,0.0001,0.01,A_accumulated,PASS,PASS,VALID
final_control_025,0.0001,0.01,A_net_aggregation,PASS,PASS,VALID
final_control_025,0.0001,0.01,B0,PASS,PASS,VALID
final_control_025,0.0001,0.01,B1,PASS,PASS,VALID
final_control_025,0.0001,0.01,B2,FAIL,PASS,VALID
final_control_025,0.0001,0.01,B3,PASS,PASS,VALID
final_control_025,0.0001,0.01,B4_normal,PASS,PASS,VALID
final_control_025,0.001,0.1,B5,PASS,PASS,VALID
final_control_025,0.001,0.1,B4,PASS,PASS,VALID
final_control_025,0.001,0.1,A_no_geometry,PASS,PASS,VALID
final_control_025,0.001,0.1,A_no_torque,PASS,PASS,VALID
final_control_025,0.001,0.1,A_binary_unknown_fail,PASS,PASS,VALID
final_control_025,0.001,0.1,A_accumulated,PASS,PASS,VALID
final_control_025,0.001,0.1,A_net_aggregation,PASS,PASS,VALID
final_control_025,0.001,0.1,B0,PASS,PASS,VALID
final_control_025,0.001,0.1,B1,PASS,PASS,VALID
final_control_025,0.001,0.1,B2,FAIL,PASS,VALID
final_control_025,0.001,0.1,B3,PASS,PASS,VALID
final_control_025,0.001,0.1,B4_normal,PASS,PASS,VALID
final_control_025,0.01,1.0,B5,PASS,PASS,VALID
final_control_025,0.01,1.0,B4,PASS,PASS,VALID
final_control_025,0.01,1.0,A_no_geometry,PASS,PASS,VALID
final_control_025,0.01,1.0,A_no_torque,PASS,PASS,VALID
final_control_025,0.01,1.0,A_binary_unknown_fail,PASS,PASS,VALID
final_control_025,0.01,1.0,A_accumulated,PASS,PASS,VALID
final_control_025,0.01,1.0,A_net_aggregation,PASS,PASS,VALID
final_control_025,0.01,1.0,B0,PASS,PASS,VALID
final_control_025,0.01,1.0,B1,PASS,PASS,VALID
final_control_025,0.01,1.0,B2,FAIL,PASS,VALID
final_control_025,0.01,1.0,B3,PASS,PASS,VALID
final_control_025,0.01,1.0,B4_normal,PASS,PASS,VALID
final_control_026,1e-06,0.0001,B5,FAIL,FAIL,VALID
final_control_026,1e-06,0.0001,B4,FAIL,FAIL,VALID
final_control_026,1e-06,0.0001,A_no_geometry,FAIL,FAIL,VALID
final_control_026,1e-06,0.0001,A_no_torque,FAIL,FAIL,VALID
final_control_026,1e-06,0.0001,A_binary_unknown_fail,FAIL,FAIL,VALID
final_control_026,1e-06,0.0001,A_accumulated,FAIL,FAIL,VALID
final_control_026,1e-06,0.0001,A_net_aggregation,FAIL,FAIL,VALID
final_control_026,1e-06,0.0001,B0,PASS,FAIL,VALID
final_control_026,1e-06,0.0001,B1,PASS,FAIL,VALID
final_control_026,1e-06,0.0001,B2,FAIL,FAIL,VALID
final_control_026,1e-06,0.0001,B3,FAIL,FAIL,VALID
final_control_026,1e-06,0.0001,B4_normal,FAIL,FAIL,VALID
final_control_026,1e-05,0.001,B5,FAIL,FAIL,VALID
final_control_026,1e-05,0.001,B4,FAIL,FAIL,VALID
final_control_026,1e-05,0.001,A_no_geometry,FAIL,FAIL,VALID
final_control_026,1e-05,0.001,A_no_torque,FAIL,FAIL,VALID
final_control_026,1e-05,0.001,A_binary_unknown_fail,FAIL,FAIL,VALID
final_control_026,1e-05,0.001,A_accumulated,FAIL,FAIL,VALID
final_control_026,1e-05,0.001,A_net_aggregation,FAIL,FAIL,VALID
final_control_026,1e-05,0.001,B0,PASS,FAIL,VALID
final_control_026,1e-05,0.001,B1,PASS,FAIL,VALID
final_control_026,1e-05,0.001,B2,FAIL,FAIL,VALID
final_control_026,1e-05,0.001,B3,FAIL,FAIL,VALID
final_control_026,1e-05,0.001,B4_normal,FAIL,FAIL,VALID
final_control_026,0.0001,0.01,B5,FAIL,FAIL,VALID
final_control_026,0.0001,0.01,B4,FAIL,FAIL,VALID
final_control_026,0.0001,0.01,A_no_geometry,FAIL,FAIL,VALID
final_control_026,0.0001,0.01,A_no_torque,FAIL,FAIL,VALID
final_control_026,0.0001,0.01,A_binary_unknown_fail,FAIL,FAIL,VALID
final_control_026,0.0001,0.01,A_accumulated,FAIL,FAIL,VALID
final_control_026,0.0001,0.01,A_net_aggregation,FAIL,FAIL,VALID
final_control_026,0.0001,0.01,B0,PASS,FAIL,VALID
final_control_026,0.0001,0.01,B1,PASS,FAIL,VALID
final_control_026,0.0001,0.01,B2,FAIL,FAIL,VALID
final_control_026,0.0001,0.01,B3,FAIL,FAIL,VALID
final_control_026,0.0001,0.01,B4_normal,FAIL,FAIL,VALID
final_control_026,0.001,0.1,B5,FAIL,FAIL,VALID
final_control_026,0.001,0.1,B4,FAIL,FAIL,VALID
final_control_026,0.001,0.1,A_no_geometry,FAIL,FAIL,VALID
final_control_026,0.001,0.1,A_no_torque,FAIL,FAIL,VALID
final_control_026,0.001,0.1,A_binary_unknown_fail,FAIL,FAIL,VALID
final_control_026,0.001,0.1,A_accumulated,FAIL,FAIL,VALID
final_control_026,0.001,0.1,A_net_aggregation,FAIL,FAIL,VALID
final_control_026,0.001,0.1,B0,PASS,FAIL,VALID
final_control_026,0.001,0.1,B1,PASS,FAIL,VALID
final_control_026,0.001,0.1,B2,FAIL,FAIL,VALID
final_control_026,0.001,0.1,B3,FAIL,FAIL,VALID
final_control_026,0.001,0.1,B4_normal,FAIL,FAIL,VALID
final_control_026,0.01,1.0,B5,FAIL,FAIL,VALID
final_control_026,0.01,1.0,B4,FAIL,FAIL,VALID
final_control_026,0.01,1.0,A_no_geometry,FAIL,FAIL,VALID
final_control_026,0.01,1.0,A_no_torque,FAIL,FAIL,VALID
final_control_026,0.01,1.0,A_binary_unknown_fail,FAIL,FAIL,VALID
final_control_026,0.01,1.0,A_accumulated,FAIL,FAIL,VALID
final_control_026,0.01,1.0,A_net_aggregation,FAIL,FAIL,VALID
final_control_026,0.01,1.0,B0,PASS,FAIL,VALID
final_control_026,0.01,1.0,B1,PASS,FAIL,VALID
final_control_026,0.01,1.0,B2,FAIL,FAIL,VALID
final_control_026,0.01,1.0,B3,FAIL,FAIL,VALID
final_control_026,0.01,1.0,B4_normal,FAIL,FAIL,VALID
final_control_027,1e-06,0.0001,B5,FAIL,FAIL,VALID
final_control_027,1e-06,0.0001,B4,FAIL,FAIL,VALID
final_control_027,1e-06,0.0001,A_no_geometry,FAIL,FAIL,VALID
final_control_027,1e-06,0.0001,A_no_torque,FAIL,FAIL,VALID
final_control_027,1e-06,0.0001,A_binary_unknown_fail,FAIL,FAIL,VALID
final_control_027,1e-06,0.0001,A_accumulated,FAIL,FAIL,VALID
final_control_027,1e-06,0.0001,A_net_aggregation,FAIL,FAIL,VALID
final_control_027,1e-06,0.0001,B0,PASS,FAIL,VALID
final_control_027,1e-06,0.0001,B1,PASS,FAIL,VALID
final_control_027,1e-06,0.0001,B2,FAIL,FAIL,VALID
final_control_027,1e-06,0.0001,B3,FAIL,FAIL,VALID
final_control_027,1e-06,0.0001,B4_normal,FAIL,FAIL,VALID
final_control_027,1e-05,0.001,B5,FAIL,FAIL,VALID
final_control_027,1e-05,0.001,B4,FAIL,FAIL,VALID
final_control_027,1e-05,0.001,A_no_geometry,FAIL,FAIL,VALID
final_control_027,1e-05,0.001,A_no_torque,FAIL,FAIL,VALID
final_control_027,1e-05,0.001,A_binary_unknown_fail,FAIL,FAIL,VALID
final_control_027,1e-05,0.001,A_accumulated,FAIL,FAIL,VALID
final_control_027,1e-05,0.001,A_net_aggregation,FAIL,FAIL,VALID
final_control_027,1e-05,0.001,B0,PASS,FAIL,VALID
final_control_027,1e-05,0.001,B1,PASS,FAIL,VALID
final_control_027,1e-05,0.001,B2,FAIL,FAIL,VALID
final_control_027,1e-05,0.001,B3,FAIL,FAIL,VALID
final_control_027,1e-05,0.001,B4_normal,FAIL,FAIL,VALID
final_control_027,0.0001,0.01,B5,FAIL,FAIL,VALID
final_control_027,0.0001,0.01,B4,FAIL,FAIL,VALID
final_control_027,0.0001,0.01,A_no_geometry,FAIL,FAIL,VALID
final_control_027,0.0001,0.01,A_no_torque,FAIL,FAIL,VALID
final_control_027,0.0001,0.01,A_binary_unknown_fail,FAIL,FAIL,VALID
final_control_027,0.0001,0.01,A_accumulated,FAIL,FAIL,VALID
final_control_027,0.0001,0.01,A_net_aggregation,FAIL,FAIL,VALID
final_control_027,0.0001,0.01,B0,PASS,FAIL,VALID
final_control_027,0.0001,0.01,B1,PASS,FAIL,VALID
final_control_027,0.0001,0.01,B2,FAIL,FAIL,VALID
final_control_027,0.0001,0.01,B3,FAIL,FAIL,VALID
final_control_027,0.0001,0.01,B4_normal,FAIL,FAIL,VALID
final_control_027,0.001,0.1,B5,FAIL,FAIL,VALID
final_control_027,0.001,0.1,B4,FAIL,FAIL,VALID
final_control_027,0.001,0.1,A_no_geometry,FAIL,FAIL,VALID
final_control_027,0.001,0.1,A_no_torque,FAIL,FAIL,VALID
final_control_027,0.001,0.1,A_binary_unknown_fail,FAIL,FAIL,VALID
final_control_027,0.001,0.1,A_accumulated,FAIL,FAIL,VALID
final_control_027,0.001,0.1,A_net_aggregation,FAIL,FAIL,VALID
final_control_027,0.001,0.1,B0,PASS,FAIL,VALID
final_control_027,0.001,0.1,B1,PASS,FAIL,VALID
final_control_027,0.001,0.1,B2,FAIL,FAIL,VALID
final_control_027,0.001,0.1,B3,FAIL,FAIL,VALID
final_control_027,0.001,0.1,B4_normal,FAIL,FAIL,VALID
final_control_027,0.01,1.0,B5,FAIL,FAIL,VALID
final_control_027,0.01,1.0,B4,FAIL,FAIL,VALID
final_control_027,0.01,1.0,A_no_geometry,FAIL,FAIL,VALID
final_control_027,0.01,1.0,A_no_torque,FAIL,FAIL,VALID
final_control_027,0.01,1.0,A_binary_unknown_fail,FAIL,FAIL,VALID
final_control_027,0.01,1.0,A_accumulated,FAIL,FAIL,VALID
final_control_027,0.01,1.0,A_net_aggregation,FAIL,FAIL,VALID
final_control_027,0.01,1.0,B0,PASS,FAIL,VALID
final_control_027,0.01,1.0,B1,PASS,FAIL,VALID
final_control_027,0.01,1.0,B2,FAIL,FAIL,VALID
final_control_027,0.01,1.0,B3,FAIL,FAIL,VALID
final_control_027,0.01,1.0,B4_normal,FAIL,FAIL,VALID
final_control_028,1e-06,0.0001,B5,FAIL,FAIL,VALID
final_control_028,1e-06,0.0001,B4,FAIL,FAIL,VALID
final_control_028,1e-06,0.0001,A_no_geometry,FAIL,FAIL,VALID
final_control_028,1e-06,0.0001,A_no_torque,FAIL,FAIL,VALID
final_control_028,1e-06,0.0001,A_binary_unknown_fail,FAIL,FAIL,VALID
final_control_028,1e-06,0.0001,A_accumulated,FAIL,FAIL,VALID
final_control_028,1e-06,0.0001,A_net_aggregation,FAIL,FAIL,VALID
final_control_028,1e-06,0.0001,B0,PASS,FAIL,VALID
final_control_028,1e-06,0.0001,B1,PASS,FAIL,VALID
final_control_028,1e-06,0.0001,B2,FAIL,FAIL,VALID
final_control_028,1e-06,0.0001,B3,FAIL,FAIL,VALID
final_control_028,1e-06,0.0001,B4_normal,FAIL,FAIL,VALID
final_control_028,1e-05,0.001,B5,FAIL,FAIL,VALID
final_control_028,1e-05,0.001,B4,FAIL,FAIL,VALID
final_control_028,1e-05,0.001,A_no_geometry,FAIL,FAIL,VALID
final_control_028,1e-05,0.001,A_no_torque,FAIL,FAIL,VALID
final_control_028,1e-05,0.001,A_binary_unknown_fail,FAIL,FAIL,VALID
final_control_028,1e-05,0.001,A_accumulated,FAIL,FAIL,VALID
final_control_028,1e-05,0.001,A_net_aggregation,FAIL,FAIL,VALID
final_control_028,1e-05,0.001,B0,PASS,FAIL,VALID
final_control_028,1e-05,0.001,B1,PASS,FAIL,VALID
final_control_028,1e-05,0.001,B2,FAIL,FAIL,VALID
final_control_028,1e-05,0.001,B3,FAIL,FAIL,VALID
final_control_028,1e-05,0.001,B4_normal,FAIL,FAIL,VALID
final_control_028,0.0001,0.01,B5,FAIL,FAIL,VALID
final_control_028,0.0001,0.01,B4,FAIL,FAIL,VALID
final_control_028,0.0001,0.01,A_no_geometry,FAIL,FAIL,VALID
final_control_028,0.0001,0.01,A_no_torque,FAIL,FAIL,VALID
final_control_028,0.0001,0.01,A_binary_unknown_fail,FAIL,FAIL,VALID
final_control_028,0.0001,0.01,A_accumulated,FAIL,FAIL,VALID
final_control_028,0.0001,0.01,A_net_aggregation,FAIL,FAIL,VALID
final_control_028,0.0001,0.01,B0,PASS,FAIL,VALID
final_control_028,0.0001,0.01,B1,PASS,FAIL,VALID
final_control_028,0.0001,0.01,B2,FAIL,FAIL,VALID
final_control_028,0.0001,0.01,B3,FAIL,FAIL,VALID
final_control_028,0.0001,0.01,B4_normal,FAIL,FAIL,VALID
final_control_028,0.001,0.1,B5,FAIL,FAIL,VALID
final_control_028,0.001,0.1,B4,FAIL,FAIL,VALID
final_control_028,0.001,0.1,A_no_geometry,FAIL,FAIL,VALID
final_control_028,0.001,0.1,A_no_torque,FAIL,FAIL,VALID
final_control_028,0.001,0.1,A_binary_unknown_fail,FAIL,FAIL,VALID
final_control_028,0.001,0.1,A_accumulated,FAIL,FAIL,VALID
final_control_028,0.001,0.1,A_net_aggregation,FAIL,FAIL,VALID
final_control_028,0.001,0.1,B0,PASS,FAIL,VALID
final_control_028,0.001,0.1,B1,PASS,FAIL,VALID
final_control_028,0.001,0.1,B2,FAIL,FAIL,VALID
final_control_028,0.001,0.1,B3,FAIL,FAIL,VALID
final_control_028,0.001,0.1,B4_normal,FAIL,FAIL,VALID
final_control_028,0.01,1.0,B5,FAIL,FAIL,VALID
final_control_028,0.01,1.0,B4,FAIL,FAIL,VALID
final_control_028,0.01,1.0,A_no_geometry,FAIL,FAIL,VALID
final_control_028,0.01,1.0,A_no_torque,FAIL,FAIL,VALID
final_control_028,0.01,1.0,A_binary_unknown_fail,FAIL,FAIL,VALID
final_control_028,0.01,1.0,A_accumulated,FAIL,FAIL,VALID
final_control_028,0.01,1.0,A_net_aggregation,INDETERMINATE,FAIL,VALID
final_control_028,0.01,1.0,B0,PASS,FAIL,VALID
final_control_028,0.01,1.0,B1,PASS,FAIL,VALID
final_control_028,0.01,1.0,B2,FAIL,FAIL,VALID
final_control_028,0.01,1.0,B3,FAIL,FAIL,VALID
final_control_028,0.01,1.0,B4_normal,FAIL,FAIL,VALID
final_control_029,1e-06,0.0001,B5,FAIL,FAIL,VALID
final_control_029,1e-06,0.0001,B4,FAIL,FAIL,VALID
final_control_029,1e-06,0.0001,A_no_geometry,FAIL,FAIL,VALID
final_control_029,1e-06,0.0001,A_no_torque,FAIL,FAIL,VALID
final_control_029,1e-06,0.0001,A_binary_unknown_fail,FAIL,FAIL,VALID
final_control_029,1e-06,0.0001,A_accumulated,FAIL,FAIL,VALID
final_control_029,1e-06,0.0001,A_net_aggregation,FAIL,FAIL,VALID
final_control_029,1e-06,0.0001,B0,PASS,FAIL,VALID
final_control_029,1e-06,0.0001,B1,PASS,FAIL,VALID
final_control_029,1e-06,0.0001,B2,FAIL,FAIL,VALID
final_control_029,1e-06,0.0001,B3,FAIL,FAIL,VALID
final_control_029,1e-06,0.0001,B4_normal,FAIL,FAIL,VALID
final_control_029,1e-05,0.001,B5,FAIL,FAIL,VALID
final_control_029,1e-05,0.001,B4,FAIL,FAIL,VALID
final_control_029,1e-05,0.001,A_no_geometry,FAIL,FAIL,VALID
final_control_029,1e-05,0.001,A_no_torque,FAIL,FAIL,VALID
final_control_029,1e-05,0.001,A_binary_unknown_fail,FAIL,FAIL,VALID
final_control_029,1e-05,0.001,A_accumulated,FAIL,FAIL,VALID
final_control_029,1e-05,0.001,A_net_aggregation,FAIL,FAIL,VALID
final_control_029,1e-05,0.001,B0,PASS,FAIL,VALID
final_control_029,1e-05,0.001,B1,PASS,FAIL,VALID
final_control_029,1e-05,0.001,B2,FAIL,FAIL,VALID
final_control_029,1e-05,0.001,B3,FAIL,FAIL,VALID
final_control_029,1e-05,0.001,B4_normal,FAIL,FAIL,VALID
final_control_029,0.0001,0.01,B5,FAIL,FAIL,VALID
final_control_029,0.0001,0.01,B4,FAIL,FAIL,VALID
final_control_029,0.0001,0.01,A_no_geometry,FAIL,FAIL,VALID
final_control_029,0.0001,0.01,A_no_torque,FAIL,FAIL,VALID
final_control_029,0.0001,0.01,A_binary_unknown_fail,FAIL,FAIL,VALID
final_control_029,0.0001,0.01,A_accumulated,FAIL,FAIL,VALID
final_control_029,0.0001,0.01,A_net_aggregation,FAIL,FAIL,VALID
final_control_029,0.0001,0.01,B0,PASS,FAIL,VALID
final_control_029,0.0001,0.01,B1,PASS,FAIL,VALID
final_control_029,0.0001,0.01,B2,FAIL,FAIL,VALID
final_control_029,0.0001,0.01,B3,FAIL,FAIL,VALID
final_control_029,0.0001,0.01,B4_normal,FAIL,FAIL,VALID
final_control_029,0.001,0.1,B5,FAIL,FAIL,VALID
final_control_029,0.001,0.1,B4,FAIL,FAIL,VALID
final_control_029,0.001,0.1,A_no_geometry,FAIL,FAIL,VALID
final_control_029,0.001,0.1,A_no_torque,FAIL,FAIL,VALID
final_control_029,0.001,0.1,A_binary_unknown_fail,FAIL,FAIL,VALID
final_control_029,0.001,0.1,A_accumulated,FAIL,FAIL,VALID
final_control_029,0.001,0.1,A_net_aggregation,FAIL,FAIL,VALID
final_control_029,0.001,0.1,B0,PASS,FAIL,VALID
final_control_029,0.001,0.1,B1,PASS,FAIL,VALID
final_control_029,0.001,0.1,B2,FAIL,FAIL,VALID
final_control_029,0.001,0.1,B3,FAIL,FAIL,VALID
final_control_029,0.001,0.1,B4_normal,FAIL,FAIL,VALID
final_control_029,0.01,1.0,B5,FAIL,FAIL,VALID
final_control_029,0.01,1.0,B4,FAIL,FAIL,VALID
final_control_029,0.01,1.0,A_no_geometry,FAIL,FAIL,VALID
final_control_029,0.01,1.0,A_no_torque,FAIL,FAIL,VALID
final_control_029,0.01,1.0,A_binary_unknown_fail,FAIL,FAIL,VALID
final_control_029,0.01,1.0,A_accumulated,FAIL,FAIL,VALID
final_control_029,0.01,1.0,A_net_aggregation,FAIL,FAIL,VALID
final_control_029,0.01,1.0,B0,PASS,FAIL,VALID
final_control_029,0.01,1.0,B1,PASS,FAIL,VALID
final_control_029,0.01,1.0,B2,FAIL,FAIL,VALID
final_control_029,0.01,1.0,B3,FAIL,FAIL,VALID
final_control_029,0.01,1.0,B4_normal,FAIL,FAIL,VALID
final_control_030,1e-06,0.0001,B5,FAIL,FAIL,VALID
final_control_030,1e-06,0.0001,B4,FAIL,FAIL,VALID
final_control_030,1e-06,0.0001,A_no_geometry,FAIL,FAIL,VALID
final_control_030,1e-06,0.0001,A_no_torque,FAIL,FAIL,VALID
final_control_030,1e-06,0.0001,A_binary_unknown_fail,FAIL,FAIL,VALID
final_control_030,1e-06,0.0001,A_accumulated,FAIL,FAIL,VALID
final_control_030,1e-06,0.0001,A_net_aggregation,FAIL,FAIL,VALID
final_control_030,1e-06,0.0001,B0,FAIL,FAIL,VALID
final_control_030,1e-06,0.0001,B1,FAIL,FAIL,VALID
final_control_030,1e-06,0.0001,B2,FAIL,FAIL,VALID
final_control_030,1e-06,0.0001,B3,FAIL,FAIL,VALID
final_control_030,1e-06,0.0001,B4_normal,FAIL,FAIL,VALID
final_control_030,1e-05,0.001,B5,FAIL,FAIL,VALID
final_control_030,1e-05,0.001,B4,FAIL,FAIL,VALID
final_control_030,1e-05,0.001,A_no_geometry,FAIL,FAIL,VALID
final_control_030,1e-05,0.001,A_no_torque,FAIL,FAIL,VALID
final_control_030,1e-05,0.001,A_binary_unknown_fail,FAIL,FAIL,VALID
final_control_030,1e-05,0.001,A_accumulated,FAIL,FAIL,VALID
final_control_030,1e-05,0.001,A_net_aggregation,FAIL,FAIL,VALID
final_control_030,1e-05,0.001,B0,FAIL,FAIL,VALID
final_control_030,1e-05,0.001,B1,FAIL,FAIL,VALID
final_control_030,1e-05,0.001,B2,FAIL,FAIL,VALID
final_control_030,1e-05,0.001,B3,FAIL,FAIL,VALID
final_control_030,1e-05,0.001,B4_normal,FAIL,FAIL,VALID
final_control_030,0.0001,0.01,B5,FAIL,FAIL,VALID
final_control_030,0.0001,0.01,B4,FAIL,FAIL,VALID
final_control_030,0.0001,0.01,A_no_geometry,FAIL,FAIL,VALID
final_control_030,0.0001,0.01,A_no_torque,FAIL,FAIL,VALID
final_control_030,0.0001,0.01,A_binary_unknown_fail,FAIL,FAIL,VALID
final_control_030,0.0001,0.01,A_accumulated,FAIL,FAIL,VALID
final_control_030,0.0001,0.01,A_net_aggregation,FAIL,FAIL,VALID
final_control_030,0.0001,0.01,B0,FAIL,FAIL,VALID
final_control_030,0.0001,0.01,B1,FAIL,FAIL,VALID
final_control_030,0.0001,0.01,B2,FAIL,FAIL,VALID
final_control_030,0.0001,0.01,B3,FAIL,FAIL,VALID
final_control_030,0.0001,0.01,B4_normal,FAIL,FAIL,VALID
final_control_030,0.001,0.1,B5,FAIL,FAIL,VALID
final_control_030,0.001,0.1,B4,FAIL,FAIL,VALID
final_control_030,0.001,0.1,A_no_geometry,FAIL,FAIL,VALID
final_control_030,0.001,0.1,A_no_torque,FAIL,FAIL,VALID
final_control_030,0.001,0.1,A_binary_unknown_fail,FAIL,FAIL,VALID
final_control_030,0.001,0.1,A_accumulated,FAIL,FAIL,VALID
final_control_030,0.001,0.1,A_net_aggregation,FAIL,FAIL,VALID
final_control_030,0.001,0.1,B0,FAIL,FAIL,VALID
final_control_030,0.001,0.1,B1,FAIL,FAIL,VALID
final_control_030,0.001,0.1,B2,FAIL,FAIL,VALID
final_control_030,0.001,0.1,B3,FAIL,FAIL,VALID
final_control_030,0.001,0.1,B4_normal,FAIL,FAIL,VALID
final_control_030,0.01,1.0,B5,FAIL,FAIL,VALID
final_control_030,0.01,1.0,B4,FAIL,FAIL,VALID
final_control_030,0.01,1.0,A_no_geometry,FAIL,FAIL,VALID
final_control_030,0.01,1.0,A_no_torque,FAIL,FAIL,VALID
final_control_030,0.01,1.0,A_binary_unknown_fail,FAIL,FAIL,VALID
final_control_030,0.01,1.0,A_accumulated,FAIL,FAIL,VALID
final_control_030,0.01,1.0,A_net_aggregation,FAIL,FAIL,VALID
final_control_030,0.01,1.0,B0,FAIL,FAIL,VALID
final_control_030,0.01,1.0,B1,FAIL,FAIL,VALID
final_control_030,0.01,1.0,B2,FAIL,FAIL,VALID
final_control_030,0.01,1.0,B3,FAIL,FAIL,VALID
final_control_030,0.01,1.0,B4_normal,FAIL,FAIL,VALID
final_control_031,1e-06,0.0001,B5,PASS,PASS,VALID
final_control_031,1e-06,0.0001,B4,PASS,PASS,VALID
final_control_031,1e-06,0.0001,A_no_geometry,PASS,PASS,VALID
final_control_031,1e-06,0.0001,A_no_torque,PASS,PASS,VALID
final_control_031,1e-06,0.0001,A_binary_unknown_fail,PASS,PASS,VALID
final_control_031,1e-06,0.0001,A_accumulated,PASS,PASS,VALID
final_control_031,1e-06,0.0001,A_net_aggregation,PASS,PASS,VALID
final_control_031,1e-06,0.0001,B0,PASS,PASS,VALID
final_control_031,1e-06,0.0001,B1,PASS,PASS,VALID
final_control_031,1e-06,0.0001,B2,FAIL,PASS,VALID
final_control_031,1e-06,0.0001,B3,PASS,PASS,VALID
final_control_031,1e-06,0.0001,B4_normal,PASS,PASS,VALID
final_control_031,1e-05,0.001,B5,PASS,PASS,VALID
final_control_031,1e-05,0.001,B4,PASS,PASS,VALID
final_control_031,1e-05,0.001,A_no_geometry,PASS,PASS,VALID
final_control_031,1e-05,0.001,A_no_torque,PASS,PASS,VALID
final_control_031,1e-05,0.001,A_binary_unknown_fail,PASS,PASS,VALID
final_control_031,1e-05,0.001,A_accumulated,PASS,PASS,VALID
final_control_031,1e-05,0.001,A_net_aggregation,PASS,PASS,VALID
final_control_031,1e-05,0.001,B0,PASS,PASS,VALID
final_control_031,1e-05,0.001,B1,PASS,PASS,VALID
final_control_031,1e-05,0.001,B2,FAIL,PASS,VALID
final_control_031,1e-05,0.001,B3,PASS,PASS,VALID
final_control_031,1e-05,0.001,B4_normal,PASS,PASS,VALID
final_control_031,0.0001,0.01,B5,PASS,PASS,VALID
final_control_031,0.0001,0.01,B4,PASS,PASS,VALID
final_control_031,0.0001,0.01,A_no_geometry,PASS,PASS,VALID
final_control_031,0.0001,0.01,A_no_torque,PASS,PASS,VALID
final_control_031,0.0001,0.01,A_binary_unknown_fail,PASS,PASS,VALID
final_control_031,0.0001,0.01,A_accumulated,PASS,PASS,VALID
final_control_031,0.0001,0.01,A_net_aggregation,PASS,PASS,VALID
final_control_031,0.0001,0.01,B0,PASS,PASS,VALID
final_control_031,0.0001,0.01,B1,PASS,PASS,VALID
final_control_031,0.0001,0.01,B2,FAIL,PASS,VALID
final_control_031,0.0001,0.01,B3,PASS,PASS,VALID
final_control_031,0.0001,0.01,B4_normal,PASS,PASS,VALID
final_control_031,0.001,0.1,B5,PASS,PASS,VALID
final_control_031,0.001,0.1,B4,PASS,PASS,VALID
final_control_031,0.001,0.1,A_no_geometry,PASS,PASS,VALID
final_control_031,0.001,0.1,A_no_torque,PASS,PASS,VALID
final_control_031,0.001,0.1,A_binary_unknown_fail,PASS,PASS,VALID
final_control_031,0.001,0.1,A_accumulated,PASS,PASS,VALID
final_control_031,0.001,0.1,A_net_aggregation,PASS,PASS,VALID
final_control_031,0.001,0.1,B0,PASS,PASS,VALID
final_control_031,0.001,0.1,B1,PASS,PASS,VALID
final_control_031,0.001,0.1,B2,FAIL,PASS,VALID
final_control_031,0.001,0.1,B3,PASS,PASS,VALID
final_control_031,0.001,0.1,B4_normal,PASS,PASS,VALID
final_control_031,0.01,1.0,B5,PASS,PASS,VALID
final_control_031,0.01,1.0,B4,PASS,PASS,VALID
final_control_031,0.01,1.0,A_no_geometry,PASS,PASS,VALID
final_control_031,0.01,1.0,A_no_torque,PASS,PASS,VALID
final_control_031,0.01,1.0,A_binary_unknown_fail,PASS,PASS,VALID
final_control_031,0.01,1.0,A_accumulated,PASS,PASS,VALID
final_control_031,0.01,1.0,A_net_aggregation,PASS,PASS,VALID
final_control_031,0.01,1.0,B0,PASS,PASS,VALID
final_control_031,0.01,1.0,B1,PASS,PASS,VALID
final_control_031,0.01,1.0,B2,FAIL,PASS,VALID
final_control_031,0.01,1.0,B3,PASS,PASS,VALID
final_control_031,0.01,1.0,B4_normal,PASS,PASS,VALID
final_control_032,1e-06,0.0001,B5,PASS,PASS,VALID
final_control_032,1e-06,0.0001,B4,PASS,PASS,VALID
final_control_032,1e-06,0.0001,A_no_geometry,PASS,PASS,VALID
final_control_032,1e-06,0.0001,A_no_torque,PASS,PASS,VALID
final_control_032,1e-06,0.0001,A_binary_unknown_fail,PASS,PASS,VALID
final_control_032,1e-06,0.0001,A_accumulated,PASS,PASS,VALID
final_control_032,1e-06,0.0001,A_net_aggregation,PASS,PASS,VALID
final_control_032,1e-06,0.0001,B0,PASS,PASS,VALID
final_control_032,1e-06,0.0001,B1,PASS,PASS,VALID
final_control_032,1e-06,0.0001,B2,PASS,PASS,VALID
final_control_032,1e-06,0.0001,B3,PASS,PASS,VALID
final_control_032,1e-06,0.0001,B4_normal,PASS,PASS,VALID
final_control_032,1e-05,0.001,B5,PASS,PASS,VALID
final_control_032,1e-05,0.001,B4,PASS,PASS,VALID
final_control_032,1e-05,0.001,A_no_geometry,PASS,PASS,VALID
final_control_032,1e-05,0.001,A_no_torque,PASS,PASS,VALID
final_control_032,1e-05,0.001,A_binary_unknown_fail,PASS,PASS,VALID
final_control_032,1e-05,0.001,A_accumulated,PASS,PASS,VALID
final_control_032,1e-05,0.001,A_net_aggregation,PASS,PASS,VALID
final_control_032,1e-05,0.001,B0,PASS,PASS,VALID
final_control_032,1e-05,0.001,B1,PASS,PASS,VALID
final_control_032,1e-05,0.001,B2,PASS,PASS,VALID
final_control_032,1e-05,0.001,B3,PASS,PASS,VALID
final_control_032,1e-05,0.001,B4_normal,PASS,PASS,VALID
final_control_032,0.0001,0.01,B5,PASS,PASS,VALID
final_control_032,0.0001,0.01,B4,PASS,PASS,VALID
final_control_032,0.0001,0.01,A_no_geometry,PASS,PASS,VALID
final_control_032,0.0001,0.01,A_no_torque,PASS,PASS,VALID
final_control_032,0.0001,0.01,A_binary_unknown_fail,PASS,PASS,VALID
final_control_032,0.0001,0.01,A_accumulated,PASS,PASS,VALID
final_control_032,0.0001,0.01,A_net_aggregation,PASS,PASS,VALID
final_control_032,0.0001,0.01,B0,PASS,PASS,VALID
final_control_032,0.0001,0.01,B1,PASS,PASS,VALID
final_control_032,0.0001,0.01,B2,PASS,PASS,VALID
final_control_032,0.0001,0.01,B3,PASS,PASS,VALID
final_control_032,0.0001,0.01,B4_normal,PASS,PASS,VALID
final_control_032,0.001,0.1,B5,PASS,PASS,VALID
final_control_032,0.001,0.1,B4,PASS,PASS,VALID
final_control_032,0.001,0.1,A_no_geometry,PASS,PASS,VALID
final_control_032,0.001,0.1,A_no_torque,PASS,PASS,VALID
final_control_032,0.001,0.1,A_binary_unknown_fail,PASS,PASS,VALID
final_control_032,0.001,0.1,A_accumulated,PASS,PASS,VALID
final_control_032,0.001,0.1,A_net_aggregation,PASS,PASS,VALID
final_control_032,0.001,0.1,B0,PASS,PASS,VALID
final_control_032,0.001,0.1,B1,PASS,PASS,VALID
final_control_032,0.001,0.1,B2,PASS,PASS,VALID
final_control_032,0.001,0.1,B3,PASS,PASS,VALID
final_control_032,0.001,0.1,B4_normal,PASS,PASS,VALID
final_control_032,0.01,1.0,B5,PASS,PASS,VALID
final_control_032,0.01,1.0,B4,PASS,PASS,VALID
final_control_032,0.01,1.0,A_no_geometry,PASS,PASS,VALID
final_control_032,0.01,1.0,A_no_torque,PASS,PASS,VALID
final_control_032,0.01,1.0,A_binary_unknown_fail,PASS,PASS,VALID
final_control_032,0.01,1.0,A_accumulated,PASS,PASS,VALID
final_control_032,0.01,1.0,A_net_aggregation,PASS,PASS,VALID
final_control_032,0.01,1.0,B0,PASS,PASS,VALID
final_control_032,0.01,1.0,B1,PASS,PASS,VALID
final_control_032,0.01,1.0,B2,PASS,PASS,VALID
final_control_032,0.01,1.0,B3,PASS,PASS,VALID
final_control_032,0.01,1.0,B4_normal,PASS,PASS,VALID
final_control_033,1e-06,0.0001,B5,PASS,PASS,VALID
final_control_033,1e-06,0.0001,B4,PASS,PASS,VALID
final_control_033,1e-06,0.0001,A_no_geometry,PASS,PASS,VALID
final_control_033,1e-06,0.0001,A_no_torque,PASS,PASS,VALID
final_control_033,1e-06,0.0001,A_binary_unknown_fail,PASS,PASS,VALID
final_control_033,1e-06,0.0001,A_accumulated,PASS,PASS,VALID
final_control_033,1e-06,0.0001,A_net_aggregation,PASS,PASS,VALID
final_control_033,1e-06,0.0001,B0,PASS,PASS,VALID
final_control_033,1e-06,0.0001,B1,PASS,PASS,VALID
final_control_033,1e-06,0.0001,B2,FAIL,PASS,VALID
final_control_033,1e-06,0.0001,B3,PASS,PASS,VALID
final_control_033,1e-06,0.0001,B4_normal,PASS,PASS,VALID
final_control_033,1e-05,0.001,B5,PASS,PASS,VALID
final_control_033,1e-05,0.001,B4,PASS,PASS,VALID
final_control_033,1e-05,0.001,A_no_geometry,PASS,PASS,VALID
final_control_033,1e-05,0.001,A_no_torque,PASS,PASS,VALID
final_control_033,1e-05,0.001,A_binary_unknown_fail,PASS,PASS,VALID
final_control_033,1e-05,0.001,A_accumulated,PASS,PASS,VALID
final_control_033,1e-05,0.001,A_net_aggregation,PASS,PASS,VALID
final_control_033,1e-05,0.001,B0,PASS,PASS,VALID
final_control_033,1e-05,0.001,B1,PASS,PASS,VALID
final_control_033,1e-05,0.001,B2,FAIL,PASS,VALID
final_control_033,1e-05,0.001,B3,PASS,PASS,VALID
final_control_033,1e-05,0.001,B4_normal,PASS,PASS,VALID
final_control_033,0.0001,0.01,B5,PASS,PASS,VALID
final_control_033,0.0001,0.01,B4,PASS,PASS,VALID
final_control_033,0.0001,0.01,A_no_geometry,PASS,PASS,VALID
final_control_033,0.0001,0.01,A_no_torque,PASS,PASS,VALID
final_control_033,0.0001,0.01,A_binary_unknown_fail,PASS,PASS,VALID
final_control_033,0.0001,0.01,A_accumulated,PASS,PASS,VALID
final_control_033,0.0001,0.01,A_net_aggregation,PASS,PASS,VALID
final_control_033,0.0001,0.01,B0,PASS,PASS,VALID
final_control_033,0.0001,0.01,B1,PASS,PASS,VALID
final_control_033,0.0001,0.01,B2,FAIL,PASS,VALID
final_control_033,0.0001,0.01,B3,PASS,PASS,VALID
final_control_033,0.0001,0.01,B4_normal,PASS,PASS,VALID
final_control_033,0.001,0.1,B5,PASS,PASS,VALID
final_control_033,0.001,0.1,B4,PASS,PASS,VALID
final_control_033,0.001,0.1,A_no_geometry,PASS,PASS,VALID
final_control_033,0.001,0.1,A_no_torque,PASS,PASS,VALID
final_control_033,0.001,0.1,A_binary_unknown_fail,PASS,PASS,VALID
final_control_033,0.001,0.1,A_accumulated,PASS,PASS,VALID
final_control_033,0.001,0.1,A_net_aggregation,PASS,PASS,VALID
final_control_033,0.001,0.1,B0,PASS,PASS,VALID
final_control_033,0.001,0.1,B1,PASS,PASS,VALID
final_control_033,0.001,0.1,B2,FAIL,PASS,VALID
final_control_033,0.001,0.1,B3,PASS,PASS,VALID
final_control_033,0.001,0.1,B4_normal,PASS,PASS,VALID
final_control_033,0.01,1.0,B5,PASS,PASS,VALID
final_control_033,0.01,1.0,B4,PASS,PASS,VALID
final_control_033,0.01,1.0,A_no_geometry,PASS,PASS,VALID
final_control_033,0.01,1.0,A_no_torque,PASS,PASS,VALID
final_control_033,0.01,1.0,A_binary_unknown_fail,PASS,PASS,VALID
final_control_033,0.01,1.0,A_accumulated,PASS,PASS,VALID
final_control_033,0.01,1.0,A_net_aggregation,PASS,PASS,VALID
final_control_033,0.01,1.0,B0,PASS,PASS,VALID
final_control_033,0.01,1.0,B1,PASS,PASS,VALID
final_control_033,0.01,1.0,B2,FAIL,PASS,VALID
final_control_033,0.01,1.0,B3,PASS,PASS,VALID
final_control_033,0.01,1.0,B4_normal,PASS,PASS,VALID
final_control_034,1e-06,0.0001,B5,FAIL,FAIL,VALID
final_control_034,1e-06,0.0001,B4,FAIL,FAIL,VALID
final_control_034,1e-06,0.0001,A_no_geometry,FAIL,FAIL,VALID
final_control_034,1e-06,0.0001,A_no_torque,FAIL,FAIL,VALID
final_control_034,1e-06,0.0001,A_binary_unknown_fail,FAIL,FAIL,VALID
final_control_034,1e-06,0.0001,A_accumulated,FAIL,FAIL,VALID
final_control_034,1e-06,0.0001,A_net_aggregation,FAIL,FAIL,VALID
final_control_034,1e-06,0.0001,B0,PASS,FAIL,VALID
final_control_034,1e-06,0.0001,B1,PASS,FAIL,VALID
final_control_034,1e-06,0.0001,B2,FAIL,FAIL,VALID
final_control_034,1e-06,0.0001,B3,FAIL,FAIL,VALID
final_control_034,1e-06,0.0001,B4_normal,FAIL,FAIL,VALID
final_control_034,1e-05,0.001,B5,FAIL,FAIL,VALID
final_control_034,1e-05,0.001,B4,FAIL,FAIL,VALID
final_control_034,1e-05,0.001,A_no_geometry,FAIL,FAIL,VALID
final_control_034,1e-05,0.001,A_no_torque,FAIL,FAIL,VALID
final_control_034,1e-05,0.001,A_binary_unknown_fail,FAIL,FAIL,VALID
final_control_034,1e-05,0.001,A_accumulated,FAIL,FAIL,VALID
final_control_034,1e-05,0.001,A_net_aggregation,FAIL,FAIL,VALID
final_control_034,1e-05,0.001,B0,PASS,FAIL,VALID
final_control_034,1e-05,0.001,B1,PASS,FAIL,VALID
final_control_034,1e-05,0.001,B2,FAIL,FAIL,VALID
final_control_034,1e-05,0.001,B3,FAIL,FAIL,VALID
final_control_034,1e-05,0.001,B4_normal,FAIL,FAIL,VALID
final_control_034,0.0001,0.01,B5,FAIL,FAIL,VALID
final_control_034,0.0001,0.01,B4,FAIL,FAIL,VALID
final_control_034,0.0001,0.01,A_no_geometry,FAIL,FAIL,VALID
final_control_034,0.0001,0.01,A_no_torque,FAIL,FAIL,VALID
final_control_034,0.0001,0.01,A_binary_unknown_fail,FAIL,FAIL,VALID
final_control_034,0.0001,0.01,A_accumulated,FAIL,FAIL,VALID
final_control_034,0.0001,0.01,A_net_aggregation,FAIL,FAIL,VALID
final_control_034,0.0001,0.01,B0,PASS,FAIL,VALID
final_control_034,0.0001,0.01,B1,PASS,FAIL,VALID
final_control_034,0.0001,0.01,B2,FAIL,FAIL,VALID
final_control_034,0.0001,0.01,B3,FAIL,FAIL,VALID
final_control_034,0.0001,0.01,B4_normal,FAIL,FAIL,VALID
final_control_034,0.001,0.1,B5,FAIL,FAIL,VALID
final_control_034,0.001,0.1,B4,FAIL,FAIL,VALID
final_control_034,0.001,0.1,A_no_geometry,FAIL,FAIL,VALID
final_control_034,0.001,0.1,A_no_torque,FAIL,FAIL,VALID
final_control_034,0.001,0.1,A_binary_unknown_fail,FAIL,FAIL,VALID
final_control_034,0.001,0.1,A_accumulated,FAIL,FAIL,VALID
final_control_034,0.001,0.1,A_net_aggregation,FAIL,FAIL,VALID
final_control_034,0.001,0.1,B0,PASS,FAIL,VALID
final_control_034,0.001,0.1,B1,PASS,FAIL,VALID
final_control_034,0.001,0.1,B2,FAIL,FAIL,VALID
final_control_034,0.001,0.1,B3,FAIL,FAIL,VALID
final_control_034,0.001,0.1,B4_normal,FAIL,FAIL,VALID
final_control_034,0.01,1.0,B5,FAIL,FAIL,VALID
final_control_034,0.01,1.0,B4,FAIL,FAIL,VALID
final_control_034,0.01,1.0,A_no_geometry,FAIL,FAIL,VALID
final_control_034,0.01,1.0,A_no_torque,FAIL,FAIL,VALID
final_control_034,0.01,1.0,A_binary_unknown_fail,FAIL,FAIL,VALID
final_control_034,0.01,1.0,A_accumulated,FAIL,FAIL,VALID
final_control_034,0.01,1.0,A_net_aggregation,FAIL,FAIL,VALID
final_control_034,0.01,1.0,B0,PASS,FAIL,VALID
final_control_034,0.01,1.0,B1,PASS,FAIL,VALID
final_control_034,0.01,1.0,B2,FAIL,FAIL,VALID
final_control_034,0.01,1.0,B3,FAIL,FAIL,VALID
final_control_034,0.01,1.0,B4_normal,FAIL,FAIL,VALID
final_control_035,1e-06,0.0001,B5,FAIL,FAIL,VALID
final_control_035,1e-06,0.0001,B4,FAIL,FAIL,VALID
final_control_035,1e-06,0.0001,A_no_geometry,FAIL,FAIL,VALID
final_control_035,1e-06,0.0001,A_no_torque,FAIL,FAIL,VALID
final_control_035,1e-06,0.0001,A_binary_unknown_fail,FAIL,FAIL,VALID
final_control_035,1e-06,0.0001,A_accumulated,FAIL,FAIL,VALID
final_control_035,1e-06,0.0001,A_net_aggregation,FAIL,FAIL,VALID
final_control_035,1e-06,0.0001,B0,PASS,FAIL,VALID
final_control_035,1e-06,0.0001,B1,PASS,FAIL,VALID
final_control_035,1e-06,0.0001,B2,FAIL,FAIL,VALID
final_control_035,1e-06,0.0001,B3,FAIL,FAIL,VALID
final_control_035,1e-06,0.0001,B4_normal,FAIL,FAIL,VALID
final_control_035,1e-05,0.001,B5,FAIL,FAIL,VALID
final_control_035,1e-05,0.001,B4,FAIL,FAIL,VALID
final_control_035,1e-05,0.001,A_no_geometry,FAIL,FAIL,VALID
final_control_035,1e-05,0.001,A_no_torque,FAIL,FAIL,VALID
final_control_035,1e-05,0.001,A_binary_unknown_fail,FAIL,FAIL,VALID
final_control_035,1e-05,0.001,A_accumulated,FAIL,FAIL,VALID
final_control_035,1e-05,0.001,A_net_aggregation,FAIL,FAIL,VALID
final_control_035,1e-05,0.001,B0,PASS,FAIL,VALID
final_control_035,1e-05,0.001,B1,PASS,FAIL,VALID
final_control_035,1e-05,0.001,B2,FAIL,FAIL,VALID
final_control_035,1e-05,0.001,B3,FAIL,FAIL,VALID
final_control_035,1e-05,0.001,B4_normal,FAIL,FAIL,VALID
final_control_035,0.0001,0.01,B5,FAIL,FAIL,VALID
final_control_035,0.0001,0.01,B4,FAIL,FAIL,VALID
final_control_035,0.0001,0.01,A_no_geometry,FAIL,FAIL,VALID
final_control_035,0.0001,0.01,A_no_torque,FAIL,FAIL,VALID
final_control_035,0.0001,0.01,A_binary_unknown_fail,FAIL,FAIL,VALID
final_control_035,0.0001,0.01,A_accumulated,FAIL,FAIL,VALID
final_control_035,0.0001,0.01,A_net_aggregation,FAIL,FAIL,VALID
final_control_035,0.0001,0.01,B0,PASS,FAIL,VALID
final_control_035,0.0001,0.01,B1,PASS,FAIL,VALID
final_control_035,0.0001,0.01,B2,FAIL,FAIL,VALID
final_control_035,0.0001,0.01,B3,FAIL,FAIL,VALID
final_control_035,0.0001,0.01,B4_normal,FAIL,FAIL,VALID
final_control_035,0.001,0.1,B5,FAIL,FAIL,VALID
final_control_035,0.001,0.1,B4,FAIL,FAIL,VALID
final_control_035,0.001,0.1,A_no_geometry,FAIL,FAIL,VALID
final_control_035,0.001,0.1,A_no_torque,FAIL,FAIL,VALID
final_control_035,0.001,0.1,A_binary_unknown_fail,FAIL,FAIL,VALID
final_control_035,0.001,0.1,A_accumulated,FAIL,FAIL,VALID
final_control_035,0.001,0.1,A_net_aggregation,FAIL,FAIL,VALID
final_control_035,0.001,0.1,B0,PASS,FAIL,VALID
final_control_035,0.001,0.1,B1,PASS,FAIL,VALID
final_control_035,0.001,0.1,B2,FAIL,FAIL,VALID
final_control_035,0.001,0.1,B3,FAIL,FAIL,VALID
final_control_035,0.001,0.1,B4_normal,FAIL,FAIL,VALID
final_control_035,0.01,1.0,B5,FAIL,FAIL,VALID
final_control_035,0.01,1.0,B4,FAIL,FAIL,VALID
final_control_035,0.01,1.0,A_no_geometry,FAIL,FAIL,VALID
final_control_035,0.01,1.0,A_no_torque,FAIL,FAIL,VALID
final_control_035,0.01,1.0,A_binary_unknown_fail,FAIL,FAIL,VALID
final_control_035,0.01,1.0,A_accumulated,FAIL,FAIL,VALID
final_control_035,0.01,1.0,A_net_aggregation,FAIL,FAIL,VALID
final_control_035,0.01,1.0,B0,PASS,FAIL,VALID
final_control_035,0.01,1.0,B1,PASS,FAIL,VALID
final_control_035,0.01,1.0,B2,FAIL,FAIL,VALID
final_control_035,0.01,1.0,B3,FAIL,FAIL,VALID
final_control_035,0.01,1.0,B4_normal,FAIL,FAIL,VALID
final_control_036,1e-06,0.0001,B5,FAIL,FAIL,VALID
final_control_036,1e-06,0.0001,B4,FAIL,FAIL,VALID
final_control_036,1e-06,0.0001,A_no_geometry,FAIL,FAIL,VALID
final_control_036,1e-06,0.0001,A_no_torque,FAIL,FAIL,VALID
final_control_036,1e-06,0.0001,A_binary_unknown_fail,FAIL,FAIL,VALID
final_control_036,1e-06,0.0001,A_accumulated,FAIL,FAIL,VALID
final_control_036,1e-06,0.0001,A_net_aggregation,FAIL,FAIL,VALID
final_control_036,1e-06,0.0001,B0,PASS,FAIL,VALID
final_control_036,1e-06,0.0001,B1,PASS,FAIL,VALID
final_control_036,1e-06,0.0001,B2,FAIL,FAIL,VALID
final_control_036,1e-06,0.0001,B3,FAIL,FAIL,VALID
final_control_036,1e-06,0.0001,B4_normal,FAIL,FAIL,VALID
final_control_036,1e-05,0.001,B5,FAIL,FAIL,VALID
final_control_036,1e-05,0.001,B4,FAIL,FAIL,VALID
final_control_036,1e-05,0.001,A_no_geometry,FAIL,FAIL,VALID
final_control_036,1e-05,0.001,A_no_torque,FAIL,FAIL,VALID
final_control_036,1e-05,0.001,A_binary_unknown_fail,FAIL,FAIL,VALID
final_control_036,1e-05,0.001,A_accumulated,FAIL,FAIL,VALID
final_control_036,1e-05,0.001,A_net_aggregation,FAIL,FAIL,VALID
final_control_036,1e-05,0.001,B0,PASS,FAIL,VALID
final_control_036,1e-05,0.001,B1,PASS,FAIL,VALID
final_control_036,1e-05,0.001,B2,FAIL,FAIL,VALID
final_control_036,1e-05,0.001,B3,FAIL,FAIL,VALID
final_control_036,1e-05,0.001,B4_normal,FAIL,FAIL,VALID
final_control_036,0.0001,0.01,B5,FAIL,FAIL,VALID
final_control_036,0.0001,0.01,B4,FAIL,FAIL,VALID
final_control_036,0.0001,0.01,A_no_geometry,FAIL,FAIL,VALID
final_control_036,0.0001,0.01,A_no_torque,FAIL,FAIL,VALID
final_control_036,0.0001,0.01,A_binary_unknown_fail,FAIL,FAIL,VALID
final_control_036,0.0001,0.01,A_accumulated,FAIL,FAIL,VALID
final_control_036,0.0001,0.01,A_net_aggregation,FAIL,FAIL,VALID
final_control_036,0.0001,0.01,B0,PASS,FAIL,VALID
final_control_036,0.0001,0.01,B1,PASS,FAIL,VALID
final_control_036,0.0001,0.01,B2,FAIL,FAIL,VALID
final_control_036,0.0001,0.01,B3,FAIL,FAIL,VALID
final_control_036,0.0001,0.01,B4_normal,FAIL,FAIL,VALID
final_control_036,0.001,0.1,B5,FAIL,FAIL,VALID
final_control_036,0.001,0.1,B4,FAIL,FAIL,VALID
final_control_036,0.001,0.1,A_no_geometry,FAIL,FAIL,VALID
final_control_036,0.001,0.1,A_no_torque,FAIL,FAIL,VALID
final_control_036,0.001,0.1,A_binary_unknown_fail,FAIL,FAIL,VALID
final_control_036,0.001,0.1,A_accumulated,FAIL,FAIL,VALID
final_control_036,0.001,0.1,A_net_aggregation,FAIL,FAIL,VALID
final_control_036,0.001,0.1,B0,PASS,FAIL,VALID
final_control_036,0.001,0.1,B1,PASS,FAIL,VALID
final_control_036,0.001,0.1,B2,FAIL,FAIL,VALID
final_control_036,0.001,0.1,B3,FAIL,FAIL,VALID
final_control_036,0.001,0.1,B4_normal,FAIL,FAIL,VALID
final_control_036,0.01,1.0,B5,FAIL,FAIL,VALID
final_control_036,0.01,1.0,B4,FAIL,FAIL,VALID
final_control_036,0.01,1.0,A_no_geometry,FAIL,FAIL,VALID
final_control_036,0.01,1.0,A_no_torque,FAIL,FAIL,VALID
final_control_036,0.01,1.0,A_binary_unknown_fail,FAIL,FAIL,VALID
final_control_036,0.01,1.0,A_accumulated,FAIL,FAIL,VALID
final_control_036,0.01,1.0,A_net_aggregation,INDETERMINATE,FAIL,VALID
final_control_036,0.01,1.0,B0,PASS,FAIL,VALID
final_control_036,0.01,1.0,B1,PASS,FAIL,VALID
final_control_036,0.01,1.0,B2,FAIL,FAIL,VALID
final_control_036,0.01,1.0,B3,FAIL,FAIL,VALID
final_control_036,0.01,1.0,B4_normal,FAIL,FAIL,VALID
final_control_037,1e-06,0.0001,B5,FAIL,FAIL,VALID
final_control_037,1e-06,0.0001,B4,FAIL,FAIL,VALID
final_control_037,1e-06,0.0001,A_no_geometry,FAIL,FAIL,VALID
final_control_037,1e-06,0.0001,A_no_torque,FAIL,FAIL,VALID
final_control_037,1e-06,0.0001,A_binary_unknown_fail,FAIL,FAIL,VALID
final_control_037,1e-06,0.0001,A_accumulated,FAIL,FAIL,VALID
final_control_037,1e-06,0.0001,A_net_aggregation,FAIL,FAIL,VALID
final_control_037,1e-06,0.0001,B0,PASS,FAIL,VALID
final_control_037,1e-06,0.0001,B1,PASS,FAIL,VALID
final_control_037,1e-06,0.0001,B2,FAIL,FAIL,VALID
final_control_037,1e-06,0.0001,B3,FAIL,FAIL,VALID
final_control_037,1e-06,0.0001,B4_normal,FAIL,FAIL,VALID
final_control_037,1e-05,0.001,B5,FAIL,FAIL,VALID
final_control_037,1e-05,0.001,B4,FAIL,FAIL,VALID
final_control_037,1e-05,0.001,A_no_geometry,FAIL,FAIL,VALID
final_control_037,1e-05,0.001,A_no_torque,FAIL,FAIL,VALID
final_control_037,1e-05,0.001,A_binary_unknown_fail,FAIL,FAIL,VALID
final_control_037,1e-05,0.001,A_accumulated,FAIL,FAIL,VALID
final_control_037,1e-05,0.001,A_net_aggregation,FAIL,FAIL,VALID
final_control_037,1e-05,0.001,B0,PASS,FAIL,VALID
final_control_037,1e-05,0.001,B1,PASS,FAIL,VALID
final_control_037,1e-05,0.001,B2,FAIL,FAIL,VALID
final_control_037,1e-05,0.001,B3,FAIL,FAIL,VALID
final_control_037,1e-05,0.001,B4_normal,FAIL,FAIL,VALID
final_control_037,0.0001,0.01,B5,FAIL,FAIL,VALID
final_control_037,0.0001,0.01,B4,FAIL,FAIL,VALID
final_control_037,0.0001,0.01,A_no_geometry,FAIL,FAIL,VALID
final_control_037,0.0001,0.01,A_no_torque,FAIL,FAIL,VALID
final_control_037,0.0001,0.01,A_binary_unknown_fail,FAIL,FAIL,VALID
final_control_037,0.0001,0.01,A_accumulated,FAIL,FAIL,VALID
final_control_037,0.0001,0.01,A_net_aggregation,FAIL,FAIL,VALID
final_control_037,0.0001,0.01,B0,PASS,FAIL,VALID
final_control_037,0.0001,0.01,B1,PASS,FAIL,VALID
final_control_037,0.0001,0.01,B2,FAIL,FAIL,VALID
final_control_037,0.0001,0.01,B3,FAIL,FAIL,VALID
final_control_037,0.0001,0.01,B4_normal,FAIL,FAIL,VALID
final_control_037,0.001,0.1,B5,FAIL,FAIL,VALID
final_control_037,0.001,0.1,B4,FAIL,FAIL,VALID
final_control_037,0.001,0.1,A_no_geometry,FAIL,FAIL,VALID
final_control_037,0.001,0.1,A_no_torque,FAIL,FAIL,VALID
final_control_037,0.001,0.1,A_binary_unknown_fail,FAIL,FAIL,VALID
final_control_037,0.001,0.1,A_accumulated,FAIL,FAIL,VALID
final_control_037,0.001,0.1,A_net_aggregation,FAIL,FAIL,VALID
final_control_037,0.001,0.1,B0,PASS,FAIL,VALID
final_control_037,0.001,0.1,B1,PASS,FAIL,VALID
final_control_037,0.001,0.1,B2,FAIL,FAIL,VALID
final_control_037,0.001,0.1,B3,FAIL,FAIL,VALID
final_control_037,0.001,0.1,B4_normal,FAIL,FAIL,VALID
final_control_037,0.01,1.0,B5,FAIL,FAIL,VALID
final_control_037,0.01,1.0,B4,FAIL,FAIL,VALID
final_control_037,0.01,1.0,A_no_geometry,FAIL,FAIL,VALID
final_control_037,0.01,1.0,A_no_torque,FAIL,FAIL,VALID
final_control_037,0.01,1.0,A_binary_unknown_fail,FAIL,FAIL,VALID
final_control_037,0.01,1.0,A_accumulated,FAIL,FAIL,VALID
final_control_037,0.01,1.0,A_net_aggregation,FAIL,FAIL,VALID
final_control_037,0.01,1.0,B0,PASS,FAIL,VALID
final_control_037,0.01,1.0,B1,PASS,FAIL,VALID
final_control_037,0.01,1.0,B2,FAIL,FAIL,VALID
final_control_037,0.01,1.0,B3,FAIL,FAIL,VALID
final_control_037,0.01,1.0,B4_normal,FAIL,FAIL,VALID
final_control_038,1e-06,0.0001,B5,FAIL,FAIL,VALID
final_control_038,1e-06,0.0001,B4,FAIL,FAIL,VALID
final_control_038,1e-06,0.0001,A_no_geometry,FAIL,FAIL,VALID
final_control_038,1e-06,0.0001,A_no_torque,FAIL,FAIL,VALID
final_control_038,1e-06,0.0001,A_binary_unknown_fail,FAIL,FAIL,VALID
final_control_038,1e-06,0.0001,A_accumulated,FAIL,FAIL,VALID
final_control_038,1e-06,0.0001,A_net_aggregation,FAIL,FAIL,VALID
final_control_038,1e-06,0.0001,B0,FAIL,FAIL,VALID
final_control_038,1e-06,0.0001,B1,FAIL,FAIL,VALID
final_control_038,1e-06,0.0001,B2,FAIL,FAIL,VALID
final_control_038,1e-06,0.0001,B3,FAIL,FAIL,VALID
final_control_038,1e-06,0.0001,B4_normal,FAIL,FAIL,VALID
final_control_038,1e-05,0.001,B5,FAIL,FAIL,VALID
final_control_038,1e-05,0.001,B4,FAIL,FAIL,VALID
final_control_038,1e-05,0.001,A_no_geometry,FAIL,FAIL,VALID
final_control_038,1e-05,0.001,A_no_torque,FAIL,FAIL,VALID
final_control_038,1e-05,0.001,A_binary_unknown_fail,FAIL,FAIL,VALID
final_control_038,1e-05,0.001,A_accumulated,FAIL,FAIL,VALID
final_control_038,1e-05,0.001,A_net_aggregation,FAIL,FAIL,VALID
final_control_038,1e-05,0.001,B0,FAIL,FAIL,VALID
final_control_038,1e-05,0.001,B1,FAIL,FAIL,VALID
final_control_038,1e-05,0.001,B2,FAIL,FAIL,VALID
final_control_038,1e-05,0.001,B3,FAIL,FAIL,VALID
final_control_038,1e-05,0.001,B4_normal,FAIL,FAIL,VALID
final_control_038,0.0001,0.01,B5,FAIL,FAIL,VALID
final_control_038,0.0001,0.01,B4,FAIL,FAIL,VALID
final_control_038,0.0001,0.01,A_no_geometry,FAIL,FAIL,VALID
final_control_038,0.0001,0.01,A_no_torque,FAIL,FAIL,VALID
final_control_038,0.0001,0.01,A_binary_unknown_fail,FAIL,FAIL,VALID
final_control_038,0.0001,0.01,A_accumulated,FAIL,FAIL,VALID
final_control_038,0.0001,0.01,A_net_aggregation,FAIL,FAIL,VALID
final_control_038,0.0001,0.01,B0,FAIL,FAIL,VALID
final_control_038,0.0001,0.01,B1,FAIL,FAIL,VALID
final_control_038,0.0001,0.01,B2,FAIL,FAIL,VALID
final_control_038,0.0001,0.01,B3,FAIL,FAIL,VALID
final_control_038,0.0001,0.01,B4_normal,FAIL,FAIL,VALID
final_control_038,0.001,0.1,B5,FAIL,FAIL,VALID
final_control_038,0.001,0.1,B4,FAIL,FAIL,VALID
final_control_038,0.001,0.1,A_no_geometry,FAIL,FAIL,VALID
final_control_038,0.001,0.1,A_no_torque,FAIL,FAIL,VALID
final_control_038,0.001,0.1,A_binary_unknown_fail,FAIL,FAIL,VALID
final_control_038,0.001,0.1,A_accumulated,FAIL,FAIL,VALID
final_control_038,0.001,0.1,A_net_aggregation,FAIL,FAIL,VALID
final_control_038,0.001,0.1,B0,FAIL,FAIL,VALID
final_control_038,0.001,0.1,B1,FAIL,FAIL,VALID
final_control_038,0.001,0.1,B2,FAIL,FAIL,VALID
final_control_038,0.001,0.1,B3,FAIL,FAIL,VALID
final_control_038,0.001,0.1,B4_normal,FAIL,FAIL,VALID
final_control_038,0.01,1.0,B5,FAIL,FAIL,VALID
final_control_038,0.01,1.0,B4,FAIL,FAIL,VALID
final_control_038,0.01,1.0,A_no_geometry,FAIL,FAIL,VALID
final_control_038,0.01,1.0,A_no_torque,FAIL,FAIL,VALID
final_control_038,0.01,1.0,A_binary_unknown_fail,FAIL,FAIL,VALID
final_control_038,0.01,1.0,A_accumulated,FAIL,FAIL,VALID
final_control_038,0.01,1.0,A_net_aggregation,FAIL,FAIL,VALID
final_control_038,0.01,1.0,B0,FAIL,FAIL,VALID
final_control_038,0.01,1.0,B1,FAIL,FAIL,VALID
final_control_038,0.01,1.0,B2,FAIL,FAIL,VALID
final_control_038,0.01,1.0,B3,FAIL,FAIL,VALID
final_control_038,0.01,1.0,B4_normal,FAIL,FAIL,VALID
final_control_039,1e-06,0.0001,B5,PASS,PASS,VALID
final_control_039,1e-06,0.0001,B4,PASS,PASS,VALID
final_control_039,1e-06,0.0001,A_no_geometry,PASS,PASS,VALID
final_control_039,1e-06,0.0001,A_no_torque,PASS,PASS,VALID
final_control_039,1e-06,0.0001,A_binary_unknown_fail,PASS,PASS,VALID
final_control_039,1e-06,0.0001,A_accumulated,PASS,PASS,VALID
final_control_039,1e-06,0.0001,A_net_aggregation,PASS,PASS,VALID
final_control_039,1e-06,0.0001,B0,PASS,PASS,VALID
final_control_039,1e-06,0.0001,B1,PASS,PASS,VALID
final_control_039,1e-06,0.0001,B2,FAIL,PASS,VALID
final_control_039,1e-06,0.0001,B3,PASS,PASS,VALID
final_control_039,1e-06,0.0001,B4_normal,PASS,PASS,VALID
final_control_039,1e-05,0.001,B5,PASS,PASS,VALID
final_control_039,1e-05,0.001,B4,PASS,PASS,VALID
final_control_039,1e-05,0.001,A_no_geometry,PASS,PASS,VALID
final_control_039,1e-05,0.001,A_no_torque,PASS,PASS,VALID
final_control_039,1e-05,0.001,A_binary_unknown_fail,PASS,PASS,VALID
final_control_039,1e-05,0.001,A_accumulated,PASS,PASS,VALID
final_control_039,1e-05,0.001,A_net_aggregation,PASS,PASS,VALID
final_control_039,1e-05,0.001,B0,PASS,PASS,VALID
final_control_039,1e-05,0.001,B1,PASS,PASS,VALID
final_control_039,1e-05,0.001,B2,FAIL,PASS,VALID
final_control_039,1e-05,0.001,B3,PASS,PASS,VALID
final_control_039,1e-05,0.001,B4_normal,PASS,PASS,VALID
final_control_039,0.0001,0.01,B5,PASS,PASS,VALID
final_control_039,0.0001,0.01,B4,PASS,PASS,VALID
final_control_039,0.0001,0.01,A_no_geometry,PASS,PASS,VALID
final_control_039,0.0001,0.01,A_no_torque,PASS,PASS,VALID
final_control_039,0.0001,0.01,A_binary_unknown_fail,PASS,PASS,VALID
final_control_039,0.0001,0.01,A_accumulated,PASS,PASS,VALID
final_control_039,0.0001,0.01,A_net_aggregation,PASS,PASS,VALID
final_control_039,0.0001,0.01,B0,PASS,PASS,VALID
final_control_039,0.0001,0.01,B1,PASS,PASS,VALID
final_control_039,0.0001,0.01,B2,FAIL,PASS,VALID
final_control_039,0.0001,0.01,B3,PASS,PASS,VALID
final_control_039,0.0001,0.01,B4_normal,PASS,PASS,VALID
final_control_039,0.001,0.1,B5,PASS,PASS,VALID
final_control_039,0.001,0.1,B4,PASS,PASS,VALID
final_control_039,0.001,0.1,A_no_geometry,PASS,PASS,VALID
final_control_039,0.001,0.1,A_no_torque,PASS,PASS,VALID
final_control_039,0.001,0.1,A_binary_unknown_fail,PASS,PASS,VALID
final_control_039,0.001,0.1,A_accumulated,PASS,PASS,VALID
final_control_039,0.001,0.1,A_net_aggregation,PASS,PASS,VALID
final_control_039,0.001,0.1,B0,PASS,PASS,VALID
final_control_039,0.001,0.1,B1,PASS,PASS,VALID
final_control_039,0.001,0.1,B2,FAIL,PASS,VALID
final_control_039,0.001,0.1,B3,PASS,PASS,VALID
final_control_039,0.001,0.1,B4_normal,PASS,PASS,VALID
final_control_039,0.01,1.0,B5,PASS,PASS,VALID
final_control_039,0.01,1.0,B4,PASS,PASS,VALID
final_control_039,0.01,1.0,A_no_geometry,PASS,PASS,VALID
final_control_039,0.01,1.0,A_no_torque,PASS,PASS,VALID
final_control_039,0.01,1.0,A_binary_unknown_fail,PASS,PASS,VALID
final_control_039,0.01,1.0,A_accumulated,PASS,PASS,VALID
final_control_039,0.01,1.0,A_net_aggregation,PASS,PASS,VALID
final_control_039,0.01,1.0,B0,PASS,PASS,VALID
final_control_039,0.01,1.0,B1,PASS,PASS,VALID
final_control_039,0.01,1.0,B2,FAIL,PASS,VALID
final_control_039,0.01,1.0,B3,PASS,PASS,VALID
final_control_039,0.01,1.0,B4_normal,PASS,PASS,VALID
final_control_040,1e-06,0.0001,B5,FAIL,FAIL,VALID
final_control_040,1e-06,0.0001,B4,FAIL,FAIL,VALID
final_control_040,1e-06,0.0001,A_no_geometry,FAIL,FAIL,VALID
final_control_040,1e-06,0.0001,A_no_torque,FAIL,FAIL,VALID
final_control_040,1e-06,0.0001,A_binary_unknown_fail,FAIL,FAIL,VALID
final_control_040,1e-06,0.0001,A_accumulated,FAIL,FAIL,VALID
final_control_040,1e-06,0.0001,A_net_aggregation,FAIL,FAIL,VALID
final_control_040,1e-06,0.0001,B0,FAIL,FAIL,VALID
final_control_040,1e-06,0.0001,B1,FAIL,FAIL,VALID
final_control_040,1e-06,0.0001,B2,FAIL,FAIL,VALID
final_control_040,1e-06,0.0001,B3,FAIL,FAIL,VALID
final_control_040,1e-06,0.0001,B4_normal,FAIL,FAIL,VALID
final_control_040,1e-05,0.001,B5,FAIL,FAIL,VALID
final_control_040,1e-05,0.001,B4,FAIL,FAIL,VALID
final_control_040,1e-05,0.001,A_no_geometry,FAIL,FAIL,VALID
final_control_040,1e-05,0.001,A_no_torque,FAIL,FAIL,VALID
final_control_040,1e-05,0.001,A_binary_unknown_fail,FAIL,FAIL,VALID
final_control_040,1e-05,0.001,A_accumulated,FAIL,FAIL,VALID
final_control_040,1e-05,0.001,A_net_aggregation,FAIL,FAIL,VALID
final_control_040,1e-05,0.001,B0,FAIL,FAIL,VALID
final_control_040,1e-05,0.001,B1,FAIL,FAIL,VALID
final_control_040,1e-05,0.001,B2,FAIL,FAIL,VALID
final_control_040,1e-05,0.001,B3,FAIL,FAIL,VALID
final_control_040,1e-05,0.001,B4_normal,FAIL,FAIL,VALID
final_control_040,0.0001,0.01,B5,FAIL,FAIL,VALID
final_control_040,0.0001,0.01,B4,FAIL,FAIL,VALID
final_control_040,0.0001,0.01,A_no_geometry,FAIL,FAIL,VALID
final_control_040,0.0001,0.01,A_no_torque,FAIL,FAIL,VALID
final_control_040,0.0001,0.01,A_binary_unknown_fail,FAIL,FAIL,VALID
final_control_040,0.0001,0.01,A_accumulated,FAIL,FAIL,VALID
final_control_040,0.0001,0.01,A_net_aggregation,FAIL,FAIL,VALID
final_control_040,0.0001,0.01,B0,FAIL,FAIL,VALID
final_control_040,0.0001,0.01,B1,FAIL,FAIL,VALID
final_control_040,0.0001,0.01,B2,FAIL,FAIL,VALID
final_control_040,0.0001,0.01,B3,FAIL,FAIL,VALID
final_control_040,0.0001,0.01,B4_normal,FAIL,FAIL,VALID
final_control_040,0.001,0.1,B5,FAIL,FAIL,VALID
final_control_040,0.001,0.1,B4,FAIL,FAIL,VALID
final_control_040,0.001,0.1,A_no_geometry,FAIL,FAIL,VALID
final_control_040,0.001,0.1,A_no_torque,FAIL,FAIL,VALID
final_control_040,0.001,0.1,A_binary_unknown_fail,FAIL,FAIL,VALID
final_control_040,0.001,0.1,A_accumulated,FAIL,FAIL,VALID
final_control_040,0.001,0.1,A_net_aggregation,FAIL,FAIL,VALID
final_control_040,0.001,0.1,B0,FAIL,FAIL,VALID
final_control_040,0.001,0.1,B1,FAIL,FAIL,VALID
final_control_040,0.001,0.1,B2,FAIL,FAIL,VALID
final_control_040,0.001,0.1,B3,FAIL,FAIL,VALID
final_control_040,0.001,0.1,B4_normal,FAIL,FAIL,VALID
final_control_040,0.01,1.0,B5,FAIL,FAIL,VALID
final_control_040,0.01,1.0,B4,FAIL,FAIL,VALID
final_control_040,0.01,1.0,A_no_geometry,FAIL,FAIL,VALID
final_control_040,0.01,1.0,A_no_torque,FAIL,FAIL,VALID
final_control_040,0.01,1.0,A_binary_unknown_fail,FAIL,FAIL,VALID
final_control_040,0.01,1.0,A_accumulated,FAIL,FAIL,VALID
final_control_040,0.01,1.0,A_net_aggregation,FAIL,FAIL,VALID
final_control_040,0.01,1.0,B0,FAIL,FAIL,VALID
final_control_040,0.01,1.0,B1,FAIL,FAIL,VALID
final_control_040,0.01,1.0,B2,FAIL,FAIL,VALID
final_control_040,0.01,1.0,B3,FAIL,FAIL,VALID
final_control_040,0.01,1.0,B4_normal,FAIL,FAIL,VALID
final_control_041,1e-06,0.0001,B5,PASS,PASS,VALID
final_control_041,1e-06,0.0001,B4,PASS,PASS,VALID
final_control_041,1e-06,0.0001,A_no_geometry,PASS,PASS,VALID
final_control_041,1e-06,0.0001,A_no_torque,PASS,PASS,VALID
final_control_041,1e-06,0.0001,A_binary_unknown_fail,PASS,PASS,VALID
final_control_041,1e-06,0.0001,A_accumulated,PASS,PASS,VALID
final_control_041,1e-06,0.0001,A_net_aggregation,PASS,PASS,VALID
final_control_041,1e-06,0.0001,B0,PASS,PASS,VALID
final_control_041,1e-06,0.0001,B1,PASS,PASS,VALID
final_control_041,1e-06,0.0001,B2,FAIL,PASS,VALID
final_control_041,1e-06,0.0001,B3,PASS,PASS,VALID
final_control_041,1e-06,0.0001,B4_normal,PASS,PASS,VALID
final_control_041,1e-05,0.001,B5,PASS,PASS,VALID
final_control_041,1e-05,0.001,B4,PASS,PASS,VALID
final_control_041,1e-05,0.001,A_no_geometry,PASS,PASS,VALID
final_control_041,1e-05,0.001,A_no_torque,PASS,PASS,VALID
final_control_041,1e-05,0.001,A_binary_unknown_fail,PASS,PASS,VALID
final_control_041,1e-05,0.001,A_accumulated,PASS,PASS,VALID
final_control_041,1e-05,0.001,A_net_aggregation,PASS,PASS,VALID
final_control_041,1e-05,0.001,B0,PASS,PASS,VALID
final_control_041,1e-05,0.001,B1,PASS,PASS,VALID
final_control_041,1e-05,0.001,B2,FAIL,PASS,VALID
final_control_041,1e-05,0.001,B3,PASS,PASS,VALID
final_control_041,1e-05,0.001,B4_normal,PASS,PASS,VALID
final_control_041,0.0001,0.01,B5,PASS,PASS,VALID
final_control_041,0.0001,0.01,B4,PASS,PASS,VALID
final_control_041,0.0001,0.01,A_no_geometry,PASS,PASS,VALID
final_control_041,0.0001,0.01,A_no_torque,PASS,PASS,VALID
final_control_041,0.0001,0.01,A_binary_unknown_fail,PASS,PASS,VALID
final_control_041,0.0001,0.01,A_accumulated,PASS,PASS,VALID
final_control_041,0.0001,0.01,A_net_aggregation,PASS,PASS,VALID
final_control_041,0.0001,0.01,B0,PASS,PASS,VALID
final_control_041,0.0001,0.01,B1,PASS,PASS,VALID
final_control_041,0.0001,0.01,B2,FAIL,PASS,VALID
final_control_041,0.0001,0.01,B3,PASS,PASS,VALID
final_control_041,0.0001,0.01,B4_normal,PASS,PASS,VALID
final_control_041,0.001,0.1,B5,PASS,PASS,VALID
final_control_041,0.001,0.1,B4,PASS,PASS,VALID
final_control_041,0.001,0.1,A_no_geometry,PASS,PASS,VALID
final_control_041,0.001,0.1,A_no_torque,PASS,PASS,VALID
final_control_041,0.001,0.1,A_binary_unknown_fail,PASS,PASS,VALID
final_control_041,0.001,0.1,A_accumulated,PASS,PASS,VALID
final_control_041,0.001,0.1,A_net_aggregation,PASS,PASS,VALID
final_control_041,0.001,0.1,B0,PASS,PASS,VALID
final_control_041,0.001,0.1,B1,PASS,PASS,VALID
final_control_041,0.001,0.1,B2,FAIL,PASS,VALID
final_control_041,0.001,0.1,B3,PASS,PASS,VALID
final_control_041,0.001,0.1,B4_normal,PASS,PASS,VALID
final_control_041,0.01,1.0,B5,PASS,PASS,VALID
final_control_041,0.01,1.0,B4,PASS,PASS,VALID
final_control_041,0.01,1.0,A_no_geometry,PASS,PASS,VALID
final_control_041,0.01,1.0,A_no_torque,PASS,PASS,VALID
final_control_041,0.01,1.0,A_binary_unknown_fail,PASS,PASS,VALID
final_control_041,0.01,1.0,A_accumulated,PASS,PASS,VALID
final_control_041,0.01,1.0,A_net_aggregation,PASS,PASS,VALID
final_control_041,0.01,1.0,B0,PASS,PASS,VALID
final_control_041,0.01,1.0,B1,PASS,PASS,VALID
final_control_041,0.01,1.0,B2,FAIL,PASS,VALID
final_control_041,0.01,1.0,B3,PASS,PASS,VALID
final_control_041,0.01,1.0,B4_normal,PASS,PASS,VALID
final_control_042,1e-06,0.0001,B5,FAIL,FAIL,VALID
final_control_042,1e-06,0.0001,B4,FAIL,FAIL,VALID
final_control_042,1e-06,0.0001,A_no_geometry,FAIL,FAIL,VALID
final_control_042,1e-06,0.0001,A_no_torque,FAIL,FAIL,VALID
final_control_042,1e-06,0.0001,A_binary_unknown_fail,FAIL,FAIL,VALID
final_control_042,1e-06,0.0001,A_accumulated,FAIL,FAIL,VALID
final_control_042,1e-06,0.0001,A_net_aggregation,FAIL,FAIL,VALID
final_control_042,1e-06,0.0001,B0,PASS,FAIL,VALID
final_control_042,1e-06,0.0001,B1,PASS,FAIL,VALID
final_control_042,1e-06,0.0001,B2,FAIL,FAIL,VALID
final_control_042,1e-06,0.0001,B3,FAIL,FAIL,VALID
final_control_042,1e-06,0.0001,B4_normal,FAIL,FAIL,VALID
final_control_042,1e-05,0.001,B5,FAIL,FAIL,VALID
final_control_042,1e-05,0.001,B4,FAIL,FAIL,VALID
final_control_042,1e-05,0.001,A_no_geometry,FAIL,FAIL,VALID
final_control_042,1e-05,0.001,A_no_torque,FAIL,FAIL,VALID
final_control_042,1e-05,0.001,A_binary_unknown_fail,FAIL,FAIL,VALID
final_control_042,1e-05,0.001,A_accumulated,FAIL,FAIL,VALID
final_control_042,1e-05,0.001,A_net_aggregation,FAIL,FAIL,VALID
final_control_042,1e-05,0.001,B0,PASS,FAIL,VALID
final_control_042,1e-05,0.001,B1,PASS,FAIL,VALID
final_control_042,1e-05,0.001,B2,FAIL,FAIL,VALID
final_control_042,1e-05,0.001,B3,FAIL,FAIL,VALID
final_control_042,1e-05,0.001,B4_normal,FAIL,FAIL,VALID
final_control_042,0.0001,0.01,B5,FAIL,FAIL,VALID
final_control_042,0.0001,0.01,B4,FAIL,FAIL,VALID
final_control_042,0.0001,0.01,A_no_geometry,FAIL,FAIL,VALID
final_control_042,0.0001,0.01,A_no_torque,FAIL,FAIL,VALID
final_control_042,0.0001,0.01,A_binary_unknown_fail,FAIL,FAIL,VALID
final_control_042,0.0001,0.01,A_accumulated,FAIL,FAIL,VALID
final_control_042,0.0001,0.01,A_net_aggregation,FAIL,FAIL,VALID
final_control_042,0.0001,0.01,B0,PASS,FAIL,VALID
final_control_042,0.0001,0.01,B1,PASS,FAIL,VALID
final_control_042,0.0001,0.01,B2,FAIL,FAIL,VALID
final_control_042,0.0001,0.01,B3,FAIL,FAIL,VALID
final_control_042,0.0001,0.01,B4_normal,FAIL,FAIL,VALID
final_control_042,0.001,0.1,B5,FAIL,FAIL,VALID
final_control_042,0.001,0.1,B4,FAIL,FAIL,VALID
final_control_042,0.001,0.1,A_no_geometry,FAIL,FAIL,VALID
final_control_042,0.001,0.1,A_no_torque,FAIL,FAIL,VALID
final_control_042,0.001,0.1,A_binary_unknown_fail,FAIL,FAIL,VALID
final_control_042,0.001,0.1,A_accumulated,FAIL,FAIL,VALID
final_control_042,0.001,0.1,A_net_aggregation,FAIL,FAIL,VALID
final_control_042,0.001,0.1,B0,PASS,FAIL,VALID
final_control_042,0.001,0.1,B1,PASS,FAIL,VALID
final_control_042,0.001,0.1,B2,FAIL,FAIL,VALID
final_control_042,0.001,0.1,B3,FAIL,FAIL,VALID
final_control_042,0.001,0.1,B4_normal,FAIL,FAIL,VALID
final_control_042,0.01,1.0,B5,FAIL,FAIL,VALID
final_control_042,0.01,1.0,B4,FAIL,FAIL,VALID
final_control_042,0.01,1.0,A_no_geometry,FAIL,FAIL,VALID
final_control_042,0.01,1.0,A_no_torque,FAIL,FAIL,VALID
final_control_042,0.01,1.0,A_binary_unknown_fail,FAIL,FAIL,VALID
final_control_042,0.01,1.0,A_accumulated,FAIL,FAIL,VALID
final_control_042,0.01,1.0,A_net_aggregation,FAIL,FAIL,VALID
final_control_042,0.01,1.0,B0,PASS,FAIL,VALID
final_control_042,0.01,1.0,B1,PASS,FAIL,VALID
final_control_042,0.01,1.0,B2,FAIL,FAIL,VALID
final_control_042,0.01,1.0,B3,FAIL,FAIL,VALID
final_control_042,0.01,1.0,B4_normal,FAIL,FAIL,VALID
final_control_043,1e-06,0.0001,B5,FAIL,FAIL,VALID
final_control_043,1e-06,0.0001,B4,FAIL,FAIL,VALID
final_control_043,1e-06,0.0001,A_no_geometry,FAIL,FAIL,VALID
final_control_043,1e-06,0.0001,A_no_torque,FAIL,FAIL,VALID
final_control_043,1e-06,0.0001,A_binary_unknown_fail,FAIL,FAIL,VALID
final_control_043,1e-06,0.0001,A_accumulated,FAIL,FAIL,VALID
final_control_043,1e-06,0.0001,A_net_aggregation,FAIL,FAIL,VALID
final_control_043,1e-06,0.0001,B0,PASS,FAIL,VALID
final_control_043,1e-06,0.0001,B1,PASS,FAIL,VALID
final_control_043,1e-06,0.0001,B2,FAIL,FAIL,VALID
final_control_043,1e-06,0.0001,B3,FAIL,FAIL,VALID
final_control_043,1e-06,0.0001,B4_normal,FAIL,FAIL,VALID
final_control_043,1e-05,0.001,B5,FAIL,FAIL,VALID
final_control_043,1e-05,0.001,B4,FAIL,FAIL,VALID
final_control_043,1e-05,0.001,A_no_geometry,FAIL,FAIL,VALID
final_control_043,1e-05,0.001,A_no_torque,FAIL,FAIL,VALID
final_control_043,1e-05,0.001,A_binary_unknown_fail,FAIL,FAIL,VALID
final_control_043,1e-05,0.001,A_accumulated,FAIL,FAIL,VALID
final_control_043,1e-05,0.001,A_net_aggregation,FAIL,FAIL,VALID
final_control_043,1e-05,0.001,B0,PASS,FAIL,VALID
final_control_043,1e-05,0.001,B1,PASS,FAIL,VALID
final_control_043,1e-05,0.001,B2,FAIL,FAIL,VALID
final_control_043,1e-05,0.001,B3,FAIL,FAIL,VALID
final_control_043,1e-05,0.001,B4_normal,FAIL,FAIL,VALID
final_control_043,0.0001,0.01,B5,FAIL,FAIL,VALID
final_control_043,0.0001,0.01,B4,FAIL,FAIL,VALID
final_control_043,0.0001,0.01,A_no_geometry,FAIL,FAIL,VALID
final_control_043,0.0001,0.01,A_no_torque,FAIL,FAIL,VALID
final_control_043,0.0001,0.01,A_binary_unknown_fail,FAIL,FAIL,VALID
final_control_043,0.0001,0.01,A_accumulated,FAIL,FAIL,VALID
final_control_043,0.0001,0.01,A_net_aggregation,FAIL,FAIL,VALID
final_control_043,0.0001,0.01,B0,PASS,FAIL,VALID
final_control_043,0.0001,0.01,B1,PASS,FAIL,VALID
final_control_043,0.0001,0.01,B2,FAIL,FAIL,VALID
final_control_043,0.0001,0.01,B3,FAIL,FAIL,VALID
final_control_043,0.0001,0.01,B4_normal,FAIL,FAIL,VALID
final_control_043,0.001,0.1,B5,FAIL,FAIL,VALID
final_control_043,0.001,0.1,B4,FAIL,FAIL,VALID
final_control_043,0.001,0.1,A_no_geometry,FAIL,FAIL,VALID
final_control_043,0.001,0.1,A_no_torque,FAIL,FAIL,VALID
final_control_043,0.001,0.1,A_binary_unknown_fail,FAIL,FAIL,VALID
final_control_043,0.001,0.1,A_accumulated,FAIL,FAIL,VALID
final_control_043,0.001,0.1,A_net_aggregation,FAIL,FAIL,VALID
final_control_043,0.001,0.1,B0,PASS,FAIL,VALID
final_control_043,0.001,0.1,B1,PASS,FAIL,VALID
final_control_043,0.001,0.1,B2,FAIL,FAIL,VALID
final_control_043,0.001,0.1,B3,FAIL,FAIL,VALID
final_control_043,0.001,0.1,B4_normal,FAIL,FAIL,VALID
final_control_043,0.01,1.0,B5,INDETERMINATE,FAIL,VALID
final_control_043,0.01,1.0,B4,INDETERMINATE,FAIL,VALID
final_control_043,0.01,1.0,A_no_geometry,INDETERMINATE,FAIL,VALID
final_control_043,0.01,1.0,A_no_torque,INDETERMINATE,FAIL,VALID
final_control_043,0.01,1.0,A_binary_unknown_fail,FAIL,FAIL,VALID
final_control_043,0.01,1.0,A_accumulated,INDETERMINATE,FAIL,VALID
final_control_043,0.01,1.0,A_net_aggregation,INDETERMINATE,FAIL,VALID
final_control_043,0.01,1.0,B0,PASS,FAIL,VALID
final_control_043,0.01,1.0,B1,PASS,FAIL,VALID
final_control_043,0.01,1.0,B2,FAIL,FAIL,VALID
final_control_043,0.01,1.0,B3,FAIL,FAIL,VALID
final_control_043,0.01,1.0,B4_normal,INDETERMINATE,FAIL,VALID
final_control_044,1e-06,0.0001,B5,FAIL,FAIL,VALID
final_control_044,1e-06,0.0001,B4,FAIL,FAIL,VALID
final_control_044,1e-06,0.0001,A_no_geometry,FAIL,FAIL,VALID
final_control_044,1e-06,0.0001,A_no_torque,FAIL,FAIL,VALID
final_control_044,1e-06,0.0001,A_binary_unknown_fail,FAIL,FAIL,VALID
final_control_044,1e-06,0.0001,A_accumulated,FAIL,FAIL,VALID
final_control_044,1e-06,0.0001,A_net_aggregation,FAIL,FAIL,VALID
final_control_044,1e-06,0.0001,B0,PASS,FAIL,VALID
final_control_044,1e-06,0.0001,B1,PASS,FAIL,VALID
final_control_044,1e-06,0.0001,B2,FAIL,FAIL,VALID
final_control_044,1e-06,0.0001,B3,FAIL,FAIL,VALID
final_control_044,1e-06,0.0001,B4_normal,FAIL,FAIL,VALID
final_control_044,1e-05,0.001,B5,FAIL,FAIL,VALID
final_control_044,1e-05,0.001,B4,FAIL,FAIL,VALID
final_control_044,1e-05,0.001,A_no_geometry,FAIL,FAIL,VALID
final_control_044,1e-05,0.001,A_no_torque,FAIL,FAIL,VALID
final_control_044,1e-05,0.001,A_binary_unknown_fail,FAIL,FAIL,VALID
final_control_044,1e-05,0.001,A_accumulated,FAIL,FAIL,VALID
final_control_044,1e-05,0.001,A_net_aggregation,FAIL,FAIL,VALID
final_control_044,1e-05,0.001,B0,PASS,FAIL,VALID
final_control_044,1e-05,0.001,B1,PASS,FAIL,VALID
final_control_044,1e-05,0.001,B2,FAIL,FAIL,VALID
final_control_044,1e-05,0.001,B3,FAIL,FAIL,VALID
final_control_044,1e-05,0.001,B4_normal,FAIL,FAIL,VALID
final_control_044,0.0001,0.01,B5,FAIL,FAIL,VALID
final_control_044,0.0001,0.01,B4,FAIL,FAIL,VALID
final_control_044,0.0001,0.01,A_no_geometry,FAIL,FAIL,VALID
final_control_044,0.0001,0.01,A_no_torque,FAIL,FAIL,VALID
final_control_044,0.0001,0.01,A_binary_unknown_fail,FAIL,FAIL,VALID
final_control_044,0.0001,0.01,A_accumulated,FAIL,FAIL,VALID
final_control_044,0.0001,0.01,A_net_aggregation,FAIL,FAIL,VALID
final_control_044,0.0001,0.01,B0,PASS,FAIL,VALID
final_control_044,0.0001,0.01,B1,PASS,FAIL,VALID
final_control_044,0.0001,0.01,B2,FAIL,FAIL,VALID
final_control_044,0.0001,0.01,B3,FAIL,FAIL,VALID
final_control_044,0.0001,0.01,B4_normal,FAIL,FAIL,VALID
final_control_044,0.001,0.1,B5,FAIL,FAIL,VALID
final_control_044,0.001,0.1,B4,FAIL,FAIL,VALID
final_control_044,0.001,0.1,A_no_geometry,FAIL,FAIL,VALID
final_control_044,0.001,0.1,A_no_torque,FAIL,FAIL,VALID
final_control_044,0.001,0.1,A_binary_unknown_fail,FAIL,FAIL,VALID
final_control_044,0.001,0.1,A_accumulated,FAIL,FAIL,VALID
final_control_044,0.001,0.1,A_net_aggregation,FAIL,FAIL,VALID
final_control_044,0.001,0.1,B0,PASS,FAIL,VALID
final_control_044,0.001,0.1,B1,PASS,FAIL,VALID
final_control_044,0.001,0.1,B2,FAIL,FAIL,VALID
final_control_044,0.001,0.1,B3,FAIL,FAIL,VALID
final_control_044,0.001,0.1,B4_normal,FAIL,FAIL,VALID
final_control_044,0.01,1.0,B5,FAIL,FAIL,VALID
final_control_044,0.01,1.0,B4,FAIL,FAIL,VALID
final_control_044,0.01,1.0,A_no_geometry,FAIL,FAIL,VALID
final_control_044,0.01,1.0,A_no_torque,FAIL,FAIL,VALID
final_control_044,0.01,1.0,A_binary_unknown_fail,FAIL,FAIL,VALID
final_control_044,0.01,1.0,A_accumulated,FAIL,FAIL,VALID
final_control_044,0.01,1.0,A_net_aggregation,INDETERMINATE,FAIL,VALID
final_control_044,0.01,1.0,B0,PASS,FAIL,VALID
final_control_044,0.01,1.0,B1,PASS,FAIL,VALID
final_control_044,0.01,1.0,B2,FAIL,FAIL,VALID
final_control_044,0.01,1.0,B3,FAIL,FAIL,VALID
final_control_044,0.01,1.0,B4_normal,FAIL,FAIL,VALID
final_control_045,1e-06,0.0001,B5,FAIL,FAIL,VALID
final_control_045,1e-06,0.0001,B4,FAIL,FAIL,VALID
final_control_045,1e-06,0.0001,A_no_geometry,FAIL,FAIL,VALID
final_control_045,1e-06,0.0001,A_no_torque,FAIL,FAIL,VALID
final_control_045,1e-06,0.0001,A_binary_unknown_fail,FAIL,FAIL,VALID
final_control_045,1e-06,0.0001,A_accumulated,FAIL,FAIL,VALID
final_control_045,1e-06,0.0001,A_net_aggregation,FAIL,FAIL,VALID
final_control_045,1e-06,0.0001,B0,PASS,FAIL,VALID
final_control_045,1e-06,0.0001,B1,PASS,FAIL,VALID
final_control_045,1e-06,0.0001,B2,FAIL,FAIL,VALID
final_control_045,1e-06,0.0001,B3,FAIL,FAIL,VALID
final_control_045,1e-06,0.0001,B4_normal,FAIL,FAIL,VALID
final_control_045,1e-05,0.001,B5,FAIL,FAIL,VALID
final_control_045,1e-05,0.001,B4,FAIL,FAIL,VALID
final_control_045,1e-05,0.001,A_no_geometry,FAIL,FAIL,VALID
final_control_045,1e-05,0.001,A_no_torque,FAIL,FAIL,VALID
final_control_045,1e-05,0.001,A_binary_unknown_fail,FAIL,FAIL,VALID
final_control_045,1e-05,0.001,A_accumulated,FAIL,FAIL,VALID
final_control_045,1e-05,0.001,A_net_aggregation,FAIL,FAIL,VALID
final_control_045,1e-05,0.001,B0,PASS,FAIL,VALID
final_control_045,1e-05,0.001,B1,PASS,FAIL,VALID
final_control_045,1e-05,0.001,B2,FAIL,FAIL,VALID
final_control_045,1e-05,0.001,B3,FAIL,FAIL,VALID
final_control_045,1e-05,0.001,B4_normal,FAIL,FAIL,VALID
final_control_045,0.0001,0.01,B5,FAIL,FAIL,VALID
final_control_045,0.0001,0.01,B4,FAIL,FAIL,VALID
final_control_045,0.0001,0.01,A_no_geometry,FAIL,FAIL,VALID
final_control_045,0.0001,0.01,A_no_torque,FAIL,FAIL,VALID
final_control_045,0.0001,0.01,A_binary_unknown_fail,FAIL,FAIL,VALID
final_control_045,0.0001,0.01,A_accumulated,FAIL,FAIL,VALID
final_control_045,0.0001,0.01,A_net_aggregation,FAIL,FAIL,VALID
final_control_045,0.0001,0.01,B0,PASS,FAIL,VALID
final_control_045,0.0001,0.01,B1,PASS,FAIL,VALID
final_control_045,0.0001,0.01,B2,FAIL,FAIL,VALID
final_control_045,0.0001,0.01,B3,FAIL,FAIL,VALID
final_control_045,0.0001,0.01,B4_normal,FAIL,FAIL,VALID
final_control_045,0.001,0.1,B5,FAIL,FAIL,VALID
final_control_045,0.001,0.1,B4,FAIL,FAIL,VALID
final_control_045,0.001,0.1,A_no_geometry,FAIL,FAIL,VALID
final_control_045,0.001,0.1,A_no_torque,FAIL,FAIL,VALID
final_control_045,0.001,0.1,A_binary_unknown_fail,FAIL,FAIL,VALID
final_control_045,0.001,0.1,A_accumulated,FAIL,FAIL,VALID
final_control_045,0.001,0.1,A_net_aggregation,FAIL,FAIL,VALID
final_control_045,0.001,0.1,B0,PASS,FAIL,VALID
final_control_045,0.001,0.1,B1,PASS,FAIL,VALID
final_control_045,0.001,0.1,B2,FAIL,FAIL,VALID
final_control_045,0.001,0.1,B3,FAIL,FAIL,VALID
final_control_045,0.001,0.1,B4_normal,FAIL,FAIL,VALID
final_control_045,0.01,1.0,B5,FAIL,FAIL,VALID
final_control_045,0.01,1.0,B4,FAIL,FAIL,VALID
final_control_045,0.01,1.0,A_no_geometry,FAIL,FAIL,VALID
final_control_045,0.01,1.0,A_no_torque,FAIL,FAIL,VALID
final_control_045,0.01,1.0,A_binary_unknown_fail,FAIL,FAIL,VALID
final_control_045,0.01,1.0,A_accumulated,FAIL,FAIL,VALID
final_control_045,0.01,1.0,A_net_aggregation,FAIL,FAIL,VALID
final_control_045,0.01,1.0,B0,PASS,FAIL,VALID
final_control_045,0.01,1.0,B1,PASS,FAIL,VALID
final_control_045,0.01,1.0,B2,FAIL,FAIL,VALID
final_control_045,0.01,1.0,B3,FAIL,FAIL,VALID
final_control_045,0.01,1.0,B4_normal,FAIL,FAIL,VALID
final_control_046,1e-06,0.0001,B5,FAIL,FAIL,VALID
final_control_046,1e-06,0.0001,B4,FAIL,FAIL,VALID
final_control_046,1e-06,0.0001,A_no_geometry,FAIL,FAIL,VALID
final_control_046,1e-06,0.0001,A_no_torque,FAIL,FAIL,VALID
final_control_046,1e-06,0.0001,A_binary_unknown_fail,FAIL,FAIL,VALID
final_control_046,1e-06,0.0001,A_accumulated,FAIL,FAIL,VALID
final_control_046,1e-06,0.0001,A_net_aggregation,FAIL,FAIL,VALID
final_control_046,1e-06,0.0001,B0,FAIL,FAIL,VALID
final_control_046,1e-06,0.0001,B1,FAIL,FAIL,VALID
final_control_046,1e-06,0.0001,B2,FAIL,FAIL,VALID
final_control_046,1e-06,0.0001,B3,FAIL,FAIL,VALID
final_control_046,1e-06,0.0001,B4_normal,FAIL,FAIL,VALID
final_control_046,1e-05,0.001,B5,FAIL,FAIL,VALID
final_control_046,1e-05,0.001,B4,FAIL,FAIL,VALID
final_control_046,1e-05,0.001,A_no_geometry,FAIL,FAIL,VALID
final_control_046,1e-05,0.001,A_no_torque,FAIL,FAIL,VALID
final_control_046,1e-05,0.001,A_binary_unknown_fail,FAIL,FAIL,VALID
final_control_046,1e-05,0.001,A_accumulated,FAIL,FAIL,VALID
final_control_046,1e-05,0.001,A_net_aggregation,FAIL,FAIL,VALID
final_control_046,1e-05,0.001,B0,FAIL,FAIL,VALID
final_control_046,1e-05,0.001,B1,FAIL,FAIL,VALID
final_control_046,1e-05,0.001,B2,FAIL,FAIL,VALID
final_control_046,1e-05,0.001,B3,FAIL,FAIL,VALID
final_control_046,1e-05,0.001,B4_normal,FAIL,FAIL,VALID
final_control_046,0.0001,0.01,B5,FAIL,FAIL,VALID
final_control_046,0.0001,0.01,B4,FAIL,FAIL,VALID
final_control_046,0.0001,0.01,A_no_geometry,FAIL,FAIL,VALID
final_control_046,0.0001,0.01,A_no_torque,FAIL,FAIL,VALID
final_control_046,0.0001,0.01,A_binary_unknown_fail,FAIL,FAIL,VALID
final_control_046,0.0001,0.01,A_accumulated,FAIL,FAIL,VALID
final_control_046,0.0001,0.01,A_net_aggregation,FAIL,FAIL,VALID
final_control_046,0.0001,0.01,B0,FAIL,FAIL,VALID
final_control_046,0.0001,0.01,B1,FAIL,FAIL,VALID
final_control_046,0.0001,0.01,B2,FAIL,FAIL,VALID
final_control_046,0.0001,0.01,B3,FAIL,FAIL,VALID
final_control_046,0.0001,0.01,B4_normal,FAIL,FAIL,VALID
final_control_046,0.001,0.1,B5,FAIL,FAIL,VALID
final_control_046,0.001,0.1,B4,FAIL,FAIL,VALID
final_control_046,0.001,0.1,A_no_geometry,FAIL,FAIL,VALID
final_control_046,0.001,0.1,A_no_torque,FAIL,FAIL,VALID
final_control_046,0.001,0.1,A_binary_unknown_fail,FAIL,FAIL,VALID
final_control_046,0.001,0.1,A_accumulated,FAIL,FAIL,VALID
final_control_046,0.001,0.1,A_net_aggregation,FAIL,FAIL,VALID
final_control_046,0.001,0.1,B0,FAIL,FAIL,VALID
final_control_046,0.001,0.1,B1,FAIL,FAIL,VALID
final_control_046,0.001,0.1,B2,FAIL,FAIL,VALID
final_control_046,0.001,0.1,B3,FAIL,FAIL,VALID
final_control_046,0.001,0.1,B4_normal,FAIL,FAIL,VALID
final_control_046,0.01,1.0,B5,FAIL,FAIL,VALID
final_control_046,0.01,1.0,B4,FAIL,FAIL,VALID
final_control_046,0.01,1.0,A_no_geometry,FAIL,FAIL,VALID
final_control_046,0.01,1.0,A_no_torque,FAIL,FAIL,VALID
final_control_046,0.01,1.0,A_binary_unknown_fail,FAIL,FAIL,VALID
final_control_046,0.01,1.0,A_accumulated,FAIL,FAIL,VALID
final_control_046,0.01,1.0,A_net_aggregation,FAIL,FAIL,VALID
final_control_046,0.01,1.0,B0,FAIL,FAIL,VALID
final_control_046,0.01,1.0,B1,FAIL,FAIL,VALID
final_control_046,0.01,1.0,B2,FAIL,FAIL,VALID
final_control_046,0.01,1.0,B3,FAIL,FAIL,VALID
final_control_046,0.01,1.0,B4_normal,FAIL,FAIL,VALID
final_control_047,1e-06,0.0001,B5,PASS,PASS,VALID
final_control_047,1e-06,0.0001,B4,PASS,PASS,VALID
final_control_047,1e-06,0.0001,A_no_geometry,PASS,PASS,VALID
final_control_047,1e-06,0.0001,A_no_torque,PASS,PASS,VALID
final_control_047,1e-06,0.0001,A_binary_unknown_fail,PASS,PASS,VALID
final_control_047,1e-06,0.0001,A_accumulated,PASS,PASS,VALID
final_control_047,1e-06,0.0001,A_net_aggregation,PASS,PASS,VALID
final_control_047,1e-06,0.0001,B0,PASS,PASS,VALID
final_control_047,1e-06,0.0001,B1,PASS,PASS,VALID
final_control_047,1e-06,0.0001,B2,FAIL,PASS,VALID
final_control_047,1e-06,0.0001,B3,PASS,PASS,VALID
final_control_047,1e-06,0.0001,B4_normal,PASS,PASS,VALID
final_control_047,1e-05,0.001,B5,PASS,PASS,VALID
final_control_047,1e-05,0.001,B4,PASS,PASS,VALID
final_control_047,1e-05,0.001,A_no_geometry,PASS,PASS,VALID
final_control_047,1e-05,0.001,A_no_torque,PASS,PASS,VALID
final_control_047,1e-05,0.001,A_binary_unknown_fail,PASS,PASS,VALID
final_control_047,1e-05,0.001,A_accumulated,PASS,PASS,VALID
final_control_047,1e-05,0.001,A_net_aggregation,PASS,PASS,VALID
final_control_047,1e-05,0.001,B0,PASS,PASS,VALID
final_control_047,1e-05,0.001,B1,PASS,PASS,VALID
final_control_047,1e-05,0.001,B2,FAIL,PASS,VALID
final_control_047,1e-05,0.001,B3,PASS,PASS,VALID
final_control_047,1e-05,0.001,B4_normal,PASS,PASS,VALID
final_control_047,0.0001,0.01,B5,PASS,PASS,VALID
final_control_047,0.0001,0.01,B4,PASS,PASS,VALID
final_control_047,0.0001,0.01,A_no_geometry,PASS,PASS,VALID
final_control_047,0.0001,0.01,A_no_torque,PASS,PASS,VALID
final_control_047,0.0001,0.01,A_binary_unknown_fail,PASS,PASS,VALID
final_control_047,0.0001,0.01,A_accumulated,PASS,PASS,VALID
final_control_047,0.0001,0.01,A_net_aggregation,PASS,PASS,VALID
final_control_047,0.0001,0.01,B0,PASS,PASS,VALID
final_control_047,0.0001,0.01,B1,PASS,PASS,VALID
final_control_047,0.0001,0.01,B2,FAIL,PASS,VALID
final_control_047,0.0001,0.01,B3,PASS,PASS,VALID
final_control_047,0.0001,0.01,B4_normal,PASS,PASS,VALID
final_control_047,0.001,0.1,B5,PASS,PASS,VALID
final_control_047,0.001,0.1,B4,PASS,PASS,VALID
final_control_047,0.001,0.1,A_no_geometry,PASS,PASS,VALID
final_control_047,0.001,0.1,A_no_torque,PASS,PASS,VALID
final_control_047,0.001,0.1,A_binary_unknown_fail,PASS,PASS,VALID
final_control_047,0.001,0.1,A_accumulated,PASS,PASS,VALID
final_control_047,0.001,0.1,A_net_aggregation,PASS,PASS,VALID
final_control_047,0.001,0.1,B0,PASS,PASS,VALID
final_control_047,0.001,0.1,B1,PASS,PASS,VALID
final_control_047,0.001,0.1,B2,FAIL,PASS,VALID
final_control_047,0.001,0.1,B3,PASS,PASS,VALID
final_control_047,0.001,0.1,B4_normal,PASS,PASS,VALID
final_control_047,0.01,1.0,B5,PASS,PASS,VALID
final_control_047,0.01,1.0,B4,PASS,PASS,VALID
final_control_047,0.01,1.0,A_no_geometry,PASS,PASS,VALID
final_control_047,0.01,1.0,A_no_torque,PASS,PASS,VALID
final_control_047,0.01,1.0,A_binary_unknown_fail,PASS,PASS,VALID
final_control_047,0.01,1.0,A_accumulated,PASS,PASS,VALID
final_control_047,0.01,1.0,A_net_aggregation,PASS,PASS,VALID
final_control_047,0.01,1.0,B0,PASS,PASS,VALID
final_control_047,0.01,1.0,B1,PASS,PASS,VALID
final_control_047,0.01,1.0,B2,FAIL,PASS,VALID
final_control_047,0.01,1.0,B3,PASS,PASS,VALID
final_control_047,0.01,1.0,B4_normal,PASS,PASS,VALID
final_control_048,1e-06,0.0001,B5,PASS,PASS,VALID
final_control_048,1e-06,0.0001,B4,PASS,PASS,VALID
final_control_048,1e-06,0.0001,A_no_geometry,PASS,PASS,VALID
final_control_048,1e-06,0.0001,A_no_torque,PASS,PASS,VALID
final_control_048,1e-06,0.0001,A_binary_unknown_fail,PASS,PASS,VALID
final_control_048,1e-06,0.0001,A_accumulated,PASS,PASS,VALID
final_control_048,1e-06,0.0001,A_net_aggregation,PASS,PASS,VALID
final_control_048,1e-06,0.0001,B0,PASS,PASS,VALID
final_control_048,1e-06,0.0001,B1,PASS,PASS,VALID
final_control_048,1e-06,0.0001,B2,PASS,PASS,VALID
final_control_048,1e-06,0.0001,B3,PASS,PASS,VALID
final_control_048,1e-06,0.0001,B4_normal,PASS,PASS,VALID
final_control_048,1e-05,0.001,B5,PASS,PASS,VALID
final_control_048,1e-05,0.001,B4,PASS,PASS,VALID
final_control_048,1e-05,0.001,A_no_geometry,PASS,PASS,VALID
final_control_048,1e-05,0.001,A_no_torque,PASS,PASS,VALID
final_control_048,1e-05,0.001,A_binary_unknown_fail,PASS,PASS,VALID
final_control_048,1e-05,0.001,A_accumulated,PASS,PASS,VALID
final_control_048,1e-05,0.001,A_net_aggregation,PASS,PASS,VALID
final_control_048,1e-05,0.001,B0,PASS,PASS,VALID
final_control_048,1e-05,0.001,B1,PASS,PASS,VALID
final_control_048,1e-05,0.001,B2,PASS,PASS,VALID
final_control_048,1e-05,0.001,B3,PASS,PASS,VALID
final_control_048,1e-05,0.001,B4_normal,PASS,PASS,VALID
final_control_048,0.0001,0.01,B5,PASS,PASS,VALID
final_control_048,0.0001,0.01,B4,PASS,PASS,VALID
final_control_048,0.0001,0.01,A_no_geometry,PASS,PASS,VALID
final_control_048,0.0001,0.01,A_no_torque,PASS,PASS,VALID
final_control_048,0.0001,0.01,A_binary_unknown_fail,PASS,PASS,VALID
final_control_048,0.0001,0.01,A_accumulated,PASS,PASS,VALID
final_control_048,0.0001,0.01,A_net_aggregation,PASS,PASS,VALID
final_control_048,0.0001,0.01,B0,PASS,PASS,VALID
final_control_048,0.0001,0.01,B1,PASS,PASS,VALID
final_control_048,0.0001,0.01,B2,PASS,PASS,VALID
final_control_048,0.0001,0.01,B3,PASS,PASS,VALID
final_control_048,0.0001,0.01,B4_normal,PASS,PASS,VALID
final_control_048,0.001,0.1,B5,PASS,PASS,VALID
final_control_048,0.001,0.1,B4,PASS,PASS,VALID
final_control_048,0.001,0.1,A_no_geometry,PASS,PASS,VALID
final_control_048,0.001,0.1,A_no_torque,PASS,PASS,VALID
final_control_048,0.001,0.1,A_binary_unknown_fail,PASS,PASS,VALID
final_control_048,0.001,0.1,A_accumulated,PASS,PASS,VALID
final_control_048,0.001,0.1,A_net_aggregation,PASS,PASS,VALID
final_control_048,0.001,0.1,B0,PASS,PASS,VALID
final_control_048,0.001,0.1,B1,PASS,PASS,VALID
final_control_048,0.001,0.1,B2,PASS,PASS,VALID
final_control_048,0.001,0.1,B3,PASS,PASS,VALID
final_control_048,0.001,0.1,B4_normal,PASS,PASS,VALID
final_control_048,0.01,1.0,B5,PASS,PASS,VALID
final_control_048,0.01,1.0,B4,PASS,PASS,VALID
final_control_048,0.01,1.0,A_no_geometry,PASS,PASS,VALID
final_control_048,0.01,1.0,A_no_torque,PASS,PASS,VALID
final_control_048,0.01,1.0,A_binary_unknown_fail,PASS,PASS,VALID
final_control_048,0.01,1.0,A_accumulated,PASS,PASS,VALID
final_control_048,0.01,1.0,A_net_aggregation,PASS,PASS,VALID
final_control_048,0.01,1.0,B0,PASS,PASS,VALID
final_control_048,0.01,1.0,B1,PASS,PASS,VALID
final_control_048,0.01,1.0,B2,PASS,PASS,VALID
final_control_048,0.01,1.0,B3,PASS,PASS,VALID
final_control_048,0.01,1.0,B4_normal,PASS,PASS,VALID
final_control_049,1e-06,0.0001,B5,PASS,PASS,VALID
final_control_049,1e-06,0.0001,B4,PASS,PASS,VALID
final_control_049,1e-06,0.0001,A_no_geometry,PASS,PASS,VALID
final_control_049,1e-06,0.0001,A_no_torque,PASS,PASS,VALID
final_control_049,1e-06,0.0001,A_binary_unknown_fail,PASS,PASS,VALID
final_control_049,1e-06,0.0001,A_accumulated,PASS,PASS,VALID
final_control_049,1e-06,0.0001,A_net_aggregation,PASS,PASS,VALID
final_control_049,1e-06,0.0001,B0,PASS,PASS,VALID
final_control_049,1e-06,0.0001,B1,PASS,PASS,VALID
final_control_049,1e-06,0.0001,B2,FAIL,PASS,VALID
final_control_049,1e-06,0.0001,B3,PASS,PASS,VALID
final_control_049,1e-06,0.0001,B4_normal,PASS,PASS,VALID
final_control_049,1e-05,0.001,B5,PASS,PASS,VALID
final_control_049,1e-05,0.001,B4,PASS,PASS,VALID
final_control_049,1e-05,0.001,A_no_geometry,PASS,PASS,VALID
final_control_049,1e-05,0.001,A_no_torque,PASS,PASS,VALID
final_control_049,1e-05,0.001,A_binary_unknown_fail,PASS,PASS,VALID
final_control_049,1e-05,0.001,A_accumulated,PASS,PASS,VALID
final_control_049,1e-05,0.001,A_net_aggregation,PASS,PASS,VALID
final_control_049,1e-05,0.001,B0,PASS,PASS,VALID
final_control_049,1e-05,0.001,B1,PASS,PASS,VALID
final_control_049,1e-05,0.001,B2,FAIL,PASS,VALID
final_control_049,1e-05,0.001,B3,PASS,PASS,VALID
final_control_049,1e-05,0.001,B4_normal,PASS,PASS,VALID
final_control_049,0.0001,0.01,B5,PASS,PASS,VALID
final_control_049,0.0001,0.01,B4,PASS,PASS,VALID
final_control_049,0.0001,0.01,A_no_geometry,PASS,PASS,VALID
final_control_049,0.0001,0.01,A_no_torque,PASS,PASS,VALID
final_control_049,0.0001,0.01,A_binary_unknown_fail,PASS,PASS,VALID
final_control_049,0.0001,0.01,A_accumulated,PASS,PASS,VALID
final_control_049,0.0001,0.01,A_net_aggregation,PASS,PASS,VALID
final_control_049,0.0001,0.01,B0,PASS,PASS,VALID
final_control_049,0.0001,0.01,B1,PASS,PASS,VALID
final_control_049,0.0001,0.01,B2,FAIL,PASS,VALID
final_control_049,0.0001,0.01,B3,PASS,PASS,VALID
final_control_049,0.0001,0.01,B4_normal,PASS,PASS,VALID
final_control_049,0.001,0.1,B5,PASS,PASS,VALID
final_control_049,0.001,0.1,B4,PASS,PASS,VALID
final_control_049,0.001,0.1,A_no_geometry,PASS,PASS,VALID
final_control_049,0.001,0.1,A_no_torque,PASS,PASS,VALID
final_control_049,0.001,0.1,A_binary_unknown_fail,PASS,PASS,VALID
final_control_049,0.001,0.1,A_accumulated,PASS,PASS,VALID
final_control_049,0.001,0.1,A_net_aggregation,PASS,PASS,VALID
final_control_049,0.001,0.1,B0,PASS,PASS,VALID
final_control_049,0.001,0.1,B1,PASS,PASS,VALID
final_control_049,0.001,0.1,B2,FAIL,PASS,VALID
final_control_049,0.001,0.1,B3,PASS,PASS,VALID
final_control_049,0.001,0.1,B4_normal,PASS,PASS,VALID
final_control_049,0.01,1.0,B5,PASS,PASS,VALID
final_control_049,0.01,1.0,B4,PASS,PASS,VALID
final_control_049,0.01,1.0,A_no_geometry,PASS,PASS,VALID
final_control_049,0.01,1.0,A_no_torque,PASS,PASS,VALID
final_control_049,0.01,1.0,A_binary_unknown_fail,PASS,PASS,VALID
final_control_049,0.01,1.0,A_accumulated,PASS,PASS,VALID
final_control_049,0.01,1.0,A_net_aggregation,PASS,PASS,VALID
final_control_049,0.01,1.0,B0,PASS,PASS,VALID
final_control_049,0.01,1.0,B1,PASS,PASS,VALID
final_control_049,0.01,1.0,B2,FAIL,PASS,VALID
final_control_049,0.01,1.0,B3,PASS,PASS,VALID
final_control_049,0.01,1.0,B4_normal,PASS,PASS,VALID
final_control_050,1e-06,0.0001,B5,FAIL,FAIL,VALID
final_control_050,1e-06,0.0001,B4,FAIL,FAIL,VALID
final_control_050,1e-06,0.0001,A_no_geometry,FAIL,FAIL,VALID
final_control_050,1e-06,0.0001,A_no_torque,FAIL,FAIL,VALID
final_control_050,1e-06,0.0001,A_binary_unknown_fail,FAIL,FAIL,VALID
final_control_050,1e-06,0.0001,A_accumulated,FAIL,FAIL,VALID
final_control_050,1e-06,0.0001,A_net_aggregation,FAIL,FAIL,VALID
final_control_050,1e-06,0.0001,B0,PASS,FAIL,VALID
final_control_050,1e-06,0.0001,B1,PASS,FAIL,VALID
final_control_050,1e-06,0.0001,B2,FAIL,FAIL,VALID
final_control_050,1e-06,0.0001,B3,FAIL,FAIL,VALID
final_control_050,1e-06,0.0001,B4_normal,FAIL,FAIL,VALID
final_control_050,1e-05,0.001,B5,FAIL,FAIL,VALID
final_control_050,1e-05,0.001,B4,FAIL,FAIL,VALID
final_control_050,1e-05,0.001,A_no_geometry,FAIL,FAIL,VALID
final_control_050,1e-05,0.001,A_no_torque,FAIL,FAIL,VALID
final_control_050,1e-05,0.001,A_binary_unknown_fail,FAIL,FAIL,VALID
final_control_050,1e-05,0.001,A_accumulated,FAIL,FAIL,VALID
final_control_050,1e-05,0.001,A_net_aggregation,FAIL,FAIL,VALID
final_control_050,1e-05,0.001,B0,PASS,FAIL,VALID
final_control_050,1e-05,0.001,B1,PASS,FAIL,VALID
final_control_050,1e-05,0.001,B2,FAIL,FAIL,VALID
final_control_050,1e-05,0.001,B3,FAIL,FAIL,VALID
final_control_050,1e-05,0.001,B4_normal,FAIL,FAIL,VALID
final_control_050,0.0001,0.01,B5,FAIL,FAIL,VALID
final_control_050,0.0001,0.01,B4,FAIL,FAIL,VALID
final_control_050,0.0001,0.01,A_no_geometry,FAIL,FAIL,VALID
final_control_050,0.0001,0.01,A_no_torque,FAIL,FAIL,VALID
final_control_050,0.0001,0.01,A_binary_unknown_fail,FAIL,FAIL,VALID
final_control_050,0.0001,0.01,A_accumulated,FAIL,FAIL,VALID
final_control_050,0.0001,0.01,A_net_aggregation,FAIL,FAIL,VALID
final_control_050,0.0001,0.01,B0,PASS,FAIL,VALID
final_control_050,0.0001,0.01,B1,PASS,FAIL,VALID
final_control_050,0.0001,0.01,B2,FAIL,FAIL,VALID
final_control_050,0.0001,0.01,B3,FAIL,FAIL,VALID
final_control_050,0.0001,0.01,B4_normal,FAIL,FAIL,VALID
final_control_050,0.001,0.1,B5,FAIL,FAIL,VALID
final_control_050,0.001,0.1,B4,FAIL,FAIL,VALID
final_control_050,0.001,0.1,A_no_geometry,FAIL,FAIL,VALID
final_control_050,0.001,0.1,A_no_torque,FAIL,FAIL,VALID
final_control_050,0.001,0.1,A_binary_unknown_fail,FAIL,FAIL,VALID
final_control_050,0.001,0.1,A_accumulated,FAIL,FAIL,VALID
final_control_050,0.001,0.1,A_net_aggregation,FAIL,FAIL,VALID
final_control_050,0.001,0.1,B0,PASS,FAIL,VALID
final_control_050,0.001,0.1,B1,PASS,FAIL,VALID
final_control_050,0.001,0.1,B2,FAIL,FAIL,VALID
final_control_050,0.001,0.1,B3,FAIL,FAIL,VALID
final_control_050,0.001,0.1,B4_normal,FAIL,FAIL,VALID
final_control_050,0.01,1.0,B5,FAIL,FAIL,VALID
final_control_050,0.01,1.0,B4,FAIL,FAIL,VALID
final_control_050,0.01,1.0,A_no_geometry,FAIL,FAIL,VALID
final_control_050,0.01,1.0,A_no_torque,FAIL,FAIL,VALID
final_control_050,0.01,1.0,A_binary_unknown_fail,FAIL,FAIL,VALID
final_control_050,0.01,1.0,A_accumulated,FAIL,FAIL,VALID
final_control_050,0.01,1.0,A_net_aggregation,FAIL,FAIL,VALID
final_control_050,0.01,1.0,B0,PASS,FAIL,VALID
final_control_050,0.01,1.0,B1,PASS,FAIL,VALID
final_control_050,0.01,1.0,B2,FAIL,FAIL,VALID
final_control_050,0.01,1.0,B3,FAIL,FAIL,VALID
final_control_050,0.01,1.0,B4_normal,FAIL,FAIL,VALID
final_control_051,1e-06,0.0001,B5,FAIL,FAIL,VALID
final_control_051,1e-06,0.0001,B4,FAIL,FAIL,VALID
final_control_051,1e-06,0.0001,A_no_geometry,FAIL,FAIL,VALID
final_control_051,1e-06,0.0001,A_no_torque,FAIL,FAIL,VALID
final_control_051,1e-06,0.0001,A_binary_unknown_fail,FAIL,FAIL,VALID
final_control_051,1e-06,0.0001,A_accumulated,FAIL,FAIL,VALID
final_control_051,1e-06,0.0001,A_net_aggregation,FAIL,FAIL,VALID
final_control_051,1e-06,0.0001,B0,PASS,FAIL,VALID
final_control_051,1e-06,0.0001,B1,PASS,FAIL,VALID
final_control_051,1e-06,0.0001,B2,FAIL,FAIL,VALID
final_control_051,1e-06,0.0001,B3,FAIL,FAIL,VALID
final_control_051,1e-06,0.0001,B4_normal,FAIL,FAIL,VALID
final_control_051,1e-05,0.001,B5,FAIL,FAIL,VALID
final_control_051,1e-05,0.001,B4,FAIL,FAIL,VALID
final_control_051,1e-05,0.001,A_no_geometry,FAIL,FAIL,VALID
final_control_051,1e-05,0.001,A_no_torque,FAIL,FAIL,VALID
final_control_051,1e-05,0.001,A_binary_unknown_fail,FAIL,FAIL,VALID
final_control_051,1e-05,0.001,A_accumulated,FAIL,FAIL,VALID
final_control_051,1e-05,0.001,A_net_aggregation,FAIL,FAIL,VALID
final_control_051,1e-05,0.001,B0,PASS,FAIL,VALID
final_control_051,1e-05,0.001,B1,PASS,FAIL,VALID
final_control_051,1e-05,0.001,B2,FAIL,FAIL,VALID
final_control_051,1e-05,0.001,B3,FAIL,FAIL,VALID
final_control_051,1e-05,0.001,B4_normal,FAIL,FAIL,VALID
final_control_051,0.0001,0.01,B5,FAIL,FAIL,VALID
final_control_051,0.0001,0.01,B4,FAIL,FAIL,VALID
final_control_051,0.0001,0.01,A_no_geometry,FAIL,FAIL,VALID
final_control_051,0.0001,0.01,A_no_torque,FAIL,FAIL,VALID
final_control_051,0.0001,0.01,A_binary_unknown_fail,FAIL,FAIL,VALID
final_control_051,0.0001,0.01,A_accumulated,FAIL,FAIL,VALID
final_control_051,0.0001,0.01,A_net_aggregation,FAIL,FAIL,VALID
final_control_051,0.0001,0.01,B0,PASS,FAIL,VALID
final_control_051,0.0001,0.01,B1,PASS,FAIL,VALID
final_control_051,0.0001,0.01,B2,FAIL,FAIL,VALID
final_control_051,0.0001,0.01,B3,FAIL,FAIL,VALID
final_control_051,0.0001,0.01,B4_normal,FAIL,FAIL,VALID
final_control_051,0.001,0.1,B5,FAIL,FAIL,VALID
final_control_051,0.001,0.1,B4,FAIL,FAIL,VALID
final_control_051,0.001,0.1,A_no_geometry,FAIL,FAIL,VALID
final_control_051,0.001,0.1,A_no_torque,FAIL,FAIL,VALID
final_control_051,0.001,0.1,A_binary_unknown_fail,FAIL,FAIL,VALID
final_control_051,0.001,0.1,A_accumulated,FAIL,FAIL,VALID
final_control_051,0.001,0.1,A_net_aggregation,FAIL,FAIL,VALID
final_control_051,0.001,0.1,B0,PASS,FAIL,VALID
final_control_051,0.001,0.1,B1,PASS,FAIL,VALID
final_control_051,0.001,0.1,B2,FAIL,FAIL,VALID
final_control_051,0.001,0.1,B3,FAIL,FAIL,VALID
final_control_051,0.001,0.1,B4_normal,FAIL,FAIL,VALID
final_control_051,0.01,1.0,B5,FAIL,FAIL,VALID
final_control_051,0.01,1.0,B4,FAIL,FAIL,VALID
final_control_051,0.01,1.0,A_no_geometry,FAIL,FAIL,VALID
final_control_051,0.01,1.0,A_no_torque,FAIL,FAIL,VALID
final_control_051,0.01,1.0,A_binary_unknown_fail,FAIL,FAIL,VALID
final_control_051,0.01,1.0,A_accumulated,FAIL,FAIL,VALID
final_control_051,0.01,1.0,A_net_aggregation,FAIL,FAIL,VALID
final_control_051,0.01,1.0,B0,PASS,FAIL,VALID
final_control_051,0.01,1.0,B1,PASS,FAIL,VALID
final_control_051,0.01,1.0,B2,FAIL,FAIL,VALID
final_control_051,0.01,1.0,B3,FAIL,FAIL,VALID
final_control_051,0.01,1.0,B4_normal,FAIL,FAIL,VALID
final_control_052,1e-06,0.0001,B5,FAIL,FAIL,VALID
final_control_052,1e-06,0.0001,B4,FAIL,FAIL,VALID
final_control_052,1e-06,0.0001,A_no_geometry,FAIL,FAIL,VALID
final_control_052,1e-06,0.0001,A_no_torque,FAIL,FAIL,VALID
final_control_052,1e-06,0.0001,A_binary_unknown_fail,FAIL,FAIL,VALID
final_control_052,1e-06,0.0001,A_accumulated,FAIL,FAIL,VALID
final_control_052,1e-06,0.0001,A_net_aggregation,FAIL,FAIL,VALID
final_control_052,1e-06,0.0001,B0,PASS,FAIL,VALID
final_control_052,1e-06,0.0001,B1,PASS,FAIL,VALID
final_control_052,1e-06,0.0001,B2,FAIL,FAIL,VALID
final_control_052,1e-06,0.0001,B3,FAIL,FAIL,VALID
final_control_052,1e-06,0.0001,B4_normal,FAIL,FAIL,VALID
final_control_052,1e-05,0.001,B5,FAIL,FAIL,VALID
final_control_052,1e-05,0.001,B4,FAIL,FAIL,VALID
final_control_052,1e-05,0.001,A_no_geometry,FAIL,FAIL,VALID
final_control_052,1e-05,0.001,A_no_torque,FAIL,FAIL,VALID
final_control_052,1e-05,0.001,A_binary_unknown_fail,FAIL,FAIL,VALID
final_control_052,1e-05,0.001,A_accumulated,FAIL,FAIL,VALID
final_control_052,1e-05,0.001,A_net_aggregation,FAIL,FAIL,VALID
final_control_052,1e-05,0.001,B0,PASS,FAIL,VALID
final_control_052,1e-05,0.001,B1,PASS,FAIL,VALID
final_control_052,1e-05,0.001,B2,FAIL,FAIL,VALID
final_control_052,1e-05,0.001,B3,FAIL,FAIL,VALID
final_control_052,1e-05,0.001,B4_normal,FAIL,FAIL,VALID
final_control_052,0.0001,0.01,B5,FAIL,FAIL,VALID
final_control_052,0.0001,0.01,B4,FAIL,FAIL,VALID
final_control_052,0.0001,0.01,A_no_geometry,FAIL,FAIL,VALID
final_control_052,0.0001,0.01,A_no_torque,FAIL,FAIL,VALID
final_control_052,0.0001,0.01,A_binary_unknown_fail,FAIL,FAIL,VALID
final_control_052,0.0001,0.01,A_accumulated,FAIL,FAIL,VALID
final_control_052,0.0001,0.01,A_net_aggregation,FAIL,FAIL,VALID
final_control_052,0.0001,0.01,B0,PASS,FAIL,VALID
final_control_052,0.0001,0.01,B1,PASS,FAIL,VALID
final_control_052,0.0001,0.01,B2,FAIL,FAIL,VALID
final_control_052,0.0001,0.01,B3,FAIL,FAIL,VALID
final_control_052,0.0001,0.01,B4_normal,FAIL,FAIL,VALID
final_control_052,0.001,0.1,B5,FAIL,FAIL,VALID
final_control_052,0.001,0.1,B4,FAIL,FAIL,VALID
final_control_052,0.001,0.1,A_no_geometry,FAIL,FAIL,VALID
final_control_052,0.001,0.1,A_no_torque,FAIL,FAIL,VALID
final_control_052,0.001,0.1,A_binary_unknown_fail,FAIL,FAIL,VALID
final_control_052,0.001,0.1,A_accumulated,FAIL,FAIL,VALID
final_control_052,0.001,0.1,A_net_aggregation,FAIL,FAIL,VALID
final_control_052,0.001,0.1,B0,PASS,FAIL,VALID
final_control_052,0.001,0.1,B1,PASS,FAIL,VALID
final_control_052,0.001,0.1,B2,FAIL,FAIL,VALID
final_control_052,0.001,0.1,B3,FAIL,FAIL,VALID
final_control_052,0.001,0.1,B4_normal,FAIL,FAIL,VALID
final_control_052,0.01,1.0,B5,FAIL,FAIL,VALID
final_control_052,0.01,1.0,B4,FAIL,FAIL,VALID
final_control_052,0.01,1.0,A_no_geometry,FAIL,FAIL,VALID
final_control_052,0.01,1.0,A_no_torque,FAIL,FAIL,VALID
final_control_052,0.01,1.0,A_binary_unknown_fail,FAIL,FAIL,VALID
final_control_052,0.01,1.0,A_accumulated,FAIL,FAIL,VALID
final_control_052,0.01,1.0,A_net_aggregation,INDETERMINATE,FAIL,VALID
final_control_052,0.01,1.0,B0,PASS,FAIL,VALID
final_control_052,0.01,1.0,B1,PASS,FAIL,VALID
final_control_052,0.01,1.0,B2,FAIL,FAIL,VALID
final_control_052,0.01,1.0,B3,FAIL,FAIL,VALID
final_control_052,0.01,1.0,B4_normal,FAIL,FAIL,VALID
final_control_053,1e-06,0.0001,B5,FAIL,FAIL,VALID
final_control_053,1e-06,0.0001,B4,FAIL,FAIL,VALID
final_control_053,1e-06,0.0001,A_no_geometry,FAIL,FAIL,VALID
final_control_053,1e-06,0.0001,A_no_torque,FAIL,FAIL,VALID
final_control_053,1e-06,0.0001,A_binary_unknown_fail,FAIL,FAIL,VALID
final_control_053,1e-06,0.0001,A_accumulated,FAIL,FAIL,VALID
final_control_053,1e-06,0.0001,A_net_aggregation,FAIL,FAIL,VALID
final_control_053,1e-06,0.0001,B0,PASS,FAIL,VALID
final_control_053,1e-06,0.0001,B1,PASS,FAIL,VALID
final_control_053,1e-06,0.0001,B2,FAIL,FAIL,VALID
final_control_053,1e-06,0.0001,B3,FAIL,FAIL,VALID
final_control_053,1e-06,0.0001,B4_normal,FAIL,FAIL,VALID
final_control_053,1e-05,0.001,B5,FAIL,FAIL,VALID
final_control_053,1e-05,0.001,B4,FAIL,FAIL,VALID
final_control_053,1e-05,0.001,A_no_geometry,FAIL,FAIL,VALID
final_control_053,1e-05,0.001,A_no_torque,FAIL,FAIL,VALID
final_control_053,1e-05,0.001,A_binary_unknown_fail,FAIL,FAIL,VALID
final_control_053,1e-05,0.001,A_accumulated,FAIL,FAIL,VALID
final_control_053,1e-05,0.001,A_net_aggregation,FAIL,FAIL,VALID
final_control_053,1e-05,0.001,B0,PASS,FAIL,VALID
final_control_053,1e-05,0.001,B1,PASS,FAIL,VALID
final_control_053,1e-05,0.001,B2,FAIL,FAIL,VALID
final_control_053,1e-05,0.001,B3,FAIL,FAIL,VALID
final_control_053,1e-05,0.001,B4_normal,FAIL,FAIL,VALID
final_control_053,0.0001,0.01,B5,FAIL,FAIL,VALID
final_control_053,0.0001,0.01,B4,FAIL,FAIL,VALID
final_control_053,0.0001,0.01,A_no_geometry,FAIL,FAIL,VALID
final_control_053,0.0001,0.01,A_no_torque,FAIL,FAIL,VALID
final_control_053,0.0001,0.01,A_binary_unknown_fail,FAIL,FAIL,VALID
final_control_053,0.0001,0.01,A_accumulated,FAIL,FAIL,VALID
final_control_053,0.0001,0.01,A_net_aggregation,FAIL,FAIL,VALID
final_control_053,0.0001,0.01,B0,PASS,FAIL,VALID
final_control_053,0.0001,0.01,B1,PASS,FAIL,VALID
final_control_053,0.0001,0.01,B2,FAIL,FAIL,VALID
final_control_053,0.0001,0.01,B3,FAIL,FAIL,VALID
final_control_053,0.0001,0.01,B4_normal,FAIL,FAIL,VALID
final_control_053,0.001,0.1,B5,FAIL,FAIL,VALID
final_control_053,0.001,0.1,B4,FAIL,FAIL,VALID
final_control_053,0.001,0.1,A_no_geometry,FAIL,FAIL,VALID
final_control_053,0.001,0.1,A_no_torque,FAIL,FAIL,VALID
final_control_053,0.001,0.1,A_binary_unknown_fail,FAIL,FAIL,VALID
final_control_053,0.001,0.1,A_accumulated,FAIL,FAIL,VALID
final_control_053,0.001,0.1,A_net_aggregation,FAIL,FAIL,VALID
final_control_053,0.001,0.1,B0,PASS,FAIL,VALID
final_control_053,0.001,0.1,B1,PASS,FAIL,VALID
final_control_053,0.001,0.1,B2,FAIL,FAIL,VALID
final_control_053,0.001,0.1,B3,FAIL,FAIL,VALID
final_control_053,0.001,0.1,B4_normal,FAIL,FAIL,VALID
final_control_053,0.01,1.0,B5,FAIL,FAIL,VALID
final_control_053,0.01,1.0,B4,FAIL,FAIL,VALID
final_control_053,0.01,1.0,A_no_geometry,FAIL,FAIL,VALID
final_control_053,0.01,1.0,A_no_torque,FAIL,FAIL,VALID
final_control_053,0.01,1.0,A_binary_unknown_fail,FAIL,FAIL,VALID
final_control_053,0.01,1.0,A_accumulated,FAIL,FAIL,VALID
final_control_053,0.01,1.0,A_net_aggregation,FAIL,FAIL,VALID
final_control_053,0.01,1.0,B0,PASS,FAIL,VALID
final_control_053,0.01,1.0,B1,PASS,FAIL,VALID
final_control_053,0.01,1.0,B2,FAIL,FAIL,VALID
final_control_053,0.01,1.0,B3,FAIL,FAIL,VALID
final_control_053,0.01,1.0,B4_normal,FAIL,FAIL,VALID
final_control_054,1e-06,0.0001,B5,FAIL,FAIL,VALID
final_control_054,1e-06,0.0001,B4,FAIL,FAIL,VALID
final_control_054,1e-06,0.0001,A_no_geometry,FAIL,FAIL,VALID
final_control_054,1e-06,0.0001,A_no_torque,FAIL,FAIL,VALID
final_control_054,1e-06,0.0001,A_binary_unknown_fail,FAIL,FAIL,VALID
final_control_054,1e-06,0.0001,A_accumulated,FAIL,FAIL,VALID
final_control_054,1e-06,0.0001,A_net_aggregation,FAIL,FAIL,VALID
final_control_054,1e-06,0.0001,B0,FAIL,FAIL,VALID
final_control_054,1e-06,0.0001,B1,FAIL,FAIL,VALID
final_control_054,1e-06,0.0001,B2,FAIL,FAIL,VALID
final_control_054,1e-06,0.0001,B3,FAIL,FAIL,VALID
final_control_054,1e-06,0.0001,B4_normal,FAIL,FAIL,VALID
final_control_054,1e-05,0.001,B5,FAIL,FAIL,VALID
final_control_054,1e-05,0.001,B4,FAIL,FAIL,VALID
final_control_054,1e-05,0.001,A_no_geometry,FAIL,FAIL,VALID
final_control_054,1e-05,0.001,A_no_torque,FAIL,FAIL,VALID
final_control_054,1e-05,0.001,A_binary_unknown_fail,FAIL,FAIL,VALID
final_control_054,1e-05,0.001,A_accumulated,FAIL,FAIL,VALID
final_control_054,1e-05,0.001,A_net_aggregation,FAIL,FAIL,VALID
final_control_054,1e-05,0.001,B0,FAIL,FAIL,VALID
final_control_054,1e-05,0.001,B1,FAIL,FAIL,VALID
final_control_054,1e-05,0.001,B2,FAIL,FAIL,VALID
final_control_054,1e-05,0.001,B3,FAIL,FAIL,VALID
final_control_054,1e-05,0.001,B4_normal,FAIL,FAIL,VALID
final_control_054,0.0001,0.01,B5,FAIL,FAIL,VALID
final_control_054,0.0001,0.01,B4,FAIL,FAIL,VALID
final_control_054,0.0001,0.01,A_no_geometry,FAIL,FAIL,VALID
final_control_054,0.0001,0.01,A_no_torque,FAIL,FAIL,VALID
final_control_054,0.0001,0.01,A_binary_unknown_fail,FAIL,FAIL,VALID
final_control_054,0.0001,0.01,A_accumulated,FAIL,FAIL,VALID
final_control_054,0.0001,0.01,A_net_aggregation,FAIL,FAIL,VALID
final_control_054,0.0001,0.01,B0,FAIL,FAIL,VALID
final_control_054,0.0001,0.01,B1,FAIL,FAIL,VALID
final_control_054,0.0001,0.01,B2,FAIL,FAIL,VALID
final_control_054,0.0001,0.01,B3,FAIL,FAIL,VALID
final_control_054,0.0001,0.01,B4_normal,FAIL,FAIL,VALID
final_control_054,0.001,0.1,B5,FAIL,FAIL,VALID
final_control_054,0.001,0.1,B4,FAIL,FAIL,VALID
final_control_054,0.001,0.1,A_no_geometry,FAIL,FAIL,VALID
final_control_054,0.001,0.1,A_no_torque,FAIL,FAIL,VALID
final_control_054,0.001,0.1,A_binary_unknown_fail,FAIL,FAIL,VALID
final_control_054,0.001,0.1,A_accumulated,FAIL,FAIL,VALID
final_control_054,0.001,0.1,A_net_aggregation,FAIL,FAIL,VALID
final_control_054,0.001,0.1,B0,FAIL,FAIL,VALID
final_control_054,0.001,0.1,B1,FAIL,FAIL,VALID
final_control_054,0.001,0.1,B2,FAIL,FAIL,VALID
final_control_054,0.001,0.1,B3,FAIL,FAIL,VALID
final_control_054,0.001,0.1,B4_normal,FAIL,FAIL,VALID
final_control_054,0.01,1.0,B5,FAIL,FAIL,VALID
final_control_054,0.01,1.0,B4,FAIL,FAIL,VALID
final_control_054,0.01,1.0,A_no_geometry,FAIL,FAIL,VALID
final_control_054,0.01,1.0,A_no_torque,FAIL,FAIL,VALID
final_control_054,0.01,1.0,A_binary_unknown_fail,FAIL,FAIL,VALID
final_control_054,0.01,1.0,A_accumulated,FAIL,FAIL,VALID
final_control_054,0.01,1.0,A_net_aggregation,FAIL,FAIL,VALID
final_control_054,0.01,1.0,B0,FAIL,FAIL,VALID
final_control_054,0.01,1.0,B1,FAIL,FAIL,VALID
final_control_054,0.01,1.0,B2,FAIL,FAIL,VALID
final_control_054,0.01,1.0,B3,FAIL,FAIL,VALID
final_control_054,0.01,1.0,B4_normal,FAIL,FAIL,VALID
final_control_055,1e-06,0.0001,B5,PASS,PASS,VALID
final_control_055,1e-06,0.0001,B4,PASS,PASS,VALID
final_control_055,1e-06,0.0001,A_no_geometry,PASS,PASS,VALID
final_control_055,1e-06,0.0001,A_no_torque,PASS,PASS,VALID
final_control_055,1e-06,0.0001,A_binary_unknown_fail,PASS,PASS,VALID
final_control_055,1e-06,0.0001,A_accumulated,PASS,PASS,VALID
final_control_055,1e-06,0.0001,A_net_aggregation,PASS,PASS,VALID
final_control_055,1e-06,0.0001,B0,PASS,PASS,VALID
final_control_055,1e-06,0.0001,B1,PASS,PASS,VALID
final_control_055,1e-06,0.0001,B2,FAIL,PASS,VALID
final_control_055,1e-06,0.0001,B3,PASS,PASS,VALID
final_control_055,1e-06,0.0001,B4_normal,PASS,PASS,VALID
final_control_055,1e-05,0.001,B5,PASS,PASS,VALID
final_control_055,1e-05,0.001,B4,PASS,PASS,VALID
final_control_055,1e-05,0.001,A_no_geometry,PASS,PASS,VALID
final_control_055,1e-05,0.001,A_no_torque,PASS,PASS,VALID
final_control_055,1e-05,0.001,A_binary_unknown_fail,PASS,PASS,VALID
final_control_055,1e-05,0.001,A_accumulated,PASS,PASS,VALID
final_control_055,1e-05,0.001,A_net_aggregation,PASS,PASS,VALID
final_control_055,1e-05,0.001,B0,PASS,PASS,VALID
final_control_055,1e-05,0.001,B1,PASS,PASS,VALID
final_control_055,1e-05,0.001,B2,FAIL,PASS,VALID
final_control_055,1e-05,0.001,B3,PASS,PASS,VALID
final_control_055,1e-05,0.001,B4_normal,PASS,PASS,VALID
final_control_055,0.0001,0.01,B5,PASS,PASS,VALID
final_control_055,0.0001,0.01,B4,PASS,PASS,VALID
final_control_055,0.0001,0.01,A_no_geometry,PASS,PASS,VALID
final_control_055,0.0001,0.01,A_no_torque,PASS,PASS,VALID
final_control_055,0.0001,0.01,A_binary_unknown_fail,PASS,PASS,VALID
final_control_055,0.0001,0.01,A_accumulated,PASS,PASS,VALID
final_control_055,0.0001,0.01,A_net_aggregation,PASS,PASS,VALID
final_control_055,0.0001,0.01,B0,PASS,PASS,VALID
final_control_055,0.0001,0.01,B1,PASS,PASS,VALID
final_control_055,0.0001,0.01,B2,FAIL,PASS,VALID
final_control_055,0.0001,0.01,B3,PASS,PASS,VALID
final_control_055,0.0001,0.01,B4_normal,PASS,PASS,VALID
final_control_055,0.001,0.1,B5,PASS,PASS,VALID
final_control_055,0.001,0.1,B4,PASS,PASS,VALID
final_control_055,0.001,0.1,A_no_geometry,PASS,PASS,VALID
final_control_055,0.001,0.1,A_no_torque,PASS,PASS,VALID
final_control_055,0.001,0.1,A_binary_unknown_fail,PASS,PASS,VALID
final_control_055,0.001,0.1,A_accumulated,PASS,PASS,VALID
final_control_055,0.001,0.1,A_net_aggregation,PASS,PASS,VALID
final_control_055,0.001,0.1,B0,PASS,PASS,VALID
final_control_055,0.001,0.1,B1,PASS,PASS,VALID
final_control_055,0.001,0.1,B2,FAIL,PASS,VALID
final_control_055,0.001,0.1,B3,PASS,PASS,VALID
final_control_055,0.001,0.1,B4_normal,PASS,PASS,VALID
final_control_055,0.01,1.0,B5,PASS,PASS,VALID
final_control_055,0.01,1.0,B4,PASS,PASS,VALID
final_control_055,0.01,1.0,A_no_geometry,PASS,PASS,VALID
final_control_055,0.01,1.0,A_no_torque,PASS,PASS,VALID
final_control_055,0.01,1.0,A_binary_unknown_fail,PASS,PASS,VALID
final_control_055,0.01,1.0,A_accumulated,PASS,PASS,VALID
final_control_055,0.01,1.0,A_net_aggregation,PASS,PASS,VALID
final_control_055,0.01,1.0,B0,PASS,PASS,VALID
final_control_055,0.01,1.0,B1,PASS,PASS,VALID
final_control_055,0.01,1.0,B2,FAIL,PASS,VALID
final_control_055,0.01,1.0,B3,PASS,PASS,VALID
final_control_055,0.01,1.0,B4_normal,PASS,PASS,VALID
final_control_056,1e-06,0.0001,B5,PASS,PASS,VALID
final_control_056,1e-06,0.0001,B4,PASS,PASS,VALID
final_control_056,1e-06,0.0001,A_no_geometry,PASS,PASS,VALID
final_control_056,1e-06,0.0001,A_no_torque,PASS,PASS,VALID
final_control_056,1e-06,0.0001,A_binary_unknown_fail,PASS,PASS,VALID
final_control_056,1e-06,0.0001,A_accumulated,PASS,PASS,VALID
final_control_056,1e-06,0.0001,A_net_aggregation,PASS,PASS,VALID
final_control_056,1e-06,0.0001,B0,PASS,PASS,VALID
final_control_056,1e-06,0.0001,B1,PASS,PASS,VALID
final_control_056,1e-06,0.0001,B2,PASS,PASS,VALID
final_control_056,1e-06,0.0001,B3,PASS,PASS,VALID
final_control_056,1e-06,0.0001,B4_normal,PASS,PASS,VALID
final_control_056,1e-05,0.001,B5,PASS,PASS,VALID
final_control_056,1e-05,0.001,B4,PASS,PASS,VALID
final_control_056,1e-05,0.001,A_no_geometry,PASS,PASS,VALID
final_control_056,1e-05,0.001,A_no_torque,PASS,PASS,VALID
final_control_056,1e-05,0.001,A_binary_unknown_fail,PASS,PASS,VALID
final_control_056,1e-05,0.001,A_accumulated,PASS,PASS,VALID
final_control_056,1e-05,0.001,A_net_aggregation,PASS,PASS,VALID
final_control_056,1e-05,0.001,B0,PASS,PASS,VALID
final_control_056,1e-05,0.001,B1,PASS,PASS,VALID
final_control_056,1e-05,0.001,B2,PASS,PASS,VALID
final_control_056,1e-05,0.001,B3,PASS,PASS,VALID
final_control_056,1e-05,0.001,B4_normal,PASS,PASS,VALID
final_control_056,0.0001,0.01,B5,PASS,PASS,VALID
final_control_056,0.0001,0.01,B4,PASS,PASS,VALID
final_control_056,0.0001,0.01,A_no_geometry,PASS,PASS,VALID
final_control_056,0.0001,0.01,A_no_torque,PASS,PASS,VALID
final_control_056,0.0001,0.01,A_binary_unknown_fail,PASS,PASS,VALID
final_control_056,0.0001,0.01,A_accumulated,PASS,PASS,VALID
final_control_056,0.0001,0.01,A_net_aggregation,PASS,PASS,VALID
final_control_056,0.0001,0.01,B0,PASS,PASS,VALID
final_control_056,0.0001,0.01,B1,PASS,PASS,VALID
final_control_056,0.0001,0.01,B2,PASS,PASS,VALID
final_control_056,0.0001,0.01,B3,PASS,PASS,VALID
final_control_056,0.0001,0.01,B4_normal,PASS,PASS,VALID
final_control_056,0.001,0.1,B5,PASS,PASS,VALID
final_control_056,0.001,0.1,B4,PASS,PASS,VALID
final_control_056,0.001,0.1,A_no_geometry,PASS,PASS,VALID
final_control_056,0.001,0.1,A_no_torque,PASS,PASS,VALID
final_control_056,0.001,0.1,A_binary_unknown_fail,PASS,PASS,VALID
final_control_056,0.001,0.1,A_accumulated,PASS,PASS,VALID
final_control_056,0.001,0.1,A_net_aggregation,PASS,PASS,VALID
final_control_056,0.001,0.1,B0,PASS,PASS,VALID
final_control_056,0.001,0.1,B1,PASS,PASS,VALID
final_control_056,0.001,0.1,B2,PASS,PASS,VALID
final_control_056,0.001,0.1,B3,PASS,PASS,VALID
final_control_056,0.001,0.1,B4_normal,PASS,PASS,VALID
final_control_056,0.01,1.0,B5,PASS,PASS,VALID
final_control_056,0.01,1.0,B4,PASS,PASS,VALID
final_control_056,0.01,1.0,A_no_geometry,PASS,PASS,VALID
final_control_056,0.01,1.0,A_no_torque,PASS,PASS,VALID
final_control_056,0.01,1.0,A_binary_unknown_fail,PASS,PASS,VALID
final_control_056,0.01,1.0,A_accumulated,PASS,PASS,VALID
final_control_056,0.01,1.0,A_net_aggregation,PASS,PASS,VALID
final_control_056,0.01,1.0,B0,PASS,PASS,VALID
final_control_056,0.01,1.0,B1,PASS,PASS,VALID
final_control_056,0.01,1.0,B2,PASS,PASS,VALID
final_control_056,0.01,1.0,B3,PASS,PASS,VALID
final_control_056,0.01,1.0,B4_normal,PASS,PASS,VALID
final_control_057,1e-06,0.0001,B5,PASS,PASS,VALID
final_control_057,1e-06,0.0001,B4,PASS,PASS,VALID
final_control_057,1e-06,0.0001,A_no_geometry,PASS,PASS,VALID
final_control_057,1e-06,0.0001,A_no_torque,PASS,PASS,VALID
final_control_057,1e-06,0.0001,A_binary_unknown_fail,PASS,PASS,VALID
final_control_057,1e-06,0.0001,A_accumulated,PASS,PASS,VALID
final_control_057,1e-06,0.0001,A_net_aggregation,PASS,PASS,VALID
final_control_057,1e-06,0.0001,B0,PASS,PASS,VALID
final_control_057,1e-06,0.0001,B1,PASS,PASS,VALID
final_control_057,1e-06,0.0001,B2,FAIL,PASS,VALID
final_control_057,1e-06,0.0001,B3,PASS,PASS,VALID
final_control_057,1e-06,0.0001,B4_normal,PASS,PASS,VALID
final_control_057,1e-05,0.001,B5,PASS,PASS,VALID
final_control_057,1e-05,0.001,B4,PASS,PASS,VALID
final_control_057,1e-05,0.001,A_no_geometry,PASS,PASS,VALID
final_control_057,1e-05,0.001,A_no_torque,PASS,PASS,VALID
final_control_057,1e-05,0.001,A_binary_unknown_fail,PASS,PASS,VALID
final_control_057,1e-05,0.001,A_accumulated,PASS,PASS,VALID
final_control_057,1e-05,0.001,A_net_aggregation,PASS,PASS,VALID
final_control_057,1e-05,0.001,B0,PASS,PASS,VALID
final_control_057,1e-05,0.001,B1,PASS,PASS,VALID
final_control_057,1e-05,0.001,B2,FAIL,PASS,VALID
final_control_057,1e-05,0.001,B3,PASS,PASS,VALID
final_control_057,1e-05,0.001,B4_normal,PASS,PASS,VALID
final_control_057,0.0001,0.01,B5,PASS,PASS,VALID
final_control_057,0.0001,0.01,B4,PASS,PASS,VALID
final_control_057,0.0001,0.01,A_no_geometry,PASS,PASS,VALID
final_control_057,0.0001,0.01,A_no_torque,PASS,PASS,VALID
final_control_057,0.0001,0.01,A_binary_unknown_fail,PASS,PASS,VALID
final_control_057,0.0001,0.01,A_accumulated,PASS,PASS,VALID
final_control_057,0.0001,0.01,A_net_aggregation,PASS,PASS,VALID
final_control_057,0.0001,0.01,B0,PASS,PASS,VALID
final_control_057,0.0001,0.01,B1,PASS,PASS,VALID
final_control_057,0.0001,0.01,B2,FAIL,PASS,VALID
final_control_057,0.0001,0.01,B3,PASS,PASS,VALID
final_control_057,0.0001,0.01,B4_normal,PASS,PASS,VALID
final_control_057,0.001,0.1,B5,PASS,PASS,VALID
final_control_057,0.001,0.1,B4,PASS,PASS,VALID
final_control_057,0.001,0.1,A_no_geometry,PASS,PASS,VALID
final_control_057,0.001,0.1,A_no_torque,PASS,PASS,VALID
final_control_057,0.001,0.1,A_binary_unknown_fail,PASS,PASS,VALID
final_control_057,0.001,0.1,A_accumulated,PASS,PASS,VALID
final_control_057,0.001,0.1,A_net_aggregation,PASS,PASS,VALID
final_control_057,0.001,0.1,B0,PASS,PASS,VALID
final_control_057,0.001,0.1,B1,PASS,PASS,VALID
final_control_057,0.001,0.1,B2,FAIL,PASS,VALID
final_control_057,0.001,0.1,B3,PASS,PASS,VALID
final_control_057,0.001,0.1,B4_normal,PASS,PASS,VALID
final_control_057,0.01,1.0,B5,PASS,PASS,VALID
final_control_057,0.01,1.0,B4,PASS,PASS,VALID
final_control_057,0.01,1.0,A_no_geometry,PASS,PASS,VALID
final_control_057,0.01,1.0,A_no_torque,PASS,PASS,VALID
final_control_057,0.01,1.0,A_binary_unknown_fail,PASS,PASS,VALID
final_control_057,0.01,1.0,A_accumulated,PASS,PASS,VALID
final_control_057,0.01,1.0,A_net_aggregation,PASS,PASS,VALID
final_control_057,0.01,1.0,B0,PASS,PASS,VALID
final_control_057,0.01,1.0,B1,PASS,PASS,VALID
final_control_057,0.01,1.0,B2,FAIL,PASS,VALID
final_control_057,0.01,1.0,B3,PASS,PASS,VALID
final_control_057,0.01,1.0,B4_normal,PASS,PASS,VALID
final_control_058,1e-06,0.0001,B5,FAIL,FAIL,VALID
final_control_058,1e-06,0.0001,B4,FAIL,FAIL,VALID
final_control_058,1e-06,0.0001,A_no_geometry,FAIL,FAIL,VALID
final_control_058,1e-06,0.0001,A_no_torque,FAIL,FAIL,VALID
final_control_058,1e-06,0.0001,A_binary_unknown_fail,FAIL,FAIL,VALID
final_control_058,1e-06,0.0001,A_accumulated,FAIL,FAIL,VALID
final_control_058,1e-06,0.0001,A_net_aggregation,FAIL,FAIL,VALID
final_control_058,1e-06,0.0001,B0,PASS,FAIL,VALID
final_control_058,1e-06,0.0001,B1,PASS,FAIL,VALID
final_control_058,1e-06,0.0001,B2,FAIL,FAIL,VALID
final_control_058,1e-06,0.0001,B3,FAIL,FAIL,VALID
final_control_058,1e-06,0.0001,B4_normal,FAIL,FAIL,VALID
final_control_058,1e-05,0.001,B5,FAIL,FAIL,VALID
final_control_058,1e-05,0.001,B4,FAIL,FAIL,VALID
final_control_058,1e-05,0.001,A_no_geometry,FAIL,FAIL,VALID
final_control_058,1e-05,0.001,A_no_torque,FAIL,FAIL,VALID
final_control_058,1e-05,0.001,A_binary_unknown_fail,FAIL,FAIL,VALID
final_control_058,1e-05,0.001,A_accumulated,FAIL,FAIL,VALID
final_control_058,1e-05,0.001,A_net_aggregation,FAIL,FAIL,VALID
final_control_058,1e-05,0.001,B0,PASS,FAIL,VALID
final_control_058,1e-05,0.001,B1,PASS,FAIL,VALID
final_control_058,1e-05,0.001,B2,FAIL,FAIL,VALID
final_control_058,1e-05,0.001,B3,FAIL,FAIL,VALID
final_control_058,1e-05,0.001,B4_normal,FAIL,FAIL,VALID
final_control_058,0.0001,0.01,B5,FAIL,FAIL,VALID
final_control_058,0.0001,0.01,B4,FAIL,FAIL,VALID
final_control_058,0.0001,0.01,A_no_geometry,FAIL,FAIL,VALID
final_control_058,0.0001,0.01,A_no_torque,FAIL,FAIL,VALID
final_control_058,0.0001,0.01,A_binary_unknown_fail,FAIL,FAIL,VALID
final_control_058,0.0001,0.01,A_accumulated,FAIL,FAIL,VALID
final_control_058,0.0001,0.01,A_net_aggregation,FAIL,FAIL,VALID
final_control_058,0.0001,0.01,B0,PASS,FAIL,VALID
final_control_058,0.0001,0.01,B1,PASS,FAIL,VALID
final_control_058,0.0001,0.01,B2,FAIL,FAIL,VALID
final_control_058,0.0001,0.01,B3,FAIL,FAIL,VALID
final_control_058,0.0001,0.01,B4_normal,FAIL,FAIL,VALID
final_control_058,0.001,0.1,B5,FAIL,FAIL,VALID
final_control_058,0.001,0.1,B4,FAIL,FAIL,VALID
final_control_058,0.001,0.1,A_no_geometry,FAIL,FAIL,VALID
final_control_058,0.001,0.1,A_no_torque,FAIL,FAIL,VALID
final_control_058,0.001,0.1,A_binary_unknown_fail,FAIL,FAIL,VALID
final_control_058,0.001,0.1,A_accumulated,FAIL,FAIL,VALID
final_control_058,0.001,0.1,A_net_aggregation,FAIL,FAIL,VALID
final_control_058,0.001,0.1,B0,PASS,FAIL,VALID
final_control_058,0.001,0.1,B1,PASS,FAIL,VALID
final_control_058,0.001,0.1,B2,FAIL,FAIL,VALID
final_control_058,0.001,0.1,B3,FAIL,FAIL,VALID
final_control_058,0.001,0.1,B4_normal,FAIL,FAIL,VALID
final_control_058,0.01,1.0,B5,FAIL,FAIL,VALID
final_control_058,0.01,1.0,B4,FAIL,FAIL,VALID
final_control_058,0.01,1.0,A_no_geometry,FAIL,FAIL,VALID
final_control_058,0.01,1.0,A_no_torque,FAIL,FAIL,VALID
final_control_058,0.01,1.0,A_binary_unknown_fail,FAIL,FAIL,VALID
final_control_058,0.01,1.0,A_accumulated,FAIL,FAIL,VALID
final_control_058,0.01,1.0,A_net_aggregation,FAIL,FAIL,VALID
final_control_058,0.01,1.0,B0,PASS,FAIL,VALID
final_control_058,0.01,1.0,B1,PASS,FAIL,VALID
final_control_058,0.01,1.0,B2,FAIL,FAIL,VALID
final_control_058,0.01,1.0,B3,FAIL,FAIL,VALID
final_control_058,0.01,1.0,B4_normal,FAIL,FAIL,VALID
final_control_059,1e-06,0.0001,B5,FAIL,FAIL,VALID
final_control_059,1e-06,0.0001,B4,FAIL,FAIL,VALID
final_control_059,1e-06,0.0001,A_no_geometry,FAIL,FAIL,VALID
final_control_059,1e-06,0.0001,A_no_torque,FAIL,FAIL,VALID
final_control_059,1e-06,0.0001,A_binary_unknown_fail,FAIL,FAIL,VALID
final_control_059,1e-06,0.0001,A_accumulated,FAIL,FAIL,VALID
final_control_059,1e-06,0.0001,A_net_aggregation,FAIL,FAIL,VALID
final_control_059,1e-06,0.0001,B0,PASS,FAIL,VALID
final_control_059,1e-06,0.0001,B1,PASS,FAIL,VALID
final_control_059,1e-06,0.0001,B2,FAIL,FAIL,VALID
final_control_059,1e-06,0.0001,B3,FAIL,FAIL,VALID
final_control_059,1e-06,0.0001,B4_normal,FAIL,FAIL,VALID
final_control_059,1e-05,0.001,B5,FAIL,FAIL,VALID
final_control_059,1e-05,0.001,B4,FAIL,FAIL,VALID
final_control_059,1e-05,0.001,A_no_geometry,FAIL,FAIL,VALID
final_control_059,1e-05,0.001,A_no_torque,FAIL,FAIL,VALID
final_control_059,1e-05,0.001,A_binary_unknown_fail,FAIL,FAIL,VALID
final_control_059,1e-05,0.001,A_accumulated,FAIL,FAIL,VALID
final_control_059,1e-05,0.001,A_net_aggregation,FAIL,FAIL,VALID
final_control_059,1e-05,0.001,B0,PASS,FAIL,VALID
final_control_059,1e-05,0.001,B1,PASS,FAIL,VALID
final_control_059,1e-05,0.001,B2,FAIL,FAIL,VALID
final_control_059,1e-05,0.001,B3,FAIL,FAIL,VALID
final_control_059,1e-05,0.001,B4_normal,FAIL,FAIL,VALID
final_control_059,0.0001,0.01,B5,FAIL,FAIL,VALID
final_control_059,0.0001,0.01,B4,FAIL,FAIL,VALID
final_control_059,0.0001,0.01,A_no_geometry,FAIL,FAIL,VALID
final_control_059,0.0001,0.01,A_no_torque,FAIL,FAIL,VALID
final_control_059,0.0001,0.01,A_binary_unknown_fail,FAIL,FAIL,VALID
final_control_059,0.0001,0.01,A_accumulated,FAIL,FAIL,VALID
final_control_059,0.0001,0.01,A_net_aggregation,FAIL,FAIL,VALID
final_control_059,0.0001,0.01,B0,PASS,FAIL,VALID
final_control_059,0.0001,0.01,B1,PASS,FAIL,VALID
final_control_059,0.0001,0.01,B2,FAIL,FAIL,VALID
final_control_059,0.0001,0.01,B3,FAIL,FAIL,VALID
final_control_059,0.0001,0.01,B4_normal,FAIL,FAIL,VALID
final_control_059,0.001,0.1,B5,FAIL,FAIL,VALID
final_control_059,0.001,0.1,B4,FAIL,FAIL,VALID
final_control_059,0.001,0.1,A_no_geometry,FAIL,FAIL,VALID
final_control_059,0.001,0.1,A_no_torque,FAIL,FAIL,VALID
final_control_059,0.001,0.1,A_binary_unknown_fail,FAIL,FAIL,VALID
final_control_059,0.001,0.1,A_accumulated,FAIL,FAIL,VALID
final_control_059,0.001,0.1,A_net_aggregation,FAIL,FAIL,VALID
final_control_059,0.001,0.1,B0,PASS,FAIL,VALID
final_control_059,0.001,0.1,B1,PASS,FAIL,VALID
final_control_059,0.001,0.1,B2,FAIL,FAIL,VALID
final_control_059,0.001,0.1,B3,FAIL,FAIL,VALID
final_control_059,0.001,0.1,B4_normal,FAIL,FAIL,VALID
final_control_059,0.01,1.0,B5,FAIL,FAIL,VALID
final_control_059,0.01,1.0,B4,FAIL,FAIL,VALID
final_control_059,0.01,1.0,A_no_geometry,FAIL,FAIL,VALID
final_control_059,0.01,1.0,A_no_torque,FAIL,FAIL,VALID
final_control_059,0.01,1.0,A_binary_unknown_fail,FAIL,FAIL,VALID
final_control_059,0.01,1.0,A_accumulated,FAIL,FAIL,VALID
final_control_059,0.01,1.0,A_net_aggregation,FAIL,FAIL,VALID
final_control_059,0.01,1.0,B0,PASS,FAIL,VALID
final_control_059,0.01,1.0,B1,PASS,FAIL,VALID
final_control_059,0.01,1.0,B2,FAIL,FAIL,VALID
final_control_059,0.01,1.0,B3,FAIL,FAIL,VALID
final_control_059,0.01,1.0,B4_normal,FAIL,FAIL,VALID
final_control_060,1e-06,0.0001,B5,FAIL,FAIL,VALID
final_control_060,1e-06,0.0001,B4,FAIL,FAIL,VALID
final_control_060,1e-06,0.0001,A_no_geometry,FAIL,FAIL,VALID
final_control_060,1e-06,0.0001,A_no_torque,FAIL,FAIL,VALID
final_control_060,1e-06,0.0001,A_binary_unknown_fail,FAIL,FAIL,VALID
final_control_060,1e-06,0.0001,A_accumulated,FAIL,FAIL,VALID
final_control_060,1e-06,0.0001,A_net_aggregation,FAIL,FAIL,VALID
final_control_060,1e-06,0.0001,B0,PASS,FAIL,VALID
final_control_060,1e-06,0.0001,B1,PASS,FAIL,VALID
final_control_060,1e-06,0.0001,B2,FAIL,FAIL,VALID
final_control_060,1e-06,0.0001,B3,FAIL,FAIL,VALID
final_control_060,1e-06,0.0001,B4_normal,FAIL,FAIL,VALID
final_control_060,1e-05,0.001,B5,FAIL,FAIL,VALID
final_control_060,1e-05,0.001,B4,FAIL,FAIL,VALID
final_control_060,1e-05,0.001,A_no_geometry,FAIL,FAIL,VALID
final_control_060,1e-05,0.001,A_no_torque,FAIL,FAIL,VALID
final_control_060,1e-05,0.001,A_binary_unknown_fail,FAIL,FAIL,VALID
final_control_060,1e-05,0.001,A_accumulated,FAIL,FAIL,VALID
final_control_060,1e-05,0.001,A_net_aggregation,FAIL,FAIL,VALID
final_control_060,1e-05,0.001,B0,PASS,FAIL,VALID
final_control_060,1e-05,0.001,B1,PASS,FAIL,VALID
final_control_060,1e-05,0.001,B2,FAIL,FAIL,VALID
final_control_060,1e-05,0.001,B3,FAIL,FAIL,VALID
final_control_060,1e-05,0.001,B4_normal,FAIL,FAIL,VALID
final_control_060,0.0001,0.01,B5,FAIL,FAIL,VALID
final_control_060,0.0001,0.01,B4,FAIL,FAIL,VALID
final_control_060,0.0001,0.01,A_no_geometry,FAIL,FAIL,VALID
final_control_060,0.0001,0.01,A_no_torque,FAIL,FAIL,VALID
final_control_060,0.0001,0.01,A_binary_unknown_fail,FAIL,FAIL,VALID
final_control_060,0.0001,0.01,A_accumulated,FAIL,FAIL,VALID
final_control_060,0.0001,0.01,A_net_aggregation,FAIL,FAIL,VALID
final_control_060,0.0001,0.01,B0,PASS,FAIL,VALID
final_control_060,0.0001,0.01,B1,PASS,FAIL,VALID
final_control_060,0.0001,0.01,B2,FAIL,FAIL,VALID
final_control_060,0.0001,0.01,B3,FAIL,FAIL,VALID
final_control_060,0.0001,0.01,B4_normal,FAIL,FAIL,VALID
final_control_060,0.001,0.1,B5,FAIL,FAIL,VALID
final_control_060,0.001,0.1,B4,FAIL,FAIL,VALID
final_control_060,0.001,0.1,A_no_geometry,FAIL,FAIL,VALID
final_control_060,0.001,0.1,A_no_torque,FAIL,FAIL,VALID
final_control_060,0.001,0.1,A_binary_unknown_fail,FAIL,FAIL,VALID
final_control_060,0.001,0.1,A_accumulated,FAIL,FAIL,VALID
final_control_060,0.001,0.1,A_net_aggregation,FAIL,FAIL,VALID
final_control_060,0.001,0.1,B0,PASS,FAIL,VALID
final_control_060,0.001,0.1,B1,PASS,FAIL,VALID
final_control_060,0.001,0.1,B2,FAIL,FAIL,VALID
final_control_060,0.001,0.1,B3,FAIL,FAIL,VALID
final_control_060,0.001,0.1,B4_normal,FAIL,FAIL,VALID
final_control_060,0.01,1.0,B5,FAIL,FAIL,VALID
final_control_060,0.01,1.0,B4,FAIL,FAIL,VALID
final_control_060,0.01,1.0,A_no_geometry,FAIL,FAIL,VALID
final_control_060,0.01,1.0,A_no_torque,FAIL,FAIL,VALID
final_control_060,0.01,1.0,A_binary_unknown_fail,FAIL,FAIL,VALID
final_control_060,0.01,1.0,A_accumulated,FAIL,FAIL,VALID
final_control_060,0.01,1.0,A_net_aggregation,INDETERMINATE,FAIL,VALID
final_control_060,0.01,1.0,B0,PASS,FAIL,VALID
final_control_060,0.01,1.0,B1,PASS,FAIL,VALID
final_control_060,0.01,1.0,B2,FAIL,FAIL,VALID
final_control_060,0.01,1.0,B3,FAIL,FAIL,VALID
final_control_060,0.01,1.0,B4_normal,FAIL,FAIL,VALID
final_control_061,1e-06,0.0001,B5,FAIL,FAIL,VALID
final_control_061,1e-06,0.0001,B4,FAIL,FAIL,VALID
final_control_061,1e-06,0.0001,A_no_geometry,FAIL,FAIL,VALID
final_control_061,1e-06,0.0001,A_no_torque,FAIL,FAIL,VALID
final_control_061,1e-06,0.0001,A_binary_unknown_fail,FAIL,FAIL,VALID
final_control_061,1e-06,0.0001,A_accumulated,FAIL,FAIL,VALID
final_control_061,1e-06,0.0001,A_net_aggregation,FAIL,FAIL,VALID
final_control_061,1e-06,0.0001,B0,PASS,FAIL,VALID
final_control_061,1e-06,0.0001,B1,FAIL,FAIL,VALID
final_control_061,1e-06,0.0001,B2,FAIL,FAIL,VALID
final_control_061,1e-06,0.0001,B3,FAIL,FAIL,VALID
final_control_061,1e-06,0.0001,B4_normal,FAIL,FAIL,VALID
final_control_061,1e-05,0.001,B5,FAIL,FAIL,VALID
final_control_061,1e-05,0.001,B4,FAIL,FAIL,VALID
final_control_061,1e-05,0.001,A_no_geometry,FAIL,FAIL,VALID
final_control_061,1e-05,0.001,A_no_torque,FAIL,FAIL,VALID
final_control_061,1e-05,0.001,A_binary_unknown_fail,FAIL,FAIL,VALID
final_control_061,1e-05,0.001,A_accumulated,FAIL,FAIL,VALID
final_control_061,1e-05,0.001,A_net_aggregation,FAIL,FAIL,VALID
final_control_061,1e-05,0.001,B0,PASS,FAIL,VALID
final_control_061,1e-05,0.001,B1,FAIL,FAIL,VALID
final_control_061,1e-05,0.001,B2,FAIL,FAIL,VALID
final_control_061,1e-05,0.001,B3,FAIL,FAIL,VALID
final_control_061,1e-05,0.001,B4_normal,FAIL,FAIL,VALID
final_control_061,0.0001,0.01,B5,FAIL,FAIL,VALID
final_control_061,0.0001,0.01,B4,FAIL,FAIL,VALID
final_control_061,0.0001,0.01,A_no_geometry,FAIL,FAIL,VALID
final_control_061,0.0001,0.01,A_no_torque,FAIL,FAIL,VALID
final_control_061,0.0001,0.01,A_binary_unknown_fail,FAIL,FAIL,VALID
final_control_061,0.0001,0.01,A_accumulated,FAIL,FAIL,VALID
final_control_061,0.0001,0.01,A_net_aggregation,FAIL,FAIL,VALID
final_control_061,0.0001,0.01,B0,PASS,FAIL,VALID
final_control_061,0.0001,0.01,B1,FAIL,FAIL,VALID
final_control_061,0.0001,0.01,B2,FAIL,FAIL,VALID
final_control_061,0.0001,0.01,B3,FAIL,FAIL,VALID
final_control_061,0.0001,0.01,B4_normal,FAIL,FAIL,VALID
final_control_061,0.001,0.1,B5,FAIL,FAIL,VALID
final_control_061,0.001,0.1,B4,FAIL,FAIL,VALID
final_control_061,0.001,0.1,A_no_geometry,FAIL,FAIL,VALID
final_control_061,0.001,0.1,A_no_torque,FAIL,FAIL,VALID
final_control_061,0.001,0.1,A_binary_unknown_fail,FAIL,FAIL,VALID
final_control_061,0.001,0.1,A_accumulated,FAIL,FAIL,VALID
final_control_061,0.001,0.1,A_net_aggregation,FAIL,FAIL,VALID
final_control_061,0.001,0.1,B0,PASS,FAIL,VALID
final_control_061,0.001,0.1,B1,FAIL,FAIL,VALID
final_control_061,0.001,0.1,B2,FAIL,FAIL,VALID
final_control_061,0.001,0.1,B3,FAIL,FAIL,VALID
final_control_061,0.001,0.1,B4_normal,FAIL,FAIL,VALID
final_control_061,0.01,1.0,B5,FAIL,FAIL,VALID
final_control_061,0.01,1.0,B4,FAIL,FAIL,VALID
final_control_061,0.01,1.0,A_no_geometry,FAIL,FAIL,VALID
final_control_061,0.01,1.0,A_no_torque,FAIL,FAIL,VALID
final_control_061,0.01,1.0,A_binary_unknown_fail,FAIL,FAIL,VALID
final_control_061,0.01,1.0,A_accumulated,FAIL,FAIL,VALID
final_control_061,0.01,1.0,A_net_aggregation,FAIL,FAIL,VALID
final_control_061,0.01,1.0,B0,PASS,FAIL,VALID
final_control_061,0.01,1.0,B1,FAIL,FAIL,VALID
final_control_061,0.01,1.0,B2,FAIL,FAIL,VALID
final_control_061,0.01,1.0,B3,FAIL,FAIL,VALID
final_control_061,0.01,1.0,B4_normal,FAIL,FAIL,VALID
final_control_062,1e-06,0.0001,B5,FAIL,FAIL,VALID
final_control_062,1e-06,0.0001,B4,FAIL,FAIL,VALID
final_control_062,1e-06,0.0001,A_no_geometry,FAIL,FAIL,VALID
final_control_062,1e-06,0.0001,A_no_torque,FAIL,FAIL,VALID
final_control_062,1e-06,0.0001,A_binary_unknown_fail,FAIL,FAIL,VALID
final_control_062,1e-06,0.0001,A_accumulated,FAIL,FAIL,VALID
final_control_062,1e-06,0.0001,A_net_aggregation,FAIL,FAIL,VALID
final_control_062,1e-06,0.0001,B0,FAIL,FAIL,VALID
final_control_062,1e-06,0.0001,B1,FAIL,FAIL,VALID
final_control_062,1e-06,0.0001,B2,FAIL,FAIL,VALID
final_control_062,1e-06,0.0001,B3,FAIL,FAIL,VALID
final_control_062,1e-06,0.0001,B4_normal,FAIL,FAIL,VALID
final_control_062,1e-05,0.001,B5,FAIL,FAIL,VALID
final_control_062,1e-05,0.001,B4,FAIL,FAIL,VALID
final_control_062,1e-05,0.001,A_no_geometry,FAIL,FAIL,VALID
final_control_062,1e-05,0.001,A_no_torque,FAIL,FAIL,VALID
final_control_062,1e-05,0.001,A_binary_unknown_fail,FAIL,FAIL,VALID
final_control_062,1e-05,0.001,A_accumulated,FAIL,FAIL,VALID
final_control_062,1e-05,0.001,A_net_aggregation,FAIL,FAIL,VALID
final_control_062,1e-05,0.001,B0,FAIL,FAIL,VALID
final_control_062,1e-05,0.001,B1,FAIL,FAIL,VALID
final_control_062,1e-05,0.001,B2,FAIL,FAIL,VALID
final_control_062,1e-05,0.001,B3,FAIL,FAIL,VALID
final_control_062,1e-05,0.001,B4_normal,FAIL,FAIL,VALID
final_control_062,0.0001,0.01,B5,FAIL,FAIL,VALID
final_control_062,0.0001,0.01,B4,FAIL,FAIL,VALID
final_control_062,0.0001,0.01,A_no_geometry,FAIL,FAIL,VALID
final_control_062,0.0001,0.01,A_no_torque,FAIL,FAIL,VALID
final_control_062,0.0001,0.01,A_binary_unknown_fail,FAIL,FAIL,VALID
final_control_062,0.0001,0.01,A_accumulated,FAIL,FAIL,VALID
final_control_062,0.0001,0.01,A_net_aggregation,FAIL,FAIL,VALID
final_control_062,0.0001,0.01,B0,FAIL,FAIL,VALID
final_control_062,0.0001,0.01,B1,FAIL,FAIL,VALID
final_control_062,0.0001,0.01,B2,FAIL,FAIL,VALID
final_control_062,0.0001,0.01,B3,FAIL,FAIL,VALID
final_control_062,0.0001,0.01,B4_normal,FAIL,FAIL,VALID
final_control_062,0.001,0.1,B5,FAIL,FAIL,VALID
final_control_062,0.001,0.1,B4,FAIL,FAIL,VALID
final_control_062,0.001,0.1,A_no_geometry,FAIL,FAIL,VALID
final_control_062,0.001,0.1,A_no_torque,FAIL,FAIL,VALID
final_control_062,0.001,0.1,A_binary_unknown_fail,FAIL,FAIL,VALID
final_control_062,0.001,0.1,A_accumulated,FAIL,FAIL,VALID
final_control_062,0.001,0.1,A_net_aggregation,FAIL,FAIL,VALID
final_control_062,0.001,0.1,B0,FAIL,FAIL,VALID
final_control_062,0.001,0.1,B1,FAIL,FAIL,VALID
final_control_062,0.001,0.1,B2,FAIL,FAIL,VALID
final_control_062,0.001,0.1,B3,FAIL,FAIL,VALID
final_control_062,0.001,0.1,B4_normal,FAIL,FAIL,VALID
final_control_062,0.01,1.0,B5,FAIL,FAIL,VALID
final_control_062,0.01,1.0,B4,FAIL,FAIL,VALID
final_control_062,0.01,1.0,A_no_geometry,FAIL,FAIL,VALID
final_control_062,0.01,1.0,A_no_torque,FAIL,FAIL,VALID
final_control_062,0.01,1.0,A_binary_unknown_fail,FAIL,FAIL,VALID
final_control_062,0.01,1.0,A_accumulated,FAIL,FAIL,VALID
final_control_062,0.01,1.0,A_net_aggregation,FAIL,FAIL,VALID
final_control_062,0.01,1.0,B0,FAIL,FAIL,VALID
final_control_062,0.01,1.0,B1,FAIL,FAIL,VALID
final_control_062,0.01,1.0,B2,FAIL,FAIL,VALID
final_control_062,0.01,1.0,B3,FAIL,FAIL,VALID
final_control_062,0.01,1.0,B4_normal,FAIL,FAIL,VALID
final_control_063,1e-06,0.0001,B5,PASS,PASS,VALID
final_control_063,1e-06,0.0001,B4,PASS,PASS,VALID
final_control_063,1e-06,0.0001,A_no_geometry,PASS,PASS,VALID
final_control_063,1e-06,0.0001,A_no_torque,PASS,PASS,VALID
final_control_063,1e-06,0.0001,A_binary_unknown_fail,PASS,PASS,VALID
final_control_063,1e-06,0.0001,A_accumulated,PASS,PASS,VALID
final_control_063,1e-06,0.0001,A_net_aggregation,PASS,PASS,VALID
final_control_063,1e-06,0.0001,B0,PASS,PASS,VALID
final_control_063,1e-06,0.0001,B1,PASS,PASS,VALID
final_control_063,1e-06,0.0001,B2,FAIL,PASS,VALID
final_control_063,1e-06,0.0001,B3,PASS,PASS,VALID
final_control_063,1e-06,0.0001,B4_normal,PASS,PASS,VALID
final_control_063,1e-05,0.001,B5,PASS,PASS,VALID
final_control_063,1e-05,0.001,B4,PASS,PASS,VALID
final_control_063,1e-05,0.001,A_no_geometry,PASS,PASS,VALID
final_control_063,1e-05,0.001,A_no_torque,PASS,PASS,VALID
final_control_063,1e-05,0.001,A_binary_unknown_fail,PASS,PASS,VALID
final_control_063,1e-05,0.001,A_accumulated,PASS,PASS,VALID
final_control_063,1e-05,0.001,A_net_aggregation,PASS,PASS,VALID
final_control_063,1e-05,0.001,B0,PASS,PASS,VALID
final_control_063,1e-05,0.001,B1,PASS,PASS,VALID
final_control_063,1e-05,0.001,B2,FAIL,PASS,VALID
final_control_063,1e-05,0.001,B3,PASS,PASS,VALID
final_control_063,1e-05,0.001,B4_normal,PASS,PASS,VALID
final_control_063,0.0001,0.01,B5,PASS,PASS,VALID
final_control_063,0.0001,0.01,B4,PASS,PASS,VALID
final_control_063,0.0001,0.01,A_no_geometry,PASS,PASS,VALID
final_control_063,0.0001,0.01,A_no_torque,PASS,PASS,VALID
final_control_063,0.0001,0.01,A_binary_unknown_fail,PASS,PASS,VALID
final_control_063,0.0001,0.01,A_accumulated,PASS,PASS,VALID
final_control_063,0.0001,0.01,A_net_aggregation,PASS,PASS,VALID
final_control_063,0.0001,0.01,B0,PASS,PASS,VALID
final_control_063,0.0001,0.01,B1,PASS,PASS,VALID
final_control_063,0.0001,0.01,B2,FAIL,PASS,VALID
final_control_063,0.0001,0.01,B3,PASS,PASS,VALID
final_control_063,0.0001,0.01,B4_normal,PASS,PASS,VALID
final_control_063,0.001,0.1,B5,PASS,PASS,VALID
final_control_063,0.001,0.1,B4,PASS,PASS,VALID
final_control_063,0.001,0.1,A_no_geometry,PASS,PASS,VALID
final_control_063,0.001,0.1,A_no_torque,PASS,PASS,VALID
final_control_063,0.001,0.1,A_binary_unknown_fail,PASS,PASS,VALID
final_control_063,0.001,0.1,A_accumulated,PASS,PASS,VALID
final_control_063,0.001,0.1,A_net_aggregation,PASS,PASS,VALID
final_control_063,0.001,0.1,B0,PASS,PASS,VALID
final_control_063,0.001,0.1,B1,PASS,PASS,VALID
final_control_063,0.001,0.1,B2,FAIL,PASS,VALID
final_control_063,0.001,0.1,B3,PASS,PASS,VALID
final_control_063,0.001,0.1,B4_normal,PASS,PASS,VALID
final_control_063,0.01,1.0,B5,PASS,PASS,VALID
final_control_063,0.01,1.0,B4,PASS,PASS,VALID
final_control_063,0.01,1.0,A_no_geometry,PASS,PASS,VALID
final_control_063,0.01,1.0,A_no_torque,PASS,PASS,VALID
final_control_063,0.01,1.0,A_binary_unknown_fail,PASS,PASS,VALID
final_control_063,0.01,1.0,A_accumulated,PASS,PASS,VALID
final_control_063,0.01,1.0,A_net_aggregation,PASS,PASS,VALID
final_control_063,0.01,1.0,B0,PASS,PASS,VALID
final_control_063,0.01,1.0,B1,PASS,PASS,VALID
final_control_063,0.01,1.0,B2,FAIL,PASS,VALID
final_control_063,0.01,1.0,B3,PASS,PASS,VALID
final_control_063,0.01,1.0,B4_normal,PASS,PASS,VALID
final_control_064,1e-06,0.0001,B5,FAIL,FAIL,VALID
final_control_064,1e-06,0.0001,B4,FAIL,FAIL,VALID
final_control_064,1e-06,0.0001,A_no_geometry,FAIL,FAIL,VALID
final_control_064,1e-06,0.0001,A_no_torque,FAIL,FAIL,VALID
final_control_064,1e-06,0.0001,A_binary_unknown_fail,FAIL,FAIL,VALID
final_control_064,1e-06,0.0001,A_accumulated,FAIL,FAIL,VALID
final_control_064,1e-06,0.0001,A_net_aggregation,FAIL,FAIL,VALID
final_control_064,1e-06,0.0001,B0,FAIL,FAIL,VALID
final_control_064,1e-06,0.0001,B1,FAIL,FAIL,VALID
final_control_064,1e-06,0.0001,B2,FAIL,FAIL,VALID
final_control_064,1e-06,0.0001,B3,FAIL,FAIL,VALID
final_control_064,1e-06,0.0001,B4_normal,FAIL,FAIL,VALID
final_control_064,1e-05,0.001,B5,FAIL,FAIL,VALID
final_control_064,1e-05,0.001,B4,FAIL,FAIL,VALID
final_control_064,1e-05,0.001,A_no_geometry,FAIL,FAIL,VALID
final_control_064,1e-05,0.001,A_no_torque,FAIL,FAIL,VALID
final_control_064,1e-05,0.001,A_binary_unknown_fail,FAIL,FAIL,VALID
final_control_064,1e-05,0.001,A_accumulated,FAIL,FAIL,VALID
final_control_064,1e-05,0.001,A_net_aggregation,FAIL,FAIL,VALID
final_control_064,1e-05,0.001,B0,FAIL,FAIL,VALID
final_control_064,1e-05,0.001,B1,FAIL,FAIL,VALID
final_control_064,1e-05,0.001,B2,FAIL,FAIL,VALID
final_control_064,1e-05,0.001,B3,FAIL,FAIL,VALID
final_control_064,1e-05,0.001,B4_normal,FAIL,FAIL,VALID
final_control_064,0.0001,0.01,B5,FAIL,FAIL,VALID
final_control_064,0.0001,0.01,B4,FAIL,FAIL,VALID
final_control_064,0.0001,0.01,A_no_geometry,FAIL,FAIL,VALID
final_control_064,0.0001,0.01,A_no_torque,FAIL,FAIL,VALID
final_control_064,0.0001,0.01,A_binary_unknown_fail,FAIL,FAIL,VALID
final_control_064,0.0001,0.01,A_accumulated,FAIL,FAIL,VALID
final_control_064,0.0001,0.01,A_net_aggregation,FAIL,FAIL,VALID
final_control_064,0.0001,0.01,B0,FAIL,FAIL,VALID
final_control_064,0.0001,0.01,B1,FAIL,FAIL,VALID
final_control_064,0.0001,0.01,B2,FAIL,FAIL,VALID
final_control_064,0.0001,0.01,B3,FAIL,FAIL,VALID
final_control_064,0.0001,0.01,B4_normal,FAIL,FAIL,VALID
final_control_064,0.001,0.1,B5,FAIL,FAIL,VALID
final_control_064,0.001,0.1,B4,FAIL,FAIL,VALID
final_control_064,0.001,0.1,A_no_geometry,FAIL,FAIL,VALID
final_control_064,0.001,0.1,A_no_torque,FAIL,FAIL,VALID
final_control_064,0.001,0.1,A_binary_unknown_fail,FAIL,FAIL,VALID
final_control_064,0.001,0.1,A_accumulated,FAIL,FAIL,VALID
final_control_064,0.001,0.1,A_net_aggregation,FAIL,FAIL,VALID
final_control_064,0.001,0.1,B0,FAIL,FAIL,VALID
final_control_064,0.001,0.1,B1,FAIL,FAIL,VALID
final_control_064,0.001,0.1,B2,FAIL,FAIL,VALID
final_control_064,0.001,0.1,B3,FAIL,FAIL,VALID
final_control_064,0.001,0.1,B4_normal,FAIL,FAIL,VALID
final_control_064,0.01,1.0,B5,FAIL,FAIL,VALID
final_control_064,0.01,1.0,B4,FAIL,FAIL,VALID
final_control_064,0.01,1.0,A_no_geometry,FAIL,FAIL,VALID
final_control_064,0.01,1.0,A_no_torque,FAIL,FAIL,VALID
final_control_064,0.01,1.0,A_binary_unknown_fail,FAIL,FAIL,VALID
final_control_064,0.01,1.0,A_accumulated,FAIL,FAIL,VALID
final_control_064,0.01,1.0,A_net_aggregation,FAIL,FAIL,VALID
final_control_064,0.01,1.0,B0,FAIL,FAIL,VALID
final_control_064,0.01,1.0,B1,FAIL,FAIL,VALID
final_control_064,0.01,1.0,B2,FAIL,FAIL,VALID
final_control_064,0.01,1.0,B3,FAIL,FAIL,VALID
final_control_064,0.01,1.0,B4_normal,FAIL,FAIL,VALID
final_control_065,1e-06,0.0001,B5,PASS,PASS,VALID
final_control_065,1e-06,0.0001,B4,PASS,PASS,VALID
final_control_065,1e-06,0.0001,A_no_geometry,PASS,PASS,VALID
final_control_065,1e-06,0.0001,A_no_torque,PASS,PASS,VALID
final_control_065,1e-06,0.0001,A_binary_unknown_fail,PASS,PASS,VALID
final_control_065,1e-06,0.0001,A_accumulated,PASS,PASS,VALID
final_control_065,1e-06,0.0001,A_net_aggregation,PASS,PASS,VALID
final_control_065,1e-06,0.0001,B0,PASS,PASS,VALID
final_control_065,1e-06,0.0001,B1,PASS,PASS,VALID
final_control_065,1e-06,0.0001,B2,FAIL,PASS,VALID
final_control_065,1e-06,0.0001,B3,PASS,PASS,VALID
final_control_065,1e-06,0.0001,B4_normal,PASS,PASS,VALID
final_control_065,1e-05,0.001,B5,PASS,PASS,VALID
final_control_065,1e-05,0.001,B4,PASS,PASS,VALID
final_control_065,1e-05,0.001,A_no_geometry,PASS,PASS,VALID
final_control_065,1e-05,0.001,A_no_torque,PASS,PASS,VALID
final_control_065,1e-05,0.001,A_binary_unknown_fail,PASS,PASS,VALID
final_control_065,1e-05,0.001,A_accumulated,PASS,PASS,VALID
final_control_065,1e-05,0.001,A_net_aggregation,PASS,PASS,VALID
final_control_065,1e-05,0.001,B0,PASS,PASS,VALID
final_control_065,1e-05,0.001,B1,PASS,PASS,VALID
final_control_065,1e-05,0.001,B2,FAIL,PASS,VALID
final_control_065,1e-05,0.001,B3,PASS,PASS,VALID
final_control_065,1e-05,0.001,B4_normal,PASS,PASS,VALID
final_control_065,0.0001,0.01,B5,PASS,PASS,VALID
final_control_065,0.0001,0.01,B4,PASS,PASS,VALID
final_control_065,0.0001,0.01,A_no_geometry,PASS,PASS,VALID
final_control_065,0.0001,0.01,A_no_torque,PASS,PASS,VALID
final_control_065,0.0001,0.01,A_binary_unknown_fail,PASS,PASS,VALID
final_control_065,0.0001,0.01,A_accumulated,PASS,PASS,VALID
final_control_065,0.0001,0.01,A_net_aggregation,PASS,PASS,VALID
final_control_065,0.0001,0.01,B0,PASS,PASS,VALID
final_control_065,0.0001,0.01,B1,PASS,PASS,VALID
final_control_065,0.0001,0.01,B2,FAIL,PASS,VALID
final_control_065,0.0001,0.01,B3,PASS,PASS,VALID
final_control_065,0.0001,0.01,B4_normal,PASS,PASS,VALID
final_control_065,0.001,0.1,B5,PASS,PASS,VALID
final_control_065,0.001,0.1,B4,PASS,PASS,VALID
final_control_065,0.001,0.1,A_no_geometry,PASS,PASS,VALID
final_control_065,0.001,0.1,A_no_torque,PASS,PASS,VALID
final_control_065,0.001,0.1,A_binary_unknown_fail,PASS,PASS,VALID
final_control_065,0.001,0.1,A_accumulated,PASS,PASS,VALID
final_control_065,0.001,0.1,A_net_aggregation,PASS,PASS,VALID
final_control_065,0.001,0.1,B0,PASS,PASS,VALID
final_control_065,0.001,0.1,B1,PASS,PASS,VALID
final_control_065,0.001,0.1,B2,FAIL,PASS,VALID
final_control_065,0.001,0.1,B3,PASS,PASS,VALID
final_control_065,0.001,0.1,B4_normal,PASS,PASS,VALID
final_control_065,0.01,1.0,B5,PASS,PASS,VALID
final_control_065,0.01,1.0,B4,PASS,PASS,VALID
final_control_065,0.01,1.0,A_no_geometry,PASS,PASS,VALID
final_control_065,0.01,1.0,A_no_torque,PASS,PASS,VALID
final_control_065,0.01,1.0,A_binary_unknown_fail,PASS,PASS,VALID
final_control_065,0.01,1.0,A_accumulated,PASS,PASS,VALID
final_control_065,0.01,1.0,A_net_aggregation,PASS,PASS,VALID
final_control_065,0.01,1.0,B0,PASS,PASS,VALID
final_control_065,0.01,1.0,B1,PASS,PASS,VALID
final_control_065,0.01,1.0,B2,FAIL,PASS,VALID
final_control_065,0.01,1.0,B3,PASS,PASS,VALID
final_control_065,0.01,1.0,B4_normal,PASS,PASS,VALID
final_control_066,1e-06,0.0001,B5,FAIL,FAIL,VALID
final_control_066,1e-06,0.0001,B4,FAIL,FAIL,VALID
final_control_066,1e-06,0.0001,A_no_geometry,FAIL,FAIL,VALID
final_control_066,1e-06,0.0001,A_no_torque,FAIL,FAIL,VALID
final_control_066,1e-06,0.0001,A_binary_unknown_fail,FAIL,FAIL,VALID
final_control_066,1e-06,0.0001,A_accumulated,FAIL,FAIL,VALID
final_control_066,1e-06,0.0001,A_net_aggregation,FAIL,FAIL,VALID
final_control_066,1e-06,0.0001,B0,PASS,FAIL,VALID
final_control_066,1e-06,0.0001,B1,PASS,FAIL,VALID
final_control_066,1e-06,0.0001,B2,FAIL,FAIL,VALID
final_control_066,1e-06,0.0001,B3,FAIL,FAIL,VALID
final_control_066,1e-06,0.0001,B4_normal,FAIL,FAIL,VALID
final_control_066,1e-05,0.001,B5,FAIL,FAIL,VALID
final_control_066,1e-05,0.001,B4,FAIL,FAIL,VALID
final_control_066,1e-05,0.001,A_no_geometry,FAIL,FAIL,VALID
final_control_066,1e-05,0.001,A_no_torque,FAIL,FAIL,VALID
final_control_066,1e-05,0.001,A_binary_unknown_fail,FAIL,FAIL,VALID
final_control_066,1e-05,0.001,A_accumulated,FAIL,FAIL,VALID
final_control_066,1e-05,0.001,A_net_aggregation,FAIL,FAIL,VALID
final_control_066,1e-05,0.001,B0,PASS,FAIL,VALID
final_control_066,1e-05,0.001,B1,PASS,FAIL,VALID
final_control_066,1e-05,0.001,B2,FAIL,FAIL,VALID
final_control_066,1e-05,0.001,B3,FAIL,FAIL,VALID
final_control_066,1e-05,0.001,B4_normal,FAIL,FAIL,VALID
final_control_066,0.0001,0.01,B5,FAIL,FAIL,VALID
final_control_066,0.0001,0.01,B4,FAIL,FAIL,VALID
final_control_066,0.0001,0.01,A_no_geometry,FAIL,FAIL,VALID
final_control_066,0.0001,0.01,A_no_torque,FAIL,FAIL,VALID
final_control_066,0.0001,0.01,A_binary_unknown_fail,FAIL,FAIL,VALID
final_control_066,0.0001,0.01,A_accumulated,FAIL,FAIL,VALID
final_control_066,0.0001,0.01,A_net_aggregation,FAIL,FAIL,VALID
final_control_066,0.0001,0.01,B0,PASS,FAIL,VALID
final_control_066,0.0001,0.01,B1,PASS,FAIL,VALID
final_control_066,0.0001,0.01,B2,FAIL,FAIL,VALID
final_control_066,0.0001,0.01,B3,FAIL,FAIL,VALID
final_control_066,0.0001,0.01,B4_normal,FAIL,FAIL,VALID
final_control_066,0.001,0.1,B5,FAIL,FAIL,VALID
final_control_066,0.001,0.1,B4,FAIL,FAIL,VALID
final_control_066,0.001,0.1,A_no_geometry,FAIL,FAIL,VALID
final_control_066,0.001,0.1,A_no_torque,FAIL,FAIL,VALID
final_control_066,0.001,0.1,A_binary_unknown_fail,FAIL,FAIL,VALID
final_control_066,0.001,0.1,A_accumulated,FAIL,FAIL,VALID
final_control_066,0.001,0.1,A_net_aggregation,FAIL,FAIL,VALID
final_control_066,0.001,0.1,B0,PASS,FAIL,VALID
final_control_066,0.001,0.1,B1,PASS,FAIL,VALID
final_control_066,0.001,0.1,B2,FAIL,FAIL,VALID
final_control_066,0.001,0.1,B3,FAIL,FAIL,VALID
final_control_066,0.001,0.1,B4_normal,FAIL,FAIL,VALID
final_control_066,0.01,1.0,B5,FAIL,FAIL,VALID
final_control_066,0.01,1.0,B4,FAIL,FAIL,VALID
final_control_066,0.01,1.0,A_no_geometry,FAIL,FAIL,VALID
final_control_066,0.01,1.0,A_no_torque,FAIL,FAIL,VALID
final_control_066,0.01,1.0,A_binary_unknown_fail,FAIL,FAIL,VALID
final_control_066,0.01,1.0,A_accumulated,FAIL,FAIL,VALID
final_control_066,0.01,1.0,A_net_aggregation,FAIL,FAIL,VALID
final_control_066,0.01,1.0,B0,PASS,FAIL,VALID
final_control_066,0.01,1.0,B1,PASS,FAIL,VALID
final_control_066,0.01,1.0,B2,FAIL,FAIL,VALID
final_control_066,0.01,1.0,B3,FAIL,FAIL,VALID
final_control_066,0.01,1.0,B4_normal,FAIL,FAIL,VALID
final_control_067,1e-06,0.0001,B5,FAIL,FAIL,VALID
final_control_067,1e-06,0.0001,B4,FAIL,FAIL,VALID
final_control_067,1e-06,0.0001,A_no_geometry,FAIL,FAIL,VALID
final_control_067,1e-06,0.0001,A_no_torque,FAIL,FAIL,VALID
final_control_067,1e-06,0.0001,A_binary_unknown_fail,FAIL,FAIL,VALID
final_control_067,1e-06,0.0001,A_accumulated,FAIL,FAIL,VALID
final_control_067,1e-06,0.0001,A_net_aggregation,FAIL,FAIL,VALID
final_control_067,1e-06,0.0001,B0,PASS,FAIL,VALID
final_control_067,1e-06,0.0001,B1,PASS,FAIL,VALID
final_control_067,1e-06,0.0001,B2,FAIL,FAIL,VALID
final_control_067,1e-06,0.0001,B3,FAIL,FAIL,VALID
final_control_067,1e-06,0.0001,B4_normal,FAIL,FAIL,VALID
final_control_067,1e-05,0.001,B5,FAIL,FAIL,VALID
final_control_067,1e-05,0.001,B4,FAIL,FAIL,VALID
final_control_067,1e-05,0.001,A_no_geometry,FAIL,FAIL,VALID
final_control_067,1e-05,0.001,A_no_torque,FAIL,FAIL,VALID
final_control_067,1e-05,0.001,A_binary_unknown_fail,FAIL,FAIL,VALID
final_control_067,1e-05,0.001,A_accumulated,FAIL,FAIL,VALID
final_control_067,1e-05,0.001,A_net_aggregation,FAIL,FAIL,VALID
final_control_067,1e-05,0.001,B0,PASS,FAIL,VALID
final_control_067,1e-05,0.001,B1,PASS,FAIL,VALID
final_control_067,1e-05,0.001,B2,FAIL,FAIL,VALID
final_control_067,1e-05,0.001,B3,FAIL,FAIL,VALID
final_control_067,1e-05,0.001,B4_normal,FAIL,FAIL,VALID
final_control_067,0.0001,0.01,B5,FAIL,FAIL,VALID
final_control_067,0.0001,0.01,B4,FAIL,FAIL,VALID
final_control_067,0.0001,0.01,A_no_geometry,FAIL,FAIL,VALID
final_control_067,0.0001,0.01,A_no_torque,FAIL,FAIL,VALID
final_control_067,0.0001,0.01,A_binary_unknown_fail,FAIL,FAIL,VALID
final_control_067,0.0001,0.01,A_accumulated,FAIL,FAIL,VALID
final_control_067,0.0001,0.01,A_net_aggregation,FAIL,FAIL,VALID
final_control_067,0.0001,0.01,B0,PASS,FAIL,VALID
final_control_067,0.0001,0.01,B1,PASS,FAIL,VALID
final_control_067,0.0001,0.01,B2,FAIL,FAIL,VALID
final_control_067,0.0001,0.01,B3,FAIL,FAIL,VALID
final_control_067,0.0001,0.01,B4_normal,FAIL,FAIL,VALID
final_control_067,0.001,0.1,B5,FAIL,FAIL,VALID
final_control_067,0.001,0.1,B4,FAIL,FAIL,VALID
final_control_067,0.001,0.1,A_no_geometry,FAIL,FAIL,VALID
final_control_067,0.001,0.1,A_no_torque,FAIL,FAIL,VALID
final_control_067,0.001,0.1,A_binary_unknown_fail,FAIL,FAIL,VALID
final_control_067,0.001,0.1,A_accumulated,FAIL,FAIL,VALID
final_control_067,0.001,0.1,A_net_aggregation,FAIL,FAIL,VALID
final_control_067,0.001,0.1,B0,PASS,FAIL,VALID
final_control_067,0.001,0.1,B1,PASS,FAIL,VALID
final_control_067,0.001,0.1,B2,FAIL,FAIL,VALID
final_control_067,0.001,0.1,B3,FAIL,FAIL,VALID
final_control_067,0.001,0.1,B4_normal,FAIL,FAIL,VALID
final_control_067,0.01,1.0,B5,INDETERMINATE,FAIL,VALID
final_control_067,0.01,1.0,B4,INDETERMINATE,FAIL,VALID
final_control_067,0.01,1.0,A_no_geometry,INDETERMINATE,FAIL,VALID
final_control_067,0.01,1.0,A_no_torque,INDETERMINATE,FAIL,VALID
final_control_067,0.01,1.0,A_binary_unknown_fail,FAIL,FAIL,VALID
final_control_067,0.01,1.0,A_accumulated,INDETERMINATE,FAIL,VALID
final_control_067,0.01,1.0,A_net_aggregation,INDETERMINATE,FAIL,VALID
final_control_067,0.01,1.0,B0,PASS,FAIL,VALID
final_control_067,0.01,1.0,B1,PASS,FAIL,VALID
final_control_067,0.01,1.0,B2,FAIL,FAIL,VALID
final_control_067,0.01,1.0,B3,FAIL,FAIL,VALID
final_control_067,0.01,1.0,B4_normal,INDETERMINATE,FAIL,VALID
final_control_068,1e-06,0.0001,B5,FAIL,FAIL,VALID
final_control_068,1e-06,0.0001,B4,FAIL,FAIL,VALID
final_control_068,1e-06,0.0001,A_no_geometry,FAIL,FAIL,VALID
final_control_068,1e-06,0.0001,A_no_torque,FAIL,FAIL,VALID
final_control_068,1e-06,0.0001,A_binary_unknown_fail,FAIL,FAIL,VALID
final_control_068,1e-06,0.0001,A_accumulated,FAIL,FAIL,VALID
final_control_068,1e-06,0.0001,A_net_aggregation,FAIL,FAIL,VALID
final_control_068,1e-06,0.0001,B0,PASS,FAIL,VALID
final_control_068,1e-06,0.0001,B1,PASS,FAIL,VALID
final_control_068,1e-06,0.0001,B2,FAIL,FAIL,VALID
final_control_068,1e-06,0.0001,B3,FAIL,FAIL,VALID
final_control_068,1e-06,0.0001,B4_normal,FAIL,FAIL,VALID
final_control_068,1e-05,0.001,B5,FAIL,FAIL,VALID
final_control_068,1e-05,0.001,B4,FAIL,FAIL,VALID
final_control_068,1e-05,0.001,A_no_geometry,FAIL,FAIL,VALID
final_control_068,1e-05,0.001,A_no_torque,FAIL,FAIL,VALID
final_control_068,1e-05,0.001,A_binary_unknown_fail,FAIL,FAIL,VALID
final_control_068,1e-05,0.001,A_accumulated,FAIL,FAIL,VALID
final_control_068,1e-05,0.001,A_net_aggregation,FAIL,FAIL,VALID
final_control_068,1e-05,0.001,B0,PASS,FAIL,VALID
final_control_068,1e-05,0.001,B1,PASS,FAIL,VALID
final_control_068,1e-05,0.001,B2,FAIL,FAIL,VALID
final_control_068,1e-05,0.001,B3,FAIL,FAIL,VALID
final_control_068,1e-05,0.001,B4_normal,FAIL,FAIL,VALID
final_control_068,0.0001,0.01,B5,FAIL,FAIL,VALID
final_control_068,0.0001,0.01,B4,FAIL,FAIL,VALID
final_control_068,0.0001,0.01,A_no_geometry,FAIL,FAIL,VALID
final_control_068,0.0001,0.01,A_no_torque,FAIL,FAIL,VALID
final_control_068,0.0001,0.01,A_binary_unknown_fail,FAIL,FAIL,VALID
final_control_068,0.0001,0.01,A_accumulated,FAIL,FAIL,VALID
final_control_068,0.0001,0.01,A_net_aggregation,FAIL,FAIL,VALID
final_control_068,0.0001,0.01,B0,PASS,FAIL,VALID
final_control_068,0.0001,0.01,B1,PASS,FAIL,VALID
final_control_068,0.0001,0.01,B2,FAIL,FAIL,VALID
final_control_068,0.0001,0.01,B3,FAIL,FAIL,VALID
final_control_068,0.0001,0.01,B4_normal,FAIL,FAIL,VALID
final_control_068,0.001,0.1,B5,FAIL,FAIL,VALID
final_control_068,0.001,0.1,B4,FAIL,FAIL,VALID
final_control_068,0.001,0.1,A_no_geometry,FAIL,FAIL,VALID
final_control_068,0.001,0.1,A_no_torque,FAIL,FAIL,VALID
final_control_068,0.001,0.1,A_binary_unknown_fail,FAIL,FAIL,VALID
final_control_068,0.001,0.1,A_accumulated,FAIL,FAIL,VALID
final_control_068,0.001,0.1,A_net_aggregation,FAIL,FAIL,VALID
final_control_068,0.001,0.1,B0,PASS,FAIL,VALID
final_control_068,0.001,0.1,B1,PASS,FAIL,VALID
final_control_068,0.001,0.1,B2,FAIL,FAIL,VALID
final_control_068,0.001,0.1,B3,FAIL,FAIL,VALID
final_control_068,0.001,0.1,B4_normal,FAIL,FAIL,VALID
final_control_068,0.01,1.0,B5,FAIL,FAIL,VALID
final_control_068,0.01,1.0,B4,FAIL,FAIL,VALID
final_control_068,0.01,1.0,A_no_geometry,FAIL,FAIL,VALID
final_control_068,0.01,1.0,A_no_torque,FAIL,FAIL,VALID
final_control_068,0.01,1.0,A_binary_unknown_fail,FAIL,FAIL,VALID
final_control_068,0.01,1.0,A_accumulated,FAIL,FAIL,VALID
final_control_068,0.01,1.0,A_net_aggregation,INDETERMINATE,FAIL,VALID
final_control_068,0.01,1.0,B0,PASS,FAIL,VALID
final_control_068,0.01,1.0,B1,PASS,FAIL,VALID
final_control_068,0.01,1.0,B2,FAIL,FAIL,VALID
final_control_068,0.01,1.0,B3,FAIL,FAIL,VALID
final_control_068,0.01,1.0,B4_normal,FAIL,FAIL,VALID
final_control_069,1e-06,0.0001,B5,FAIL,FAIL,VALID
final_control_069,1e-06,0.0001,B4,FAIL,FAIL,VALID
final_control_069,1e-06,0.0001,A_no_geometry,FAIL,FAIL,VALID
final_control_069,1e-06,0.0001,A_no_torque,FAIL,FAIL,VALID
final_control_069,1e-06,0.0001,A_binary_unknown_fail,FAIL,FAIL,VALID
final_control_069,1e-06,0.0001,A_accumulated,FAIL,FAIL,VALID
final_control_069,1e-06,0.0001,A_net_aggregation,FAIL,FAIL,VALID
final_control_069,1e-06,0.0001,B0,PASS,FAIL,VALID
final_control_069,1e-06,0.0001,B1,FAIL,FAIL,VALID
final_control_069,1e-06,0.0001,B2,FAIL,FAIL,VALID
final_control_069,1e-06,0.0001,B3,FAIL,FAIL,VALID
final_control_069,1e-06,0.0001,B4_normal,FAIL,FAIL,VALID
final_control_069,1e-05,0.001,B5,FAIL,FAIL,VALID
final_control_069,1e-05,0.001,B4,FAIL,FAIL,VALID
final_control_069,1e-05,0.001,A_no_geometry,FAIL,FAIL,VALID
final_control_069,1e-05,0.001,A_no_torque,FAIL,FAIL,VALID
final_control_069,1e-05,0.001,A_binary_unknown_fail,FAIL,FAIL,VALID
final_control_069,1e-05,0.001,A_accumulated,FAIL,FAIL,VALID
final_control_069,1e-05,0.001,A_net_aggregation,FAIL,FAIL,VALID
final_control_069,1e-05,0.001,B0,PASS,FAIL,VALID
final_control_069,1e-05,0.001,B1,FAIL,FAIL,VALID
final_control_069,1e-05,0.001,B2,FAIL,FAIL,VALID
final_control_069,1e-05,0.001,B3,FAIL,FAIL,VALID
final_control_069,1e-05,0.001,B4_normal,FAIL,FAIL,VALID
final_control_069,0.0001,0.01,B5,FAIL,FAIL,VALID
final_control_069,0.0001,0.01,B4,FAIL,FAIL,VALID
final_control_069,0.0001,0.01,A_no_geometry,FAIL,FAIL,VALID
final_control_069,0.0001,0.01,A_no_torque,FAIL,FAIL,VALID
final_control_069,0.0001,0.01,A_binary_unknown_fail,FAIL,FAIL,VALID
final_control_069,0.0001,0.01,A_accumulated,FAIL,FAIL,VALID
final_control_069,0.0001,0.01,A_net_aggregation,FAIL,FAIL,VALID
final_control_069,0.0001,0.01,B0,PASS,FAIL,VALID
final_control_069,0.0001,0.01,B1,FAIL,FAIL,VALID
final_control_069,0.0001,0.01,B2,FAIL,FAIL,VALID
final_control_069,0.0001,0.01,B3,FAIL,FAIL,VALID
final_control_069,0.0001,0.01,B4_normal,FAIL,FAIL,VALID
final_control_069,0.001,0.1,B5,FAIL,FAIL,VALID
final_control_069,0.001,0.1,B4,FAIL,FAIL,VALID
final_control_069,0.001,0.1,A_no_geometry,FAIL,FAIL,VALID
final_control_069,0.001,0.1,A_no_torque,FAIL,FAIL,VALID
final_control_069,0.001,0.1,A_binary_unknown_fail,FAIL,FAIL,VALID
final_control_069,0.001,0.1,A_accumulated,FAIL,FAIL,VALID
final_control_069,0.001,0.1,A_net_aggregation,FAIL,FAIL,VALID
final_control_069,0.001,0.1,B0,PASS,FAIL,VALID
final_control_069,0.001,0.1,B1,FAIL,FAIL,VALID
final_control_069,0.001,0.1,B2,FAIL,FAIL,VALID
final_control_069,0.001,0.1,B3,FAIL,FAIL,VALID
final_control_069,0.001,0.1,B4_normal,FAIL,FAIL,VALID
final_control_069,0.01,1.0,B5,FAIL,FAIL,VALID
final_control_069,0.01,1.0,B4,FAIL,FAIL,VALID
final_control_069,0.01,1.0,A_no_geometry,FAIL,FAIL,VALID
final_control_069,0.01,1.0,A_no_torque,FAIL,FAIL,VALID
final_control_069,0.01,1.0,A_binary_unknown_fail,FAIL,FAIL,VALID
final_control_069,0.01,1.0,A_accumulated,FAIL,FAIL,VALID
final_control_069,0.01,1.0,A_net_aggregation,FAIL,FAIL,VALID
final_control_069,0.01,1.0,B0,PASS,FAIL,VALID
final_control_069,0.01,1.0,B1,FAIL,FAIL,VALID
final_control_069,0.01,1.0,B2,FAIL,FAIL,VALID
final_control_069,0.01,1.0,B3,FAIL,FAIL,VALID
final_control_069,0.01,1.0,B4_normal,FAIL,FAIL,VALID
final_control_070,1e-06,0.0001,B5,FAIL,FAIL,VALID
final_control_070,1e-06,0.0001,B4,FAIL,FAIL,VALID
final_control_070,1e-06,0.0001,A_no_geometry,FAIL,FAIL,VALID
final_control_070,1e-06,0.0001,A_no_torque,FAIL,FAIL,VALID
final_control_070,1e-06,0.0001,A_binary_unknown_fail,FAIL,FAIL,VALID
final_control_070,1e-06,0.0001,A_accumulated,FAIL,FAIL,VALID
final_control_070,1e-06,0.0001,A_net_aggregation,FAIL,FAIL,VALID
final_control_070,1e-06,0.0001,B0,FAIL,FAIL,VALID
final_control_070,1e-06,0.0001,B1,FAIL,FAIL,VALID
final_control_070,1e-06,0.0001,B2,FAIL,FAIL,VALID
final_control_070,1e-06,0.0001,B3,FAIL,FAIL,VALID
final_control_070,1e-06,0.0001,B4_normal,FAIL,FAIL,VALID
final_control_070,1e-05,0.001,B5,FAIL,FAIL,VALID
final_control_070,1e-05,0.001,B4,FAIL,FAIL,VALID
final_control_070,1e-05,0.001,A_no_geometry,FAIL,FAIL,VALID
final_control_070,1e-05,0.001,A_no_torque,FAIL,FAIL,VALID
final_control_070,1e-05,0.001,A_binary_unknown_fail,FAIL,FAIL,VALID
final_control_070,1e-05,0.001,A_accumulated,FAIL,FAIL,VALID
final_control_070,1e-05,0.001,A_net_aggregation,FAIL,FAIL,VALID
final_control_070,1e-05,0.001,B0,FAIL,FAIL,VALID
final_control_070,1e-05,0.001,B1,FAIL,FAIL,VALID
final_control_070,1e-05,0.001,B2,FAIL,FAIL,VALID
final_control_070,1e-05,0.001,B3,FAIL,FAIL,VALID
final_control_070,1e-05,0.001,B4_normal,FAIL,FAIL,VALID
final_control_070,0.0001,0.01,B5,FAIL,FAIL,VALID
final_control_070,0.0001,0.01,B4,FAIL,FAIL,VALID
final_control_070,0.0001,0.01,A_no_geometry,FAIL,FAIL,VALID
final_control_070,0.0001,0.01,A_no_torque,FAIL,FAIL,VALID
final_control_070,0.0001,0.01,A_binary_unknown_fail,FAIL,FAIL,VALID
final_control_070,0.0001,0.01,A_accumulated,FAIL,FAIL,VALID
final_control_070,0.0001,0.01,A_net_aggregation,FAIL,FAIL,VALID
final_control_070,0.0001,0.01,B0,FAIL,FAIL,VALID
final_control_070,0.0001,0.01,B1,FAIL,FAIL,VALID
final_control_070,0.0001,0.01,B2,FAIL,FAIL,VALID
final_control_070,0.0001,0.01,B3,FAIL,FAIL,VALID
final_control_070,0.0001,0.01,B4_normal,FAIL,FAIL,VALID
final_control_070,0.001,0.1,B5,FAIL,FAIL,VALID
final_control_070,0.001,0.1,B4,FAIL,FAIL,VALID
final_control_070,0.001,0.1,A_no_geometry,FAIL,FAIL,VALID
final_control_070,0.001,0.1,A_no_torque,FAIL,FAIL,VALID
final_control_070,0.001,0.1,A_binary_unknown_fail,FAIL,FAIL,VALID
final_control_070,0.001,0.1,A_accumulated,FAIL,FAIL,VALID
final_control_070,0.001,0.1,A_net_aggregation,FAIL,FAIL,VALID
final_control_070,0.001,0.1,B0,FAIL,FAIL,VALID
final_control_070,0.001,0.1,B1,FAIL,FAIL,VALID
final_control_070,0.001,0.1,B2,FAIL,FAIL,VALID
final_control_070,0.001,0.1,B3,FAIL,FAIL,VALID
final_control_070,0.001,0.1,B4_normal,FAIL,FAIL,VALID
final_control_070,0.01,1.0,B5,FAIL,FAIL,VALID
final_control_070,0.01,1.0,B4,FAIL,FAIL,VALID
final_control_070,0.01,1.0,A_no_geometry,FAIL,FAIL,VALID
final_control_070,0.01,1.0,A_no_torque,FAIL,FAIL,VALID
final_control_070,0.01,1.0,A_binary_unknown_fail,FAIL,FAIL,VALID
final_control_070,0.01,1.0,A_accumulated,FAIL,FAIL,VALID
final_control_070,0.01,1.0,A_net_aggregation,FAIL,FAIL,VALID
final_control_070,0.01,1.0,B0,FAIL,FAIL,VALID
final_control_070,0.01,1.0,B1,FAIL,FAIL,VALID
final_control_070,0.01,1.0,B2,FAIL,FAIL,VALID
final_control_070,0.01,1.0,B3,FAIL,FAIL,VALID
final_control_070,0.01,1.0,B4_normal,FAIL,FAIL,VALID
final_control_071,1e-06,0.0001,B5,PASS,PASS,VALID
final_control_071,1e-06,0.0001,B4,PASS,PASS,VALID
final_control_071,1e-06,0.0001,A_no_geometry,PASS,PASS,VALID
final_control_071,1e-06,0.0001,A_no_torque,PASS,PASS,VALID
final_control_071,1e-06,0.0001,A_binary_unknown_fail,PASS,PASS,VALID
final_control_071,1e-06,0.0001,A_accumulated,PASS,PASS,VALID
final_control_071,1e-06,0.0001,A_net_aggregation,PASS,PASS,VALID
final_control_071,1e-06,0.0001,B0,PASS,PASS,VALID
final_control_071,1e-06,0.0001,B1,PASS,PASS,VALID
final_control_071,1e-06,0.0001,B2,FAIL,PASS,VALID
final_control_071,1e-06,0.0001,B3,PASS,PASS,VALID
final_control_071,1e-06,0.0001,B4_normal,PASS,PASS,VALID
final_control_071,1e-05,0.001,B5,PASS,PASS,VALID
final_control_071,1e-05,0.001,B4,PASS,PASS,VALID
final_control_071,1e-05,0.001,A_no_geometry,PASS,PASS,VALID
final_control_071,1e-05,0.001,A_no_torque,PASS,PASS,VALID
final_control_071,1e-05,0.001,A_binary_unknown_fail,PASS,PASS,VALID
final_control_071,1e-05,0.001,A_accumulated,PASS,PASS,VALID
final_control_071,1e-05,0.001,A_net_aggregation,PASS,PASS,VALID
final_control_071,1e-05,0.001,B0,PASS,PASS,VALID
final_control_071,1e-05,0.001,B1,PASS,PASS,VALID
final_control_071,1e-05,0.001,B2,FAIL,PASS,VALID
final_control_071,1e-05,0.001,B3,PASS,PASS,VALID
final_control_071,1e-05,0.001,B4_normal,PASS,PASS,VALID
final_control_071,0.0001,0.01,B5,PASS,PASS,VALID
final_control_071,0.0001,0.01,B4,PASS,PASS,VALID
final_control_071,0.0001,0.01,A_no_geometry,PASS,PASS,VALID
final_control_071,0.0001,0.01,A_no_torque,PASS,PASS,VALID
final_control_071,0.0001,0.01,A_binary_unknown_fail,PASS,PASS,VALID
final_control_071,0.0001,0.01,A_accumulated,PASS,PASS,VALID
final_control_071,0.0001,0.01,A_net_aggregation,PASS,PASS,VALID
final_control_071,0.0001,0.01,B0,PASS,PASS,VALID
final_control_071,0.0001,0.01,B1,PASS,PASS,VALID
final_control_071,0.0001,0.01,B2,FAIL,PASS,VALID
final_control_071,0.0001,0.01,B3,PASS,PASS,VALID
final_control_071,0.0001,0.01,B4_normal,PASS,PASS,VALID
final_control_071,0.001,0.1,B5,PASS,PASS,VALID
final_control_071,0.001,0.1,B4,PASS,PASS,VALID
final_control_071,0.001,0.1,A_no_geometry,PASS,PASS,VALID
final_control_071,0.001,0.1,A_no_torque,PASS,PASS,VALID
final_control_071,0.001,0.1,A_binary_unknown_fail,PASS,PASS,VALID
final_control_071,0.001,0.1,A_accumulated,PASS,PASS,VALID
final_control_071,0.001,0.1,A_net_aggregation,PASS,PASS,VALID
final_control_071,0.001,0.1,B0,PASS,PASS,VALID
final_control_071,0.001,0.1,B1,PASS,PASS,VALID
final_control_071,0.001,0.1,B2,FAIL,PASS,VALID
final_control_071,0.001,0.1,B3,PASS,PASS,VALID
final_control_071,0.001,0.1,B4_normal,PASS,PASS,VALID
final_control_071,0.01,1.0,B5,PASS,PASS,VALID
final_control_071,0.01,1.0,B4,PASS,PASS,VALID
final_control_071,0.01,1.0,A_no_geometry,PASS,PASS,VALID
final_control_071,0.01,1.0,A_no_torque,PASS,PASS,VALID
final_control_071,0.01,1.0,A_binary_unknown_fail,PASS,PASS,VALID
final_control_071,0.01,1.0,A_accumulated,PASS,PASS,VALID
final_control_071,0.01,1.0,A_net_aggregation,PASS,PASS,VALID
final_control_071,0.01,1.0,B0,PASS,PASS,VALID
final_control_071,0.01,1.0,B1,PASS,PASS,VALID
final_control_071,0.01,1.0,B2,FAIL,PASS,VALID
final_control_071,0.01,1.0,B3,PASS,PASS,VALID
final_control_071,0.01,1.0,B4_normal,PASS,PASS,VALID
final_control_072,1e-06,0.0001,B5,PASS,PASS,VALID
final_control_072,1e-06,0.0001,B4,PASS,PASS,VALID
final_control_072,1e-06,0.0001,A_no_geometry,PASS,PASS,VALID
final_control_072,1e-06,0.0001,A_no_torque,PASS,PASS,VALID
final_control_072,1e-06,0.0001,A_binary_unknown_fail,PASS,PASS,VALID
final_control_072,1e-06,0.0001,A_accumulated,PASS,PASS,VALID
final_control_072,1e-06,0.0001,A_net_aggregation,PASS,PASS,VALID
final_control_072,1e-06,0.0001,B0,PASS,PASS,VALID
final_control_072,1e-06,0.0001,B1,PASS,PASS,VALID
final_control_072,1e-06,0.0001,B2,PASS,PASS,VALID
final_control_072,1e-06,0.0001,B3,PASS,PASS,VALID
final_control_072,1e-06,0.0001,B4_normal,PASS,PASS,VALID
final_control_072,1e-05,0.001,B5,PASS,PASS,VALID
final_control_072,1e-05,0.001,B4,PASS,PASS,VALID
final_control_072,1e-05,0.001,A_no_geometry,PASS,PASS,VALID
final_control_072,1e-05,0.001,A_no_torque,PASS,PASS,VALID
final_control_072,1e-05,0.001,A_binary_unknown_fail,PASS,PASS,VALID
final_control_072,1e-05,0.001,A_accumulated,PASS,PASS,VALID
final_control_072,1e-05,0.001,A_net_aggregation,PASS,PASS,VALID
final_control_072,1e-05,0.001,B0,PASS,PASS,VALID
final_control_072,1e-05,0.001,B1,PASS,PASS,VALID
final_control_072,1e-05,0.001,B2,PASS,PASS,VALID
final_control_072,1e-05,0.001,B3,PASS,PASS,VALID
final_control_072,1e-05,0.001,B4_normal,PASS,PASS,VALID
final_control_072,0.0001,0.01,B5,PASS,PASS,VALID
final_control_072,0.0001,0.01,B4,PASS,PASS,VALID
final_control_072,0.0001,0.01,A_no_geometry,PASS,PASS,VALID
final_control_072,0.0001,0.01,A_no_torque,PASS,PASS,VALID
final_control_072,0.0001,0.01,A_binary_unknown_fail,PASS,PASS,VALID
final_control_072,0.0001,0.01,A_accumulated,PASS,PASS,VALID
final_control_072,0.0001,0.01,A_net_aggregation,PASS,PASS,VALID
final_control_072,0.0001,0.01,B0,PASS,PASS,VALID
final_control_072,0.0001,0.01,B1,PASS,PASS,VALID
final_control_072,0.0001,0.01,B2,PASS,PASS,VALID
final_control_072,0.0001,0.01,B3,PASS,PASS,VALID
final_control_072,0.0001,0.01,B4_normal,PASS,PASS,VALID
final_control_072,0.001,0.1,B5,PASS,PASS,VALID
final_control_072,0.001,0.1,B4,PASS,PASS,VALID
final_control_072,0.001,0.1,A_no_geometry,PASS,PASS,VALID
final_control_072,0.001,0.1,A_no_torque,PASS,PASS,VALID
final_control_072,0.001,0.1,A_binary_unknown_fail,PASS,PASS,VALID
final_control_072,0.001,0.1,A_accumulated,PASS,PASS,VALID
final_control_072,0.001,0.1,A_net_aggregation,PASS,PASS,VALID
final_control_072,0.001,0.1,B0,PASS,PASS,VALID
final_control_072,0.001,0.1,B1,PASS,PASS,VALID
final_control_072,0.001,0.1,B2,PASS,PASS,VALID
final_control_072,0.001,0.1,B3,PASS,PASS,VALID
final_control_072,0.001,0.1,B4_normal,PASS,PASS,VALID
final_control_072,0.01,1.0,B5,PASS,PASS,VALID
final_control_072,0.01,1.0,B4,PASS,PASS,VALID
final_control_072,0.01,1.0,A_no_geometry,PASS,PASS,VALID
final_control_072,0.01,1.0,A_no_torque,PASS,PASS,VALID
final_control_072,0.01,1.0,A_binary_unknown_fail,PASS,PASS,VALID
final_control_072,0.01,1.0,A_accumulated,PASS,PASS,VALID
final_control_072,0.01,1.0,A_net_aggregation,PASS,PASS,VALID
final_control_072,0.01,1.0,B0,PASS,PASS,VALID
final_control_072,0.01,1.0,B1,PASS,PASS,VALID
final_control_072,0.01,1.0,B2,PASS,PASS,VALID
final_control_072,0.01,1.0,B3,PASS,PASS,VALID
final_control_072,0.01,1.0,B4_normal,PASS,PASS,VALID
final_control_073,1e-06,0.0001,B5,PASS,PASS,VALID
final_control_073,1e-06,0.0001,B4,PASS,PASS,VALID
final_control_073,1e-06,0.0001,A_no_geometry,PASS,PASS,VALID
final_control_073,1e-06,0.0001,A_no_torque,PASS,PASS,VALID
final_control_073,1e-06,0.0001,A_binary_unknown_fail,PASS,PASS,VALID
final_control_073,1e-06,0.0001,A_accumulated,PASS,PASS,VALID
final_control_073,1e-06,0.0001,A_net_aggregation,PASS,PASS,VALID
final_control_073,1e-06,0.0001,B0,PASS,PASS,VALID
final_control_073,1e-06,0.0001,B1,PASS,PASS,VALID
final_control_073,1e-06,0.0001,B2,FAIL,PASS,VALID
final_control_073,1e-06,0.0001,B3,PASS,PASS,VALID
final_control_073,1e-06,0.0001,B4_normal,PASS,PASS,VALID
final_control_073,1e-05,0.001,B5,PASS,PASS,VALID
final_control_073,1e-05,0.001,B4,PASS,PASS,VALID
final_control_073,1e-05,0.001,A_no_geometry,PASS,PASS,VALID
final_control_073,1e-05,0.001,A_no_torque,PASS,PASS,VALID
final_control_073,1e-05,0.001,A_binary_unknown_fail,PASS,PASS,VALID
final_control_073,1e-05,0.001,A_accumulated,PASS,PASS,VALID
final_control_073,1e-05,0.001,A_net_aggregation,PASS,PASS,VALID
final_control_073,1e-05,0.001,B0,PASS,PASS,VALID
final_control_073,1e-05,0.001,B1,PASS,PASS,VALID
final_control_073,1e-05,0.001,B2,FAIL,PASS,VALID
final_control_073,1e-05,0.001,B3,PASS,PASS,VALID
final_control_073,1e-05,0.001,B4_normal,PASS,PASS,VALID
final_control_073,0.0001,0.01,B5,PASS,PASS,VALID
final_control_073,0.0001,0.01,B4,PASS,PASS,VALID
final_control_073,0.0001,0.01,A_no_geometry,PASS,PASS,VALID
final_control_073,0.0001,0.01,A_no_torque,PASS,PASS,VALID
final_control_073,0.0001,0.01,A_binary_unknown_fail,PASS,PASS,VALID
final_control_073,0.0001,0.01,A_accumulated,PASS,PASS,VALID
final_control_073,0.0001,0.01,A_net_aggregation,PASS,PASS,VALID
final_control_073,0.0001,0.01,B0,PASS,PASS,VALID
final_control_073,0.0001,0.01,B1,PASS,PASS,VALID
final_control_073,0.0001,0.01,B2,FAIL,PASS,VALID
final_control_073,0.0001,0.01,B3,PASS,PASS,VALID
final_control_073,0.0001,0.01,B4_normal,PASS,PASS,VALID
final_control_073,0.001,0.1,B5,PASS,PASS,VALID
final_control_073,0.001,0.1,B4,PASS,PASS,VALID
final_control_073,0.001,0.1,A_no_geometry,PASS,PASS,VALID
final_control_073,0.001,0.1,A_no_torque,PASS,PASS,VALID
final_control_073,0.001,0.1,A_binary_unknown_fail,PASS,PASS,VALID
final_control_073,0.001,0.1,A_accumulated,PASS,PASS,VALID
final_control_073,0.001,0.1,A_net_aggregation,PASS,PASS,VALID
final_control_073,0.001,0.1,B0,PASS,PASS,VALID
final_control_073,0.001,0.1,B1,PASS,PASS,VALID
final_control_073,0.001,0.1,B2,FAIL,PASS,VALID
final_control_073,0.001,0.1,B3,PASS,PASS,VALID
final_control_073,0.001,0.1,B4_normal,PASS,PASS,VALID
final_control_073,0.01,1.0,B5,PASS,PASS,VALID
final_control_073,0.01,1.0,B4,PASS,PASS,VALID
final_control_073,0.01,1.0,A_no_geometry,PASS,PASS,VALID
final_control_073,0.01,1.0,A_no_torque,PASS,PASS,VALID
final_control_073,0.01,1.0,A_binary_unknown_fail,PASS,PASS,VALID
final_control_073,0.01,1.0,A_accumulated,PASS,PASS,VALID
final_control_073,0.01,1.0,A_net_aggregation,PASS,PASS,VALID
final_control_073,0.01,1.0,B0,PASS,PASS,VALID
final_control_073,0.01,1.0,B1,PASS,PASS,VALID
final_control_073,0.01,1.0,B2,FAIL,PASS,VALID
final_control_073,0.01,1.0,B3,PASS,PASS,VALID
final_control_073,0.01,1.0,B4_normal,PASS,PASS,VALID
final_control_074,1e-06,0.0001,B5,FAIL,FAIL,VALID
final_control_074,1e-06,0.0001,B4,FAIL,FAIL,VALID
final_control_074,1e-06,0.0001,A_no_geometry,FAIL,FAIL,VALID
final_control_074,1e-06,0.0001,A_no_torque,FAIL,FAIL,VALID
final_control_074,1e-06,0.0001,A_binary_unknown_fail,FAIL,FAIL,VALID
final_control_074,1e-06,0.0001,A_accumulated,FAIL,FAIL,VALID
final_control_074,1e-06,0.0001,A_net_aggregation,FAIL,FAIL,VALID
final_control_074,1e-06,0.0001,B0,PASS,FAIL,VALID
final_control_074,1e-06,0.0001,B1,PASS,FAIL,VALID
final_control_074,1e-06,0.0001,B2,FAIL,FAIL,VALID
final_control_074,1e-06,0.0001,B3,FAIL,FAIL,VALID
final_control_074,1e-06,0.0001,B4_normal,FAIL,FAIL,VALID
final_control_074,1e-05,0.001,B5,FAIL,FAIL,VALID
final_control_074,1e-05,0.001,B4,FAIL,FAIL,VALID
final_control_074,1e-05,0.001,A_no_geometry,FAIL,FAIL,VALID
final_control_074,1e-05,0.001,A_no_torque,FAIL,FAIL,VALID
final_control_074,1e-05,0.001,A_binary_unknown_fail,FAIL,FAIL,VALID
final_control_074,1e-05,0.001,A_accumulated,FAIL,FAIL,VALID
final_control_074,1e-05,0.001,A_net_aggregation,FAIL,FAIL,VALID
final_control_074,1e-05,0.001,B0,PASS,FAIL,VALID
final_control_074,1e-05,0.001,B1,PASS,FAIL,VALID
final_control_074,1e-05,0.001,B2,FAIL,FAIL,VALID
final_control_074,1e-05,0.001,B3,FAIL,FAIL,VALID
final_control_074,1e-05,0.001,B4_normal,FAIL,FAIL,VALID
final_control_074,0.0001,0.01,B5,FAIL,FAIL,VALID
final_control_074,0.0001,0.01,B4,FAIL,FAIL,VALID
final_control_074,0.0001,0.01,A_no_geometry,FAIL,FAIL,VALID
final_control_074,0.0001,0.01,A_no_torque,FAIL,FAIL,VALID
final_control_074,0.0001,0.01,A_binary_unknown_fail,FAIL,FAIL,VALID
final_control_074,0.0001,0.01,A_accumulated,FAIL,FAIL,VALID
final_control_074,0.0001,0.01,A_net_aggregation,FAIL,FAIL,VALID
final_control_074,0.0001,0.01,B0,PASS,FAIL,VALID
final_control_074,0.0001,0.01,B1,PASS,FAIL,VALID
final_control_074,0.0001,0.01,B2,FAIL,FAIL,VALID
final_control_074,0.0001,0.01,B3,FAIL,FAIL,VALID
final_control_074,0.0001,0.01,B4_normal,FAIL,FAIL,VALID
final_control_074,0.001,0.1,B5,FAIL,FAIL,VALID
final_control_074,0.001,0.1,B4,FAIL,FAIL,VALID
final_control_074,0.001,0.1,A_no_geometry,FAIL,FAIL,VALID
final_control_074,0.001,0.1,A_no_torque,FAIL,FAIL,VALID
final_control_074,0.001,0.1,A_binary_unknown_fail,FAIL,FAIL,VALID
final_control_074,0.001,0.1,A_accumulated,FAIL,FAIL,VALID
final_control_074,0.001,0.1,A_net_aggregation,FAIL,FAIL,VALID
final_control_074,0.001,0.1,B0,PASS,FAIL,VALID
final_control_074,0.001,0.1,B1,PASS,FAIL,VALID
final_control_074,0.001,0.1,B2,FAIL,FAIL,VALID
final_control_074,0.001,0.1,B3,FAIL,FAIL,VALID
final_control_074,0.001,0.1,B4_normal,FAIL,FAIL,VALID
final_control_074,0.01,1.0,B5,FAIL,FAIL,VALID
final_control_074,0.01,1.0,B4,FAIL,FAIL,VALID
final_control_074,0.01,1.0,A_no_geometry,FAIL,FAIL,VALID
final_control_074,0.01,1.0,A_no_torque,FAIL,FAIL,VALID
final_control_074,0.01,1.0,A_binary_unknown_fail,FAIL,FAIL,VALID
final_control_074,0.01,1.0,A_accumulated,FAIL,FAIL,VALID
final_control_074,0.01,1.0,A_net_aggregation,FAIL,FAIL,VALID
final_control_074,0.01,1.0,B0,PASS,FAIL,VALID
final_control_074,0.01,1.0,B1,PASS,FAIL,VALID
final_control_074,0.01,1.0,B2,FAIL,FAIL,VALID
final_control_074,0.01,1.0,B3,FAIL,FAIL,VALID
final_control_074,0.01,1.0,B4_normal,FAIL,FAIL,VALID
final_control_075,1e-06,0.0001,B5,FAIL,FAIL,VALID
final_control_075,1e-06,0.0001,B4,FAIL,FAIL,VALID
final_control_075,1e-06,0.0001,A_no_geometry,FAIL,FAIL,VALID
final_control_075,1e-06,0.0001,A_no_torque,FAIL,FAIL,VALID
final_control_075,1e-06,0.0001,A_binary_unknown_fail,FAIL,FAIL,VALID
final_control_075,1e-06,0.0001,A_accumulated,FAIL,FAIL,VALID
final_control_075,1e-06,0.0001,A_net_aggregation,FAIL,FAIL,VALID
final_control_075,1e-06,0.0001,B0,PASS,FAIL,VALID
final_control_075,1e-06,0.0001,B1,PASS,FAIL,VALID
final_control_075,1e-06,0.0001,B2,FAIL,FAIL,VALID
final_control_075,1e-06,0.0001,B3,FAIL,FAIL,VALID
final_control_075,1e-06,0.0001,B4_normal,FAIL,FAIL,VALID
final_control_075,1e-05,0.001,B5,FAIL,FAIL,VALID
final_control_075,1e-05,0.001,B4,FAIL,FAIL,VALID
final_control_075,1e-05,0.001,A_no_geometry,FAIL,FAIL,VALID
final_control_075,1e-05,0.001,A_no_torque,FAIL,FAIL,VALID
final_control_075,1e-05,0.001,A_binary_unknown_fail,FAIL,FAIL,VALID
final_control_075,1e-05,0.001,A_accumulated,FAIL,FAIL,VALID
final_control_075,1e-05,0.001,A_net_aggregation,FAIL,FAIL,VALID
final_control_075,1e-05,0.001,B0,PASS,FAIL,VALID
final_control_075,1e-05,0.001,B1,PASS,FAIL,VALID
final_control_075,1e-05,0.001,B2,FAIL,FAIL,VALID
final_control_075,1e-05,0.001,B3,FAIL,FAIL,VALID
final_control_075,1e-05,0.001,B4_normal,FAIL,FAIL,VALID
final_control_075,0.0001,0.01,B5,FAIL,FAIL,VALID
final_control_075,0.0001,0.01,B4,FAIL,FAIL,VALID
final_control_075,0.0001,0.01,A_no_geometry,FAIL,FAIL,VALID
final_control_075,0.0001,0.01,A_no_torque,FAIL,FAIL,VALID
final_control_075,0.0001,0.01,A_binary_unknown_fail,FAIL,FAIL,VALID
final_control_075,0.0001,0.01,A_accumulated,FAIL,FAIL,VALID
final_control_075,0.0001,0.01,A_net_aggregation,FAIL,FAIL,VALID
final_control_075,0.0001,0.01,B0,PASS,FAIL,VALID
final_control_075,0.0001,0.01,B1,PASS,FAIL,VALID
final_control_075,0.0001,0.01,B2,FAIL,FAIL,VALID
final_control_075,0.0001,0.01,B3,FAIL,FAIL,VALID
final_control_075,0.0001,0.01,B4_normal,FAIL,FAIL,VALID
final_control_075,0.001,0.1,B5,FAIL,FAIL,VALID
final_control_075,0.001,0.1,B4,FAIL,FAIL,VALID
final_control_075,0.001,0.1,A_no_geometry,FAIL,FAIL,VALID
final_control_075,0.001,0.1,A_no_torque,FAIL,FAIL,VALID
final_control_075,0.001,0.1,A_binary_unknown_fail,FAIL,FAIL,VALID
final_control_075,0.001,0.1,A_accumulated,FAIL,FAIL,VALID
final_control_075,0.001,0.1,A_net_aggregation,FAIL,FAIL,VALID
final_control_075,0.001,0.1,B0,PASS,FAIL,VALID
final_control_075,0.001,0.1,B1,PASS,FAIL,VALID
final_control_075,0.001,0.1,B2,FAIL,FAIL,VALID
final_control_075,0.001,0.1,B3,FAIL,FAIL,VALID
final_control_075,0.001,0.1,B4_normal,FAIL,FAIL,VALID
final_control_075,0.01,1.0,B5,FAIL,FAIL,VALID
final_control_075,0.01,1.0,B4,FAIL,FAIL,VALID
final_control_075,0.01,1.0,A_no_geometry,FAIL,FAIL,VALID
final_control_075,0.01,1.0,A_no_torque,FAIL,FAIL,VALID
final_control_075,0.01,1.0,A_binary_unknown_fail,FAIL,FAIL,VALID
final_control_075,0.01,1.0,A_accumulated,FAIL,FAIL,VALID
final_control_075,0.01,1.0,A_net_aggregation,FAIL,FAIL,VALID
final_control_075,0.01,1.0,B0,PASS,FAIL,VALID
final_control_075,0.01,1.0,B1,PASS,FAIL,VALID
final_control_075,0.01,1.0,B2,FAIL,FAIL,VALID
final_control_075,0.01,1.0,B3,FAIL,FAIL,VALID
final_control_075,0.01,1.0,B4_normal,FAIL,FAIL,VALID
final_control_076,1e-06,0.0001,B5,FAIL,FAIL,VALID
final_control_076,1e-06,0.0001,B4,FAIL,FAIL,VALID
final_control_076,1e-06,0.0001,A_no_geometry,FAIL,FAIL,VALID
final_control_076,1e-06,0.0001,A_no_torque,FAIL,FAIL,VALID
final_control_076,1e-06,0.0001,A_binary_unknown_fail,FAIL,FAIL,VALID
final_control_076,1e-06,0.0001,A_accumulated,FAIL,FAIL,VALID
final_control_076,1e-06,0.0001,A_net_aggregation,FAIL,FAIL,VALID
final_control_076,1e-06,0.0001,B0,PASS,FAIL,VALID
final_control_076,1e-06,0.0001,B1,PASS,FAIL,VALID
final_control_076,1e-06,0.0001,B2,FAIL,FAIL,VALID
final_control_076,1e-06,0.0001,B3,FAIL,FAIL,VALID
final_control_076,1e-06,0.0001,B4_normal,FAIL,FAIL,VALID
final_control_076,1e-05,0.001,B5,FAIL,FAIL,VALID
final_control_076,1e-05,0.001,B4,FAIL,FAIL,VALID
final_control_076,1e-05,0.001,A_no_geometry,FAIL,FAIL,VALID
final_control_076,1e-05,0.001,A_no_torque,FAIL,FAIL,VALID
final_control_076,1e-05,0.001,A_binary_unknown_fail,FAIL,FAIL,VALID
final_control_076,1e-05,0.001,A_accumulated,FAIL,FAIL,VALID
final_control_076,1e-05,0.001,A_net_aggregation,FAIL,FAIL,VALID
final_control_076,1e-05,0.001,B0,PASS,FAIL,VALID
final_control_076,1e-05,0.001,B1,PASS,FAIL,VALID
final_control_076,1e-05,0.001,B2,FAIL,FAIL,VALID
final_control_076,1e-05,0.001,B3,FAIL,FAIL,VALID
final_control_076,1e-05,0.001,B4_normal,FAIL,FAIL,VALID
final_control_076,0.0001,0.01,B5,FAIL,FAIL,VALID
final_control_076,0.0001,0.01,B4,FAIL,FAIL,VALID
final_control_076,0.0001,0.01,A_no_geometry,FAIL,FAIL,VALID
final_control_076,0.0001,0.01,A_no_torque,FAIL,FAIL,VALID
final_control_076,0.0001,0.01,A_binary_unknown_fail,FAIL,FAIL,VALID
final_control_076,0.0001,0.01,A_accumulated,FAIL,FAIL,VALID
final_control_076,0.0001,0.01,A_net_aggregation,FAIL,FAIL,VALID
final_control_076,0.0001,0.01,B0,PASS,FAIL,VALID
final_control_076,0.0001,0.01,B1,PASS,FAIL,VALID
final_control_076,0.0001,0.01,B2,FAIL,FAIL,VALID
final_control_076,0.0001,0.01,B3,FAIL,FAIL,VALID
final_control_076,0.0001,0.01,B4_normal,FAIL,FAIL,VALID
final_control_076,0.001,0.1,B5,FAIL,FAIL,VALID
final_control_076,0.001,0.1,B4,FAIL,FAIL,VALID
final_control_076,0.001,0.1,A_no_geometry,FAIL,FAIL,VALID
final_control_076,0.001,0.1,A_no_torque,FAIL,FAIL,VALID
final_control_076,0.001,0.1,A_binary_unknown_fail,FAIL,FAIL,VALID
final_control_076,0.001,0.1,A_accumulated,FAIL,FAIL,VALID
final_control_076,0.001,0.1,A_net_aggregation,FAIL,FAIL,VALID
final_control_076,0.001,0.1,B0,PASS,FAIL,VALID
final_control_076,0.001,0.1,B1,PASS,FAIL,VALID
final_control_076,0.001,0.1,B2,FAIL,FAIL,VALID
final_control_076,0.001,0.1,B3,FAIL,FAIL,VALID
final_control_076,0.001,0.1,B4_normal,FAIL,FAIL,VALID
final_control_076,0.01,1.0,B5,FAIL,FAIL,VALID
final_control_076,0.01,1.0,B4,FAIL,FAIL,VALID
final_control_076,0.01,1.0,A_no_geometry,FAIL,FAIL,VALID
final_control_076,0.01,1.0,A_no_torque,FAIL,FAIL,VALID
final_control_076,0.01,1.0,A_binary_unknown_fail,FAIL,FAIL,VALID
final_control_076,0.01,1.0,A_accumulated,FAIL,FAIL,VALID
final_control_076,0.01,1.0,A_net_aggregation,INDETERMINATE,FAIL,VALID
final_control_076,0.01,1.0,B0,PASS,FAIL,VALID
final_control_076,0.01,1.0,B1,PASS,FAIL,VALID
final_control_076,0.01,1.0,B2,FAIL,FAIL,VALID
final_control_076,0.01,1.0,B3,FAIL,FAIL,VALID
final_control_076,0.01,1.0,B4_normal,FAIL,FAIL,VALID
final_control_077,1e-06,0.0001,B5,FAIL,FAIL,VALID
final_control_077,1e-06,0.0001,B4,FAIL,FAIL,VALID
final_control_077,1e-06,0.0001,A_no_geometry,FAIL,FAIL,VALID
final_control_077,1e-06,0.0001,A_no_torque,FAIL,FAIL,VALID
final_control_077,1e-06,0.0001,A_binary_unknown_fail,FAIL,FAIL,VALID
final_control_077,1e-06,0.0001,A_accumulated,FAIL,FAIL,VALID
final_control_077,1e-06,0.0001,A_net_aggregation,FAIL,FAIL,VALID
final_control_077,1e-06,0.0001,B0,PASS,FAIL,VALID
final_control_077,1e-06,0.0001,B1,FAIL,FAIL,VALID
final_control_077,1e-06,0.0001,B2,FAIL,FAIL,VALID
final_control_077,1e-06,0.0001,B3,FAIL,FAIL,VALID
final_control_077,1e-06,0.0001,B4_normal,FAIL,FAIL,VALID
final_control_077,1e-05,0.001,B5,FAIL,FAIL,VALID
final_control_077,1e-05,0.001,B4,FAIL,FAIL,VALID
final_control_077,1e-05,0.001,A_no_geometry,FAIL,FAIL,VALID
final_control_077,1e-05,0.001,A_no_torque,FAIL,FAIL,VALID
final_control_077,1e-05,0.001,A_binary_unknown_fail,FAIL,FAIL,VALID
final_control_077,1e-05,0.001,A_accumulated,FAIL,FAIL,VALID
final_control_077,1e-05,0.001,A_net_aggregation,FAIL,FAIL,VALID
final_control_077,1e-05,0.001,B0,PASS,FAIL,VALID
final_control_077,1e-05,0.001,B1,FAIL,FAIL,VALID
final_control_077,1e-05,0.001,B2,FAIL,FAIL,VALID
final_control_077,1e-05,0.001,B3,FAIL,FAIL,VALID
final_control_077,1e-05,0.001,B4_normal,FAIL,FAIL,VALID
final_control_077,0.0001,0.01,B5,FAIL,FAIL,VALID
final_control_077,0.0001,0.01,B4,FAIL,FAIL,VALID
final_control_077,0.0001,0.01,A_no_geometry,FAIL,FAIL,VALID
final_control_077,0.0001,0.01,A_no_torque,FAIL,FAIL,VALID
final_control_077,0.0001,0.01,A_binary_unknown_fail,FAIL,FAIL,VALID
final_control_077,0.0001,0.01,A_accumulated,FAIL,FAIL,VALID
final_control_077,0.0001,0.01,A_net_aggregation,FAIL,FAIL,VALID
final_control_077,0.0001,0.01,B0,PASS,FAIL,VALID
final_control_077,0.0001,0.01,B1,FAIL,FAIL,VALID
final_control_077,0.0001,0.01,B2,FAIL,FAIL,VALID
final_control_077,0.0001,0.01,B3,FAIL,FAIL,VALID
final_control_077,0.0001,0.01,B4_normal,FAIL,FAIL,VALID
final_control_077,0.001,0.1,B5,FAIL,FAIL,VALID
final_control_077,0.001,0.1,B4,FAIL,FAIL,VALID
final_control_077,0.001,0.1,A_no_geometry,FAIL,FAIL,VALID
final_control_077,0.001,0.1,A_no_torque,FAIL,FAIL,VALID
final_control_077,0.001,0.1,A_binary_unknown_fail,FAIL,FAIL,VALID
final_control_077,0.001,0.1,A_accumulated,FAIL,FAIL,VALID
final_control_077,0.001,0.1,A_net_aggregation,FAIL,FAIL,VALID
final_control_077,0.001,0.1,B0,PASS,FAIL,VALID
final_control_077,0.001,0.1,B1,FAIL,FAIL,VALID
final_control_077,0.001,0.1,B2,FAIL,FAIL,VALID
final_control_077,0.001,0.1,B3,FAIL,FAIL,VALID
final_control_077,0.001,0.1,B4_normal,FAIL,FAIL,VALID
final_control_077,0.01,1.0,B5,FAIL,FAIL,VALID
final_control_077,0.01,1.0,B4,FAIL,FAIL,VALID
final_control_077,0.01,1.0,A_no_geometry,FAIL,FAIL,VALID
final_control_077,0.01,1.0,A_no_torque,FAIL,FAIL,VALID
final_control_077,0.01,1.0,A_binary_unknown_fail,FAIL,FAIL,VALID
final_control_077,0.01,1.0,A_accumulated,FAIL,FAIL,VALID
final_control_077,0.01,1.0,A_net_aggregation,FAIL,FAIL,VALID
final_control_077,0.01,1.0,B0,PASS,FAIL,VALID
final_control_077,0.01,1.0,B1,FAIL,FAIL,VALID
final_control_077,0.01,1.0,B2,FAIL,FAIL,VALID
final_control_077,0.01,1.0,B3,FAIL,FAIL,VALID
final_control_077,0.01,1.0,B4_normal,FAIL,FAIL,VALID
final_control_078,1e-06,0.0001,B5,FAIL,FAIL,VALID
final_control_078,1e-06,0.0001,B4,FAIL,FAIL,VALID
final_control_078,1e-06,0.0001,A_no_geometry,FAIL,FAIL,VALID
final_control_078,1e-06,0.0001,A_no_torque,FAIL,FAIL,VALID
final_control_078,1e-06,0.0001,A_binary_unknown_fail,FAIL,FAIL,VALID
final_control_078,1e-06,0.0001,A_accumulated,FAIL,FAIL,VALID
final_control_078,1e-06,0.0001,A_net_aggregation,FAIL,FAIL,VALID
final_control_078,1e-06,0.0001,B0,FAIL,FAIL,VALID
final_control_078,1e-06,0.0001,B1,FAIL,FAIL,VALID
final_control_078,1e-06,0.0001,B2,FAIL,FAIL,VALID
final_control_078,1e-06,0.0001,B3,FAIL,FAIL,VALID
final_control_078,1e-06,0.0001,B4_normal,FAIL,FAIL,VALID
final_control_078,1e-05,0.001,B5,FAIL,FAIL,VALID
final_control_078,1e-05,0.001,B4,FAIL,FAIL,VALID
final_control_078,1e-05,0.001,A_no_geometry,FAIL,FAIL,VALID
final_control_078,1e-05,0.001,A_no_torque,FAIL,FAIL,VALID
final_control_078,1e-05,0.001,A_binary_unknown_fail,FAIL,FAIL,VALID
final_control_078,1e-05,0.001,A_accumulated,FAIL,FAIL,VALID
final_control_078,1e-05,0.001,A_net_aggregation,FAIL,FAIL,VALID
final_control_078,1e-05,0.001,B0,FAIL,FAIL,VALID
final_control_078,1e-05,0.001,B1,FAIL,FAIL,VALID
final_control_078,1e-05,0.001,B2,FAIL,FAIL,VALID
final_control_078,1e-05,0.001,B3,FAIL,FAIL,VALID
final_control_078,1e-05,0.001,B4_normal,FAIL,FAIL,VALID
final_control_078,0.0001,0.01,B5,FAIL,FAIL,VALID
final_control_078,0.0001,0.01,B4,FAIL,FAIL,VALID
final_control_078,0.0001,0.01,A_no_geometry,FAIL,FAIL,VALID
final_control_078,0.0001,0.01,A_no_torque,FAIL,FAIL,VALID
final_control_078,0.0001,0.01,A_binary_unknown_fail,FAIL,FAIL,VALID
final_control_078,0.0001,0.01,A_accumulated,FAIL,FAIL,VALID
final_control_078,0.0001,0.01,A_net_aggregation,FAIL,FAIL,VALID
final_control_078,0.0001,0.01,B0,FAIL,FAIL,VALID
final_control_078,0.0001,0.01,B1,FAIL,FAIL,VALID
final_control_078,0.0001,0.01,B2,FAIL,FAIL,VALID
final_control_078,0.0001,0.01,B3,FAIL,FAIL,VALID
final_control_078,0.0001,0.01,B4_normal,FAIL,FAIL,VALID
final_control_078,0.001,0.1,B5,FAIL,FAIL,VALID
final_control_078,0.001,0.1,B4,FAIL,FAIL,VALID
final_control_078,0.001,0.1,A_no_geometry,FAIL,FAIL,VALID
final_control_078,0.001,0.1,A_no_torque,FAIL,FAIL,VALID
final_control_078,0.001,0.1,A_binary_unknown_fail,FAIL,FAIL,VALID
final_control_078,0.001,0.1,A_accumulated,FAIL,FAIL,VALID
final_control_078,0.001,0.1,A_net_aggregation,FAIL,FAIL,VALID
final_control_078,0.001,0.1,B0,FAIL,FAIL,VALID
final_control_078,0.001,0.1,B1,FAIL,FAIL,VALID
final_control_078,0.001,0.1,B2,FAIL,FAIL,VALID
final_control_078,0.001,0.1,B3,FAIL,FAIL,VALID
final_control_078,0.001,0.1,B4_normal,FAIL,FAIL,VALID
final_control_078,0.01,1.0,B5,FAIL,FAIL,VALID
final_control_078,0.01,1.0,B4,FAIL,FAIL,VALID
final_control_078,0.01,1.0,A_no_geometry,FAIL,FAIL,VALID
final_control_078,0.01,1.0,A_no_torque,FAIL,FAIL,VALID
final_control_078,0.01,1.0,A_binary_unknown_fail,FAIL,FAIL,VALID
final_control_078,0.01,1.0,A_accumulated,FAIL,FAIL,VALID
final_control_078,0.01,1.0,A_net_aggregation,FAIL,FAIL,VALID
final_control_078,0.01,1.0,B0,FAIL,FAIL,VALID
final_control_078,0.01,1.0,B1,FAIL,FAIL,VALID
final_control_078,0.01,1.0,B2,FAIL,FAIL,VALID
final_control_078,0.01,1.0,B3,FAIL,FAIL,VALID
final_control_078,0.01,1.0,B4_normal,FAIL,FAIL,VALID
final_control_079,1e-06,0.0001,B5,PASS,PASS,VALID
final_control_079,1e-06,0.0001,B4,PASS,PASS,VALID
final_control_079,1e-06,0.0001,A_no_geometry,PASS,PASS,VALID
final_control_079,1e-06,0.0001,A_no_torque,PASS,PASS,VALID
final_control_079,1e-06,0.0001,A_binary_unknown_fail,PASS,PASS,VALID
final_control_079,1e-06,0.0001,A_accumulated,PASS,PASS,VALID
final_control_079,1e-06,0.0001,A_net_aggregation,PASS,PASS,VALID
final_control_079,1e-06,0.0001,B0,PASS,PASS,VALID
final_control_079,1e-06,0.0001,B1,PASS,PASS,VALID
final_control_079,1e-06,0.0001,B2,FAIL,PASS,VALID
final_control_079,1e-06,0.0001,B3,PASS,PASS,VALID
final_control_079,1e-06,0.0001,B4_normal,PASS,PASS,VALID
final_control_079,1e-05,0.001,B5,PASS,PASS,VALID
final_control_079,1e-05,0.001,B4,PASS,PASS,VALID
final_control_079,1e-05,0.001,A_no_geometry,PASS,PASS,VALID
final_control_079,1e-05,0.001,A_no_torque,PASS,PASS,VALID
final_control_079,1e-05,0.001,A_binary_unknown_fail,PASS,PASS,VALID
final_control_079,1e-05,0.001,A_accumulated,PASS,PASS,VALID
final_control_079,1e-05,0.001,A_net_aggregation,PASS,PASS,VALID
final_control_079,1e-05,0.001,B0,PASS,PASS,VALID
final_control_079,1e-05,0.001,B1,PASS,PASS,VALID
final_control_079,1e-05,0.001,B2,FAIL,PASS,VALID
final_control_079,1e-05,0.001,B3,PASS,PASS,VALID
final_control_079,1e-05,0.001,B4_normal,PASS,PASS,VALID
final_control_079,0.0001,0.01,B5,PASS,PASS,VALID
final_control_079,0.0001,0.01,B4,PASS,PASS,VALID
final_control_079,0.0001,0.01,A_no_geometry,PASS,PASS,VALID
final_control_079,0.0001,0.01,A_no_torque,PASS,PASS,VALID
final_control_079,0.0001,0.01,A_binary_unknown_fail,PASS,PASS,VALID
final_control_079,0.0001,0.01,A_accumulated,PASS,PASS,VALID
final_control_079,0.0001,0.01,A_net_aggregation,PASS,PASS,VALID
final_control_079,0.0001,0.01,B0,PASS,PASS,VALID
final_control_079,0.0001,0.01,B1,PASS,PASS,VALID
final_control_079,0.0001,0.01,B2,FAIL,PASS,VALID
final_control_079,0.0001,0.01,B3,PASS,PASS,VALID
final_control_079,0.0001,0.01,B4_normal,PASS,PASS,VALID
final_control_079,0.001,0.1,B5,PASS,PASS,VALID
final_control_079,0.001,0.1,B4,PASS,PASS,VALID
final_control_079,0.001,0.1,A_no_geometry,PASS,PASS,VALID
final_control_079,0.001,0.1,A_no_torque,PASS,PASS,VALID
final_control_079,0.001,0.1,A_binary_unknown_fail,PASS,PASS,VALID
final_control_079,0.001,0.1,A_accumulated,PASS,PASS,VALID
final_control_079,0.001,0.1,A_net_aggregation,PASS,PASS,VALID
final_control_079,0.001,0.1,B0,PASS,PASS,VALID
final_control_079,0.001,0.1,B1,PASS,PASS,VALID
final_control_079,0.001,0.1,B2,FAIL,PASS,VALID
final_control_079,0.001,0.1,B3,PASS,PASS,VALID
final_control_079,0.001,0.1,B4_normal,PASS,PASS,VALID
final_control_079,0.01,1.0,B5,PASS,PASS,VALID
final_control_079,0.01,1.0,B4,PASS,PASS,VALID
final_control_079,0.01,1.0,A_no_geometry,PASS,PASS,VALID
final_control_079,0.01,1.0,A_no_torque,PASS,PASS,VALID
final_control_079,0.01,1.0,A_binary_unknown_fail,PASS,PASS,VALID
final_control_079,0.01,1.0,A_accumulated,PASS,PASS,VALID
final_control_079,0.01,1.0,A_net_aggregation,PASS,PASS,VALID
final_control_079,0.01,1.0,B0,PASS,PASS,VALID
final_control_079,0.01,1.0,B1,PASS,PASS,VALID
final_control_079,0.01,1.0,B2,FAIL,PASS,VALID
final_control_079,0.01,1.0,B3,PASS,PASS,VALID
final_control_079,0.01,1.0,B4_normal,PASS,PASS,VALID
final_control_080,1e-06,0.0001,B5,PASS,PASS,VALID
final_control_080,1e-06,0.0001,B4,PASS,PASS,VALID
final_control_080,1e-06,0.0001,A_no_geometry,PASS,PASS,VALID
final_control_080,1e-06,0.0001,A_no_torque,PASS,PASS,VALID
final_control_080,1e-06,0.0001,A_binary_unknown_fail,PASS,PASS,VALID
final_control_080,1e-06,0.0001,A_accumulated,PASS,PASS,VALID
final_control_080,1e-06,0.0001,A_net_aggregation,PASS,PASS,VALID
final_control_080,1e-06,0.0001,B0,PASS,PASS,VALID
final_control_080,1e-06,0.0001,B1,PASS,PASS,VALID
final_control_080,1e-06,0.0001,B2,PASS,PASS,VALID
final_control_080,1e-06,0.0001,B3,PASS,PASS,VALID
final_control_080,1e-06,0.0001,B4_normal,PASS,PASS,VALID
final_control_080,1e-05,0.001,B5,PASS,PASS,VALID
final_control_080,1e-05,0.001,B4,PASS,PASS,VALID
final_control_080,1e-05,0.001,A_no_geometry,PASS,PASS,VALID
final_control_080,1e-05,0.001,A_no_torque,PASS,PASS,VALID
final_control_080,1e-05,0.001,A_binary_unknown_fail,PASS,PASS,VALID
final_control_080,1e-05,0.001,A_accumulated,PASS,PASS,VALID
final_control_080,1e-05,0.001,A_net_aggregation,PASS,PASS,VALID
final_control_080,1e-05,0.001,B0,PASS,PASS,VALID
final_control_080,1e-05,0.001,B1,PASS,PASS,VALID
final_control_080,1e-05,0.001,B2,PASS,PASS,VALID
final_control_080,1e-05,0.001,B3,PASS,PASS,VALID
final_control_080,1e-05,0.001,B4_normal,PASS,PASS,VALID
final_control_080,0.0001,0.01,B5,PASS,PASS,VALID
final_control_080,0.0001,0.01,B4,PASS,PASS,VALID
final_control_080,0.0001,0.01,A_no_geometry,PASS,PASS,VALID
final_control_080,0.0001,0.01,A_no_torque,PASS,PASS,VALID
final_control_080,0.0001,0.01,A_binary_unknown_fail,PASS,PASS,VALID
final_control_080,0.0001,0.01,A_accumulated,PASS,PASS,VALID
final_control_080,0.0001,0.01,A_net_aggregation,PASS,PASS,VALID
final_control_080,0.0001,0.01,B0,PASS,PASS,VALID
final_control_080,0.0001,0.01,B1,PASS,PASS,VALID
final_control_080,0.0001,0.01,B2,PASS,PASS,VALID
final_control_080,0.0001,0.01,B3,PASS,PASS,VALID
final_control_080,0.0001,0.01,B4_normal,PASS,PASS,VALID
final_control_080,0.001,0.1,B5,PASS,PASS,VALID
final_control_080,0.001,0.1,B4,PASS,PASS,VALID
final_control_080,0.001,0.1,A_no_geometry,PASS,PASS,VALID
final_control_080,0.001,0.1,A_no_torque,PASS,PASS,VALID
final_control_080,0.001,0.1,A_binary_unknown_fail,PASS,PASS,VALID
final_control_080,0.001,0.1,A_accumulated,PASS,PASS,VALID
final_control_080,0.001,0.1,A_net_aggregation,PASS,PASS,VALID
final_control_080,0.001,0.1,B0,PASS,PASS,VALID
final_control_080,0.001,0.1,B1,PASS,PASS,VALID
final_control_080,0.001,0.1,B2,PASS,PASS,VALID
final_control_080,0.001,0.1,B3,PASS,PASS,VALID
final_control_080,0.001,0.1,B4_normal,PASS,PASS,VALID
final_control_080,0.01,1.0,B5,PASS,PASS,VALID
final_control_080,0.01,1.0,B4,PASS,PASS,VALID
final_control_080,0.01,1.0,A_no_geometry,PASS,PASS,VALID
final_control_080,0.01,1.0,A_no_torque,PASS,PASS,VALID
final_control_080,0.01,1.0,A_binary_unknown_fail,PASS,PASS,VALID
final_control_080,0.01,1.0,A_accumulated,PASS,PASS,VALID
final_control_080,0.01,1.0,A_net_aggregation,PASS,PASS,VALID
final_control_080,0.01,1.0,B0,PASS,PASS,VALID
final_control_080,0.01,1.0,B1,PASS,PASS,VALID
final_control_080,0.01,1.0,B2,PASS,PASS,VALID
final_control_080,0.01,1.0,B3,PASS,PASS,VALID
final_control_080,0.01,1.0,B4_normal,PASS,PASS,VALID
final_control_081,1e-06,0.0001,B5,PASS,PASS,VALID
final_control_081,1e-06,0.0001,B4,PASS,PASS,VALID
final_control_081,1e-06,0.0001,A_no_geometry,PASS,PASS,VALID
final_control_081,1e-06,0.0001,A_no_torque,PASS,PASS,VALID
final_control_081,1e-06,0.0001,A_binary_unknown_fail,PASS,PASS,VALID
final_control_081,1e-06,0.0001,A_accumulated,PASS,PASS,VALID
final_control_081,1e-06,0.0001,A_net_aggregation,PASS,PASS,VALID
final_control_081,1e-06,0.0001,B0,PASS,PASS,VALID
final_control_081,1e-06,0.0001,B1,PASS,PASS,VALID
final_control_081,1e-06,0.0001,B2,FAIL,PASS,VALID
final_control_081,1e-06,0.0001,B3,PASS,PASS,VALID
final_control_081,1e-06,0.0001,B4_normal,PASS,PASS,VALID
final_control_081,1e-05,0.001,B5,PASS,PASS,VALID
final_control_081,1e-05,0.001,B4,PASS,PASS,VALID
final_control_081,1e-05,0.001,A_no_geometry,PASS,PASS,VALID
final_control_081,1e-05,0.001,A_no_torque,PASS,PASS,VALID
final_control_081,1e-05,0.001,A_binary_unknown_fail,PASS,PASS,VALID
final_control_081,1e-05,0.001,A_accumulated,PASS,PASS,VALID
final_control_081,1e-05,0.001,A_net_aggregation,PASS,PASS,VALID
final_control_081,1e-05,0.001,B0,PASS,PASS,VALID
final_control_081,1e-05,0.001,B1,PASS,PASS,VALID
final_control_081,1e-05,0.001,B2,FAIL,PASS,VALID
final_control_081,1e-05,0.001,B3,PASS,PASS,VALID
final_control_081,1e-05,0.001,B4_normal,PASS,PASS,VALID
final_control_081,0.0001,0.01,B5,PASS,PASS,VALID
final_control_081,0.0001,0.01,B4,PASS,PASS,VALID
final_control_081,0.0001,0.01,A_no_geometry,PASS,PASS,VALID
final_control_081,0.0001,0.01,A_no_torque,PASS,PASS,VALID
final_control_081,0.0001,0.01,A_binary_unknown_fail,PASS,PASS,VALID
final_control_081,0.0001,0.01,A_accumulated,PASS,PASS,VALID
final_control_081,0.0001,0.01,A_net_aggregation,PASS,PASS,VALID
final_control_081,0.0001,0.01,B0,PASS,PASS,VALID
final_control_081,0.0001,0.01,B1,PASS,PASS,VALID
final_control_081,0.0001,0.01,B2,FAIL,PASS,VALID
final_control_081,0.0001,0.01,B3,PASS,PASS,VALID
final_control_081,0.0001,0.01,B4_normal,PASS,PASS,VALID
final_control_081,0.001,0.1,B5,PASS,PASS,VALID
final_control_081,0.001,0.1,B4,PASS,PASS,VALID
final_control_081,0.001,0.1,A_no_geometry,PASS,PASS,VALID
final_control_081,0.001,0.1,A_no_torque,PASS,PASS,VALID
final_control_081,0.001,0.1,A_binary_unknown_fail,PASS,PASS,VALID
final_control_081,0.001,0.1,A_accumulated,PASS,PASS,VALID
final_control_081,0.001,0.1,A_net_aggregation,PASS,PASS,VALID
final_control_081,0.001,0.1,B0,PASS,PASS,VALID
final_control_081,0.001,0.1,B1,PASS,PASS,VALID
final_control_081,0.001,0.1,B2,FAIL,PASS,VALID
final_control_081,0.001,0.1,B3,PASS,PASS,VALID
final_control_081,0.001,0.1,B4_normal,PASS,PASS,VALID
final_control_081,0.01,1.0,B5,PASS,PASS,VALID
final_control_081,0.01,1.0,B4,PASS,PASS,VALID
final_control_081,0.01,1.0,A_no_geometry,PASS,PASS,VALID
final_control_081,0.01,1.0,A_no_torque,PASS,PASS,VALID
final_control_081,0.01,1.0,A_binary_unknown_fail,PASS,PASS,VALID
final_control_081,0.01,1.0,A_accumulated,PASS,PASS,VALID
final_control_081,0.01,1.0,A_net_aggregation,PASS,PASS,VALID
final_control_081,0.01,1.0,B0,PASS,PASS,VALID
final_control_081,0.01,1.0,B1,PASS,PASS,VALID
final_control_081,0.01,1.0,B2,FAIL,PASS,VALID
final_control_081,0.01,1.0,B3,PASS,PASS,VALID
final_control_081,0.01,1.0,B4_normal,PASS,PASS,VALID
final_control_082,1e-06,0.0001,B5,FAIL,FAIL,VALID
final_control_082,1e-06,0.0001,B4,FAIL,FAIL,VALID
final_control_082,1e-06,0.0001,A_no_geometry,FAIL,FAIL,VALID
final_control_082,1e-06,0.0001,A_no_torque,FAIL,FAIL,VALID
final_control_082,1e-06,0.0001,A_binary_unknown_fail,FAIL,FAIL,VALID
final_control_082,1e-06,0.0001,A_accumulated,FAIL,FAIL,VALID
final_control_082,1e-06,0.0001,A_net_aggregation,FAIL,FAIL,VALID
final_control_082,1e-06,0.0001,B0,PASS,FAIL,VALID
final_control_082,1e-06,0.0001,B1,PASS,FAIL,VALID
final_control_082,1e-06,0.0001,B2,FAIL,FAIL,VALID
final_control_082,1e-06,0.0001,B3,FAIL,FAIL,VALID
final_control_082,1e-06,0.0001,B4_normal,FAIL,FAIL,VALID
final_control_082,1e-05,0.001,B5,FAIL,FAIL,VALID
final_control_082,1e-05,0.001,B4,FAIL,FAIL,VALID
final_control_082,1e-05,0.001,A_no_geometry,FAIL,FAIL,VALID
final_control_082,1e-05,0.001,A_no_torque,FAIL,FAIL,VALID
final_control_082,1e-05,0.001,A_binary_unknown_fail,FAIL,FAIL,VALID
final_control_082,1e-05,0.001,A_accumulated,FAIL,FAIL,VALID
final_control_082,1e-05,0.001,A_net_aggregation,FAIL,FAIL,VALID
final_control_082,1e-05,0.001,B0,PASS,FAIL,VALID
final_control_082,1e-05,0.001,B1,PASS,FAIL,VALID
final_control_082,1e-05,0.001,B2,FAIL,FAIL,VALID
final_control_082,1e-05,0.001,B3,FAIL,FAIL,VALID
final_control_082,1e-05,0.001,B4_normal,FAIL,FAIL,VALID
final_control_082,0.0001,0.01,B5,FAIL,FAIL,VALID
final_control_082,0.0001,0.01,B4,FAIL,FAIL,VALID
final_control_082,0.0001,0.01,A_no_geometry,FAIL,FAIL,VALID
final_control_082,0.0001,0.01,A_no_torque,FAIL,FAIL,VALID
final_control_082,0.0001,0.01,A_binary_unknown_fail,FAIL,FAIL,VALID
final_control_082,0.0001,0.01,A_accumulated,FAIL,FAIL,VALID
final_control_082,0.0001,0.01,A_net_aggregation,FAIL,FAIL,VALID
final_control_082,0.0001,0.01,B0,PASS,FAIL,VALID
final_control_082,0.0001,0.01,B1,PASS,FAIL,VALID
final_control_082,0.0001,0.01,B2,FAIL,FAIL,VALID
final_control_082,0.0001,0.01,B3,FAIL,FAIL,VALID
final_control_082,0.0001,0.01,B4_normal,FAIL,FAIL,VALID
final_control_082,0.001,0.1,B5,FAIL,FAIL,VALID
final_control_082,0.001,0.1,B4,FAIL,FAIL,VALID
final_control_082,0.001,0.1,A_no_geometry,FAIL,FAIL,VALID
final_control_082,0.001,0.1,A_no_torque,FAIL,FAIL,VALID
final_control_082,0.001,0.1,A_binary_unknown_fail,FAIL,FAIL,VALID
final_control_082,0.001,0.1,A_accumulated,FAIL,FAIL,VALID
final_control_082,0.001,0.1,A_net_aggregation,FAIL,FAIL,VALID
final_control_082,0.001,0.1,B0,PASS,FAIL,VALID
final_control_082,0.001,0.1,B1,PASS,FAIL,VALID
final_control_082,0.001,0.1,B2,FAIL,FAIL,VALID
final_control_082,0.001,0.1,B3,FAIL,FAIL,VALID
final_control_082,0.001,0.1,B4_normal,FAIL,FAIL,VALID
final_control_082,0.01,1.0,B5,FAIL,FAIL,VALID
final_control_082,0.01,1.0,B4,FAIL,FAIL,VALID
final_control_082,0.01,1.0,A_no_geometry,FAIL,FAIL,VALID
final_control_082,0.01,1.0,A_no_torque,FAIL,FAIL,VALID
final_control_082,0.01,1.0,A_binary_unknown_fail,FAIL,FAIL,VALID
final_control_082,0.01,1.0,A_accumulated,FAIL,FAIL,VALID
final_control_082,0.01,1.0,A_net_aggregation,FAIL,FAIL,VALID
final_control_082,0.01,1.0,B0,PASS,FAIL,VALID
final_control_082,0.01,1.0,B1,PASS,FAIL,VALID
final_control_082,0.01,1.0,B2,FAIL,FAIL,VALID
final_control_082,0.01,1.0,B3,FAIL,FAIL,VALID
final_control_082,0.01,1.0,B4_normal,FAIL,FAIL,VALID
final_control_083,1e-06,0.0001,B5,FAIL,FAIL,VALID
final_control_083,1e-06,0.0001,B4,FAIL,FAIL,VALID
final_control_083,1e-06,0.0001,A_no_geometry,FAIL,FAIL,VALID
final_control_083,1e-06,0.0001,A_no_torque,FAIL,FAIL,VALID
final_control_083,1e-06,0.0001,A_binary_unknown_fail,FAIL,FAIL,VALID
final_control_083,1e-06,0.0001,A_accumulated,FAIL,FAIL,VALID
final_control_083,1e-06,0.0001,A_net_aggregation,FAIL,FAIL,VALID
final_control_083,1e-06,0.0001,B0,PASS,FAIL,VALID
final_control_083,1e-06,0.0001,B1,PASS,FAIL,VALID
final_control_083,1e-06,0.0001,B2,FAIL,FAIL,VALID
final_control_083,1e-06,0.0001,B3,FAIL,FAIL,VALID
final_control_083,1e-06,0.0001,B4_normal,FAIL,FAIL,VALID
final_control_083,1e-05,0.001,B5,FAIL,FAIL,VALID
final_control_083,1e-05,0.001,B4,FAIL,FAIL,VALID
final_control_083,1e-05,0.001,A_no_geometry,FAIL,FAIL,VALID
final_control_083,1e-05,0.001,A_no_torque,FAIL,FAIL,VALID
final_control_083,1e-05,0.001,A_binary_unknown_fail,FAIL,FAIL,VALID
final_control_083,1e-05,0.001,A_accumulated,FAIL,FAIL,VALID
final_control_083,1e-05,0.001,A_net_aggregation,FAIL,FAIL,VALID
final_control_083,1e-05,0.001,B0,PASS,FAIL,VALID
final_control_083,1e-05,0.001,B1,PASS,FAIL,VALID
final_control_083,1e-05,0.001,B2,FAIL,FAIL,VALID
final_control_083,1e-05,0.001,B3,FAIL,FAIL,VALID
final_control_083,1e-05,0.001,B4_normal,FAIL,FAIL,VALID
final_control_083,0.0001,0.01,B5,FAIL,FAIL,VALID
final_control_083,0.0001,0.01,B4,FAIL,FAIL,VALID
final_control_083,0.0001,0.01,A_no_geometry,FAIL,FAIL,VALID
final_control_083,0.0001,0.01,A_no_torque,FAIL,FAIL,VALID
final_control_083,0.0001,0.01,A_binary_unknown_fail,FAIL,FAIL,VALID
final_control_083,0.0001,0.01,A_accumulated,FAIL,FAIL,VALID
final_control_083,0.0001,0.01,A_net_aggregation,FAIL,FAIL,VALID
final_control_083,0.0001,0.01,B0,PASS,FAIL,VALID
final_control_083,0.0001,0.01,B1,PASS,FAIL,VALID
final_control_083,0.0001,0.01,B2,FAIL,FAIL,VALID
final_control_083,0.0001,0.01,B3,FAIL,FAIL,VALID
final_control_083,0.0001,0.01,B4_normal,FAIL,FAIL,VALID
final_control_083,0.001,0.1,B5,FAIL,FAIL,VALID
final_control_083,0.001,0.1,B4,FAIL,FAIL,VALID
final_control_083,0.001,0.1,A_no_geometry,FAIL,FAIL,VALID
final_control_083,0.001,0.1,A_no_torque,FAIL,FAIL,VALID
final_control_083,0.001,0.1,A_binary_unknown_fail,FAIL,FAIL,VALID
final_control_083,0.001,0.1,A_accumulated,FAIL,FAIL,VALID
final_control_083,0.001,0.1,A_net_aggregation,FAIL,FAIL,VALID
final_control_083,0.001,0.1,B0,PASS,FAIL,VALID
final_control_083,0.001,0.1,B1,PASS,FAIL,VALID
final_control_083,0.001,0.1,B2,FAIL,FAIL,VALID
final_control_083,0.001,0.1,B3,FAIL,FAIL,VALID
final_control_083,0.001,0.1,B4_normal,FAIL,FAIL,VALID
final_control_083,0.01,1.0,B5,FAIL,FAIL,VALID
final_control_083,0.01,1.0,B4,FAIL,FAIL,VALID
final_control_083,0.01,1.0,A_no_geometry,FAIL,FAIL,VALID
final_control_083,0.01,1.0,A_no_torque,FAIL,FAIL,VALID
final_control_083,0.01,1.0,A_binary_unknown_fail,FAIL,FAIL,VALID
final_control_083,0.01,1.0,A_accumulated,FAIL,FAIL,VALID
final_control_083,0.01,1.0,A_net_aggregation,FAIL,FAIL,VALID
final_control_083,0.01,1.0,B0,PASS,FAIL,VALID
final_control_083,0.01,1.0,B1,PASS,FAIL,VALID
final_control_083,0.01,1.0,B2,FAIL,FAIL,VALID
final_control_083,0.01,1.0,B3,FAIL,FAIL,VALID
final_control_083,0.01,1.0,B4_normal,FAIL,FAIL,VALID
final_control_084,1e-06,0.0001,B5,FAIL,FAIL,VALID
final_control_084,1e-06,0.0001,B4,FAIL,FAIL,VALID
final_control_084,1e-06,0.0001,A_no_geometry,FAIL,FAIL,VALID
final_control_084,1e-06,0.0001,A_no_torque,FAIL,FAIL,VALID
final_control_084,1e-06,0.0001,A_binary_unknown_fail,FAIL,FAIL,VALID
final_control_084,1e-06,0.0001,A_accumulated,FAIL,FAIL,VALID
final_control_084,1e-06,0.0001,A_net_aggregation,FAIL,FAIL,VALID
final_control_084,1e-06,0.0001,B0,PASS,FAIL,VALID
final_control_084,1e-06,0.0001,B1,PASS,FAIL,VALID
final_control_084,1e-06,0.0001,B2,FAIL,FAIL,VALID
final_control_084,1e-06,0.0001,B3,FAIL,FAIL,VALID
final_control_084,1e-06,0.0001,B4_normal,FAIL,FAIL,VALID
final_control_084,1e-05,0.001,B5,FAIL,FAIL,VALID
final_control_084,1e-05,0.001,B4,FAIL,FAIL,VALID
final_control_084,1e-05,0.001,A_no_geometry,FAIL,FAIL,VALID
final_control_084,1e-05,0.001,A_no_torque,FAIL,FAIL,VALID
final_control_084,1e-05,0.001,A_binary_unknown_fail,FAIL,FAIL,VALID
final_control_084,1e-05,0.001,A_accumulated,FAIL,FAIL,VALID
final_control_084,1e-05,0.001,A_net_aggregation,FAIL,FAIL,VALID
final_control_084,1e-05,0.001,B0,PASS,FAIL,VALID
final_control_084,1e-05,0.001,B1,PASS,FAIL,VALID
final_control_084,1e-05,0.001,B2,FAIL,FAIL,VALID
final_control_084,1e-05,0.001,B3,FAIL,FAIL,VALID
final_control_084,1e-05,0.001,B4_normal,FAIL,FAIL,VALID
final_control_084,0.0001,0.01,B5,FAIL,FAIL,VALID
final_control_084,0.0001,0.01,B4,FAIL,FAIL,VALID
final_control_084,0.0001,0.01,A_no_geometry,FAIL,FAIL,VALID
final_control_084,0.0001,0.01,A_no_torque,FAIL,FAIL,VALID
final_control_084,0.0001,0.01,A_binary_unknown_fail,FAIL,FAIL,VALID
final_control_084,0.0001,0.01,A_accumulated,FAIL,FAIL,VALID
final_control_084,0.0001,0.01,A_net_aggregation,FAIL,FAIL,VALID
final_control_084,0.0001,0.01,B0,PASS,FAIL,VALID
final_control_084,0.0001,0.01,B1,PASS,FAIL,VALID
final_control_084,0.0001,0.01,B2,FAIL,FAIL,VALID
final_control_084,0.0001,0.01,B3,FAIL,FAIL,VALID
final_control_084,0.0001,0.01,B4_normal,FAIL,FAIL,VALID
final_control_084,0.001,0.1,B5,FAIL,FAIL,VALID
final_control_084,0.001,0.1,B4,FAIL,FAIL,VALID
final_control_084,0.001,0.1,A_no_geometry,FAIL,FAIL,VALID
final_control_084,0.001,0.1,A_no_torque,FAIL,FAIL,VALID
final_control_084,0.001,0.1,A_binary_unknown_fail,FAIL,FAIL,VALID
final_control_084,0.001,0.1,A_accumulated,FAIL,FAIL,VALID
final_control_084,0.001,0.1,A_net_aggregation,FAIL,FAIL,VALID
final_control_084,0.001,0.1,B0,PASS,FAIL,VALID
final_control_084,0.001,0.1,B1,PASS,FAIL,VALID
final_control_084,0.001,0.1,B2,FAIL,FAIL,VALID
final_control_084,0.001,0.1,B3,FAIL,FAIL,VALID
final_control_084,0.001,0.1,B4_normal,FAIL,FAIL,VALID
final_control_084,0.01,1.0,B5,FAIL,FAIL,VALID
final_control_084,0.01,1.0,B4,FAIL,FAIL,VALID
final_control_084,0.01,1.0,A_no_geometry,FAIL,FAIL,VALID
final_control_084,0.01,1.0,A_no_torque,FAIL,FAIL,VALID
final_control_084,0.01,1.0,A_binary_unknown_fail,FAIL,FAIL,VALID
final_control_084,0.01,1.0,A_accumulated,FAIL,FAIL,VALID
final_control_084,0.01,1.0,A_net_aggregation,INDETERMINATE,FAIL,VALID
final_control_084,0.01,1.0,B0,PASS,FAIL,VALID
final_control_084,0.01,1.0,B1,PASS,FAIL,VALID
final_control_084,0.01,1.0,B2,FAIL,FAIL,VALID
final_control_084,0.01,1.0,B3,FAIL,FAIL,VALID
final_control_084,0.01,1.0,B4_normal,FAIL,FAIL,VALID
final_control_085,1e-06,0.0001,B5,FAIL,FAIL,VALID
final_control_085,1e-06,0.0001,B4,FAIL,FAIL,VALID
final_control_085,1e-06,0.0001,A_no_geometry,FAIL,FAIL,VALID
final_control_085,1e-06,0.0001,A_no_torque,FAIL,FAIL,VALID
final_control_085,1e-06,0.0001,A_binary_unknown_fail,FAIL,FAIL,VALID
final_control_085,1e-06,0.0001,A_accumulated,FAIL,FAIL,VALID
final_control_085,1e-06,0.0001,A_net_aggregation,FAIL,FAIL,VALID
final_control_085,1e-06,0.0001,B0,PASS,FAIL,VALID
final_control_085,1e-06,0.0001,B1,PASS,FAIL,VALID
final_control_085,1e-06,0.0001,B2,FAIL,FAIL,VALID
final_control_085,1e-06,0.0001,B3,FAIL,FAIL,VALID
final_control_085,1e-06,0.0001,B4_normal,FAIL,FAIL,VALID
final_control_085,1e-05,0.001,B5,FAIL,FAIL,VALID
final_control_085,1e-05,0.001,B4,FAIL,FAIL,VALID
final_control_085,1e-05,0.001,A_no_geometry,FAIL,FAIL,VALID
final_control_085,1e-05,0.001,A_no_torque,FAIL,FAIL,VALID
final_control_085,1e-05,0.001,A_binary_unknown_fail,FAIL,FAIL,VALID
final_control_085,1e-05,0.001,A_accumulated,FAIL,FAIL,VALID
final_control_085,1e-05,0.001,A_net_aggregation,FAIL,FAIL,VALID
final_control_085,1e-05,0.001,B0,PASS,FAIL,VALID
final_control_085,1e-05,0.001,B1,PASS,FAIL,VALID
final_control_085,1e-05,0.001,B2,FAIL,FAIL,VALID
final_control_085,1e-05,0.001,B3,FAIL,FAIL,VALID
final_control_085,1e-05,0.001,B4_normal,FAIL,FAIL,VALID
final_control_085,0.0001,0.01,B5,FAIL,FAIL,VALID
final_control_085,0.0001,0.01,B4,FAIL,FAIL,VALID
final_control_085,0.0001,0.01,A_no_geometry,FAIL,FAIL,VALID
final_control_085,0.0001,0.01,A_no_torque,FAIL,FAIL,VALID
final_control_085,0.0001,0.01,A_binary_unknown_fail,FAIL,FAIL,VALID
final_control_085,0.0001,0.01,A_accumulated,FAIL,FAIL,VALID
final_control_085,0.0001,0.01,A_net_aggregation,FAIL,FAIL,VALID
final_control_085,0.0001,0.01,B0,PASS,FAIL,VALID
final_control_085,0.0001,0.01,B1,PASS,FAIL,VALID
final_control_085,0.0001,0.01,B2,FAIL,FAIL,VALID
final_control_085,0.0001,0.01,B3,FAIL,FAIL,VALID
final_control_085,0.0001,0.01,B4_normal,FAIL,FAIL,VALID
final_control_085,0.001,0.1,B5,FAIL,FAIL,VALID
final_control_085,0.001,0.1,B4,FAIL,FAIL,VALID
final_control_085,0.001,0.1,A_no_geometry,FAIL,FAIL,VALID
final_control_085,0.001,0.1,A_no_torque,FAIL,FAIL,VALID
final_control_085,0.001,0.1,A_binary_unknown_fail,FAIL,FAIL,VALID
final_control_085,0.001,0.1,A_accumulated,FAIL,FAIL,VALID
final_control_085,0.001,0.1,A_net_aggregation,FAIL,FAIL,VALID
final_control_085,0.001,0.1,B0,PASS,FAIL,VALID
final_control_085,0.001,0.1,B1,PASS,FAIL,VALID
final_control_085,0.001,0.1,B2,FAIL,FAIL,VALID
final_control_085,0.001,0.1,B3,FAIL,FAIL,VALID
final_control_085,0.001,0.1,B4_normal,FAIL,FAIL,VALID
final_control_085,0.01,1.0,B5,FAIL,FAIL,VALID
final_control_085,0.01,1.0,B4,FAIL,FAIL,VALID
final_control_085,0.01,1.0,A_no_geometry,FAIL,FAIL,VALID
final_control_085,0.01,1.0,A_no_torque,FAIL,FAIL,VALID
final_control_085,0.01,1.0,A_binary_unknown_fail,FAIL,FAIL,VALID
final_control_085,0.01,1.0,A_accumulated,FAIL,FAIL,VALID
final_control_085,0.01,1.0,A_net_aggregation,FAIL,FAIL,VALID
final_control_085,0.01,1.0,B0,PASS,FAIL,VALID
final_control_085,0.01,1.0,B1,PASS,FAIL,VALID
final_control_085,0.01,1.0,B2,FAIL,FAIL,VALID
final_control_085,0.01,1.0,B3,FAIL,FAIL,VALID
final_control_085,0.01,1.0,B4_normal,FAIL,FAIL,VALID
final_control_086,1e-06,0.0001,B5,FAIL,FAIL,VALID
final_control_086,1e-06,0.0001,B4,FAIL,FAIL,VALID
final_control_086,1e-06,0.0001,A_no_geometry,FAIL,FAIL,VALID
final_control_086,1e-06,0.0001,A_no_torque,FAIL,FAIL,VALID
final_control_086,1e-06,0.0001,A_binary_unknown_fail,FAIL,FAIL,VALID
final_control_086,1e-06,0.0001,A_accumulated,FAIL,FAIL,VALID
final_control_086,1e-06,0.0001,A_net_aggregation,FAIL,FAIL,VALID
final_control_086,1e-06,0.0001,B0,FAIL,FAIL,VALID
final_control_086,1e-06,0.0001,B1,FAIL,FAIL,VALID
final_control_086,1e-06,0.0001,B2,FAIL,FAIL,VALID
final_control_086,1e-06,0.0001,B3,FAIL,FAIL,VALID
final_control_086,1e-06,0.0001,B4_normal,FAIL,FAIL,VALID
final_control_086,1e-05,0.001,B5,FAIL,FAIL,VALID
final_control_086,1e-05,0.001,B4,FAIL,FAIL,VALID
final_control_086,1e-05,0.001,A_no_geometry,FAIL,FAIL,VALID
final_control_086,1e-05,0.001,A_no_torque,FAIL,FAIL,VALID
final_control_086,1e-05,0.001,A_binary_unknown_fail,FAIL,FAIL,VALID
final_control_086,1e-05,0.001,A_accumulated,FAIL,FAIL,VALID
final_control_086,1e-05,0.001,A_net_aggregation,FAIL,FAIL,VALID
final_control_086,1e-05,0.001,B0,FAIL,FAIL,VALID
final_control_086,1e-05,0.001,B1,FAIL,FAIL,VALID
final_control_086,1e-05,0.001,B2,FAIL,FAIL,VALID
final_control_086,1e-05,0.001,B3,FAIL,FAIL,VALID
final_control_086,1e-05,0.001,B4_normal,FAIL,FAIL,VALID
final_control_086,0.0001,0.01,B5,FAIL,FAIL,VALID
final_control_086,0.0001,0.01,B4,FAIL,FAIL,VALID
final_control_086,0.0001,0.01,A_no_geometry,FAIL,FAIL,VALID
final_control_086,0.0001,0.01,A_no_torque,FAIL,FAIL,VALID
final_control_086,0.0001,0.01,A_binary_unknown_fail,FAIL,FAIL,VALID
final_control_086,0.0001,0.01,A_accumulated,FAIL,FAIL,VALID
final_control_086,0.0001,0.01,A_net_aggregation,FAIL,FAIL,VALID
final_control_086,0.0001,0.01,B0,FAIL,FAIL,VALID
final_control_086,0.0001,0.01,B1,FAIL,FAIL,VALID
final_control_086,0.0001,0.01,B2,FAIL,FAIL,VALID
final_control_086,0.0001,0.01,B3,FAIL,FAIL,VALID
final_control_086,0.0001,0.01,B4_normal,FAIL,FAIL,VALID
final_control_086,0.001,0.1,B5,FAIL,FAIL,VALID
final_control_086,0.001,0.1,B4,FAIL,FAIL,VALID
final_control_086,0.001,0.1,A_no_geometry,FAIL,FAIL,VALID
final_control_086,0.001,0.1,A_no_torque,FAIL,FAIL,VALID
final_control_086,0.001,0.1,A_binary_unknown_fail,FAIL,FAIL,VALID
final_control_086,0.001,0.1,A_accumulated,FAIL,FAIL,VALID
final_control_086,0.001,0.1,A_net_aggregation,FAIL,FAIL,VALID
final_control_086,0.001,0.1,B0,FAIL,FAIL,VALID
final_control_086,0.001,0.1,B1,FAIL,FAIL,VALID
final_control_086,0.001,0.1,B2,FAIL,FAIL,VALID
final_control_086,0.001,0.1,B3,FAIL,FAIL,VALID
final_control_086,0.001,0.1,B4_normal,FAIL,FAIL,VALID
final_control_086,0.01,1.0,B5,FAIL,FAIL,VALID
final_control_086,0.01,1.0,B4,FAIL,FAIL,VALID
final_control_086,0.01,1.0,A_no_geometry,FAIL,FAIL,VALID
final_control_086,0.01,1.0,A_no_torque,FAIL,FAIL,VALID
final_control_086,0.01,1.0,A_binary_unknown_fail,FAIL,FAIL,VALID
final_control_086,0.01,1.0,A_accumulated,FAIL,FAIL,VALID
final_control_086,0.01,1.0,A_net_aggregation,FAIL,FAIL,VALID
final_control_086,0.01,1.0,B0,FAIL,FAIL,VALID
final_control_086,0.01,1.0,B1,FAIL,FAIL,VALID
final_control_086,0.01,1.0,B2,FAIL,FAIL,VALID
final_control_086,0.01,1.0,B3,FAIL,FAIL,VALID
final_control_086,0.01,1.0,B4_normal,FAIL,FAIL,VALID
final_control_087,1e-06,0.0001,B5,PASS,PASS,VALID
final_control_087,1e-06,0.0001,B4,PASS,PASS,VALID
final_control_087,1e-06,0.0001,A_no_geometry,PASS,PASS,VALID
final_control_087,1e-06,0.0001,A_no_torque,PASS,PASS,VALID
final_control_087,1e-06,0.0001,A_binary_unknown_fail,PASS,PASS,VALID
final_control_087,1e-06,0.0001,A_accumulated,PASS,PASS,VALID
final_control_087,1e-06,0.0001,A_net_aggregation,PASS,PASS,VALID
final_control_087,1e-06,0.0001,B0,PASS,PASS,VALID
final_control_087,1e-06,0.0001,B1,PASS,PASS,VALID
final_control_087,1e-06,0.0001,B2,FAIL,PASS,VALID
final_control_087,1e-06,0.0001,B3,PASS,PASS,VALID
final_control_087,1e-06,0.0001,B4_normal,PASS,PASS,VALID
final_control_087,1e-05,0.001,B5,PASS,PASS,VALID
final_control_087,1e-05,0.001,B4,PASS,PASS,VALID
final_control_087,1e-05,0.001,A_no_geometry,PASS,PASS,VALID
final_control_087,1e-05,0.001,A_no_torque,PASS,PASS,VALID
final_control_087,1e-05,0.001,A_binary_unknown_fail,PASS,PASS,VALID
final_control_087,1e-05,0.001,A_accumulated,PASS,PASS,VALID
final_control_087,1e-05,0.001,A_net_aggregation,PASS,PASS,VALID
final_control_087,1e-05,0.001,B0,PASS,PASS,VALID
final_control_087,1e-05,0.001,B1,PASS,PASS,VALID
final_control_087,1e-05,0.001,B2,FAIL,PASS,VALID
final_control_087,1e-05,0.001,B3,PASS,PASS,VALID
final_control_087,1e-05,0.001,B4_normal,PASS,PASS,VALID
final_control_087,0.0001,0.01,B5,PASS,PASS,VALID
final_control_087,0.0001,0.01,B4,PASS,PASS,VALID
final_control_087,0.0001,0.01,A_no_geometry,PASS,PASS,VALID
final_control_087,0.0001,0.01,A_no_torque,PASS,PASS,VALID
final_control_087,0.0001,0.01,A_binary_unknown_fail,PASS,PASS,VALID
final_control_087,0.0001,0.01,A_accumulated,PASS,PASS,VALID
final_control_087,0.0001,0.01,A_net_aggregation,PASS,PASS,VALID
final_control_087,0.0001,0.01,B0,PASS,PASS,VALID
final_control_087,0.0001,0.01,B1,PASS,PASS,VALID
final_control_087,0.0001,0.01,B2,FAIL,PASS,VALID
final_control_087,0.0001,0.01,B3,PASS,PASS,VALID
final_control_087,0.0001,0.01,B4_normal,PASS,PASS,VALID
final_control_087,0.001,0.1,B5,PASS,PASS,VALID
final_control_087,0.001,0.1,B4,PASS,PASS,VALID
final_control_087,0.001,0.1,A_no_geometry,PASS,PASS,VALID
final_control_087,0.001,0.1,A_no_torque,PASS,PASS,VALID
final_control_087,0.001,0.1,A_binary_unknown_fail,PASS,PASS,VALID
final_control_087,0.001,0.1,A_accumulated,PASS,PASS,VALID
final_control_087,0.001,0.1,A_net_aggregation,PASS,PASS,VALID
final_control_087,0.001,0.1,B0,PASS,PASS,VALID
final_control_087,0.001,0.1,B1,PASS,PASS,VALID
final_control_087,0.001,0.1,B2,FAIL,PASS,VALID
final_control_087,0.001,0.1,B3,PASS,PASS,VALID
final_control_087,0.001,0.1,B4_normal,PASS,PASS,VALID
final_control_087,0.01,1.0,B5,PASS,PASS,VALID
final_control_087,0.01,1.0,B4,PASS,PASS,VALID
final_control_087,0.01,1.0,A_no_geometry,PASS,PASS,VALID
final_control_087,0.01,1.0,A_no_torque,PASS,PASS,VALID
final_control_087,0.01,1.0,A_binary_unknown_fail,PASS,PASS,VALID
final_control_087,0.01,1.0,A_accumulated,PASS,PASS,VALID
final_control_087,0.01,1.0,A_net_aggregation,PASS,PASS,VALID
final_control_087,0.01,1.0,B0,PASS,PASS,VALID
final_control_087,0.01,1.0,B1,PASS,PASS,VALID
final_control_087,0.01,1.0,B2,FAIL,PASS,VALID
final_control_087,0.01,1.0,B3,PASS,PASS,VALID
final_control_087,0.01,1.0,B4_normal,PASS,PASS,VALID
final_control_088,1e-06,0.0001,B5,PASS,PASS,VALID
final_control_088,1e-06,0.0001,B4,PASS,PASS,VALID
final_control_088,1e-06,0.0001,A_no_geometry,PASS,PASS,VALID
final_control_088,1e-06,0.0001,A_no_torque,PASS,PASS,VALID
final_control_088,1e-06,0.0001,A_binary_unknown_fail,PASS,PASS,VALID
final_control_088,1e-06,0.0001,A_accumulated,PASS,PASS,VALID
final_control_088,1e-06,0.0001,A_net_aggregation,PASS,PASS,VALID
final_control_088,1e-06,0.0001,B0,PASS,PASS,VALID
final_control_088,1e-06,0.0001,B1,PASS,PASS,VALID
final_control_088,1e-06,0.0001,B2,PASS,PASS,VALID
final_control_088,1e-06,0.0001,B3,PASS,PASS,VALID
final_control_088,1e-06,0.0001,B4_normal,PASS,PASS,VALID
final_control_088,1e-05,0.001,B5,PASS,PASS,VALID
final_control_088,1e-05,0.001,B4,PASS,PASS,VALID
final_control_088,1e-05,0.001,A_no_geometry,PASS,PASS,VALID
final_control_088,1e-05,0.001,A_no_torque,PASS,PASS,VALID
final_control_088,1e-05,0.001,A_binary_unknown_fail,PASS,PASS,VALID
final_control_088,1e-05,0.001,A_accumulated,PASS,PASS,VALID
final_control_088,1e-05,0.001,A_net_aggregation,PASS,PASS,VALID
final_control_088,1e-05,0.001,B0,PASS,PASS,VALID
final_control_088,1e-05,0.001,B1,PASS,PASS,VALID
final_control_088,1e-05,0.001,B2,PASS,PASS,VALID
final_control_088,1e-05,0.001,B3,PASS,PASS,VALID
final_control_088,1e-05,0.001,B4_normal,PASS,PASS,VALID
final_control_088,0.0001,0.01,B5,PASS,PASS,VALID
final_control_088,0.0001,0.01,B4,PASS,PASS,VALID
final_control_088,0.0001,0.01,A_no_geometry,PASS,PASS,VALID
final_control_088,0.0001,0.01,A_no_torque,PASS,PASS,VALID
final_control_088,0.0001,0.01,A_binary_unknown_fail,PASS,PASS,VALID
final_control_088,0.0001,0.01,A_accumulated,PASS,PASS,VALID
final_control_088,0.0001,0.01,A_net_aggregation,PASS,PASS,VALID
final_control_088,0.0001,0.01,B0,PASS,PASS,VALID
final_control_088,0.0001,0.01,B1,PASS,PASS,VALID
final_control_088,0.0001,0.01,B2,PASS,PASS,VALID
final_control_088,0.0001,0.01,B3,PASS,PASS,VALID
final_control_088,0.0001,0.01,B4_normal,PASS,PASS,VALID
final_control_088,0.001,0.1,B5,PASS,PASS,VALID
final_control_088,0.001,0.1,B4,PASS,PASS,VALID
final_control_088,0.001,0.1,A_no_geometry,PASS,PASS,VALID
final_control_088,0.001,0.1,A_no_torque,PASS,PASS,VALID
final_control_088,0.001,0.1,A_binary_unknown_fail,PASS,PASS,VALID
final_control_088,0.001,0.1,A_accumulated,PASS,PASS,VALID
final_control_088,0.001,0.1,A_net_aggregation,PASS,PASS,VALID
final_control_088,0.001,0.1,B0,PASS,PASS,VALID
final_control_088,0.001,0.1,B1,PASS,PASS,VALID
final_control_088,0.001,0.1,B2,PASS,PASS,VALID
final_control_088,0.001,0.1,B3,PASS,PASS,VALID
final_control_088,0.001,0.1,B4_normal,PASS,PASS,VALID
final_control_088,0.01,1.0,B5,PASS,PASS,VALID
final_control_088,0.01,1.0,B4,PASS,PASS,VALID
final_control_088,0.01,1.0,A_no_geometry,PASS,PASS,VALID
final_control_088,0.01,1.0,A_no_torque,PASS,PASS,VALID
final_control_088,0.01,1.0,A_binary_unknown_fail,PASS,PASS,VALID
final_control_088,0.01,1.0,A_accumulated,PASS,PASS,VALID
final_control_088,0.01,1.0,A_net_aggregation,PASS,PASS,VALID
final_control_088,0.01,1.0,B0,PASS,PASS,VALID
final_control_088,0.01,1.0,B1,PASS,PASS,VALID
final_control_088,0.01,1.0,B2,PASS,PASS,VALID
final_control_088,0.01,1.0,B3,PASS,PASS,VALID
final_control_088,0.01,1.0,B4_normal,PASS,PASS,VALID
final_control_089,1e-06,0.0001,B5,PASS,PASS,VALID
final_control_089,1e-06,0.0001,B4,PASS,PASS,VALID
final_control_089,1e-06,0.0001,A_no_geometry,PASS,PASS,VALID
final_control_089,1e-06,0.0001,A_no_torque,PASS,PASS,VALID
final_control_089,1e-06,0.0001,A_binary_unknown_fail,PASS,PASS,VALID
final_control_089,1e-06,0.0001,A_accumulated,PASS,PASS,VALID
final_control_089,1e-06,0.0001,A_net_aggregation,PASS,PASS,VALID
final_control_089,1e-06,0.0001,B0,PASS,PASS,VALID
final_control_089,1e-06,0.0001,B1,PASS,PASS,VALID
final_control_089,1e-06,0.0001,B2,FAIL,PASS,VALID
final_control_089,1e-06,0.0001,B3,PASS,PASS,VALID
final_control_089,1e-06,0.0001,B4_normal,PASS,PASS,VALID
final_control_089,1e-05,0.001,B5,PASS,PASS,VALID
final_control_089,1e-05,0.001,B4,PASS,PASS,VALID
final_control_089,1e-05,0.001,A_no_geometry,PASS,PASS,VALID
final_control_089,1e-05,0.001,A_no_torque,PASS,PASS,VALID
final_control_089,1e-05,0.001,A_binary_unknown_fail,PASS,PASS,VALID
final_control_089,1e-05,0.001,A_accumulated,PASS,PASS,VALID
final_control_089,1e-05,0.001,A_net_aggregation,PASS,PASS,VALID
final_control_089,1e-05,0.001,B0,PASS,PASS,VALID
final_control_089,1e-05,0.001,B1,PASS,PASS,VALID
final_control_089,1e-05,0.001,B2,FAIL,PASS,VALID
final_control_089,1e-05,0.001,B3,PASS,PASS,VALID
final_control_089,1e-05,0.001,B4_normal,PASS,PASS,VALID
final_control_089,0.0001,0.01,B5,PASS,PASS,VALID
final_control_089,0.0001,0.01,B4,PASS,PASS,VALID
final_control_089,0.0001,0.01,A_no_geometry,PASS,PASS,VALID
final_control_089,0.0001,0.01,A_no_torque,PASS,PASS,VALID
final_control_089,0.0001,0.01,A_binary_unknown_fail,PASS,PASS,VALID
final_control_089,0.0001,0.01,A_accumulated,PASS,PASS,VALID
final_control_089,0.0001,0.01,A_net_aggregation,PASS,PASS,VALID
final_control_089,0.0001,0.01,B0,PASS,PASS,VALID
final_control_089,0.0001,0.01,B1,PASS,PASS,VALID
final_control_089,0.0001,0.01,B2,FAIL,PASS,VALID
final_control_089,0.0001,0.01,B3,PASS,PASS,VALID
final_control_089,0.0001,0.01,B4_normal,PASS,PASS,VALID
final_control_089,0.001,0.1,B5,PASS,PASS,VALID
final_control_089,0.001,0.1,B4,PASS,PASS,VALID
final_control_089,0.001,0.1,A_no_geometry,PASS,PASS,VALID
final_control_089,0.001,0.1,A_no_torque,PASS,PASS,VALID
final_control_089,0.001,0.1,A_binary_unknown_fail,PASS,PASS,VALID
final_control_089,0.001,0.1,A_accumulated,PASS,PASS,VALID
final_control_089,0.001,0.1,A_net_aggregation,PASS,PASS,VALID
final_control_089,0.001,0.1,B0,PASS,PASS,VALID
final_control_089,0.001,0.1,B1,PASS,PASS,VALID
final_control_089,0.001,0.1,B2,FAIL,PASS,VALID
final_control_089,0.001,0.1,B3,PASS,PASS,VALID
final_control_089,0.001,0.1,B4_normal,PASS,PASS,VALID
final_control_089,0.01,1.0,B5,PASS,PASS,VALID
final_control_089,0.01,1.0,B4,PASS,PASS,VALID
final_control_089,0.01,1.0,A_no_geometry,PASS,PASS,VALID
final_control_089,0.01,1.0,A_no_torque,PASS,PASS,VALID
final_control_089,0.01,1.0,A_binary_unknown_fail,PASS,PASS,VALID
final_control_089,0.01,1.0,A_accumulated,PASS,PASS,VALID
final_control_089,0.01,1.0,A_net_aggregation,PASS,PASS,VALID
final_control_089,0.01,1.0,B0,PASS,PASS,VALID
final_control_089,0.01,1.0,B1,PASS,PASS,VALID
final_control_089,0.01,1.0,B2,FAIL,PASS,VALID
final_control_089,0.01,1.0,B3,PASS,PASS,VALID
final_control_089,0.01,1.0,B4_normal,PASS,PASS,VALID
final_control_090,1e-06,0.0001,B5,FAIL,FAIL,VALID
final_control_090,1e-06,0.0001,B4,FAIL,FAIL,VALID
final_control_090,1e-06,0.0001,A_no_geometry,FAIL,FAIL,VALID
final_control_090,1e-06,0.0001,A_no_torque,FAIL,FAIL,VALID
final_control_090,1e-06,0.0001,A_binary_unknown_fail,FAIL,FAIL,VALID
final_control_090,1e-06,0.0001,A_accumulated,FAIL,FAIL,VALID
final_control_090,1e-06,0.0001,A_net_aggregation,FAIL,FAIL,VALID
final_control_090,1e-06,0.0001,B0,PASS,FAIL,VALID
final_control_090,1e-06,0.0001,B1,PASS,FAIL,VALID
final_control_090,1e-06,0.0001,B2,FAIL,FAIL,VALID
final_control_090,1e-06,0.0001,B3,FAIL,FAIL,VALID
final_control_090,1e-06,0.0001,B4_normal,FAIL,FAIL,VALID
final_control_090,1e-05,0.001,B5,FAIL,FAIL,VALID
final_control_090,1e-05,0.001,B4,FAIL,FAIL,VALID
final_control_090,1e-05,0.001,A_no_geometry,FAIL,FAIL,VALID
final_control_090,1e-05,0.001,A_no_torque,FAIL,FAIL,VALID
final_control_090,1e-05,0.001,A_binary_unknown_fail,FAIL,FAIL,VALID
final_control_090,1e-05,0.001,A_accumulated,FAIL,FAIL,VALID
final_control_090,1e-05,0.001,A_net_aggregation,FAIL,FAIL,VALID
final_control_090,1e-05,0.001,B0,PASS,FAIL,VALID
final_control_090,1e-05,0.001,B1,PASS,FAIL,VALID
final_control_090,1e-05,0.001,B2,FAIL,FAIL,VALID
final_control_090,1e-05,0.001,B3,FAIL,FAIL,VALID
final_control_090,1e-05,0.001,B4_normal,FAIL,FAIL,VALID
final_control_090,0.0001,0.01,B5,FAIL,FAIL,VALID
final_control_090,0.0001,0.01,B4,FAIL,FAIL,VALID
final_control_090,0.0001,0.01,A_no_geometry,FAIL,FAIL,VALID
final_control_090,0.0001,0.01,A_no_torque,FAIL,FAIL,VALID
final_control_090,0.0001,0.01,A_binary_unknown_fail,FAIL,FAIL,VALID
final_control_090,0.0001,0.01,A_accumulated,FAIL,FAIL,VALID
final_control_090,0.0001,0.01,A_net_aggregation,FAIL,FAIL,VALID
final_control_090,0.0001,0.01,B0,PASS,FAIL,VALID
final_control_090,0.0001,0.01,B1,PASS,FAIL,VALID
final_control_090,0.0001,0.01,B2,FAIL,FAIL,VALID
final_control_090,0.0001,0.01,B3,FAIL,FAIL,VALID
final_control_090,0.0001,0.01,B4_normal,FAIL,FAIL,VALID
final_control_090,0.001,0.1,B5,FAIL,FAIL,VALID
final_control_090,0.001,0.1,B4,FAIL,FAIL,VALID
final_control_090,0.001,0.1,A_no_geometry,FAIL,FAIL,VALID
final_control_090,0.001,0.1,A_no_torque,FAIL,FAIL,VALID
final_control_090,0.001,0.1,A_binary_unknown_fail,FAIL,FAIL,VALID
final_control_090,0.001,0.1,A_accumulated,FAIL,FAIL,VALID
final_control_090,0.001,0.1,A_net_aggregation,FAIL,FAIL,VALID
final_control_090,0.001,0.1,B0,PASS,FAIL,VALID
final_control_090,0.001,0.1,B1,PASS,FAIL,VALID
final_control_090,0.001,0.1,B2,FAIL,FAIL,VALID
final_control_090,0.001,0.1,B3,FAIL,FAIL,VALID
final_control_090,0.001,0.1,B4_normal,FAIL,FAIL,VALID
final_control_090,0.01,1.0,B5,FAIL,FAIL,VALID
final_control_090,0.01,1.0,B4,FAIL,FAIL,VALID
final_control_090,0.01,1.0,A_no_geometry,FAIL,FAIL,VALID
final_control_090,0.01,1.0,A_no_torque,FAIL,FAIL,VALID
final_control_090,0.01,1.0,A_binary_unknown_fail,FAIL,FAIL,VALID
final_control_090,0.01,1.0,A_accumulated,FAIL,FAIL,VALID
final_control_090,0.01,1.0,A_net_aggregation,FAIL,FAIL,VALID
final_control_090,0.01,1.0,B0,PASS,FAIL,VALID
final_control_090,0.01,1.0,B1,PASS,FAIL,VALID
final_control_090,0.01,1.0,B2,FAIL,FAIL,VALID
final_control_090,0.01,1.0,B3,FAIL,FAIL,VALID
final_control_090,0.01,1.0,B4_normal,FAIL,FAIL,VALID
final_control_091,1e-06,0.0001,B5,FAIL,FAIL,VALID
final_control_091,1e-06,0.0001,B4,FAIL,FAIL,VALID
final_control_091,1e-06,0.0001,A_no_geometry,FAIL,FAIL,VALID
final_control_091,1e-06,0.0001,A_no_torque,FAIL,FAIL,VALID
final_control_091,1e-06,0.0001,A_binary_unknown_fail,FAIL,FAIL,VALID
final_control_091,1e-06,0.0001,A_accumulated,FAIL,FAIL,VALID
final_control_091,1e-06,0.0001,A_net_aggregation,FAIL,FAIL,VALID
final_control_091,1e-06,0.0001,B0,PASS,FAIL,VALID
final_control_091,1e-06,0.0001,B1,PASS,FAIL,VALID
final_control_091,1e-06,0.0001,B2,FAIL,FAIL,VALID
final_control_091,1e-06,0.0001,B3,FAIL,FAIL,VALID
final_control_091,1e-06,0.0001,B4_normal,FAIL,FAIL,VALID
final_control_091,1e-05,0.001,B5,FAIL,FAIL,VALID
final_control_091,1e-05,0.001,B4,FAIL,FAIL,VALID
final_control_091,1e-05,0.001,A_no_geometry,FAIL,FAIL,VALID
final_control_091,1e-05,0.001,A_no_torque,FAIL,FAIL,VALID
final_control_091,1e-05,0.001,A_binary_unknown_fail,FAIL,FAIL,VALID
final_control_091,1e-05,0.001,A_accumulated,FAIL,FAIL,VALID
final_control_091,1e-05,0.001,A_net_aggregation,FAIL,FAIL,VALID
final_control_091,1e-05,0.001,B0,PASS,FAIL,VALID
final_control_091,1e-05,0.001,B1,PASS,FAIL,VALID
final_control_091,1e-05,0.001,B2,FAIL,FAIL,VALID
final_control_091,1e-05,0.001,B3,FAIL,FAIL,VALID
final_control_091,1e-05,0.001,B4_normal,FAIL,FAIL,VALID
final_control_091,0.0001,0.01,B5,FAIL,FAIL,VALID
final_control_091,0.0001,0.01,B4,FAIL,FAIL,VALID
final_control_091,0.0001,0.01,A_no_geometry,FAIL,FAIL,VALID
final_control_091,0.0001,0.01,A_no_torque,FAIL,FAIL,VALID
final_control_091,0.0001,0.01,A_binary_unknown_fail,FAIL,FAIL,VALID
final_control_091,0.0001,0.01,A_accumulated,FAIL,FAIL,VALID
final_control_091,0.0001,0.01,A_net_aggregation,FAIL,FAIL,VALID
final_control_091,0.0001,0.01,B0,PASS,FAIL,VALID
final_control_091,0.0001,0.01,B1,PASS,FAIL,VALID
final_control_091,0.0001,0.01,B2,FAIL,FAIL,VALID
final_control_091,0.0001,0.01,B3,FAIL,FAIL,VALID
final_control_091,0.0001,0.01,B4_normal,FAIL,FAIL,VALID
final_control_091,0.001,0.1,B5,FAIL,FAIL,VALID
final_control_091,0.001,0.1,B4,FAIL,FAIL,VALID
final_control_091,0.001,0.1,A_no_geometry,FAIL,FAIL,VALID
final_control_091,0.001,0.1,A_no_torque,FAIL,FAIL,VALID
final_control_091,0.001,0.1,A_binary_unknown_fail,FAIL,FAIL,VALID
final_control_091,0.001,0.1,A_accumulated,FAIL,FAIL,VALID
final_control_091,0.001,0.1,A_net_aggregation,FAIL,FAIL,VALID
final_control_091,0.001,0.1,B0,PASS,FAIL,VALID
final_control_091,0.001,0.1,B1,PASS,FAIL,VALID
final_control_091,0.001,0.1,B2,FAIL,FAIL,VALID
final_control_091,0.001,0.1,B3,FAIL,FAIL,VALID
final_control_091,0.001,0.1,B4_normal,FAIL,FAIL,VALID
final_control_091,0.01,1.0,B5,INDETERMINATE,FAIL,VALID
final_control_091,0.01,1.0,B4,INDETERMINATE,FAIL,VALID
final_control_091,0.01,1.0,A_no_geometry,INDETERMINATE,FAIL,VALID
final_control_091,0.01,1.0,A_no_torque,INDETERMINATE,FAIL,VALID
final_control_091,0.01,1.0,A_binary_unknown_fail,FAIL,FAIL,VALID
final_control_091,0.01,1.0,A_accumulated,INDETERMINATE,FAIL,VALID
final_control_091,0.01,1.0,A_net_aggregation,INDETERMINATE,FAIL,VALID
final_control_091,0.01,1.0,B0,PASS,FAIL,VALID
final_control_091,0.01,1.0,B1,PASS,FAIL,VALID
final_control_091,0.01,1.0,B2,FAIL,FAIL,VALID
final_control_091,0.01,1.0,B3,FAIL,FAIL,VALID
final_control_091,0.01,1.0,B4_normal,INDETERMINATE,FAIL,VALID
final_control_092,1e-06,0.0001,B5,FAIL,FAIL,VALID
final_control_092,1e-06,0.0001,B4,FAIL,FAIL,VALID
final_control_092,1e-06,0.0001,A_no_geometry,FAIL,FAIL,VALID
final_control_092,1e-06,0.0001,A_no_torque,FAIL,FAIL,VALID
final_control_092,1e-06,0.0001,A_binary_unknown_fail,FAIL,FAIL,VALID
final_control_092,1e-06,0.0001,A_accumulated,FAIL,FAIL,VALID
final_control_092,1e-06,0.0001,A_net_aggregation,FAIL,FAIL,VALID
final_control_092,1e-06,0.0001,B0,PASS,FAIL,VALID
final_control_092,1e-06,0.0001,B1,PASS,FAIL,VALID
final_control_092,1e-06,0.0001,B2,FAIL,FAIL,VALID
final_control_092,1e-06,0.0001,B3,FAIL,FAIL,VALID
final_control_092,1e-06,0.0001,B4_normal,FAIL,FAIL,VALID
final_control_092,1e-05,0.001,B5,FAIL,FAIL,VALID
final_control_092,1e-05,0.001,B4,FAIL,FAIL,VALID
final_control_092,1e-05,0.001,A_no_geometry,FAIL,FAIL,VALID
final_control_092,1e-05,0.001,A_no_torque,FAIL,FAIL,VALID
final_control_092,1e-05,0.001,A_binary_unknown_fail,FAIL,FAIL,VALID
final_control_092,1e-05,0.001,A_accumulated,FAIL,FAIL,VALID
final_control_092,1e-05,0.001,A_net_aggregation,FAIL,FAIL,VALID
final_control_092,1e-05,0.001,B0,PASS,FAIL,VALID
final_control_092,1e-05,0.001,B1,PASS,FAIL,VALID
final_control_092,1e-05,0.001,B2,FAIL,FAIL,VALID
final_control_092,1e-05,0.001,B3,FAIL,FAIL,VALID
final_control_092,1e-05,0.001,B4_normal,FAIL,FAIL,VALID
final_control_092,0.0001,0.01,B5,FAIL,FAIL,VALID
final_control_092,0.0001,0.01,B4,FAIL,FAIL,VALID
final_control_092,0.0001,0.01,A_no_geometry,FAIL,FAIL,VALID
final_control_092,0.0001,0.01,A_no_torque,FAIL,FAIL,VALID
final_control_092,0.0001,0.01,A_binary_unknown_fail,FAIL,FAIL,VALID
final_control_092,0.0001,0.01,A_accumulated,FAIL,FAIL,VALID
final_control_092,0.0001,0.01,A_net_aggregation,FAIL,FAIL,VALID
final_control_092,0.0001,0.01,B0,PASS,FAIL,VALID
final_control_092,0.0001,0.01,B1,PASS,FAIL,VALID
final_control_092,0.0001,0.01,B2,FAIL,FAIL,VALID
final_control_092,0.0001,0.01,B3,FAIL,FAIL,VALID
final_control_092,0.0001,0.01,B4_normal,FAIL,FAIL,VALID
final_control_092,0.001,0.1,B5,FAIL,FAIL,VALID
final_control_092,0.001,0.1,B4,FAIL,FAIL,VALID
final_control_092,0.001,0.1,A_no_geometry,FAIL,FAIL,VALID
final_control_092,0.001,0.1,A_no_torque,FAIL,FAIL,VALID
final_control_092,0.001,0.1,A_binary_unknown_fail,FAIL,FAIL,VALID
final_control_092,0.001,0.1,A_accumulated,FAIL,FAIL,VALID
final_control_092,0.001,0.1,A_net_aggregation,FAIL,FAIL,VALID
final_control_092,0.001,0.1,B0,PASS,FAIL,VALID
final_control_092,0.001,0.1,B1,PASS,FAIL,VALID
final_control_092,0.001,0.1,B2,FAIL,FAIL,VALID
final_control_092,0.001,0.1,B3,FAIL,FAIL,VALID
final_control_092,0.001,0.1,B4_normal,FAIL,FAIL,VALID
final_control_092,0.01,1.0,B5,FAIL,FAIL,VALID
final_control_092,0.01,1.0,B4,FAIL,FAIL,VALID
final_control_092,0.01,1.0,A_no_geometry,FAIL,FAIL,VALID
final_control_092,0.01,1.0,A_no_torque,FAIL,FAIL,VALID
final_control_092,0.01,1.0,A_binary_unknown_fail,FAIL,FAIL,VALID
final_control_092,0.01,1.0,A_accumulated,FAIL,FAIL,VALID
final_control_092,0.01,1.0,A_net_aggregation,INDETERMINATE,FAIL,VALID
final_control_092,0.01,1.0,B0,PASS,FAIL,VALID
final_control_092,0.01,1.0,B1,PASS,FAIL,VALID
final_control_092,0.01,1.0,B2,FAIL,FAIL,VALID
final_control_092,0.01,1.0,B3,FAIL,FAIL,VALID
final_control_092,0.01,1.0,B4_normal,FAIL,FAIL,VALID
final_control_093,1e-06,0.0001,B5,FAIL,FAIL,VALID
final_control_093,1e-06,0.0001,B4,FAIL,FAIL,VALID
final_control_093,1e-06,0.0001,A_no_geometry,FAIL,FAIL,VALID
final_control_093,1e-06,0.0001,A_no_torque,FAIL,FAIL,VALID
final_control_093,1e-06,0.0001,A_binary_unknown_fail,FAIL,FAIL,VALID
final_control_093,1e-06,0.0001,A_accumulated,FAIL,FAIL,VALID
final_control_093,1e-06,0.0001,A_net_aggregation,FAIL,FAIL,VALID
final_control_093,1e-06,0.0001,B0,PASS,FAIL,VALID
final_control_093,1e-06,0.0001,B1,PASS,FAIL,VALID
final_control_093,1e-06,0.0001,B2,FAIL,FAIL,VALID
final_control_093,1e-06,0.0001,B3,FAIL,FAIL,VALID
final_control_093,1e-06,0.0001,B4_normal,FAIL,FAIL,VALID
final_control_093,1e-05,0.001,B5,FAIL,FAIL,VALID
final_control_093,1e-05,0.001,B4,FAIL,FAIL,VALID
final_control_093,1e-05,0.001,A_no_geometry,FAIL,FAIL,VALID
final_control_093,1e-05,0.001,A_no_torque,FAIL,FAIL,VALID
final_control_093,1e-05,0.001,A_binary_unknown_fail,FAIL,FAIL,VALID
final_control_093,1e-05,0.001,A_accumulated,FAIL,FAIL,VALID
final_control_093,1e-05,0.001,A_net_aggregation,FAIL,FAIL,VALID
final_control_093,1e-05,0.001,B0,PASS,FAIL,VALID
final_control_093,1e-05,0.001,B1,PASS,FAIL,VALID
final_control_093,1e-05,0.001,B2,FAIL,FAIL,VALID
final_control_093,1e-05,0.001,B3,FAIL,FAIL,VALID
final_control_093,1e-05,0.001,B4_normal,FAIL,FAIL,VALID
final_control_093,0.0001,0.01,B5,FAIL,FAIL,VALID
final_control_093,0.0001,0.01,B4,FAIL,FAIL,VALID
final_control_093,0.0001,0.01,A_no_geometry,FAIL,FAIL,VALID
final_control_093,0.0001,0.01,A_no_torque,FAIL,FAIL,VALID
final_control_093,0.0001,0.01,A_binary_unknown_fail,FAIL,FAIL,VALID
final_control_093,0.0001,0.01,A_accumulated,FAIL,FAIL,VALID
final_control_093,0.0001,0.01,A_net_aggregation,FAIL,FAIL,VALID
final_control_093,0.0001,0.01,B0,PASS,FAIL,VALID
final_control_093,0.0001,0.01,B1,PASS,FAIL,VALID
final_control_093,0.0001,0.01,B2,FAIL,FAIL,VALID
final_control_093,0.0001,0.01,B3,FAIL,FAIL,VALID
final_control_093,0.0001,0.01,B4_normal,FAIL,FAIL,VALID
final_control_093,0.001,0.1,B5,FAIL,FAIL,VALID
final_control_093,0.001,0.1,B4,FAIL,FAIL,VALID
final_control_093,0.001,0.1,A_no_geometry,FAIL,FAIL,VALID
final_control_093,0.001,0.1,A_no_torque,FAIL,FAIL,VALID
final_control_093,0.001,0.1,A_binary_unknown_fail,FAIL,FAIL,VALID
final_control_093,0.001,0.1,A_accumulated,FAIL,FAIL,VALID
final_control_093,0.001,0.1,A_net_aggregation,FAIL,FAIL,VALID
final_control_093,0.001,0.1,B0,PASS,FAIL,VALID
final_control_093,0.001,0.1,B1,PASS,FAIL,VALID
final_control_093,0.001,0.1,B2,FAIL,FAIL,VALID
final_control_093,0.001,0.1,B3,FAIL,FAIL,VALID
final_control_093,0.001,0.1,B4_normal,FAIL,FAIL,VALID
final_control_093,0.01,1.0,B5,FAIL,FAIL,VALID
final_control_093,0.01,1.0,B4,FAIL,FAIL,VALID
final_control_093,0.01,1.0,A_no_geometry,FAIL,FAIL,VALID
final_control_093,0.01,1.0,A_no_torque,FAIL,FAIL,VALID
final_control_093,0.01,1.0,A_binary_unknown_fail,FAIL,FAIL,VALID
final_control_093,0.01,1.0,A_accumulated,FAIL,FAIL,VALID
final_control_093,0.01,1.0,A_net_aggregation,FAIL,FAIL,VALID
final_control_093,0.01,1.0,B0,PASS,FAIL,VALID
final_control_093,0.01,1.0,B1,PASS,FAIL,VALID
final_control_093,0.01,1.0,B2,FAIL,FAIL,VALID
final_control_093,0.01,1.0,B3,FAIL,FAIL,VALID
final_control_093,0.01,1.0,B4_normal,FAIL,FAIL,VALID
final_control_094,1e-06,0.0001,B5,FAIL,FAIL,VALID
final_control_094,1e-06,0.0001,B4,FAIL,FAIL,VALID
final_control_094,1e-06,0.0001,A_no_geometry,FAIL,FAIL,VALID
final_control_094,1e-06,0.0001,A_no_torque,FAIL,FAIL,VALID
final_control_094,1e-06,0.0001,A_binary_unknown_fail,FAIL,FAIL,VALID
final_control_094,1e-06,0.0001,A_accumulated,FAIL,FAIL,VALID
final_control_094,1e-06,0.0001,A_net_aggregation,FAIL,FAIL,VALID
final_control_094,1e-06,0.0001,B0,FAIL,FAIL,VALID
final_control_094,1e-06,0.0001,B1,FAIL,FAIL,VALID
final_control_094,1e-06,0.0001,B2,FAIL,FAIL,VALID
final_control_094,1e-06,0.0001,B3,FAIL,FAIL,VALID
final_control_094,1e-06,0.0001,B4_normal,FAIL,FAIL,VALID
final_control_094,1e-05,0.001,B5,FAIL,FAIL,VALID
final_control_094,1e-05,0.001,B4,FAIL,FAIL,VALID
final_control_094,1e-05,0.001,A_no_geometry,FAIL,FAIL,VALID
final_control_094,1e-05,0.001,A_no_torque,FAIL,FAIL,VALID
final_control_094,1e-05,0.001,A_binary_unknown_fail,FAIL,FAIL,VALID
final_control_094,1e-05,0.001,A_accumulated,FAIL,FAIL,VALID
final_control_094,1e-05,0.001,A_net_aggregation,FAIL,FAIL,VALID
final_control_094,1e-05,0.001,B0,FAIL,FAIL,VALID
final_control_094,1e-05,0.001,B1,FAIL,FAIL,VALID
final_control_094,1e-05,0.001,B2,FAIL,FAIL,VALID
final_control_094,1e-05,0.001,B3,FAIL,FAIL,VALID
final_control_094,1e-05,0.001,B4_normal,FAIL,FAIL,VALID
final_control_094,0.0001,0.01,B5,FAIL,FAIL,VALID
final_control_094,0.0001,0.01,B4,FAIL,FAIL,VALID
final_control_094,0.0001,0.01,A_no_geometry,FAIL,FAIL,VALID
final_control_094,0.0001,0.01,A_no_torque,FAIL,FAIL,VALID
final_control_094,0.0001,0.01,A_binary_unknown_fail,FAIL,FAIL,VALID
final_control_094,0.0001,0.01,A_accumulated,FAIL,FAIL,VALID
final_control_094,0.0001,0.01,A_net_aggregation,FAIL,FAIL,VALID
final_control_094,0.0001,0.01,B0,FAIL,FAIL,VALID
final_control_094,0.0001,0.01,B1,FAIL,FAIL,VALID
final_control_094,0.0001,0.01,B2,FAIL,FAIL,VALID
final_control_094,0.0001,0.01,B3,FAIL,FAIL,VALID
final_control_094,0.0001,0.01,B4_normal,FAIL,FAIL,VALID
final_control_094,0.001,0.1,B5,FAIL,FAIL,VALID
final_control_094,0.001,0.1,B4,FAIL,FAIL,VALID
final_control_094,0.001,0.1,A_no_geometry,FAIL,FAIL,VALID
final_control_094,0.001,0.1,A_no_torque,FAIL,FAIL,VALID
final_control_094,0.001,0.1,A_binary_unknown_fail,FAIL,FAIL,VALID
final_control_094,0.001,0.1,A_accumulated,FAIL,FAIL,VALID
final_control_094,0.001,0.1,A_net_aggregation,FAIL,FAIL,VALID
final_control_094,0.001,0.1,B0,FAIL,FAIL,VALID
final_control_094,0.001,0.1,B1,FAIL,FAIL,VALID
final_control_094,0.001,0.1,B2,FAIL,FAIL,VALID
final_control_094,0.001,0.1,B3,FAIL,FAIL,VALID
final_control_094,0.001,0.1,B4_normal,FAIL,FAIL,VALID
final_control_094,0.01,1.0,B5,FAIL,FAIL,VALID
final_control_094,0.01,1.0,B4,FAIL,FAIL,VALID
final_control_094,0.01,1.0,A_no_geometry,FAIL,FAIL,VALID
final_control_094,0.01,1.0,A_no_torque,FAIL,FAIL,VALID
final_control_094,0.01,1.0,A_binary_unknown_fail,FAIL,FAIL,VALID
final_control_094,0.01,1.0,A_accumulated,FAIL,FAIL,VALID
final_control_094,0.01,1.0,A_net_aggregation,FAIL,FAIL,VALID
final_control_094,0.01,1.0,B0,FAIL,FAIL,VALID
final_control_094,0.01,1.0,B1,FAIL,FAIL,VALID
final_control_094,0.01,1.0,B2,FAIL,FAIL,VALID
final_control_094,0.01,1.0,B3,FAIL,FAIL,VALID
final_control_094,0.01,1.0,B4_normal,FAIL,FAIL,VALID
final_control_095,1e-06,0.0001,B5,PASS,PASS,VALID
final_control_095,1e-06,0.0001,B4,PASS,PASS,VALID
final_control_095,1e-06,0.0001,A_no_geometry,PASS,PASS,VALID
final_control_095,1e-06,0.0001,A_no_torque,PASS,PASS,VALID
final_control_095,1e-06,0.0001,A_binary_unknown_fail,PASS,PASS,VALID
final_control_095,1e-06,0.0001,A_accumulated,PASS,PASS,VALID
final_control_095,1e-06,0.0001,A_net_aggregation,PASS,PASS,VALID
final_control_095,1e-06,0.0001,B0,PASS,PASS,VALID
final_control_095,1e-06,0.0001,B1,PASS,PASS,VALID
final_control_095,1e-06,0.0001,B2,FAIL,PASS,VALID
final_control_095,1e-06,0.0001,B3,PASS,PASS,VALID
final_control_095,1e-06,0.0001,B4_normal,PASS,PASS,VALID
final_control_095,1e-05,0.001,B5,PASS,PASS,VALID
final_control_095,1e-05,0.001,B4,PASS,PASS,VALID
final_control_095,1e-05,0.001,A_no_geometry,PASS,PASS,VALID
final_control_095,1e-05,0.001,A_no_torque,PASS,PASS,VALID
final_control_095,1e-05,0.001,A_binary_unknown_fail,PASS,PASS,VALID
final_control_095,1e-05,0.001,A_accumulated,PASS,PASS,VALID
final_control_095,1e-05,0.001,A_net_aggregation,PASS,PASS,VALID
final_control_095,1e-05,0.001,B0,PASS,PASS,VALID
final_control_095,1e-05,0.001,B1,PASS,PASS,VALID
final_control_095,1e-05,0.001,B2,FAIL,PASS,VALID
final_control_095,1e-05,0.001,B3,PASS,PASS,VALID
final_control_095,1e-05,0.001,B4_normal,PASS,PASS,VALID
final_control_095,0.0001,0.01,B5,PASS,PASS,VALID
final_control_095,0.0001,0.01,B4,PASS,PASS,VALID
final_control_095,0.0001,0.01,A_no_geometry,PASS,PASS,VALID
final_control_095,0.0001,0.01,A_no_torque,PASS,PASS,VALID
final_control_095,0.0001,0.01,A_binary_unknown_fail,PASS,PASS,VALID
final_control_095,0.0001,0.01,A_accumulated,PASS,PASS,VALID
final_control_095,0.0001,0.01,A_net_aggregation,PASS,PASS,VALID
final_control_095,0.0001,0.01,B0,PASS,PASS,VALID
final_control_095,0.0001,0.01,B1,PASS,PASS,VALID
final_control_095,0.0001,0.01,B2,FAIL,PASS,VALID
final_control_095,0.0001,0.01,B3,PASS,PASS,VALID
final_control_095,0.0001,0.01,B4_normal,PASS,PASS,VALID
final_control_095,0.001,0.1,B5,PASS,PASS,VALID
final_control_095,0.001,0.1,B4,PASS,PASS,VALID
final_control_095,0.001,0.1,A_no_geometry,PASS,PASS,VALID
final_control_095,0.001,0.1,A_no_torque,PASS,PASS,VALID
final_control_095,0.001,0.1,A_binary_unknown_fail,PASS,PASS,VALID
final_control_095,0.001,0.1,A_accumulated,PASS,PASS,VALID
final_control_095,0.001,0.1,A_net_aggregation,PASS,PASS,VALID
final_control_095,0.001,0.1,B0,PASS,PASS,VALID
final_control_095,0.001,0.1,B1,PASS,PASS,VALID
final_control_095,0.001,0.1,B2,FAIL,PASS,VALID
final_control_095,0.001,0.1,B3,PASS,PASS,VALID
final_control_095,0.001,0.1,B4_normal,PASS,PASS,VALID
final_control_095,0.01,1.0,B5,PASS,PASS,VALID
final_control_095,0.01,1.0,B4,PASS,PASS,VALID
final_control_095,0.01,1.0,A_no_geometry,PASS,PASS,VALID
final_control_095,0.01,1.0,A_no_torque,PASS,PASS,VALID
final_control_095,0.01,1.0,A_binary_unknown_fail,PASS,PASS,VALID
final_control_095,0.01,1.0,A_accumulated,PASS,PASS,VALID
final_control_095,0.01,1.0,A_net_aggregation,PASS,PASS,VALID
final_control_095,0.01,1.0,B0,PASS,PASS,VALID
final_control_095,0.01,1.0,B1,PASS,PASS,VALID
final_control_095,0.01,1.0,B2,FAIL,PASS,VALID
final_control_095,0.01,1.0,B3,PASS,PASS,VALID
final_control_095,0.01,1.0,B4_normal,PASS,PASS,VALID
final_control_096,1e-06,0.0001,B5,FAIL,FAIL,VALID
final_control_096,1e-06,0.0001,B4,FAIL,FAIL,VALID
final_control_096,1e-06,0.0001,A_no_geometry,FAIL,FAIL,VALID
final_control_096,1e-06,0.0001,A_no_torque,FAIL,FAIL,VALID
final_control_096,1e-06,0.0001,A_binary_unknown_fail,FAIL,FAIL,VALID
final_control_096,1e-06,0.0001,A_accumulated,FAIL,FAIL,VALID
final_control_096,1e-06,0.0001,A_net_aggregation,FAIL,FAIL,VALID
final_control_096,1e-06,0.0001,B0,FAIL,FAIL,VALID
final_control_096,1e-06,0.0001,B1,FAIL,FAIL,VALID
final_control_096,1e-06,0.0001,B2,FAIL,FAIL,VALID
final_control_096,1e-06,0.0001,B3,FAIL,FAIL,VALID
final_control_096,1e-06,0.0001,B4_normal,FAIL,FAIL,VALID
final_control_096,1e-05,0.001,B5,FAIL,FAIL,VALID
final_control_096,1e-05,0.001,B4,FAIL,FAIL,VALID
final_control_096,1e-05,0.001,A_no_geometry,FAIL,FAIL,VALID
final_control_096,1e-05,0.001,A_no_torque,FAIL,FAIL,VALID
final_control_096,1e-05,0.001,A_binary_unknown_fail,FAIL,FAIL,VALID
final_control_096,1e-05,0.001,A_accumulated,FAIL,FAIL,VALID
final_control_096,1e-05,0.001,A_net_aggregation,FAIL,FAIL,VALID
final_control_096,1e-05,0.001,B0,FAIL,FAIL,VALID
final_control_096,1e-05,0.001,B1,FAIL,FAIL,VALID
final_control_096,1e-05,0.001,B2,FAIL,FAIL,VALID
final_control_096,1e-05,0.001,B3,FAIL,FAIL,VALID
final_control_096,1e-05,0.001,B4_normal,FAIL,FAIL,VALID
final_control_096,0.0001,0.01,B5,FAIL,FAIL,VALID
final_control_096,0.0001,0.01,B4,FAIL,FAIL,VALID
final_control_096,0.0001,0.01,A_no_geometry,FAIL,FAIL,VALID
final_control_096,0.0001,0.01,A_no_torque,FAIL,FAIL,VALID
final_control_096,0.0001,0.01,A_binary_unknown_fail,FAIL,FAIL,VALID
final_control_096,0.0001,0.01,A_accumulated,FAIL,FAIL,VALID
final_control_096,0.0001,0.01,A_net_aggregation,FAIL,FAIL,VALID
final_control_096,0.0001,0.01,B0,FAIL,FAIL,VALID
final_control_096,0.0001,0.01,B1,FAIL,FAIL,VALID
final_control_096,0.0001,0.01,B2,FAIL,FAIL,VALID
final_control_096,0.0001,0.01,B3,FAIL,FAIL,VALID
final_control_096,0.0001,0.01,B4_normal,FAIL,FAIL,VALID
final_control_096,0.001,0.1,B5,FAIL,FAIL,VALID
final_control_096,0.001,0.1,B4,FAIL,FAIL,VALID
final_control_096,0.001,0.1,A_no_geometry,FAIL,FAIL,VALID
final_control_096,0.001,0.1,A_no_torque,FAIL,FAIL,VALID
final_control_096,0.001,0.1,A_binary_unknown_fail,FAIL,FAIL,VALID
final_control_096,0.001,0.1,A_accumulated,FAIL,FAIL,VALID
final_control_096,0.001,0.1,A_net_aggregation,FAIL,FAIL,VALID
final_control_096,0.001,0.1,B0,FAIL,FAIL,VALID
final_control_096,0.001,0.1,B1,FAIL,FAIL,VALID
final_control_096,0.001,0.1,B2,FAIL,FAIL,VALID
final_control_096,0.001,0.1,B3,FAIL,FAIL,VALID
final_control_096,0.001,0.1,B4_normal,FAIL,FAIL,VALID
final_control_096,0.01,1.0,B5,FAIL,FAIL,VALID
final_control_096,0.01,1.0,B4,FAIL,FAIL,VALID
final_control_096,0.01,1.0,A_no_geometry,FAIL,FAIL,VALID
final_control_096,0.01,1.0,A_no_torque,FAIL,FAIL,VALID
final_control_096,0.01,1.0,A_binary_unknown_fail,FAIL,FAIL,VALID
final_control_096,0.01,1.0,A_accumulated,FAIL,FAIL,VALID
final_control_096,0.01,1.0,A_net_aggregation,FAIL,FAIL,VALID
final_control_096,0.01,1.0,B0,FAIL,FAIL,VALID
final_control_096,0.01,1.0,B1,FAIL,FAIL,VALID
final_control_096,0.01,1.0,B2,FAIL,FAIL,VALID
final_control_096,0.01,1.0,B3,FAIL,FAIL,VALID
final_control_096,0.01,1.0,B4_normal,FAIL,FAIL,VALID
final_control_097,1e-06,0.0001,B5,PASS,PASS,VALID
final_control_097,1e-06,0.0001,B4,PASS,PASS,VALID
final_control_097,1e-06,0.0001,A_no_geometry,PASS,PASS,VALID
final_control_097,1e-06,0.0001,A_no_torque,PASS,PASS,VALID
final_control_097,1e-06,0.0001,A_binary_unknown_fail,PASS,PASS,VALID
final_control_097,1e-06,0.0001,A_accumulated,PASS,PASS,VALID
final_control_097,1e-06,0.0001,A_net_aggregation,PASS,PASS,VALID
final_control_097,1e-06,0.0001,B0,PASS,PASS,VALID
final_control_097,1e-06,0.0001,B1,PASS,PASS,VALID
final_control_097,1e-06,0.0001,B2,FAIL,PASS,VALID
final_control_097,1e-06,0.0001,B3,PASS,PASS,VALID
final_control_097,1e-06,0.0001,B4_normal,PASS,PASS,VALID
final_control_097,1e-05,0.001,B5,PASS,PASS,VALID
final_control_097,1e-05,0.001,B4,PASS,PASS,VALID
final_control_097,1e-05,0.001,A_no_geometry,PASS,PASS,VALID
final_control_097,1e-05,0.001,A_no_torque,PASS,PASS,VALID
final_control_097,1e-05,0.001,A_binary_unknown_fail,PASS,PASS,VALID
final_control_097,1e-05,0.001,A_accumulated,PASS,PASS,VALID
final_control_097,1e-05,0.001,A_net_aggregation,PASS,PASS,VALID
final_control_097,1e-05,0.001,B0,PASS,PASS,VALID
final_control_097,1e-05,0.001,B1,PASS,PASS,VALID
final_control_097,1e-05,0.001,B2,FAIL,PASS,VALID
final_control_097,1e-05,0.001,B3,PASS,PASS,VALID
final_control_097,1e-05,0.001,B4_normal,PASS,PASS,VALID
final_control_097,0.0001,0.01,B5,PASS,PASS,VALID
final_control_097,0.0001,0.01,B4,PASS,PASS,VALID
final_control_097,0.0001,0.01,A_no_geometry,PASS,PASS,VALID
final_control_097,0.0001,0.01,A_no_torque,PASS,PASS,VALID
final_control_097,0.0001,0.01,A_binary_unknown_fail,PASS,PASS,VALID
final_control_097,0.0001,0.01,A_accumulated,PASS,PASS,VALID
final_control_097,0.0001,0.01,A_net_aggregation,PASS,PASS,VALID
final_control_097,0.0001,0.01,B0,PASS,PASS,VALID
final_control_097,0.0001,0.01,B1,PASS,PASS,VALID
final_control_097,0.0001,0.01,B2,FAIL,PASS,VALID
final_control_097,0.0001,0.01,B3,PASS,PASS,VALID
final_control_097,0.0001,0.01,B4_normal,PASS,PASS,VALID
final_control_097,0.001,0.1,B5,PASS,PASS,VALID
final_control_097,0.001,0.1,B4,PASS,PASS,VALID
final_control_097,0.001,0.1,A_no_geometry,PASS,PASS,VALID
final_control_097,0.001,0.1,A_no_torque,PASS,PASS,VALID
final_control_097,0.001,0.1,A_binary_unknown_fail,PASS,PASS,VALID
final_control_097,0.001,0.1,A_accumulated,PASS,PASS,VALID
final_control_097,0.001,0.1,A_net_aggregation,PASS,PASS,VALID
final_control_097,0.001,0.1,B0,PASS,PASS,VALID
final_control_097,0.001,0.1,B1,PASS,PASS,VALID
final_control_097,0.001,0.1,B2,FAIL,PASS,VALID
final_control_097,0.001,0.1,B3,PASS,PASS,VALID
final_control_097,0.001,0.1,B4_normal,PASS,PASS,VALID
final_control_097,0.01,1.0,B5,PASS,PASS,VALID
final_control_097,0.01,1.0,B4,PASS,PASS,VALID
final_control_097,0.01,1.0,A_no_geometry,PASS,PASS,VALID
final_control_097,0.01,1.0,A_no_torque,PASS,PASS,VALID
final_control_097,0.01,1.0,A_binary_unknown_fail,PASS,PASS,VALID
final_control_097,0.01,1.0,A_accumulated,PASS,PASS,VALID
final_control_097,0.01,1.0,A_net_aggregation,PASS,PASS,VALID
final_control_097,0.01,1.0,B0,PASS,PASS,VALID
final_control_097,0.01,1.0,B1,PASS,PASS,VALID
final_control_097,0.01,1.0,B2,FAIL,PASS,VALID
final_control_097,0.01,1.0,B3,PASS,PASS,VALID
final_control_097,0.01,1.0,B4_normal,PASS,PASS,VALID
final_control_098,1e-06,0.0001,B5,FAIL,FAIL,VALID
final_control_098,1e-06,0.0001,B4,FAIL,FAIL,VALID
final_control_098,1e-06,0.0001,A_no_geometry,FAIL,FAIL,VALID
final_control_098,1e-06,0.0001,A_no_torque,FAIL,FAIL,VALID
final_control_098,1e-06,0.0001,A_binary_unknown_fail,FAIL,FAIL,VALID
final_control_098,1e-06,0.0001,A_accumulated,FAIL,FAIL,VALID
final_control_098,1e-06,0.0001,A_net_aggregation,FAIL,FAIL,VALID
final_control_098,1e-06,0.0001,B0,PASS,FAIL,VALID
final_control_098,1e-06,0.0001,B1,PASS,FAIL,VALID
final_control_098,1e-06,0.0001,B2,FAIL,FAIL,VALID
final_control_098,1e-06,0.0001,B3,FAIL,FAIL,VALID
final_control_098,1e-06,0.0001,B4_normal,FAIL,FAIL,VALID
final_control_098,1e-05,0.001,B5,FAIL,FAIL,VALID
final_control_098,1e-05,0.001,B4,FAIL,FAIL,VALID
final_control_098,1e-05,0.001,A_no_geometry,FAIL,FAIL,VALID
final_control_098,1e-05,0.001,A_no_torque,FAIL,FAIL,VALID
final_control_098,1e-05,0.001,A_binary_unknown_fail,FAIL,FAIL,VALID
final_control_098,1e-05,0.001,A_accumulated,FAIL,FAIL,VALID
final_control_098,1e-05,0.001,A_net_aggregation,FAIL,FAIL,VALID
final_control_098,1e-05,0.001,B0,PASS,FAIL,VALID
final_control_098,1e-05,0.001,B1,PASS,FAIL,VALID
final_control_098,1e-05,0.001,B2,FAIL,FAIL,VALID
final_control_098,1e-05,0.001,B3,FAIL,FAIL,VALID
final_control_098,1e-05,0.001,B4_normal,FAIL,FAIL,VALID
final_control_098,0.0001,0.01,B5,FAIL,FAIL,VALID
final_control_098,0.0001,0.01,B4,FAIL,FAIL,VALID
final_control_098,0.0001,0.01,A_no_geometry,FAIL,FAIL,VALID
final_control_098,0.0001,0.01,A_no_torque,FAIL,FAIL,VALID
final_control_098,0.0001,0.01,A_binary_unknown_fail,FAIL,FAIL,VALID
final_control_098,0.0001,0.01,A_accumulated,FAIL,FAIL,VALID
final_control_098,0.0001,0.01,A_net_aggregation,FAIL,FAIL,VALID
final_control_098,0.0001,0.01,B0,PASS,FAIL,VALID
final_control_098,0.0001,0.01,B1,PASS,FAIL,VALID
final_control_098,0.0001,0.01,B2,FAIL,FAIL,VALID
final_control_098,0.0001,0.01,B3,FAIL,FAIL,VALID
final_control_098,0.0001,0.01,B4_normal,FAIL,FAIL,VALID
final_control_098,0.001,0.1,B5,FAIL,FAIL,VALID
final_control_098,0.001,0.1,B4,FAIL,FAIL,VALID
final_control_098,0.001,0.1,A_no_geometry,FAIL,FAIL,VALID
final_control_098,0.001,0.1,A_no_torque,FAIL,FAIL,VALID
final_control_098,0.001,0.1,A_binary_unknown_fail,FAIL,FAIL,VALID
final_control_098,0.001,0.1,A_accumulated,FAIL,FAIL,VALID
final_control_098,0.001,0.1,A_net_aggregation,FAIL,FAIL,VALID
final_control_098,0.001,0.1,B0,PASS,FAIL,VALID
final_control_098,0.001,0.1,B1,PASS,FAIL,VALID
final_control_098,0.001,0.1,B2,FAIL,FAIL,VALID
final_control_098,0.001,0.1,B3,FAIL,FAIL,VALID
final_control_098,0.001,0.1,B4_normal,FAIL,FAIL,VALID
final_control_098,0.01,1.0,B5,FAIL,FAIL,VALID
final_control_098,0.01,1.0,B4,FAIL,FAIL,VALID
final_control_098,0.01,1.0,A_no_geometry,FAIL,FAIL,VALID
final_control_098,0.01,1.0,A_no_torque,FAIL,FAIL,VALID
final_control_098,0.01,1.0,A_binary_unknown_fail,FAIL,FAIL,VALID
final_control_098,0.01,1.0,A_accumulated,FAIL,FAIL,VALID
final_control_098,0.01,1.0,A_net_aggregation,FAIL,FAIL,VALID
final_control_098,0.01,1.0,B0,PASS,FAIL,VALID
final_control_098,0.01,1.0,B1,PASS,FAIL,VALID
final_control_098,0.01,1.0,B2,FAIL,FAIL,VALID
final_control_098,0.01,1.0,B3,FAIL,FAIL,VALID
final_control_098,0.01,1.0,B4_normal,FAIL,FAIL,VALID
final_control_099,1e-06,0.0001,B5,FAIL,FAIL,VALID
final_control_099,1e-06,0.0001,B4,FAIL,FAIL,VALID
final_control_099,1e-06,0.0001,A_no_geometry,FAIL,FAIL,VALID
final_control_099,1e-06,0.0001,A_no_torque,FAIL,FAIL,VALID
final_control_099,1e-06,0.0001,A_binary_unknown_fail,FAIL,FAIL,VALID
final_control_099,1e-06,0.0001,A_accumulated,FAIL,FAIL,VALID
final_control_099,1e-06,0.0001,A_net_aggregation,FAIL,FAIL,VALID
final_control_099,1e-06,0.0001,B0,PASS,FAIL,VALID
final_control_099,1e-06,0.0001,B1,PASS,FAIL,VALID
final_control_099,1e-06,0.0001,B2,FAIL,FAIL,VALID
final_control_099,1e-06,0.0001,B3,FAIL,FAIL,VALID
final_control_099,1e-06,0.0001,B4_normal,FAIL,FAIL,VALID
final_control_099,1e-05,0.001,B5,FAIL,FAIL,VALID
final_control_099,1e-05,0.001,B4,FAIL,FAIL,VALID
final_control_099,1e-05,0.001,A_no_geometry,FAIL,FAIL,VALID
final_control_099,1e-05,0.001,A_no_torque,FAIL,FAIL,VALID
final_control_099,1e-05,0.001,A_binary_unknown_fail,FAIL,FAIL,VALID
final_control_099,1e-05,0.001,A_accumulated,FAIL,FAIL,VALID
final_control_099,1e-05,0.001,A_net_aggregation,FAIL,FAIL,VALID
final_control_099,1e-05,0.001,B0,PASS,FAIL,VALID
final_control_099,1e-05,0.001,B1,PASS,FAIL,VALID
final_control_099,1e-05,0.001,B2,FAIL,FAIL,VALID
final_control_099,1e-05,0.001,B3,FAIL,FAIL,VALID
final_control_099,1e-05,0.001,B4_normal,FAIL,FAIL,VALID
final_control_099,0.0001,0.01,B5,FAIL,FAIL,VALID
final_control_099,0.0001,0.01,B4,FAIL,FAIL,VALID
final_control_099,0.0001,0.01,A_no_geometry,FAIL,FAIL,VALID
final_control_099,0.0001,0.01,A_no_torque,FAIL,FAIL,VALID
final_control_099,0.0001,0.01,A_binary_unknown_fail,FAIL,FAIL,VALID
final_control_099,0.0001,0.01,A_accumulated,FAIL,FAIL,VALID
final_control_099,0.0001,0.01,A_net_aggregation,FAIL,FAIL,VALID
final_control_099,0.0001,0.01,B0,PASS,FAIL,VALID
final_control_099,0.0001,0.01,B1,PASS,FAIL,VALID
final_control_099,0.0001,0.01,B2,FAIL,FAIL,VALID
final_control_099,0.0001,0.01,B3,FAIL,FAIL,VALID
final_control_099,0.0001,0.01,B4_normal,FAIL,FAIL,VALID
final_control_099,0.001,0.1,B5,FAIL,FAIL,VALID
final_control_099,0.001,0.1,B4,FAIL,FAIL,VALID
final_control_099,0.001,0.1,A_no_geometry,FAIL,FAIL,VALID
final_control_099,0.001,0.1,A_no_torque,FAIL,FAIL,VALID
final_control_099,0.001,0.1,A_binary_unknown_fail,FAIL,FAIL,VALID
final_control_099,0.001,0.1,A_accumulated,FAIL,FAIL,VALID
final_control_099,0.001,0.1,A_net_aggregation,FAIL,FAIL,VALID
final_control_099,0.001,0.1,B0,PASS,FAIL,VALID
final_control_099,0.001,0.1,B1,PASS,FAIL,VALID
final_control_099,0.001,0.1,B2,FAIL,FAIL,VALID
final_control_099,0.001,0.1,B3,FAIL,FAIL,VALID
final_control_099,0.001,0.1,B4_normal,FAIL,FAIL,VALID
final_control_099,0.01,1.0,B5,FAIL,FAIL,VALID
final_control_099,0.01,1.0,B4,FAIL,FAIL,VALID
final_control_099,0.01,1.0,A_no_geometry,FAIL,FAIL,VALID
final_control_099,0.01,1.0,A_no_torque,FAIL,FAIL,VALID
final_control_099,0.01,1.0,A_binary_unknown_fail,FAIL,FAIL,VALID
final_control_099,0.01,1.0,A_accumulated,FAIL,FAIL,VALID
final_control_099,0.01,1.0,A_net_aggregation,FAIL,FAIL,VALID
final_control_099,0.01,1.0,B0,PASS,FAIL,VALID
final_control_099,0.01,1.0,B1,PASS,FAIL,VALID
final_control_099,0.01,1.0,B2,FAIL,FAIL,VALID
final_control_099,0.01,1.0,B3,FAIL,FAIL,VALID
final_control_099,0.01,1.0,B4_normal,FAIL,FAIL,VALID
final_control_100,1e-06,0.0001,B5,FAIL,FAIL,VALID
final_control_100,1e-06,0.0001,B4,FAIL,FAIL,VALID
final_control_100,1e-06,0.0001,A_no_geometry,FAIL,FAIL,VALID
final_control_100,1e-06,0.0001,A_no_torque,FAIL,FAIL,VALID
final_control_100,1e-06,0.0001,A_binary_unknown_fail,FAIL,FAIL,VALID
final_control_100,1e-06,0.0001,A_accumulated,FAIL,FAIL,VALID
final_control_100,1e-06,0.0001,A_net_aggregation,FAIL,FAIL,VALID
final_control_100,1e-06,0.0001,B0,PASS,FAIL,VALID
final_control_100,1e-06,0.0001,B1,PASS,FAIL,VALID
final_control_100,1e-06,0.0001,B2,FAIL,FAIL,VALID
final_control_100,1e-06,0.0001,B3,FAIL,FAIL,VALID
final_control_100,1e-06,0.0001,B4_normal,FAIL,FAIL,VALID
final_control_100,1e-05,0.001,B5,FAIL,FAIL,VALID
final_control_100,1e-05,0.001,B4,FAIL,FAIL,VALID
final_control_100,1e-05,0.001,A_no_geometry,FAIL,FAIL,VALID
final_control_100,1e-05,0.001,A_no_torque,FAIL,FAIL,VALID
final_control_100,1e-05,0.001,A_binary_unknown_fail,FAIL,FAIL,VALID
final_control_100,1e-05,0.001,A_accumulated,FAIL,FAIL,VALID
final_control_100,1e-05,0.001,A_net_aggregation,FAIL,FAIL,VALID
final_control_100,1e-05,0.001,B0,PASS,FAIL,VALID
final_control_100,1e-05,0.001,B1,PASS,FAIL,VALID
final_control_100,1e-05,0.001,B2,FAIL,FAIL,VALID
final_control_100,1e-05,0.001,B3,FAIL,FAIL,VALID
final_control_100,1e-05,0.001,B4_normal,FAIL,FAIL,VALID
final_control_100,0.0001,0.01,B5,FAIL,FAIL,VALID
final_control_100,0.0001,0.01,B4,FAIL,FAIL,VALID
final_control_100,0.0001,0.01,A_no_geometry,FAIL,FAIL,VALID
final_control_100,0.0001,0.01,A_no_torque,FAIL,FAIL,VALID
final_control_100,0.0001,0.01,A_binary_unknown_fail,FAIL,FAIL,VALID
final_control_100,0.0001,0.01,A_accumulated,FAIL,FAIL,VALID
final_control_100,0.0001,0.01,A_net_aggregation,FAIL,FAIL,VALID
final_control_100,0.0001,0.01,B0,PASS,FAIL,VALID
final_control_100,0.0001,0.01,B1,PASS,FAIL,VALID
final_control_100,0.0001,0.01,B2,FAIL,FAIL,VALID
final_control_100,0.0001,0.01,B3,FAIL,FAIL,VALID
final_control_100,0.0001,0.01,B4_normal,FAIL,FAIL,VALID
final_control_100,0.001,0.1,B5,FAIL,FAIL,VALID
final_control_100,0.001,0.1,B4,FAIL,FAIL,VALID
final_control_100,0.001,0.1,A_no_geometry,FAIL,FAIL,VALID
final_control_100,0.001,0.1,A_no_torque,FAIL,FAIL,VALID
final_control_100,0.001,0.1,A_binary_unknown_fail,FAIL,FAIL,VALID
final_control_100,0.001,0.1,A_accumulated,FAIL,FAIL,VALID
final_control_100,0.001,0.1,A_net_aggregation,FAIL,FAIL,VALID
final_control_100,0.001,0.1,B0,PASS,FAIL,VALID
final_control_100,0.001,0.1,B1,PASS,FAIL,VALID
final_control_100,0.001,0.1,B2,FAIL,FAIL,VALID
final_control_100,0.001,0.1,B3,FAIL,FAIL,VALID
final_control_100,0.001,0.1,B4_normal,FAIL,FAIL,VALID
final_control_100,0.01,1.0,B5,FAIL,FAIL,VALID
final_control_100,0.01,1.0,B4,FAIL,FAIL,VALID
final_control_100,0.01,1.0,A_no_geometry,FAIL,FAIL,VALID
final_control_100,0.01,1.0,A_no_torque,FAIL,FAIL,VALID
final_control_100,0.01,1.0,A_binary_unknown_fail,FAIL,FAIL,VALID
final_control_100,0.01,1.0,A_accumulated,FAIL,FAIL,VALID
final_control_100,0.01,1.0,A_net_aggregation,INDETERMINATE,FAIL,VALID
final_control_100,0.01,1.0,B0,PASS,FAIL,VALID
final_control_100,0.01,1.0,B1,PASS,FAIL,VALID
final_control_100,0.01,1.0,B2,FAIL,FAIL,VALID
final_control_100,0.01,1.0,B3,FAIL,FAIL,VALID
final_control_100,0.01,1.0,B4_normal,FAIL,FAIL,VALID
final_control_101,1e-06,0.0001,B5,FAIL,FAIL,VALID
final_control_101,1e-06,0.0001,B4,FAIL,FAIL,VALID
final_control_101,1e-06,0.0001,A_no_geometry,FAIL,FAIL,VALID
final_control_101,1e-06,0.0001,A_no_torque,FAIL,FAIL,VALID
final_control_101,1e-06,0.0001,A_binary_unknown_fail,FAIL,FAIL,VALID
final_control_101,1e-06,0.0001,A_accumulated,FAIL,FAIL,VALID
final_control_101,1e-06,0.0001,A_net_aggregation,FAIL,FAIL,VALID
final_control_101,1e-06,0.0001,B0,PASS,FAIL,VALID
final_control_101,1e-06,0.0001,B1,PASS,FAIL,VALID
final_control_101,1e-06,0.0001,B2,FAIL,FAIL,VALID
final_control_101,1e-06,0.0001,B3,FAIL,FAIL,VALID
final_control_101,1e-06,0.0001,B4_normal,FAIL,FAIL,VALID
final_control_101,1e-05,0.001,B5,FAIL,FAIL,VALID
final_control_101,1e-05,0.001,B4,FAIL,FAIL,VALID
final_control_101,1e-05,0.001,A_no_geometry,FAIL,FAIL,VALID
final_control_101,1e-05,0.001,A_no_torque,FAIL,FAIL,VALID
final_control_101,1e-05,0.001,A_binary_unknown_fail,FAIL,FAIL,VALID
final_control_101,1e-05,0.001,A_accumulated,FAIL,FAIL,VALID
final_control_101,1e-05,0.001,A_net_aggregation,FAIL,FAIL,VALID
final_control_101,1e-05,0.001,B0,PASS,FAIL,VALID
final_control_101,1e-05,0.001,B1,PASS,FAIL,VALID
final_control_101,1e-05,0.001,B2,FAIL,FAIL,VALID
final_control_101,1e-05,0.001,B3,FAIL,FAIL,VALID
final_control_101,1e-05,0.001,B4_normal,FAIL,FAIL,VALID
final_control_101,0.0001,0.01,B5,FAIL,FAIL,VALID
final_control_101,0.0001,0.01,B4,FAIL,FAIL,VALID
final_control_101,0.0001,0.01,A_no_geometry,FAIL,FAIL,VALID
final_control_101,0.0001,0.01,A_no_torque,FAIL,FAIL,VALID
final_control_101,0.0001,0.01,A_binary_unknown_fail,FAIL,FAIL,VALID
final_control_101,0.0001,0.01,A_accumulated,FAIL,FAIL,VALID
final_control_101,0.0001,0.01,A_net_aggregation,FAIL,FAIL,VALID
final_control_101,0.0001,0.01,B0,PASS,FAIL,VALID
final_control_101,0.0001,0.01,B1,PASS,FAIL,VALID
final_control_101,0.0001,0.01,B2,FAIL,FAIL,VALID
final_control_101,0.0001,0.01,B3,FAIL,FAIL,VALID
final_control_101,0.0001,0.01,B4_normal,FAIL,FAIL,VALID
final_control_101,0.001,0.1,B5,FAIL,FAIL,VALID
final_control_101,0.001,0.1,B4,FAIL,FAIL,VALID
final_control_101,0.001,0.1,A_no_geometry,FAIL,FAIL,VALID
final_control_101,0.001,0.1,A_no_torque,FAIL,FAIL,VALID
final_control_101,0.001,0.1,A_binary_unknown_fail,FAIL,FAIL,VALID
final_control_101,0.001,0.1,A_accumulated,FAIL,FAIL,VALID
final_control_101,0.001,0.1,A_net_aggregation,FAIL,FAIL,VALID
final_control_101,0.001,0.1,B0,PASS,FAIL,VALID
final_control_101,0.001,0.1,B1,PASS,FAIL,VALID
final_control_101,0.001,0.1,B2,FAIL,FAIL,VALID
final_control_101,0.001,0.1,B3,FAIL,FAIL,VALID
final_control_101,0.001,0.1,B4_normal,FAIL,FAIL,VALID
final_control_101,0.01,1.0,B5,FAIL,FAIL,VALID
final_control_101,0.01,1.0,B4,FAIL,FAIL,VALID
final_control_101,0.01,1.0,A_no_geometry,FAIL,FAIL,VALID
final_control_101,0.01,1.0,A_no_torque,FAIL,FAIL,VALID
final_control_101,0.01,1.0,A_binary_unknown_fail,FAIL,FAIL,VALID
final_control_101,0.01,1.0,A_accumulated,FAIL,FAIL,VALID
final_control_101,0.01,1.0,A_net_aggregation,FAIL,FAIL,VALID
final_control_101,0.01,1.0,B0,PASS,FAIL,VALID
final_control_101,0.01,1.0,B1,PASS,FAIL,VALID
final_control_101,0.01,1.0,B2,FAIL,FAIL,VALID
final_control_101,0.01,1.0,B3,FAIL,FAIL,VALID
final_control_101,0.01,1.0,B4_normal,FAIL,FAIL,VALID
final_control_102,1e-06,0.0001,B5,FAIL,FAIL,VALID
final_control_102,1e-06,0.0001,B4,FAIL,FAIL,VALID
final_control_102,1e-06,0.0001,A_no_geometry,FAIL,FAIL,VALID
final_control_102,1e-06,0.0001,A_no_torque,FAIL,FAIL,VALID
final_control_102,1e-06,0.0001,A_binary_unknown_fail,FAIL,FAIL,VALID
final_control_102,1e-06,0.0001,A_accumulated,FAIL,FAIL,VALID
final_control_102,1e-06,0.0001,A_net_aggregation,FAIL,FAIL,VALID
final_control_102,1e-06,0.0001,B0,FAIL,FAIL,VALID
final_control_102,1e-06,0.0001,B1,FAIL,FAIL,VALID
final_control_102,1e-06,0.0001,B2,FAIL,FAIL,VALID
final_control_102,1e-06,0.0001,B3,FAIL,FAIL,VALID
final_control_102,1e-06,0.0001,B4_normal,FAIL,FAIL,VALID
final_control_102,1e-05,0.001,B5,FAIL,FAIL,VALID
final_control_102,1e-05,0.001,B4,FAIL,FAIL,VALID
final_control_102,1e-05,0.001,A_no_geometry,FAIL,FAIL,VALID
final_control_102,1e-05,0.001,A_no_torque,FAIL,FAIL,VALID
final_control_102,1e-05,0.001,A_binary_unknown_fail,FAIL,FAIL,VALID
final_control_102,1e-05,0.001,A_accumulated,FAIL,FAIL,VALID
final_control_102,1e-05,0.001,A_net_aggregation,FAIL,FAIL,VALID
final_control_102,1e-05,0.001,B0,FAIL,FAIL,VALID
final_control_102,1e-05,0.001,B1,FAIL,FAIL,VALID
final_control_102,1e-05,0.001,B2,FAIL,FAIL,VALID
final_control_102,1e-05,0.001,B3,FAIL,FAIL,VALID
final_control_102,1e-05,0.001,B4_normal,FAIL,FAIL,VALID
final_control_102,0.0001,0.01,B5,FAIL,FAIL,VALID
final_control_102,0.0001,0.01,B4,FAIL,FAIL,VALID
final_control_102,0.0001,0.01,A_no_geometry,FAIL,FAIL,VALID
final_control_102,0.0001,0.01,A_no_torque,FAIL,FAIL,VALID
final_control_102,0.0001,0.01,A_binary_unknown_fail,FAIL,FAIL,VALID
final_control_102,0.0001,0.01,A_accumulated,FAIL,FAIL,VALID
final_control_102,0.0001,0.01,A_net_aggregation,FAIL,FAIL,VALID
final_control_102,0.0001,0.01,B0,FAIL,FAIL,VALID
final_control_102,0.0001,0.01,B1,FAIL,FAIL,VALID
final_control_102,0.0001,0.01,B2,FAIL,FAIL,VALID
final_control_102,0.0001,0.01,B3,FAIL,FAIL,VALID
final_control_102,0.0001,0.01,B4_normal,FAIL,FAIL,VALID
final_control_102,0.001,0.1,B5,FAIL,FAIL,VALID
final_control_102,0.001,0.1,B4,FAIL,FAIL,VALID
final_control_102,0.001,0.1,A_no_geometry,FAIL,FAIL,VALID
final_control_102,0.001,0.1,A_no_torque,FAIL,FAIL,VALID
final_control_102,0.001,0.1,A_binary_unknown_fail,FAIL,FAIL,VALID
final_control_102,0.001,0.1,A_accumulated,FAIL,FAIL,VALID
final_control_102,0.001,0.1,A_net_aggregation,FAIL,FAIL,VALID
final_control_102,0.001,0.1,B0,FAIL,FAIL,VALID
final_control_102,0.001,0.1,B1,FAIL,FAIL,VALID
final_control_102,0.001,0.1,B2,FAIL,FAIL,VALID
final_control_102,0.001,0.1,B3,FAIL,FAIL,VALID
final_control_102,0.001,0.1,B4_normal,FAIL,FAIL,VALID
final_control_102,0.01,1.0,B5,FAIL,FAIL,VALID
final_control_102,0.01,1.0,B4,FAIL,FAIL,VALID
final_control_102,0.01,1.0,A_no_geometry,FAIL,FAIL,VALID
final_control_102,0.01,1.0,A_no_torque,FAIL,FAIL,VALID
final_control_102,0.01,1.0,A_binary_unknown_fail,FAIL,FAIL,VALID
final_control_102,0.01,1.0,A_accumulated,FAIL,FAIL,VALID
final_control_102,0.01,1.0,A_net_aggregation,FAIL,FAIL,VALID
final_control_102,0.01,1.0,B0,FAIL,FAIL,VALID
final_control_102,0.01,1.0,B1,FAIL,FAIL,VALID
final_control_102,0.01,1.0,B2,FAIL,FAIL,VALID
final_control_102,0.01,1.0,B3,FAIL,FAIL,VALID
final_control_102,0.01,1.0,B4_normal,FAIL,FAIL,VALID
final_control_103,1e-06,0.0001,B5,PASS,PASS,VALID
final_control_103,1e-06,0.0001,B4,PASS,PASS,VALID
final_control_103,1e-06,0.0001,A_no_geometry,PASS,PASS,VALID
final_control_103,1e-06,0.0001,A_no_torque,PASS,PASS,VALID
final_control_103,1e-06,0.0001,A_binary_unknown_fail,PASS,PASS,VALID
final_control_103,1e-06,0.0001,A_accumulated,PASS,PASS,VALID
final_control_103,1e-06,0.0001,A_net_aggregation,PASS,PASS,VALID
final_control_103,1e-06,0.0001,B0,PASS,PASS,VALID
final_control_103,1e-06,0.0001,B1,PASS,PASS,VALID
final_control_103,1e-06,0.0001,B2,FAIL,PASS,VALID
final_control_103,1e-06,0.0001,B3,PASS,PASS,VALID
final_control_103,1e-06,0.0001,B4_normal,PASS,PASS,VALID
final_control_103,1e-05,0.001,B5,PASS,PASS,VALID
final_control_103,1e-05,0.001,B4,PASS,PASS,VALID
final_control_103,1e-05,0.001,A_no_geometry,PASS,PASS,VALID
final_control_103,1e-05,0.001,A_no_torque,PASS,PASS,VALID
final_control_103,1e-05,0.001,A_binary_unknown_fail,PASS,PASS,VALID
final_control_103,1e-05,0.001,A_accumulated,PASS,PASS,VALID
final_control_103,1e-05,0.001,A_net_aggregation,PASS,PASS,VALID
final_control_103,1e-05,0.001,B0,PASS,PASS,VALID
final_control_103,1e-05,0.001,B1,PASS,PASS,VALID
final_control_103,1e-05,0.001,B2,FAIL,PASS,VALID
final_control_103,1e-05,0.001,B3,PASS,PASS,VALID
final_control_103,1e-05,0.001,B4_normal,PASS,PASS,VALID
final_control_103,0.0001,0.01,B5,PASS,PASS,VALID
final_control_103,0.0001,0.01,B4,PASS,PASS,VALID
final_control_103,0.0001,0.01,A_no_geometry,PASS,PASS,VALID
final_control_103,0.0001,0.01,A_no_torque,PASS,PASS,VALID
final_control_103,0.0001,0.01,A_binary_unknown_fail,PASS,PASS,VALID
final_control_103,0.0001,0.01,A_accumulated,PASS,PASS,VALID
final_control_103,0.0001,0.01,A_net_aggregation,PASS,PASS,VALID
final_control_103,0.0001,0.01,B0,PASS,PASS,VALID
final_control_103,0.0001,0.01,B1,PASS,PASS,VALID
final_control_103,0.0001,0.01,B2,FAIL,PASS,VALID
final_control_103,0.0001,0.01,B3,PASS,PASS,VALID
final_control_103,0.0001,0.01,B4_normal,PASS,PASS,VALID
final_control_103,0.001,0.1,B5,PASS,PASS,VALID
final_control_103,0.001,0.1,B4,PASS,PASS,VALID
final_control_103,0.001,0.1,A_no_geometry,PASS,PASS,VALID
final_control_103,0.001,0.1,A_no_torque,PASS,PASS,VALID
final_control_103,0.001,0.1,A_binary_unknown_fail,PASS,PASS,VALID
final_control_103,0.001,0.1,A_accumulated,PASS,PASS,VALID
final_control_103,0.001,0.1,A_net_aggregation,PASS,PASS,VALID
final_control_103,0.001,0.1,B0,PASS,PASS,VALID
final_control_103,0.001,0.1,B1,PASS,PASS,VALID
final_control_103,0.001,0.1,B2,FAIL,PASS,VALID
final_control_103,0.001,0.1,B3,PASS,PASS,VALID
final_control_103,0.001,0.1,B4_normal,PASS,PASS,VALID
final_control_103,0.01,1.0,B5,PASS,PASS,VALID
final_control_103,0.01,1.0,B4,PASS,PASS,VALID
final_control_103,0.01,1.0,A_no_geometry,PASS,PASS,VALID
final_control_103,0.01,1.0,A_no_torque,PASS,PASS,VALID
final_control_103,0.01,1.0,A_binary_unknown_fail,PASS,PASS,VALID
final_control_103,0.01,1.0,A_accumulated,PASS,PASS,VALID
final_control_103,0.01,1.0,A_net_aggregation,PASS,PASS,VALID
final_control_103,0.01,1.0,B0,PASS,PASS,VALID
final_control_103,0.01,1.0,B1,PASS,PASS,VALID
final_control_103,0.01,1.0,B2,FAIL,PASS,VALID
final_control_103,0.01,1.0,B3,PASS,PASS,VALID
final_control_103,0.01,1.0,B4_normal,PASS,PASS,VALID
final_control_104,1e-06,0.0001,B5,PASS,PASS,VALID
final_control_104,1e-06,0.0001,B4,PASS,PASS,VALID
final_control_104,1e-06,0.0001,A_no_geometry,PASS,PASS,VALID
final_control_104,1e-06,0.0001,A_no_torque,PASS,PASS,VALID
final_control_104,1e-06,0.0001,A_binary_unknown_fail,PASS,PASS,VALID
final_control_104,1e-06,0.0001,A_accumulated,PASS,PASS,VALID
final_control_104,1e-06,0.0001,A_net_aggregation,PASS,PASS,VALID
final_control_104,1e-06,0.0001,B0,PASS,PASS,VALID
final_control_104,1e-06,0.0001,B1,PASS,PASS,VALID
final_control_104,1e-06,0.0001,B2,PASS,PASS,VALID
final_control_104,1e-06,0.0001,B3,PASS,PASS,VALID
final_control_104,1e-06,0.0001,B4_normal,PASS,PASS,VALID
final_control_104,1e-05,0.001,B5,PASS,PASS,VALID
final_control_104,1e-05,0.001,B4,PASS,PASS,VALID
final_control_104,1e-05,0.001,A_no_geometry,PASS,PASS,VALID
final_control_104,1e-05,0.001,A_no_torque,PASS,PASS,VALID
final_control_104,1e-05,0.001,A_binary_unknown_fail,PASS,PASS,VALID
final_control_104,1e-05,0.001,A_accumulated,PASS,PASS,VALID
final_control_104,1e-05,0.001,A_net_aggregation,PASS,PASS,VALID
final_control_104,1e-05,0.001,B0,PASS,PASS,VALID
final_control_104,1e-05,0.001,B1,PASS,PASS,VALID
final_control_104,1e-05,0.001,B2,PASS,PASS,VALID
final_control_104,1e-05,0.001,B3,PASS,PASS,VALID
final_control_104,1e-05,0.001,B4_normal,PASS,PASS,VALID
final_control_104,0.0001,0.01,B5,PASS,PASS,VALID
final_control_104,0.0001,0.01,B4,PASS,PASS,VALID
final_control_104,0.0001,0.01,A_no_geometry,PASS,PASS,VALID
final_control_104,0.0001,0.01,A_no_torque,PASS,PASS,VALID
final_control_104,0.0001,0.01,A_binary_unknown_fail,PASS,PASS,VALID
final_control_104,0.0001,0.01,A_accumulated,PASS,PASS,VALID
final_control_104,0.0001,0.01,A_net_aggregation,PASS,PASS,VALID
final_control_104,0.0001,0.01,B0,PASS,PASS,VALID
final_control_104,0.0001,0.01,B1,PASS,PASS,VALID
final_control_104,0.0001,0.01,B2,PASS,PASS,VALID
final_control_104,0.0001,0.01,B3,PASS,PASS,VALID
final_control_104,0.0001,0.01,B4_normal,PASS,PASS,VALID
final_control_104,0.001,0.1,B5,PASS,PASS,VALID
final_control_104,0.001,0.1,B4,PASS,PASS,VALID
final_control_104,0.001,0.1,A_no_geometry,PASS,PASS,VALID
final_control_104,0.001,0.1,A_no_torque,PASS,PASS,VALID
final_control_104,0.001,0.1,A_binary_unknown_fail,PASS,PASS,VALID
final_control_104,0.001,0.1,A_accumulated,PASS,PASS,VALID
final_control_104,0.001,0.1,A_net_aggregation,PASS,PASS,VALID
final_control_104,0.001,0.1,B0,PASS,PASS,VALID
final_control_104,0.001,0.1,B1,PASS,PASS,VALID
final_control_104,0.001,0.1,B2,PASS,PASS,VALID
final_control_104,0.001,0.1,B3,PASS,PASS,VALID
final_control_104,0.001,0.1,B4_normal,PASS,PASS,VALID
final_control_104,0.01,1.0,B5,PASS,PASS,VALID
final_control_104,0.01,1.0,B4,PASS,PASS,VALID
final_control_104,0.01,1.0,A_no_geometry,PASS,PASS,VALID
final_control_104,0.01,1.0,A_no_torque,PASS,PASS,VALID
final_control_104,0.01,1.0,A_binary_unknown_fail,PASS,PASS,VALID
final_control_104,0.01,1.0,A_accumulated,PASS,PASS,VALID
final_control_104,0.01,1.0,A_net_aggregation,PASS,PASS,VALID
final_control_104,0.01,1.0,B0,PASS,PASS,VALID
final_control_104,0.01,1.0,B1,PASS,PASS,VALID
final_control_104,0.01,1.0,B2,PASS,PASS,VALID
final_control_104,0.01,1.0,B3,PASS,PASS,VALID
final_control_104,0.01,1.0,B4_normal,PASS,PASS,VALID
final_control_105,1e-06,0.0001,B5,PASS,PASS,VALID
final_control_105,1e-06,0.0001,B4,PASS,PASS,VALID
final_control_105,1e-06,0.0001,A_no_geometry,PASS,PASS,VALID
final_control_105,1e-06,0.0001,A_no_torque,PASS,PASS,VALID
final_control_105,1e-06,0.0001,A_binary_unknown_fail,PASS,PASS,VALID
final_control_105,1e-06,0.0001,A_accumulated,PASS,PASS,VALID
final_control_105,1e-06,0.0001,A_net_aggregation,PASS,PASS,VALID
final_control_105,1e-06,0.0001,B0,PASS,PASS,VALID
final_control_105,1e-06,0.0001,B1,PASS,PASS,VALID
final_control_105,1e-06,0.0001,B2,FAIL,PASS,VALID
final_control_105,1e-06,0.0001,B3,PASS,PASS,VALID
final_control_105,1e-06,0.0001,B4_normal,PASS,PASS,VALID
final_control_105,1e-05,0.001,B5,PASS,PASS,VALID
final_control_105,1e-05,0.001,B4,PASS,PASS,VALID
final_control_105,1e-05,0.001,A_no_geometry,PASS,PASS,VALID
final_control_105,1e-05,0.001,A_no_torque,PASS,PASS,VALID
final_control_105,1e-05,0.001,A_binary_unknown_fail,PASS,PASS,VALID
final_control_105,1e-05,0.001,A_accumulated,PASS,PASS,VALID
final_control_105,1e-05,0.001,A_net_aggregation,PASS,PASS,VALID
final_control_105,1e-05,0.001,B0,PASS,PASS,VALID
final_control_105,1e-05,0.001,B1,PASS,PASS,VALID
final_control_105,1e-05,0.001,B2,FAIL,PASS,VALID
final_control_105,1e-05,0.001,B3,PASS,PASS,VALID
final_control_105,1e-05,0.001,B4_normal,PASS,PASS,VALID
final_control_105,0.0001,0.01,B5,PASS,PASS,VALID
final_control_105,0.0001,0.01,B4,PASS,PASS,VALID
final_control_105,0.0001,0.01,A_no_geometry,PASS,PASS,VALID
final_control_105,0.0001,0.01,A_no_torque,PASS,PASS,VALID
final_control_105,0.0001,0.01,A_binary_unknown_fail,PASS,PASS,VALID
final_control_105,0.0001,0.01,A_accumulated,PASS,PASS,VALID
final_control_105,0.0001,0.01,A_net_aggregation,PASS,PASS,VALID
final_control_105,0.0001,0.01,B0,PASS,PASS,VALID
final_control_105,0.0001,0.01,B1,PASS,PASS,VALID
final_control_105,0.0001,0.01,B2,FAIL,PASS,VALID
final_control_105,0.0001,0.01,B3,PASS,PASS,VALID
final_control_105,0.0001,0.01,B4_normal,PASS,PASS,VALID
final_control_105,0.001,0.1,B5,PASS,PASS,VALID
final_control_105,0.001,0.1,B4,PASS,PASS,VALID
final_control_105,0.001,0.1,A_no_geometry,PASS,PASS,VALID
final_control_105,0.001,0.1,A_no_torque,PASS,PASS,VALID
final_control_105,0.001,0.1,A_binary_unknown_fail,PASS,PASS,VALID
final_control_105,0.001,0.1,A_accumulated,PASS,PASS,VALID
final_control_105,0.001,0.1,A_net_aggregation,PASS,PASS,VALID
final_control_105,0.001,0.1,B0,PASS,PASS,VALID
final_control_105,0.001,0.1,B1,PASS,PASS,VALID
final_control_105,0.001,0.1,B2,FAIL,PASS,VALID
final_control_105,0.001,0.1,B3,PASS,PASS,VALID
final_control_105,0.001,0.1,B4_normal,PASS,PASS,VALID
final_control_105,0.01,1.0,B5,PASS,PASS,VALID
final_control_105,0.01,1.0,B4,PASS,PASS,VALID
final_control_105,0.01,1.0,A_no_geometry,PASS,PASS,VALID
final_control_105,0.01,1.0,A_no_torque,PASS,PASS,VALID
final_control_105,0.01,1.0,A_binary_unknown_fail,PASS,PASS,VALID
final_control_105,0.01,1.0,A_accumulated,PASS,PASS,VALID
final_control_105,0.01,1.0,A_net_aggregation,PASS,PASS,VALID
final_control_105,0.01,1.0,B0,PASS,PASS,VALID
final_control_105,0.01,1.0,B1,PASS,PASS,VALID
final_control_105,0.01,1.0,B2,FAIL,PASS,VALID
final_control_105,0.01,1.0,B3,PASS,PASS,VALID
final_control_105,0.01,1.0,B4_normal,PASS,PASS,VALID
final_control_106,1e-06,0.0001,B5,FAIL,FAIL,VALID
final_control_106,1e-06,0.0001,B4,FAIL,FAIL,VALID
final_control_106,1e-06,0.0001,A_no_geometry,FAIL,FAIL,VALID
final_control_106,1e-06,0.0001,A_no_torque,FAIL,FAIL,VALID
final_control_106,1e-06,0.0001,A_binary_unknown_fail,FAIL,FAIL,VALID
final_control_106,1e-06,0.0001,A_accumulated,FAIL,FAIL,VALID
final_control_106,1e-06,0.0001,A_net_aggregation,FAIL,FAIL,VALID
final_control_106,1e-06,0.0001,B0,PASS,FAIL,VALID
final_control_106,1e-06,0.0001,B1,PASS,FAIL,VALID
final_control_106,1e-06,0.0001,B2,FAIL,FAIL,VALID
final_control_106,1e-06,0.0001,B3,FAIL,FAIL,VALID
final_control_106,1e-06,0.0001,B4_normal,FAIL,FAIL,VALID
final_control_106,1e-05,0.001,B5,FAIL,FAIL,VALID
final_control_106,1e-05,0.001,B4,FAIL,FAIL,VALID
final_control_106,1e-05,0.001,A_no_geometry,FAIL,FAIL,VALID
final_control_106,1e-05,0.001,A_no_torque,FAIL,FAIL,VALID
final_control_106,1e-05,0.001,A_binary_unknown_fail,FAIL,FAIL,VALID
final_control_106,1e-05,0.001,A_accumulated,FAIL,FAIL,VALID
final_control_106,1e-05,0.001,A_net_aggregation,FAIL,FAIL,VALID
final_control_106,1e-05,0.001,B0,PASS,FAIL,VALID
final_control_106,1e-05,0.001,B1,PASS,FAIL,VALID
final_control_106,1e-05,0.001,B2,FAIL,FAIL,VALID
final_control_106,1e-05,0.001,B3,FAIL,FAIL,VALID
final_control_106,1e-05,0.001,B4_normal,FAIL,FAIL,VALID
final_control_106,0.0001,0.01,B5,FAIL,FAIL,VALID
final_control_106,0.0001,0.01,B4,FAIL,FAIL,VALID
final_control_106,0.0001,0.01,A_no_geometry,FAIL,FAIL,VALID
final_control_106,0.0001,0.01,A_no_torque,FAIL,FAIL,VALID
final_control_106,0.0001,0.01,A_binary_unknown_fail,FAIL,FAIL,VALID
final_control_106,0.0001,0.01,A_accumulated,FAIL,FAIL,VALID
final_control_106,0.0001,0.01,A_net_aggregation,FAIL,FAIL,VALID
final_control_106,0.0001,0.01,B0,PASS,FAIL,VALID
final_control_106,0.0001,0.01,B1,PASS,FAIL,VALID
final_control_106,0.0001,0.01,B2,FAIL,FAIL,VALID
final_control_106,0.0001,0.01,B3,FAIL,FAIL,VALID
final_control_106,0.0001,0.01,B4_normal,FAIL,FAIL,VALID
final_control_106,0.001,0.1,B5,FAIL,FAIL,VALID
final_control_106,0.001,0.1,B4,FAIL,FAIL,VALID
final_control_106,0.001,0.1,A_no_geometry,FAIL,FAIL,VALID
final_control_106,0.001,0.1,A_no_torque,FAIL,FAIL,VALID
final_control_106,0.001,0.1,A_binary_unknown_fail,FAIL,FAIL,VALID
final_control_106,0.001,0.1,A_accumulated,FAIL,FAIL,VALID
final_control_106,0.001,0.1,A_net_aggregation,FAIL,FAIL,VALID
final_control_106,0.001,0.1,B0,PASS,FAIL,VALID
final_control_106,0.001,0.1,B1,PASS,FAIL,VALID
final_control_106,0.001,0.1,B2,FAIL,FAIL,VALID
final_control_106,0.001,0.1,B3,FAIL,FAIL,VALID
final_control_106,0.001,0.1,B4_normal,FAIL,FAIL,VALID
final_control_106,0.01,1.0,B5,FAIL,FAIL,VALID
final_control_106,0.01,1.0,B4,FAIL,FAIL,VALID
final_control_106,0.01,1.0,A_no_geometry,FAIL,FAIL,VALID
final_control_106,0.01,1.0,A_no_torque,FAIL,FAIL,VALID
final_control_106,0.01,1.0,A_binary_unknown_fail,FAIL,FAIL,VALID
final_control_106,0.01,1.0,A_accumulated,FAIL,FAIL,VALID
final_control_106,0.01,1.0,A_net_aggregation,FAIL,FAIL,VALID
final_control_106,0.01,1.0,B0,PASS,FAIL,VALID
final_control_106,0.01,1.0,B1,PASS,FAIL,VALID
final_control_106,0.01,1.0,B2,FAIL,FAIL,VALID
final_control_106,0.01,1.0,B3,FAIL,FAIL,VALID
final_control_106,0.01,1.0,B4_normal,FAIL,FAIL,VALID
final_control_107,1e-06,0.0001,B5,FAIL,FAIL,VALID
final_control_107,1e-06,0.0001,B4,FAIL,FAIL,VALID
final_control_107,1e-06,0.0001,A_no_geometry,FAIL,FAIL,VALID
final_control_107,1e-06,0.0001,A_no_torque,FAIL,FAIL,VALID
final_control_107,1e-06,0.0001,A_binary_unknown_fail,FAIL,FAIL,VALID
final_control_107,1e-06,0.0001,A_accumulated,FAIL,FAIL,VALID
final_control_107,1e-06,0.0001,A_net_aggregation,FAIL,FAIL,VALID
final_control_107,1e-06,0.0001,B0,PASS,FAIL,VALID
final_control_107,1e-06,0.0001,B1,PASS,FAIL,VALID
final_control_107,1e-06,0.0001,B2,FAIL,FAIL,VALID
final_control_107,1e-06,0.0001,B3,FAIL,FAIL,VALID
final_control_107,1e-06,0.0001,B4_normal,FAIL,FAIL,VALID
final_control_107,1e-05,0.001,B5,FAIL,FAIL,VALID
final_control_107,1e-05,0.001,B4,FAIL,FAIL,VALID
final_control_107,1e-05,0.001,A_no_geometry,FAIL,FAIL,VALID
final_control_107,1e-05,0.001,A_no_torque,FAIL,FAIL,VALID
final_control_107,1e-05,0.001,A_binary_unknown_fail,FAIL,FAIL,VALID
final_control_107,1e-05,0.001,A_accumulated,FAIL,FAIL,VALID
final_control_107,1e-05,0.001,A_net_aggregation,FAIL,FAIL,VALID
final_control_107,1e-05,0.001,B0,PASS,FAIL,VALID
final_control_107,1e-05,0.001,B1,PASS,FAIL,VALID
final_control_107,1e-05,0.001,B2,FAIL,FAIL,VALID
final_control_107,1e-05,0.001,B3,FAIL,FAIL,VALID
final_control_107,1e-05,0.001,B4_normal,FAIL,FAIL,VALID
final_control_107,0.0001,0.01,B5,FAIL,FAIL,VALID
final_control_107,0.0001,0.01,B4,FAIL,FAIL,VALID
final_control_107,0.0001,0.01,A_no_geometry,FAIL,FAIL,VALID
final_control_107,0.0001,0.01,A_no_torque,FAIL,FAIL,VALID
final_control_107,0.0001,0.01,A_binary_unknown_fail,FAIL,FAIL,VALID
final_control_107,0.0001,0.01,A_accumulated,FAIL,FAIL,VALID
final_control_107,0.0001,0.01,A_net_aggregation,FAIL,FAIL,VALID
final_control_107,0.0001,0.01,B0,PASS,FAIL,VALID
final_control_107,0.0001,0.01,B1,PASS,FAIL,VALID
final_control_107,0.0001,0.01,B2,FAIL,FAIL,VALID
final_control_107,0.0001,0.01,B3,FAIL,FAIL,VALID
final_control_107,0.0001,0.01,B4_normal,FAIL,FAIL,VALID
final_control_107,0.001,0.1,B5,FAIL,FAIL,VALID
final_control_107,0.001,0.1,B4,FAIL,FAIL,VALID
final_control_107,0.001,0.1,A_no_geometry,FAIL,FAIL,VALID
final_control_107,0.001,0.1,A_no_torque,FAIL,FAIL,VALID
final_control_107,0.001,0.1,A_binary_unknown_fail,FAIL,FAIL,VALID
final_control_107,0.001,0.1,A_accumulated,FAIL,FAIL,VALID
final_control_107,0.001,0.1,A_net_aggregation,FAIL,FAIL,VALID
final_control_107,0.001,0.1,B0,PASS,FAIL,VALID
final_control_107,0.001,0.1,B1,PASS,FAIL,VALID
final_control_107,0.001,0.1,B2,FAIL,FAIL,VALID
final_control_107,0.001,0.1,B3,FAIL,FAIL,VALID
final_control_107,0.001,0.1,B4_normal,FAIL,FAIL,VALID
final_control_107,0.01,1.0,B5,FAIL,FAIL,VALID
final_control_107,0.01,1.0,B4,FAIL,FAIL,VALID
final_control_107,0.01,1.0,A_no_geometry,FAIL,FAIL,VALID
final_control_107,0.01,1.0,A_no_torque,FAIL,FAIL,VALID
final_control_107,0.01,1.0,A_binary_unknown_fail,FAIL,FAIL,VALID
final_control_107,0.01,1.0,A_accumulated,FAIL,FAIL,VALID
final_control_107,0.01,1.0,A_net_aggregation,FAIL,FAIL,VALID
final_control_107,0.01,1.0,B0,PASS,FAIL,VALID
final_control_107,0.01,1.0,B1,PASS,FAIL,VALID
final_control_107,0.01,1.0,B2,FAIL,FAIL,VALID
final_control_107,0.01,1.0,B3,FAIL,FAIL,VALID
final_control_107,0.01,1.0,B4_normal,FAIL,FAIL,VALID
final_control_108,1e-06,0.0001,B5,FAIL,FAIL,VALID
final_control_108,1e-06,0.0001,B4,FAIL,FAIL,VALID
final_control_108,1e-06,0.0001,A_no_geometry,FAIL,FAIL,VALID
final_control_108,1e-06,0.0001,A_no_torque,FAIL,FAIL,VALID
final_control_108,1e-06,0.0001,A_binary_unknown_fail,FAIL,FAIL,VALID
final_control_108,1e-06,0.0001,A_accumulated,FAIL,FAIL,VALID
final_control_108,1e-06,0.0001,A_net_aggregation,FAIL,FAIL,VALID
final_control_108,1e-06,0.0001,B0,PASS,FAIL,VALID
final_control_108,1e-06,0.0001,B1,PASS,FAIL,VALID
final_control_108,1e-06,0.0001,B2,FAIL,FAIL,VALID
final_control_108,1e-06,0.0001,B3,FAIL,FAIL,VALID
final_control_108,1e-06,0.0001,B4_normal,FAIL,FAIL,VALID
final_control_108,1e-05,0.001,B5,FAIL,FAIL,VALID
final_control_108,1e-05,0.001,B4,FAIL,FAIL,VALID
final_control_108,1e-05,0.001,A_no_geometry,FAIL,FAIL,VALID
final_control_108,1e-05,0.001,A_no_torque,FAIL,FAIL,VALID
final_control_108,1e-05,0.001,A_binary_unknown_fail,FAIL,FAIL,VALID
final_control_108,1e-05,0.001,A_accumulated,FAIL,FAIL,VALID
final_control_108,1e-05,0.001,A_net_aggregation,FAIL,FAIL,VALID
final_control_108,1e-05,0.001,B0,PASS,FAIL,VALID
final_control_108,1e-05,0.001,B1,PASS,FAIL,VALID
final_control_108,1e-05,0.001,B2,FAIL,FAIL,VALID
final_control_108,1e-05,0.001,B3,FAIL,FAIL,VALID
final_control_108,1e-05,0.001,B4_normal,FAIL,FAIL,VALID
final_control_108,0.0001,0.01,B5,FAIL,FAIL,VALID
final_control_108,0.0001,0.01,B4,FAIL,FAIL,VALID
final_control_108,0.0001,0.01,A_no_geometry,FAIL,FAIL,VALID
final_control_108,0.0001,0.01,A_no_torque,FAIL,FAIL,VALID
final_control_108,0.0001,0.01,A_binary_unknown_fail,FAIL,FAIL,VALID
final_control_108,0.0001,0.01,A_accumulated,FAIL,FAIL,VALID
final_control_108,0.0001,0.01,A_net_aggregation,FAIL,FAIL,VALID
final_control_108,0.0001,0.01,B0,PASS,FAIL,VALID
final_control_108,0.0001,0.01,B1,PASS,FAIL,VALID
final_control_108,0.0001,0.01,B2,FAIL,FAIL,VALID
final_control_108,0.0001,0.01,B3,FAIL,FAIL,VALID
final_control_108,0.0001,0.01,B4_normal,FAIL,FAIL,VALID
final_control_108,0.001,0.1,B5,FAIL,FAIL,VALID
final_control_108,0.001,0.1,B4,FAIL,FAIL,VALID
final_control_108,0.001,0.1,A_no_geometry,FAIL,FAIL,VALID
final_control_108,0.001,0.1,A_no_torque,FAIL,FAIL,VALID
final_control_108,0.001,0.1,A_binary_unknown_fail,FAIL,FAIL,VALID
final_control_108,0.001,0.1,A_accumulated,FAIL,FAIL,VALID
final_control_108,0.001,0.1,A_net_aggregation,FAIL,FAIL,VALID
final_control_108,0.001,0.1,B0,PASS,FAIL,VALID
final_control_108,0.001,0.1,B1,PASS,FAIL,VALID
final_control_108,0.001,0.1,B2,FAIL,FAIL,VALID
final_control_108,0.001,0.1,B3,FAIL,FAIL,VALID
final_control_108,0.001,0.1,B4_normal,FAIL,FAIL,VALID
final_control_108,0.01,1.0,B5,FAIL,FAIL,VALID
final_control_108,0.01,1.0,B4,FAIL,FAIL,VALID
final_control_108,0.01,1.0,A_no_geometry,FAIL,FAIL,VALID
final_control_108,0.01,1.0,A_no_torque,FAIL,FAIL,VALID
final_control_108,0.01,1.0,A_binary_unknown_fail,FAIL,FAIL,VALID
final_control_108,0.01,1.0,A_accumulated,FAIL,FAIL,VALID
final_control_108,0.01,1.0,A_net_aggregation,INDETERMINATE,FAIL,VALID
final_control_108,0.01,1.0,B0,PASS,FAIL,VALID
final_control_108,0.01,1.0,B1,PASS,FAIL,VALID
final_control_108,0.01,1.0,B2,FAIL,FAIL,VALID
final_control_108,0.01,1.0,B3,FAIL,FAIL,VALID
final_control_108,0.01,1.0,B4_normal,FAIL,FAIL,VALID
final_control_109,1e-06,0.0001,B5,FAIL,FAIL,VALID
final_control_109,1e-06,0.0001,B4,FAIL,FAIL,VALID
final_control_109,1e-06,0.0001,A_no_geometry,FAIL,FAIL,VALID
final_control_109,1e-06,0.0001,A_no_torque,FAIL,FAIL,VALID
final_control_109,1e-06,0.0001,A_binary_unknown_fail,FAIL,FAIL,VALID
final_control_109,1e-06,0.0001,A_accumulated,FAIL,FAIL,VALID
final_control_109,1e-06,0.0001,A_net_aggregation,FAIL,FAIL,VALID
final_control_109,1e-06,0.0001,B0,PASS,FAIL,VALID
final_control_109,1e-06,0.0001,B1,FAIL,FAIL,VALID
final_control_109,1e-06,0.0001,B2,FAIL,FAIL,VALID
final_control_109,1e-06,0.0001,B3,FAIL,FAIL,VALID
final_control_109,1e-06,0.0001,B4_normal,FAIL,FAIL,VALID
final_control_109,1e-05,0.001,B5,FAIL,FAIL,VALID
final_control_109,1e-05,0.001,B4,FAIL,FAIL,VALID
final_control_109,1e-05,0.001,A_no_geometry,FAIL,FAIL,VALID
final_control_109,1e-05,0.001,A_no_torque,FAIL,FAIL,VALID
final_control_109,1e-05,0.001,A_binary_unknown_fail,FAIL,FAIL,VALID
final_control_109,1e-05,0.001,A_accumulated,FAIL,FAIL,VALID
final_control_109,1e-05,0.001,A_net_aggregation,FAIL,FAIL,VALID
final_control_109,1e-05,0.001,B0,PASS,FAIL,VALID
final_control_109,1e-05,0.001,B1,FAIL,FAIL,VALID
final_control_109,1e-05,0.001,B2,FAIL,FAIL,VALID
final_control_109,1e-05,0.001,B3,FAIL,FAIL,VALID
final_control_109,1e-05,0.001,B4_normal,FAIL,FAIL,VALID
final_control_109,0.0001,0.01,B5,FAIL,FAIL,VALID
final_control_109,0.0001,0.01,B4,FAIL,FAIL,VALID
final_control_109,0.0001,0.01,A_no_geometry,FAIL,FAIL,VALID
final_control_109,0.0001,0.01,A_no_torque,FAIL,FAIL,VALID
final_control_109,0.0001,0.01,A_binary_unknown_fail,FAIL,FAIL,VALID
final_control_109,0.0001,0.01,A_accumulated,FAIL,FAIL,VALID
final_control_109,0.0001,0.01,A_net_aggregation,FAIL,FAIL,VALID
final_control_109,0.0001,0.01,B0,PASS,FAIL,VALID
final_control_109,0.0001,0.01,B1,FAIL,FAIL,VALID
final_control_109,0.0001,0.01,B2,FAIL,FAIL,VALID
final_control_109,0.0001,0.01,B3,FAIL,FAIL,VALID
final_control_109,0.0001,0.01,B4_normal,FAIL,FAIL,VALID
final_control_109,0.001,0.1,B5,FAIL,FAIL,VALID
final_control_109,0.001,0.1,B4,FAIL,FAIL,VALID
final_control_109,0.001,0.1,A_no_geometry,FAIL,FAIL,VALID
final_control_109,0.001,0.1,A_no_torque,FAIL,FAIL,VALID
final_control_109,0.001,0.1,A_binary_unknown_fail,FAIL,FAIL,VALID
final_control_109,0.001,0.1,A_accumulated,FAIL,FAIL,VALID
final_control_109,0.001,0.1,A_net_aggregation,FAIL,FAIL,VALID
final_control_109,0.001,0.1,B0,PASS,FAIL,VALID
final_control_109,0.001,0.1,B1,FAIL,FAIL,VALID
final_control_109,0.001,0.1,B2,FAIL,FAIL,VALID
final_control_109,0.001,0.1,B3,FAIL,FAIL,VALID
final_control_109,0.001,0.1,B4_normal,FAIL,FAIL,VALID
final_control_109,0.01,1.0,B5,FAIL,FAIL,VALID
final_control_109,0.01,1.0,B4,FAIL,FAIL,VALID
final_control_109,0.01,1.0,A_no_geometry,FAIL,FAIL,VALID
final_control_109,0.01,1.0,A_no_torque,FAIL,FAIL,VALID
final_control_109,0.01,1.0,A_binary_unknown_fail,FAIL,FAIL,VALID
final_control_109,0.01,1.0,A_accumulated,FAIL,FAIL,VALID
final_control_109,0.01,1.0,A_net_aggregation,FAIL,FAIL,VALID
final_control_109,0.01,1.0,B0,PASS,FAIL,VALID
final_control_109,0.01,1.0,B1,FAIL,FAIL,VALID
final_control_109,0.01,1.0,B2,FAIL,FAIL,VALID
final_control_109,0.01,1.0,B3,FAIL,FAIL,VALID
final_control_109,0.01,1.0,B4_normal,FAIL,FAIL,VALID
final_control_110,1e-06,0.0001,B5,FAIL,FAIL,VALID
final_control_110,1e-06,0.0001,B4,FAIL,FAIL,VALID
final_control_110,1e-06,0.0001,A_no_geometry,FAIL,FAIL,VALID
final_control_110,1e-06,0.0001,A_no_torque,FAIL,FAIL,VALID
final_control_110,1e-06,0.0001,A_binary_unknown_fail,FAIL,FAIL,VALID
final_control_110,1e-06,0.0001,A_accumulated,FAIL,FAIL,VALID
final_control_110,1e-06,0.0001,A_net_aggregation,FAIL,FAIL,VALID
final_control_110,1e-06,0.0001,B0,FAIL,FAIL,VALID
final_control_110,1e-06,0.0001,B1,FAIL,FAIL,VALID
final_control_110,1e-06,0.0001,B2,FAIL,FAIL,VALID
final_control_110,1e-06,0.0001,B3,FAIL,FAIL,VALID
final_control_110,1e-06,0.0001,B4_normal,FAIL,FAIL,VALID
final_control_110,1e-05,0.001,B5,FAIL,FAIL,VALID
final_control_110,1e-05,0.001,B4,FAIL,FAIL,VALID
final_control_110,1e-05,0.001,A_no_geometry,FAIL,FAIL,VALID
final_control_110,1e-05,0.001,A_no_torque,FAIL,FAIL,VALID
final_control_110,1e-05,0.001,A_binary_unknown_fail,FAIL,FAIL,VALID
final_control_110,1e-05,0.001,A_accumulated,FAIL,FAIL,VALID
final_control_110,1e-05,0.001,A_net_aggregation,FAIL,FAIL,VALID
final_control_110,1e-05,0.001,B0,FAIL,FAIL,VALID
final_control_110,1e-05,0.001,B1,FAIL,FAIL,VALID
final_control_110,1e-05,0.001,B2,FAIL,FAIL,VALID
final_control_110,1e-05,0.001,B3,FAIL,FAIL,VALID
final_control_110,1e-05,0.001,B4_normal,FAIL,FAIL,VALID
final_control_110,0.0001,0.01,B5,FAIL,FAIL,VALID
final_control_110,0.0001,0.01,B4,FAIL,FAIL,VALID
final_control_110,0.0001,0.01,A_no_geometry,FAIL,FAIL,VALID
final_control_110,0.0001,0.01,A_no_torque,FAIL,FAIL,VALID
final_control_110,0.0001,0.01,A_binary_unknown_fail,FAIL,FAIL,VALID
final_control_110,0.0001,0.01,A_accumulated,FAIL,FAIL,VALID
final_control_110,0.0001,0.01,A_net_aggregation,FAIL,FAIL,VALID
final_control_110,0.0001,0.01,B0,FAIL,FAIL,VALID
final_control_110,0.0001,0.01,B1,FAIL,FAIL,VALID
final_control_110,0.0001,0.01,B2,FAIL,FAIL,VALID
final_control_110,0.0001,0.01,B3,FAIL,FAIL,VALID
final_control_110,0.0001,0.01,B4_normal,FAIL,FAIL,VALID
final_control_110,0.001,0.1,B5,FAIL,FAIL,VALID
final_control_110,0.001,0.1,B4,FAIL,FAIL,VALID
final_control_110,0.001,0.1,A_no_geometry,FAIL,FAIL,VALID
final_control_110,0.001,0.1,A_no_torque,FAIL,FAIL,VALID
final_control_110,0.001,0.1,A_binary_unknown_fail,FAIL,FAIL,VALID
final_control_110,0.001,0.1,A_accumulated,FAIL,FAIL,VALID
final_control_110,0.001,0.1,A_net_aggregation,FAIL,FAIL,VALID
final_control_110,0.001,0.1,B0,FAIL,FAIL,VALID
final_control_110,0.001,0.1,B1,FAIL,FAIL,VALID
final_control_110,0.001,0.1,B2,FAIL,FAIL,VALID
final_control_110,0.001,0.1,B3,FAIL,FAIL,VALID
final_control_110,0.001,0.1,B4_normal,FAIL,FAIL,VALID
final_control_110,0.01,1.0,B5,FAIL,FAIL,VALID
final_control_110,0.01,1.0,B4,FAIL,FAIL,VALID
final_control_110,0.01,1.0,A_no_geometry,FAIL,FAIL,VALID
final_control_110,0.01,1.0,A_no_torque,FAIL,FAIL,VALID
final_control_110,0.01,1.0,A_binary_unknown_fail,FAIL,FAIL,VALID
final_control_110,0.01,1.0,A_accumulated,FAIL,FAIL,VALID
final_control_110,0.01,1.0,A_net_aggregation,FAIL,FAIL,VALID
final_control_110,0.01,1.0,B0,FAIL,FAIL,VALID
final_control_110,0.01,1.0,B1,FAIL,FAIL,VALID
final_control_110,0.01,1.0,B2,FAIL,FAIL,VALID
final_control_110,0.01,1.0,B3,FAIL,FAIL,VALID
final_control_110,0.01,1.0,B4_normal,FAIL,FAIL,VALID
final_control_111,1e-06,0.0001,B5,PASS,PASS,VALID
final_control_111,1e-06,0.0001,B4,PASS,PASS,VALID
final_control_111,1e-06,0.0001,A_no_geometry,PASS,PASS,VALID
final_control_111,1e-06,0.0001,A_no_torque,PASS,PASS,VALID
final_control_111,1e-06,0.0001,A_binary_unknown_fail,PASS,PASS,VALID
final_control_111,1e-06,0.0001,A_accumulated,PASS,PASS,VALID
final_control_111,1e-06,0.0001,A_net_aggregation,PASS,PASS,VALID
final_control_111,1e-06,0.0001,B0,PASS,PASS,VALID
final_control_111,1e-06,0.0001,B1,PASS,PASS,VALID
final_control_111,1e-06,0.0001,B2,FAIL,PASS,VALID
final_control_111,1e-06,0.0001,B3,PASS,PASS,VALID
final_control_111,1e-06,0.0001,B4_normal,PASS,PASS,VALID
final_control_111,1e-05,0.001,B5,PASS,PASS,VALID
final_control_111,1e-05,0.001,B4,PASS,PASS,VALID
final_control_111,1e-05,0.001,A_no_geometry,PASS,PASS,VALID
final_control_111,1e-05,0.001,A_no_torque,PASS,PASS,VALID
final_control_111,1e-05,0.001,A_binary_unknown_fail,PASS,PASS,VALID
final_control_111,1e-05,0.001,A_accumulated,PASS,PASS,VALID
final_control_111,1e-05,0.001,A_net_aggregation,PASS,PASS,VALID
final_control_111,1e-05,0.001,B0,PASS,PASS,VALID
final_control_111,1e-05,0.001,B1,PASS,PASS,VALID
final_control_111,1e-05,0.001,B2,FAIL,PASS,VALID
final_control_111,1e-05,0.001,B3,PASS,PASS,VALID
final_control_111,1e-05,0.001,B4_normal,PASS,PASS,VALID
final_control_111,0.0001,0.01,B5,PASS,PASS,VALID
final_control_111,0.0001,0.01,B4,PASS,PASS,VALID
final_control_111,0.0001,0.01,A_no_geometry,PASS,PASS,VALID
final_control_111,0.0001,0.01,A_no_torque,PASS,PASS,VALID
final_control_111,0.0001,0.01,A_binary_unknown_fail,PASS,PASS,VALID
final_control_111,0.0001,0.01,A_accumulated,PASS,PASS,VALID
final_control_111,0.0001,0.01,A_net_aggregation,PASS,PASS,VALID
final_control_111,0.0001,0.01,B0,PASS,PASS,VALID
final_control_111,0.0001,0.01,B1,PASS,PASS,VALID
final_control_111,0.0001,0.01,B2,FAIL,PASS,VALID
final_control_111,0.0001,0.01,B3,PASS,PASS,VALID
final_control_111,0.0001,0.01,B4_normal,PASS,PASS,VALID
final_control_111,0.001,0.1,B5,PASS,PASS,VALID
final_control_111,0.001,0.1,B4,PASS,PASS,VALID
final_control_111,0.001,0.1,A_no_geometry,PASS,PASS,VALID
final_control_111,0.001,0.1,A_no_torque,PASS,PASS,VALID
final_control_111,0.001,0.1,A_binary_unknown_fail,PASS,PASS,VALID
final_control_111,0.001,0.1,A_accumulated,PASS,PASS,VALID
final_control_111,0.001,0.1,A_net_aggregation,PASS,PASS,VALID
final_control_111,0.001,0.1,B0,PASS,PASS,VALID
final_control_111,0.001,0.1,B1,PASS,PASS,VALID
final_control_111,0.001,0.1,B2,FAIL,PASS,VALID
final_control_111,0.001,0.1,B3,PASS,PASS,VALID
final_control_111,0.001,0.1,B4_normal,PASS,PASS,VALID
final_control_111,0.01,1.0,B5,PASS,PASS,VALID
final_control_111,0.01,1.0,B4,PASS,PASS,VALID
final_control_111,0.01,1.0,A_no_geometry,PASS,PASS,VALID
final_control_111,0.01,1.0,A_no_torque,PASS,PASS,VALID
final_control_111,0.01,1.0,A_binary_unknown_fail,PASS,PASS,VALID
final_control_111,0.01,1.0,A_accumulated,PASS,PASS,VALID
final_control_111,0.01,1.0,A_net_aggregation,PASS,PASS,VALID
final_control_111,0.01,1.0,B0,PASS,PASS,VALID
final_control_111,0.01,1.0,B1,PASS,PASS,VALID
final_control_111,0.01,1.0,B2,FAIL,PASS,VALID
final_control_111,0.01,1.0,B3,PASS,PASS,VALID
final_control_111,0.01,1.0,B4_normal,PASS,PASS,VALID
final_control_112,1e-06,0.0001,B5,PASS,PASS,VALID
final_control_112,1e-06,0.0001,B4,PASS,PASS,VALID
final_control_112,1e-06,0.0001,A_no_geometry,PASS,PASS,VALID
final_control_112,1e-06,0.0001,A_no_torque,PASS,PASS,VALID
final_control_112,1e-06,0.0001,A_binary_unknown_fail,PASS,PASS,VALID
final_control_112,1e-06,0.0001,A_accumulated,PASS,PASS,VALID
final_control_112,1e-06,0.0001,A_net_aggregation,PASS,PASS,VALID
final_control_112,1e-06,0.0001,B0,PASS,PASS,VALID
final_control_112,1e-06,0.0001,B1,PASS,PASS,VALID
final_control_112,1e-06,0.0001,B2,PASS,PASS,VALID
final_control_112,1e-06,0.0001,B3,PASS,PASS,VALID
final_control_112,1e-06,0.0001,B4_normal,PASS,PASS,VALID
final_control_112,1e-05,0.001,B5,PASS,PASS,VALID
final_control_112,1e-05,0.001,B4,PASS,PASS,VALID
final_control_112,1e-05,0.001,A_no_geometry,PASS,PASS,VALID
final_control_112,1e-05,0.001,A_no_torque,PASS,PASS,VALID
final_control_112,1e-05,0.001,A_binary_unknown_fail,PASS,PASS,VALID
final_control_112,1e-05,0.001,A_accumulated,PASS,PASS,VALID
final_control_112,1e-05,0.001,A_net_aggregation,PASS,PASS,VALID
final_control_112,1e-05,0.001,B0,PASS,PASS,VALID
final_control_112,1e-05,0.001,B1,PASS,PASS,VALID
final_control_112,1e-05,0.001,B2,PASS,PASS,VALID
final_control_112,1e-05,0.001,B3,PASS,PASS,VALID
final_control_112,1e-05,0.001,B4_normal,PASS,PASS,VALID
final_control_112,0.0001,0.01,B5,PASS,PASS,VALID
final_control_112,0.0001,0.01,B4,PASS,PASS,VALID
final_control_112,0.0001,0.01,A_no_geometry,PASS,PASS,VALID
final_control_112,0.0001,0.01,A_no_torque,PASS,PASS,VALID
final_control_112,0.0001,0.01,A_binary_unknown_fail,PASS,PASS,VALID
final_control_112,0.0001,0.01,A_accumulated,PASS,PASS,VALID
final_control_112,0.0001,0.01,A_net_aggregation,PASS,PASS,VALID
final_control_112,0.0001,0.01,B0,PASS,PASS,VALID
final_control_112,0.0001,0.01,B1,PASS,PASS,VALID
final_control_112,0.0001,0.01,B2,PASS,PASS,VALID
final_control_112,0.0001,0.01,B3,PASS,PASS,VALID
final_control_112,0.0001,0.01,B4_normal,PASS,PASS,VALID
final_control_112,0.001,0.1,B5,PASS,PASS,VALID
final_control_112,0.001,0.1,B4,PASS,PASS,VALID
final_control_112,0.001,0.1,A_no_geometry,PASS,PASS,VALID
final_control_112,0.001,0.1,A_no_torque,PASS,PASS,VALID
final_control_112,0.001,0.1,A_binary_unknown_fail,PASS,PASS,VALID
final_control_112,0.001,0.1,A_accumulated,PASS,PASS,VALID
final_control_112,0.001,0.1,A_net_aggregation,PASS,PASS,VALID
final_control_112,0.001,0.1,B0,PASS,PASS,VALID
final_control_112,0.001,0.1,B1,PASS,PASS,VALID
final_control_112,0.001,0.1,B2,PASS,PASS,VALID
final_control_112,0.001,0.1,B3,PASS,PASS,VALID
final_control_112,0.001,0.1,B4_normal,PASS,PASS,VALID
final_control_112,0.01,1.0,B5,PASS,PASS,VALID
final_control_112,0.01,1.0,B4,PASS,PASS,VALID
final_control_112,0.01,1.0,A_no_geometry,PASS,PASS,VALID
final_control_112,0.01,1.0,A_no_torque,PASS,PASS,VALID
final_control_112,0.01,1.0,A_binary_unknown_fail,PASS,PASS,VALID
final_control_112,0.01,1.0,A_accumulated,PASS,PASS,VALID
final_control_112,0.01,1.0,A_net_aggregation,PASS,PASS,VALID
final_control_112,0.01,1.0,B0,PASS,PASS,VALID
final_control_112,0.01,1.0,B1,PASS,PASS,VALID
final_control_112,0.01,1.0,B2,PASS,PASS,VALID
final_control_112,0.01,1.0,B3,PASS,PASS,VALID
final_control_112,0.01,1.0,B4_normal,PASS,PASS,VALID
final_control_113,1e-06,0.0001,B5,PASS,PASS,VALID
final_control_113,1e-06,0.0001,B4,PASS,PASS,VALID
final_control_113,1e-06,0.0001,A_no_geometry,PASS,PASS,VALID
final_control_113,1e-06,0.0001,A_no_torque,PASS,PASS,VALID
final_control_113,1e-06,0.0001,A_binary_unknown_fail,PASS,PASS,VALID
final_control_113,1e-06,0.0001,A_accumulated,PASS,PASS,VALID
final_control_113,1e-06,0.0001,A_net_aggregation,PASS,PASS,VALID
final_control_113,1e-06,0.0001,B0,PASS,PASS,VALID
final_control_113,1e-06,0.0001,B1,PASS,PASS,VALID
final_control_113,1e-06,0.0001,B2,FAIL,PASS,VALID
final_control_113,1e-06,0.0001,B3,PASS,PASS,VALID
final_control_113,1e-06,0.0001,B4_normal,PASS,PASS,VALID
final_control_113,1e-05,0.001,B5,PASS,PASS,VALID
final_control_113,1e-05,0.001,B4,PASS,PASS,VALID
final_control_113,1e-05,0.001,A_no_geometry,PASS,PASS,VALID
final_control_113,1e-05,0.001,A_no_torque,PASS,PASS,VALID
final_control_113,1e-05,0.001,A_binary_unknown_fail,PASS,PASS,VALID
final_control_113,1e-05,0.001,A_accumulated,PASS,PASS,VALID
final_control_113,1e-05,0.001,A_net_aggregation,PASS,PASS,VALID
final_control_113,1e-05,0.001,B0,PASS,PASS,VALID
final_control_113,1e-05,0.001,B1,PASS,PASS,VALID
final_control_113,1e-05,0.001,B2,FAIL,PASS,VALID
final_control_113,1e-05,0.001,B3,PASS,PASS,VALID
final_control_113,1e-05,0.001,B4_normal,PASS,PASS,VALID
final_control_113,0.0001,0.01,B5,PASS,PASS,VALID
final_control_113,0.0001,0.01,B4,PASS,PASS,VALID
final_control_113,0.0001,0.01,A_no_geometry,PASS,PASS,VALID
final_control_113,0.0001,0.01,A_no_torque,PASS,PASS,VALID
final_control_113,0.0001,0.01,A_binary_unknown_fail,PASS,PASS,VALID
final_control_113,0.0001,0.01,A_accumulated,PASS,PASS,VALID
final_control_113,0.0001,0.01,A_net_aggregation,PASS,PASS,VALID
final_control_113,0.0001,0.01,B0,PASS,PASS,VALID
final_control_113,0.0001,0.01,B1,PASS,PASS,VALID
final_control_113,0.0001,0.01,B2,FAIL,PASS,VALID
final_control_113,0.0001,0.01,B3,PASS,PASS,VALID
final_control_113,0.0001,0.01,B4_normal,PASS,PASS,VALID
final_control_113,0.001,0.1,B5,PASS,PASS,VALID
final_control_113,0.001,0.1,B4,PASS,PASS,VALID
final_control_113,0.001,0.1,A_no_geometry,PASS,PASS,VALID
final_control_113,0.001,0.1,A_no_torque,PASS,PASS,VALID
final_control_113,0.001,0.1,A_binary_unknown_fail,PASS,PASS,VALID
final_control_113,0.001,0.1,A_accumulated,PASS,PASS,VALID
final_control_113,0.001,0.1,A_net_aggregation,PASS,PASS,VALID
final_control_113,0.001,0.1,B0,PASS,PASS,VALID
final_control_113,0.001,0.1,B1,PASS,PASS,VALID
final_control_113,0.001,0.1,B2,FAIL,PASS,VALID
final_control_113,0.001,0.1,B3,PASS,PASS,VALID
final_control_113,0.001,0.1,B4_normal,PASS,PASS,VALID
final_control_113,0.01,1.0,B5,PASS,PASS,VALID
final_control_113,0.01,1.0,B4,PASS,PASS,VALID
final_control_113,0.01,1.0,A_no_geometry,PASS,PASS,VALID
final_control_113,0.01,1.0,A_no_torque,PASS,PASS,VALID
final_control_113,0.01,1.0,A_binary_unknown_fail,PASS,PASS,VALID
final_control_113,0.01,1.0,A_accumulated,PASS,PASS,VALID
final_control_113,0.01,1.0,A_net_aggregation,PASS,PASS,VALID
final_control_113,0.01,1.0,B0,PASS,PASS,VALID
final_control_113,0.01,1.0,B1,PASS,PASS,VALID
final_control_113,0.01,1.0,B2,FAIL,PASS,VALID
final_control_113,0.01,1.0,B3,PASS,PASS,VALID
final_control_113,0.01,1.0,B4_normal,PASS,PASS,VALID
final_control_114,1e-06,0.0001,B5,FAIL,FAIL,VALID
final_control_114,1e-06,0.0001,B4,FAIL,FAIL,VALID
final_control_114,1e-06,0.0001,A_no_geometry,FAIL,FAIL,VALID
final_control_114,1e-06,0.0001,A_no_torque,FAIL,FAIL,VALID
final_control_114,1e-06,0.0001,A_binary_unknown_fail,FAIL,FAIL,VALID
final_control_114,1e-06,0.0001,A_accumulated,FAIL,FAIL,VALID
final_control_114,1e-06,0.0001,A_net_aggregation,FAIL,FAIL,VALID
final_control_114,1e-06,0.0001,B0,PASS,FAIL,VALID
final_control_114,1e-06,0.0001,B1,PASS,FAIL,VALID
final_control_114,1e-06,0.0001,B2,FAIL,FAIL,VALID
final_control_114,1e-06,0.0001,B3,FAIL,FAIL,VALID
final_control_114,1e-06,0.0001,B4_normal,FAIL,FAIL,VALID
final_control_114,1e-05,0.001,B5,FAIL,FAIL,VALID
final_control_114,1e-05,0.001,B4,FAIL,FAIL,VALID
final_control_114,1e-05,0.001,A_no_geometry,FAIL,FAIL,VALID
final_control_114,1e-05,0.001,A_no_torque,FAIL,FAIL,VALID
final_control_114,1e-05,0.001,A_binary_unknown_fail,FAIL,FAIL,VALID
final_control_114,1e-05,0.001,A_accumulated,FAIL,FAIL,VALID
final_control_114,1e-05,0.001,A_net_aggregation,FAIL,FAIL,VALID
final_control_114,1e-05,0.001,B0,PASS,FAIL,VALID
final_control_114,1e-05,0.001,B1,PASS,FAIL,VALID
final_control_114,1e-05,0.001,B2,FAIL,FAIL,VALID
final_control_114,1e-05,0.001,B3,FAIL,FAIL,VALID
final_control_114,1e-05,0.001,B4_normal,FAIL,FAIL,VALID
final_control_114,0.0001,0.01,B5,FAIL,FAIL,VALID
final_control_114,0.0001,0.01,B4,FAIL,FAIL,VALID
final_control_114,0.0001,0.01,A_no_geometry,FAIL,FAIL,VALID
final_control_114,0.0001,0.01,A_no_torque,FAIL,FAIL,VALID
final_control_114,0.0001,0.01,A_binary_unknown_fail,FAIL,FAIL,VALID
final_control_114,0.0001,0.01,A_accumulated,FAIL,FAIL,VALID
final_control_114,0.0001,0.01,A_net_aggregation,FAIL,FAIL,VALID
final_control_114,0.0001,0.01,B0,PASS,FAIL,VALID
final_control_114,0.0001,0.01,B1,PASS,FAIL,VALID
final_control_114,0.0001,0.01,B2,FAIL,FAIL,VALID
final_control_114,0.0001,0.01,B3,FAIL,FAIL,VALID
final_control_114,0.0001,0.01,B4_normal,FAIL,FAIL,VALID
final_control_114,0.001,0.1,B5,FAIL,FAIL,VALID
final_control_114,0.001,0.1,B4,FAIL,FAIL,VALID
final_control_114,0.001,0.1,A_no_geometry,FAIL,FAIL,VALID
final_control_114,0.001,0.1,A_no_torque,FAIL,FAIL,VALID
final_control_114,0.001,0.1,A_binary_unknown_fail,FAIL,FAIL,VALID
final_control_114,0.001,0.1,A_accumulated,FAIL,FAIL,VALID
final_control_114,0.001,0.1,A_net_aggregation,FAIL,FAIL,VALID
final_control_114,0.001,0.1,B0,PASS,FAIL,VALID
final_control_114,0.001,0.1,B1,PASS,FAIL,VALID
final_control_114,0.001,0.1,B2,FAIL,FAIL,VALID
final_control_114,0.001,0.1,B3,FAIL,FAIL,VALID
final_control_114,0.001,0.1,B4_normal,FAIL,FAIL,VALID
final_control_114,0.01,1.0,B5,FAIL,FAIL,VALID
final_control_114,0.01,1.0,B4,FAIL,FAIL,VALID
final_control_114,0.01,1.0,A_no_geometry,FAIL,FAIL,VALID
final_control_114,0.01,1.0,A_no_torque,FAIL,FAIL,VALID
final_control_114,0.01,1.0,A_binary_unknown_fail,FAIL,FAIL,VALID
final_control_114,0.01,1.0,A_accumulated,FAIL,FAIL,VALID
final_control_114,0.01,1.0,A_net_aggregation,FAIL,FAIL,VALID
final_control_114,0.01,1.0,B0,PASS,FAIL,VALID
final_control_114,0.01,1.0,B1,PASS,FAIL,VALID
final_control_114,0.01,1.0,B2,FAIL,FAIL,VALID
final_control_114,0.01,1.0,B3,FAIL,FAIL,VALID
final_control_114,0.01,1.0,B4_normal,FAIL,FAIL,VALID
final_control_115,1e-06,0.0001,B5,FAIL,FAIL,VALID
final_control_115,1e-06,0.0001,B4,FAIL,FAIL,VALID
final_control_115,1e-06,0.0001,A_no_geometry,FAIL,FAIL,VALID
final_control_115,1e-06,0.0001,A_no_torque,FAIL,FAIL,VALID
final_control_115,1e-06,0.0001,A_binary_unknown_fail,FAIL,FAIL,VALID
final_control_115,1e-06,0.0001,A_accumulated,FAIL,FAIL,VALID
final_control_115,1e-06,0.0001,A_net_aggregation,FAIL,FAIL,VALID
final_control_115,1e-06,0.0001,B0,PASS,FAIL,VALID
final_control_115,1e-06,0.0001,B1,PASS,FAIL,VALID
final_control_115,1e-06,0.0001,B2,FAIL,FAIL,VALID
final_control_115,1e-06,0.0001,B3,FAIL,FAIL,VALID
final_control_115,1e-06,0.0001,B4_normal,FAIL,FAIL,VALID
final_control_115,1e-05,0.001,B5,FAIL,FAIL,VALID
final_control_115,1e-05,0.001,B4,FAIL,FAIL,VALID
final_control_115,1e-05,0.001,A_no_geometry,FAIL,FAIL,VALID
final_control_115,1e-05,0.001,A_no_torque,FAIL,FAIL,VALID
final_control_115,1e-05,0.001,A_binary_unknown_fail,FAIL,FAIL,VALID
final_control_115,1e-05,0.001,A_accumulated,FAIL,FAIL,VALID
final_control_115,1e-05,0.001,A_net_aggregation,FAIL,FAIL,VALID
final_control_115,1e-05,0.001,B0,PASS,FAIL,VALID
final_control_115,1e-05,0.001,B1,PASS,FAIL,VALID
final_control_115,1e-05,0.001,B2,FAIL,FAIL,VALID
final_control_115,1e-05,0.001,B3,FAIL,FAIL,VALID
final_control_115,1e-05,0.001,B4_normal,FAIL,FAIL,VALID
final_control_115,0.0001,0.01,B5,FAIL,FAIL,VALID
final_control_115,0.0001,0.01,B4,FAIL,FAIL,VALID
final_control_115,0.0001,0.01,A_no_geometry,FAIL,FAIL,VALID
final_control_115,0.0001,0.01,A_no_torque,FAIL,FAIL,VALID
final_control_115,0.0001,0.01,A_binary_unknown_fail,FAIL,FAIL,VALID
final_control_115,0.0001,0.01,A_accumulated,FAIL,FAIL,VALID
final_control_115,0.0001,0.01,A_net_aggregation,FAIL,FAIL,VALID
final_control_115,0.0001,0.01,B0,PASS,FAIL,VALID
final_control_115,0.0001,0.01,B1,PASS,FAIL,VALID
final_control_115,0.0001,0.01,B2,FAIL,FAIL,VALID
final_control_115,0.0001,0.01,B3,FAIL,FAIL,VALID
final_control_115,0.0001,0.01,B4_normal,FAIL,FAIL,VALID
final_control_115,0.001,0.1,B5,FAIL,FAIL,VALID
final_control_115,0.001,0.1,B4,FAIL,FAIL,VALID
final_control_115,0.001,0.1,A_no_geometry,FAIL,FAIL,VALID
final_control_115,0.001,0.1,A_no_torque,FAIL,FAIL,VALID
final_control_115,0.001,0.1,A_binary_unknown_fail,FAIL,FAIL,VALID
final_control_115,0.001,0.1,A_accumulated,FAIL,FAIL,VALID
final_control_115,0.001,0.1,A_net_aggregation,FAIL,FAIL,VALID
final_control_115,0.001,0.1,B0,PASS,FAIL,VALID
final_control_115,0.001,0.1,B1,PASS,FAIL,VALID
final_control_115,0.001,0.1,B2,FAIL,FAIL,VALID
final_control_115,0.001,0.1,B3,FAIL,FAIL,VALID
final_control_115,0.001,0.1,B4_normal,FAIL,FAIL,VALID
final_control_115,0.01,1.0,B5,INDETERMINATE,FAIL,VALID
final_control_115,0.01,1.0,B4,INDETERMINATE,FAIL,VALID
final_control_115,0.01,1.0,A_no_geometry,INDETERMINATE,FAIL,VALID
final_control_115,0.01,1.0,A_no_torque,INDETERMINATE,FAIL,VALID
final_control_115,0.01,1.0,A_binary_unknown_fail,FAIL,FAIL,VALID
final_control_115,0.01,1.0,A_accumulated,INDETERMINATE,FAIL,VALID
final_control_115,0.01,1.0,A_net_aggregation,INDETERMINATE,FAIL,VALID
final_control_115,0.01,1.0,B0,PASS,FAIL,VALID
final_control_115,0.01,1.0,B1,PASS,FAIL,VALID
final_control_115,0.01,1.0,B2,FAIL,FAIL,VALID
final_control_115,0.01,1.0,B3,FAIL,FAIL,VALID
final_control_115,0.01,1.0,B4_normal,INDETERMINATE,FAIL,VALID
final_control_116,1e-06,0.0001,B5,FAIL,FAIL,VALID
final_control_116,1e-06,0.0001,B4,FAIL,FAIL,VALID
final_control_116,1e-06,0.0001,A_no_geometry,FAIL,FAIL,VALID
final_control_116,1e-06,0.0001,A_no_torque,FAIL,FAIL,VALID
final_control_116,1e-06,0.0001,A_binary_unknown_fail,FAIL,FAIL,VALID
final_control_116,1e-06,0.0001,A_accumulated,FAIL,FAIL,VALID
final_control_116,1e-06,0.0001,A_net_aggregation,FAIL,FAIL,VALID
final_control_116,1e-06,0.0001,B0,PASS,FAIL,VALID
final_control_116,1e-06,0.0001,B1,PASS,FAIL,VALID
final_control_116,1e-06,0.0001,B2,FAIL,FAIL,VALID
final_control_116,1e-06,0.0001,B3,FAIL,FAIL,VALID
final_control_116,1e-06,0.0001,B4_normal,FAIL,FAIL,VALID
final_control_116,1e-05,0.001,B5,FAIL,FAIL,VALID
final_control_116,1e-05,0.001,B4,FAIL,FAIL,VALID
final_control_116,1e-05,0.001,A_no_geometry,FAIL,FAIL,VALID
final_control_116,1e-05,0.001,A_no_torque,FAIL,FAIL,VALID
final_control_116,1e-05,0.001,A_binary_unknown_fail,FAIL,FAIL,VALID
final_control_116,1e-05,0.001,A_accumulated,FAIL,FAIL,VALID
final_control_116,1e-05,0.001,A_net_aggregation,FAIL,FAIL,VALID
final_control_116,1e-05,0.001,B0,PASS,FAIL,VALID
final_control_116,1e-05,0.001,B1,PASS,FAIL,VALID
final_control_116,1e-05,0.001,B2,FAIL,FAIL,VALID
final_control_116,1e-05,0.001,B3,FAIL,FAIL,VALID
final_control_116,1e-05,0.001,B4_normal,FAIL,FAIL,VALID
final_control_116,0.0001,0.01,B5,FAIL,FAIL,VALID
final_control_116,0.0001,0.01,B4,FAIL,FAIL,VALID
final_control_116,0.0001,0.01,A_no_geometry,FAIL,FAIL,VALID
final_control_116,0.0001,0.01,A_no_torque,FAIL,FAIL,VALID
final_control_116,0.0001,0.01,A_binary_unknown_fail,FAIL,FAIL,VALID
final_control_116,0.0001,0.01,A_accumulated,FAIL,FAIL,VALID
final_control_116,0.0001,0.01,A_net_aggregation,FAIL,FAIL,VALID
final_control_116,0.0001,0.01,B0,PASS,FAIL,VALID
final_control_116,0.0001,0.01,B1,PASS,FAIL,VALID
final_control_116,0.0001,0.01,B2,FAIL,FAIL,VALID
final_control_116,0.0001,0.01,B3,FAIL,FAIL,VALID
final_control_116,0.0001,0.01,B4_normal,FAIL,FAIL,VALID
final_control_116,0.001,0.1,B5,FAIL,FAIL,VALID
final_control_116,0.001,0.1,B4,FAIL,FAIL,VALID
final_control_116,0.001,0.1,A_no_geometry,FAIL,FAIL,VALID
final_control_116,0.001,0.1,A_no_torque,FAIL,FAIL,VALID
final_control_116,0.001,0.1,A_binary_unknown_fail,FAIL,FAIL,VALID
final_control_116,0.001,0.1,A_accumulated,FAIL,FAIL,VALID
final_control_116,0.001,0.1,A_net_aggregation,FAIL,FAIL,VALID
final_control_116,0.001,0.1,B0,PASS,FAIL,VALID
final_control_116,0.001,0.1,B1,PASS,FAIL,VALID
final_control_116,0.001,0.1,B2,FAIL,FAIL,VALID
final_control_116,0.001,0.1,B3,FAIL,FAIL,VALID
final_control_116,0.001,0.1,B4_normal,FAIL,FAIL,VALID
final_control_116,0.01,1.0,B5,FAIL,FAIL,VALID
final_control_116,0.01,1.0,B4,FAIL,FAIL,VALID
final_control_116,0.01,1.0,A_no_geometry,FAIL,FAIL,VALID
final_control_116,0.01,1.0,A_no_torque,FAIL,FAIL,VALID
final_control_116,0.01,1.0,A_binary_unknown_fail,FAIL,FAIL,VALID
final_control_116,0.01,1.0,A_accumulated,FAIL,FAIL,VALID
final_control_116,0.01,1.0,A_net_aggregation,INDETERMINATE,FAIL,VALID
final_control_116,0.01,1.0,B0,PASS,FAIL,VALID
final_control_116,0.01,1.0,B1,PASS,FAIL,VALID
final_control_116,0.01,1.0,B2,FAIL,FAIL,VALID
final_control_116,0.01,1.0,B3,FAIL,FAIL,VALID
final_control_116,0.01,1.0,B4_normal,FAIL,FAIL,VALID
final_control_117,1e-06,0.0001,B5,FAIL,FAIL,VALID
final_control_117,1e-06,0.0001,B4,FAIL,FAIL,VALID
final_control_117,1e-06,0.0001,A_no_geometry,FAIL,FAIL,VALID
final_control_117,1e-06,0.0001,A_no_torque,FAIL,FAIL,VALID
final_control_117,1e-06,0.0001,A_binary_unknown_fail,FAIL,FAIL,VALID
final_control_117,1e-06,0.0001,A_accumulated,FAIL,FAIL,VALID
final_control_117,1e-06,0.0001,A_net_aggregation,FAIL,FAIL,VALID
final_control_117,1e-06,0.0001,B0,PASS,FAIL,VALID
final_control_117,1e-06,0.0001,B1,PASS,FAIL,VALID
final_control_117,1e-06,0.0001,B2,FAIL,FAIL,VALID
final_control_117,1e-06,0.0001,B3,FAIL,FAIL,VALID
final_control_117,1e-06,0.0001,B4_normal,FAIL,FAIL,VALID
final_control_117,1e-05,0.001,B5,FAIL,FAIL,VALID
final_control_117,1e-05,0.001,B4,FAIL,FAIL,VALID
final_control_117,1e-05,0.001,A_no_geometry,FAIL,FAIL,VALID
final_control_117,1e-05,0.001,A_no_torque,FAIL,FAIL,VALID
final_control_117,1e-05,0.001,A_binary_unknown_fail,FAIL,FAIL,VALID
final_control_117,1e-05,0.001,A_accumulated,FAIL,FAIL,VALID
final_control_117,1e-05,0.001,A_net_aggregation,FAIL,FAIL,VALID
final_control_117,1e-05,0.001,B0,PASS,FAIL,VALID
final_control_117,1e-05,0.001,B1,PASS,FAIL,VALID
final_control_117,1e-05,0.001,B2,FAIL,FAIL,VALID
final_control_117,1e-05,0.001,B3,FAIL,FAIL,VALID
final_control_117,1e-05,0.001,B4_normal,FAIL,FAIL,VALID
final_control_117,0.0001,0.01,B5,FAIL,FAIL,VALID
final_control_117,0.0001,0.01,B4,FAIL,FAIL,VALID
final_control_117,0.0001,0.01,A_no_geometry,FAIL,FAIL,VALID
final_control_117,0.0001,0.01,A_no_torque,FAIL,FAIL,VALID
final_control_117,0.0001,0.01,A_binary_unknown_fail,FAIL,FAIL,VALID
final_control_117,0.0001,0.01,A_accumulated,FAIL,FAIL,VALID
final_control_117,0.0001,0.01,A_net_aggregation,FAIL,FAIL,VALID
final_control_117,0.0001,0.01,B0,PASS,FAIL,VALID
final_control_117,0.0001,0.01,B1,PASS,FAIL,VALID
final_control_117,0.0001,0.01,B2,FAIL,FAIL,VALID
final_control_117,0.0001,0.01,B3,FAIL,FAIL,VALID
final_control_117,0.0001,0.01,B4_normal,FAIL,FAIL,VALID
final_control_117,0.001,0.1,B5,FAIL,FAIL,VALID
final_control_117,0.001,0.1,B4,FAIL,FAIL,VALID
final_control_117,0.001,0.1,A_no_geometry,FAIL,FAIL,VALID
final_control_117,0.001,0.1,A_no_torque,FAIL,FAIL,VALID
final_control_117,0.001,0.1,A_binary_unknown_fail,FAIL,FAIL,VALID
final_control_117,0.001,0.1,A_accumulated,FAIL,FAIL,VALID
final_control_117,0.001,0.1,A_net_aggregation,FAIL,FAIL,VALID
final_control_117,0.001,0.1,B0,PASS,FAIL,VALID
final_control_117,0.001,0.1,B1,PASS,FAIL,VALID
final_control_117,0.001,0.1,B2,FAIL,FAIL,VALID
final_control_117,0.001,0.1,B3,FAIL,FAIL,VALID
final_control_117,0.001,0.1,B4_normal,FAIL,FAIL,VALID
final_control_117,0.01,1.0,B5,FAIL,FAIL,VALID
final_control_117,0.01,1.0,B4,FAIL,FAIL,VALID
final_control_117,0.01,1.0,A_no_geometry,FAIL,FAIL,VALID
final_control_117,0.01,1.0,A_no_torque,FAIL,FAIL,VALID
final_control_117,0.01,1.0,A_binary_unknown_fail,FAIL,FAIL,VALID
final_control_117,0.01,1.0,A_accumulated,INDETERMINATE,FAIL,VALID
final_control_117,0.01,1.0,A_net_aggregation,FAIL,FAIL,VALID
final_control_117,0.01,1.0,B0,PASS,FAIL,VALID
final_control_117,0.01,1.0,B1,PASS,FAIL,VALID
final_control_117,0.01,1.0,B2,FAIL,FAIL,VALID
final_control_117,0.01,1.0,B3,FAIL,FAIL,VALID
final_control_117,0.01,1.0,B4_normal,FAIL,FAIL,VALID
final_control_118,1e-06,0.0001,B5,FAIL,FAIL,VALID
final_control_118,1e-06,0.0001,B4,FAIL,FAIL,VALID
final_control_118,1e-06,0.0001,A_no_geometry,FAIL,FAIL,VALID
final_control_118,1e-06,0.0001,A_no_torque,FAIL,FAIL,VALID
final_control_118,1e-06,0.0001,A_binary_unknown_fail,FAIL,FAIL,VALID
final_control_118,1e-06,0.0001,A_accumulated,FAIL,FAIL,VALID
final_control_118,1e-06,0.0001,A_net_aggregation,FAIL,FAIL,VALID
final_control_118,1e-06,0.0001,B0,FAIL,FAIL,VALID
final_control_118,1e-06,0.0001,B1,FAIL,FAIL,VALID
final_control_118,1e-06,0.0001,B2,FAIL,FAIL,VALID
final_control_118,1e-06,0.0001,B3,FAIL,FAIL,VALID
final_control_118,1e-06,0.0001,B4_normal,FAIL,FAIL,VALID
final_control_118,1e-05,0.001,B5,FAIL,FAIL,VALID
final_control_118,1e-05,0.001,B4,FAIL,FAIL,VALID
final_control_118,1e-05,0.001,A_no_geometry,FAIL,FAIL,VALID
final_control_118,1e-05,0.001,A_no_torque,FAIL,FAIL,VALID
final_control_118,1e-05,0.001,A_binary_unknown_fail,FAIL,FAIL,VALID
final_control_118,1e-05,0.001,A_accumulated,FAIL,FAIL,VALID
final_control_118,1e-05,0.001,A_net_aggregation,FAIL,FAIL,VALID
final_control_118,1e-05,0.001,B0,FAIL,FAIL,VALID
final_control_118,1e-05,0.001,B1,FAIL,FAIL,VALID
final_control_118,1e-05,0.001,B2,FAIL,FAIL,VALID
final_control_118,1e-05,0.001,B3,FAIL,FAIL,VALID
final_control_118,1e-05,0.001,B4_normal,FAIL,FAIL,VALID
final_control_118,0.0001,0.01,B5,FAIL,FAIL,VALID
final_control_118,0.0001,0.01,B4,FAIL,FAIL,VALID
final_control_118,0.0001,0.01,A_no_geometry,FAIL,FAIL,VALID
final_control_118,0.0001,0.01,A_no_torque,FAIL,FAIL,VALID
final_control_118,0.0001,0.01,A_binary_unknown_fail,FAIL,FAIL,VALID
final_control_118,0.0001,0.01,A_accumulated,FAIL,FAIL,VALID
final_control_118,0.0001,0.01,A_net_aggregation,FAIL,FAIL,VALID
final_control_118,0.0001,0.01,B0,FAIL,FAIL,VALID
final_control_118,0.0001,0.01,B1,FAIL,FAIL,VALID
final_control_118,0.0001,0.01,B2,FAIL,FAIL,VALID
final_control_118,0.0001,0.01,B3,FAIL,FAIL,VALID
final_control_118,0.0001,0.01,B4_normal,FAIL,FAIL,VALID
final_control_118,0.001,0.1,B5,FAIL,FAIL,VALID
final_control_118,0.001,0.1,B4,FAIL,FAIL,VALID
final_control_118,0.001,0.1,A_no_geometry,FAIL,FAIL,VALID
final_control_118,0.001,0.1,A_no_torque,FAIL,FAIL,VALID
final_control_118,0.001,0.1,A_binary_unknown_fail,FAIL,FAIL,VALID
final_control_118,0.001,0.1,A_accumulated,FAIL,FAIL,VALID
final_control_118,0.001,0.1,A_net_aggregation,FAIL,FAIL,VALID
final_control_118,0.001,0.1,B0,FAIL,FAIL,VALID
final_control_118,0.001,0.1,B1,FAIL,FAIL,VALID
final_control_118,0.001,0.1,B2,FAIL,FAIL,VALID
final_control_118,0.001,0.1,B3,FAIL,FAIL,VALID
final_control_118,0.001,0.1,B4_normal,FAIL,FAIL,VALID
final_control_118,0.01,1.0,B5,FAIL,FAIL,VALID
final_control_118,0.01,1.0,B4,FAIL,FAIL,VALID
final_control_118,0.01,1.0,A_no_geometry,FAIL,FAIL,VALID
final_control_118,0.01,1.0,A_no_torque,FAIL,FAIL,VALID
final_control_118,0.01,1.0,A_binary_unknown_fail,FAIL,FAIL,VALID
final_control_118,0.01,1.0,A_accumulated,FAIL,FAIL,VALID
final_control_118,0.01,1.0,A_net_aggregation,FAIL,FAIL,VALID
final_control_118,0.01,1.0,B0,FAIL,FAIL,VALID
final_control_118,0.01,1.0,B1,FAIL,FAIL,VALID
final_control_118,0.01,1.0,B2,FAIL,FAIL,VALID
final_control_118,0.01,1.0,B3,FAIL,FAIL,VALID
final_control_118,0.01,1.0,B4_normal,FAIL,FAIL,VALID
final_control_119,1e-06,0.0001,B5,PASS,PASS,VALID
final_control_119,1e-06,0.0001,B4,PASS,PASS,VALID
final_control_119,1e-06,0.0001,A_no_geometry,PASS,PASS,VALID
final_control_119,1e-06,0.0001,A_no_torque,PASS,PASS,VALID
final_control_119,1e-06,0.0001,A_binary_unknown_fail,PASS,PASS,VALID
final_control_119,1e-06,0.0001,A_accumulated,PASS,PASS,VALID
final_control_119,1e-06,0.0001,A_net_aggregation,PASS,PASS,VALID
final_control_119,1e-06,0.0001,B0,PASS,PASS,VALID
final_control_119,1e-06,0.0001,B1,PASS,PASS,VALID
final_control_119,1e-06,0.0001,B2,FAIL,PASS,VALID
final_control_119,1e-06,0.0001,B3,PASS,PASS,VALID
final_control_119,1e-06,0.0001,B4_normal,PASS,PASS,VALID
final_control_119,1e-05,0.001,B5,PASS,PASS,VALID
final_control_119,1e-05,0.001,B4,PASS,PASS,VALID
final_control_119,1e-05,0.001,A_no_geometry,PASS,PASS,VALID
final_control_119,1e-05,0.001,A_no_torque,PASS,PASS,VALID
final_control_119,1e-05,0.001,A_binary_unknown_fail,PASS,PASS,VALID
final_control_119,1e-05,0.001,A_accumulated,PASS,PASS,VALID
final_control_119,1e-05,0.001,A_net_aggregation,PASS,PASS,VALID
final_control_119,1e-05,0.001,B0,PASS,PASS,VALID
final_control_119,1e-05,0.001,B1,PASS,PASS,VALID
final_control_119,1e-05,0.001,B2,FAIL,PASS,VALID
final_control_119,1e-05,0.001,B3,PASS,PASS,VALID
final_control_119,1e-05,0.001,B4_normal,PASS,PASS,VALID
final_control_119,0.0001,0.01,B5,PASS,PASS,VALID
final_control_119,0.0001,0.01,B4,PASS,PASS,VALID
final_control_119,0.0001,0.01,A_no_geometry,PASS,PASS,VALID
final_control_119,0.0001,0.01,A_no_torque,PASS,PASS,VALID
final_control_119,0.0001,0.01,A_binary_unknown_fail,PASS,PASS,VALID
final_control_119,0.0001,0.01,A_accumulated,PASS,PASS,VALID
final_control_119,0.0001,0.01,A_net_aggregation,PASS,PASS,VALID
final_control_119,0.0001,0.01,B0,PASS,PASS,VALID
final_control_119,0.0001,0.01,B1,PASS,PASS,VALID
final_control_119,0.0001,0.01,B2,FAIL,PASS,VALID
final_control_119,0.0001,0.01,B3,PASS,PASS,VALID
final_control_119,0.0001,0.01,B4_normal,PASS,PASS,VALID
final_control_119,0.001,0.1,B5,PASS,PASS,VALID
final_control_119,0.001,0.1,B4,PASS,PASS,VALID
final_control_119,0.001,0.1,A_no_geometry,PASS,PASS,VALID
final_control_119,0.001,0.1,A_no_torque,PASS,PASS,VALID
final_control_119,0.001,0.1,A_binary_unknown_fail,PASS,PASS,VALID
final_control_119,0.001,0.1,A_accumulated,PASS,PASS,VALID
final_control_119,0.001,0.1,A_net_aggregation,PASS,PASS,VALID
final_control_119,0.001,0.1,B0,PASS,PASS,VALID
final_control_119,0.001,0.1,B1,PASS,PASS,VALID
final_control_119,0.001,0.1,B2,FAIL,PASS,VALID
final_control_119,0.001,0.1,B3,PASS,PASS,VALID
final_control_119,0.001,0.1,B4_normal,PASS,PASS,VALID
final_control_119,0.01,1.0,B5,PASS,PASS,VALID
final_control_119,0.01,1.0,B4,PASS,PASS,VALID
final_control_119,0.01,1.0,A_no_geometry,PASS,PASS,VALID
final_control_119,0.01,1.0,A_no_torque,PASS,PASS,VALID
final_control_119,0.01,1.0,A_binary_unknown_fail,PASS,PASS,VALID
final_control_119,0.01,1.0,A_accumulated,PASS,PASS,VALID
final_control_119,0.01,1.0,A_net_aggregation,PASS,PASS,VALID
final_control_119,0.01,1.0,B0,PASS,PASS,VALID
final_control_119,0.01,1.0,B1,PASS,PASS,VALID
final_control_119,0.01,1.0,B2,FAIL,PASS,VALID
final_control_119,0.01,1.0,B3,PASS,PASS,VALID
final_control_119,0.01,1.0,B4_normal,PASS,PASS,VALID
final_control_120,1e-06,0.0001,B5,FAIL,FAIL,VALID
final_control_120,1e-06,0.0001,B4,FAIL,FAIL,VALID
final_control_120,1e-06,0.0001,A_no_geometry,FAIL,FAIL,VALID
final_control_120,1e-06,0.0001,A_no_torque,FAIL,FAIL,VALID
final_control_120,1e-06,0.0001,A_binary_unknown_fail,FAIL,FAIL,VALID
final_control_120,1e-06,0.0001,A_accumulated,FAIL,FAIL,VALID
final_control_120,1e-06,0.0001,A_net_aggregation,FAIL,FAIL,VALID
final_control_120,1e-06,0.0001,B0,FAIL,FAIL,VALID
final_control_120,1e-06,0.0001,B1,FAIL,FAIL,VALID
final_control_120,1e-06,0.0001,B2,FAIL,FAIL,VALID
final_control_120,1e-06,0.0001,B3,FAIL,FAIL,VALID
final_control_120,1e-06,0.0001,B4_normal,FAIL,FAIL,VALID
final_control_120,1e-05,0.001,B5,FAIL,FAIL,VALID
final_control_120,1e-05,0.001,B4,FAIL,FAIL,VALID
final_control_120,1e-05,0.001,A_no_geometry,FAIL,FAIL,VALID
final_control_120,1e-05,0.001,A_no_torque,FAIL,FAIL,VALID
final_control_120,1e-05,0.001,A_binary_unknown_fail,FAIL,FAIL,VALID
final_control_120,1e-05,0.001,A_accumulated,FAIL,FAIL,VALID
final_control_120,1e-05,0.001,A_net_aggregation,FAIL,FAIL,VALID
final_control_120,1e-05,0.001,B0,FAIL,FAIL,VALID
final_control_120,1e-05,0.001,B1,FAIL,FAIL,VALID
final_control_120,1e-05,0.001,B2,FAIL,FAIL,VALID
final_control_120,1e-05,0.001,B3,FAIL,FAIL,VALID
final_control_120,1e-05,0.001,B4_normal,FAIL,FAIL,VALID
final_control_120,0.0001,0.01,B5,FAIL,FAIL,VALID
final_control_120,0.0001,0.01,B4,FAIL,FAIL,VALID
final_control_120,0.0001,0.01,A_no_geometry,FAIL,FAIL,VALID
final_control_120,0.0001,0.01,A_no_torque,FAIL,FAIL,VALID
final_control_120,0.0001,0.01,A_binary_unknown_fail,FAIL,FAIL,VALID
final_control_120,0.0001,0.01,A_accumulated,FAIL,FAIL,VALID
final_control_120,0.0001,0.01,A_net_aggregation,FAIL,FAIL,VALID
final_control_120,0.0001,0.01,B0,FAIL,FAIL,VALID
final_control_120,0.0001,0.01,B1,FAIL,FAIL,VALID
final_control_120,0.0001,0.01,B2,FAIL,FAIL,VALID
final_control_120,0.0001,0.01,B3,FAIL,FAIL,VALID
final_control_120,0.0001,0.01,B4_normal,FAIL,FAIL,VALID
final_control_120,0.001,0.1,B5,FAIL,FAIL,VALID
final_control_120,0.001,0.1,B4,FAIL,FAIL,VALID
final_control_120,0.001,0.1,A_no_geometry,FAIL,FAIL,VALID
final_control_120,0.001,0.1,A_no_torque,FAIL,FAIL,VALID
final_control_120,0.001,0.1,A_binary_unknown_fail,FAIL,FAIL,VALID
final_control_120,0.001,0.1,A_accumulated,FAIL,FAIL,VALID
final_control_120,0.001,0.1,A_net_aggregation,FAIL,FAIL,VALID
final_control_120,0.001,0.1,B0,FAIL,FAIL,VALID
final_control_120,0.001,0.1,B1,FAIL,FAIL,VALID
final_control_120,0.001,0.1,B2,FAIL,FAIL,VALID
final_control_120,0.001,0.1,B3,FAIL,FAIL,VALID
final_control_120,0.001,0.1,B4_normal,FAIL,FAIL,VALID
final_control_120,0.01,1.0,B5,FAIL,FAIL,VALID
final_control_120,0.01,1.0,B4,FAIL,FAIL,VALID
final_control_120,0.01,1.0,A_no_geometry,FAIL,FAIL,VALID
final_control_120,0.01,1.0,A_no_torque,FAIL,FAIL,VALID
final_control_120,0.01,1.0,A_binary_unknown_fail,FAIL,FAIL,VALID
final_control_120,0.01,1.0,A_accumulated,FAIL,FAIL,VALID
final_control_120,0.01,1.0,A_net_aggregation,FAIL,FAIL,VALID
final_control_120,0.01,1.0,B0,FAIL,FAIL,VALID
final_control_120,0.01,1.0,B1,FAIL,FAIL,VALID
final_control_120,0.01,1.0,B2,FAIL,FAIL,VALID
final_control_120,0.01,1.0,B3,FAIL,FAIL,VALID
final_control_120,0.01,1.0,B4_normal,FAIL,FAIL,VALID
final_control_121,1e-06,0.0001,B5,PASS,PASS,VALID
final_control_121,1e-06,0.0001,B4,PASS,PASS,VALID
final_control_121,1e-06,0.0001,A_no_geometry,PASS,PASS,VALID
final_control_121,1e-06,0.0001,A_no_torque,PASS,PASS,VALID
final_control_121,1e-06,0.0001,A_binary_unknown_fail,PASS,PASS,VALID
final_control_121,1e-06,0.0001,A_accumulated,PASS,PASS,VALID
final_control_121,1e-06,0.0001,A_net_aggregation,PASS,PASS,VALID
final_control_121,1e-06,0.0001,B0,PASS,PASS,VALID
final_control_121,1e-06,0.0001,B1,PASS,PASS,VALID
final_control_121,1e-06,0.0001,B2,FAIL,PASS,VALID
final_control_121,1e-06,0.0001,B3,PASS,PASS,VALID
final_control_121,1e-06,0.0001,B4_normal,PASS,PASS,VALID
final_control_121,1e-05,0.001,B5,PASS,PASS,VALID
final_control_121,1e-05,0.001,B4,PASS,PASS,VALID
final_control_121,1e-05,0.001,A_no_geometry,PASS,PASS,VALID
final_control_121,1e-05,0.001,A_no_torque,PASS,PASS,VALID
final_control_121,1e-05,0.001,A_binary_unknown_fail,PASS,PASS,VALID
final_control_121,1e-05,0.001,A_accumulated,PASS,PASS,VALID
final_control_121,1e-05,0.001,A_net_aggregation,PASS,PASS,VALID
final_control_121,1e-05,0.001,B0,PASS,PASS,VALID
final_control_121,1e-05,0.001,B1,PASS,PASS,VALID
final_control_121,1e-05,0.001,B2,FAIL,PASS,VALID
final_control_121,1e-05,0.001,B3,PASS,PASS,VALID
final_control_121,1e-05,0.001,B4_normal,PASS,PASS,VALID
final_control_121,0.0001,0.01,B5,PASS,PASS,VALID
final_control_121,0.0001,0.01,B4,PASS,PASS,VALID
final_control_121,0.0001,0.01,A_no_geometry,PASS,PASS,VALID
final_control_121,0.0001,0.01,A_no_torque,PASS,PASS,VALID
final_control_121,0.0001,0.01,A_binary_unknown_fail,PASS,PASS,VALID
final_control_121,0.0001,0.01,A_accumulated,PASS,PASS,VALID
final_control_121,0.0001,0.01,A_net_aggregation,PASS,PASS,VALID
final_control_121,0.0001,0.01,B0,PASS,PASS,VALID
final_control_121,0.0001,0.01,B1,PASS,PASS,VALID
final_control_121,0.0001,0.01,B2,FAIL,PASS,VALID
final_control_121,0.0001,0.01,B3,PASS,PASS,VALID
final_control_121,0.0001,0.01,B4_normal,PASS,PASS,VALID
final_control_121,0.001,0.1,B5,PASS,PASS,VALID
final_control_121,0.001,0.1,B4,PASS,PASS,VALID
final_control_121,0.001,0.1,A_no_geometry,PASS,PASS,VALID
final_control_121,0.001,0.1,A_no_torque,PASS,PASS,VALID
final_control_121,0.001,0.1,A_binary_unknown_fail,PASS,PASS,VALID
final_control_121,0.001,0.1,A_accumulated,PASS,PASS,VALID
final_control_121,0.001,0.1,A_net_aggregation,PASS,PASS,VALID
final_control_121,0.001,0.1,B0,PASS,PASS,VALID
final_control_121,0.001,0.1,B1,PASS,PASS,VALID
final_control_121,0.001,0.1,B2,FAIL,PASS,VALID
final_control_121,0.001,0.1,B3,PASS,PASS,VALID
final_control_121,0.001,0.1,B4_normal,PASS,PASS,VALID
final_control_121,0.01,1.0,B5,PASS,PASS,VALID
final_control_121,0.01,1.0,B4,PASS,PASS,VALID
final_control_121,0.01,1.0,A_no_geometry,PASS,PASS,VALID
final_control_121,0.01,1.0,A_no_torque,PASS,PASS,VALID
final_control_121,0.01,1.0,A_binary_unknown_fail,PASS,PASS,VALID
final_control_121,0.01,1.0,A_accumulated,PASS,PASS,VALID
final_control_121,0.01,1.0,A_net_aggregation,PASS,PASS,VALID
final_control_121,0.01,1.0,B0,PASS,PASS,VALID
final_control_121,0.01,1.0,B1,PASS,PASS,VALID
final_control_121,0.01,1.0,B2,FAIL,PASS,VALID
final_control_121,0.01,1.0,B3,PASS,PASS,VALID
final_control_121,0.01,1.0,B4_normal,PASS,PASS,VALID
final_control_122,1e-06,0.0001,B5,FAIL,FAIL,VALID
final_control_122,1e-06,0.0001,B4,FAIL,FAIL,VALID
final_control_122,1e-06,0.0001,A_no_geometry,FAIL,FAIL,VALID
final_control_122,1e-06,0.0001,A_no_torque,FAIL,FAIL,VALID
final_control_122,1e-06,0.0001,A_binary_unknown_fail,FAIL,FAIL,VALID
final_control_122,1e-06,0.0001,A_accumulated,FAIL,FAIL,VALID
final_control_122,1e-06,0.0001,A_net_aggregation,FAIL,FAIL,VALID
final_control_122,1e-06,0.0001,B0,PASS,FAIL,VALID
final_control_122,1e-06,0.0001,B1,PASS,FAIL,VALID
final_control_122,1e-06,0.0001,B2,FAIL,FAIL,VALID
final_control_122,1e-06,0.0001,B3,FAIL,FAIL,VALID
final_control_122,1e-06,0.0001,B4_normal,FAIL,FAIL,VALID
final_control_122,1e-05,0.001,B5,FAIL,FAIL,VALID
final_control_122,1e-05,0.001,B4,FAIL,FAIL,VALID
final_control_122,1e-05,0.001,A_no_geometry,FAIL,FAIL,VALID
final_control_122,1e-05,0.001,A_no_torque,FAIL,FAIL,VALID
final_control_122,1e-05,0.001,A_binary_unknown_fail,FAIL,FAIL,VALID
final_control_122,1e-05,0.001,A_accumulated,FAIL,FAIL,VALID
final_control_122,1e-05,0.001,A_net_aggregation,FAIL,FAIL,VALID
final_control_122,1e-05,0.001,B0,PASS,FAIL,VALID
final_control_122,1e-05,0.001,B1,PASS,FAIL,VALID
final_control_122,1e-05,0.001,B2,FAIL,FAIL,VALID
final_control_122,1e-05,0.001,B3,FAIL,FAIL,VALID
final_control_122,1e-05,0.001,B4_normal,FAIL,FAIL,VALID
final_control_122,0.0001,0.01,B5,FAIL,FAIL,VALID
final_control_122,0.0001,0.01,B4,FAIL,FAIL,VALID
final_control_122,0.0001,0.01,A_no_geometry,FAIL,FAIL,VALID
final_control_122,0.0001,0.01,A_no_torque,FAIL,FAIL,VALID
final_control_122,0.0001,0.01,A_binary_unknown_fail,FAIL,FAIL,VALID
final_control_122,0.0001,0.01,A_accumulated,FAIL,FAIL,VALID
final_control_122,0.0001,0.01,A_net_aggregation,FAIL,FAIL,VALID
final_control_122,0.0001,0.01,B0,PASS,FAIL,VALID
final_control_122,0.0001,0.01,B1,PASS,FAIL,VALID
final_control_122,0.0001,0.01,B2,FAIL,FAIL,VALID
final_control_122,0.0001,0.01,B3,FAIL,FAIL,VALID
final_control_122,0.0001,0.01,B4_normal,FAIL,FAIL,VALID
final_control_122,0.001,0.1,B5,FAIL,FAIL,VALID
final_control_122,0.001,0.1,B4,FAIL,FAIL,VALID
final_control_122,0.001,0.1,A_no_geometry,FAIL,FAIL,VALID
final_control_122,0.001,0.1,A_no_torque,FAIL,FAIL,VALID
final_control_122,0.001,0.1,A_binary_unknown_fail,FAIL,FAIL,VALID
final_control_122,0.001,0.1,A_accumulated,FAIL,FAIL,VALID
final_control_122,0.001,0.1,A_net_aggregation,FAIL,FAIL,VALID
final_control_122,0.001,0.1,B0,PASS,FAIL,VALID
final_control_122,0.001,0.1,B1,PASS,FAIL,VALID
final_control_122,0.001,0.1,B2,FAIL,FAIL,VALID
final_control_122,0.001,0.1,B3,FAIL,FAIL,VALID
final_control_122,0.001,0.1,B4_normal,FAIL,FAIL,VALID
final_control_122,0.01,1.0,B5,FAIL,FAIL,VALID
final_control_122,0.01,1.0,B4,FAIL,FAIL,VALID
final_control_122,0.01,1.0,A_no_geometry,FAIL,FAIL,VALID
final_control_122,0.01,1.0,A_no_torque,FAIL,FAIL,VALID
final_control_122,0.01,1.0,A_binary_unknown_fail,FAIL,FAIL,VALID
final_control_122,0.01,1.0,A_accumulated,FAIL,FAIL,VALID
final_control_122,0.01,1.0,A_net_aggregation,FAIL,FAIL,VALID
final_control_122,0.01,1.0,B0,PASS,FAIL,VALID
final_control_122,0.01,1.0,B1,PASS,FAIL,VALID
final_control_122,0.01,1.0,B2,FAIL,FAIL,VALID
final_control_122,0.01,1.0,B3,FAIL,FAIL,VALID
final_control_122,0.01,1.0,B4_normal,FAIL,FAIL,VALID
final_control_123,1e-06,0.0001,B5,FAIL,FAIL,VALID
final_control_123,1e-06,0.0001,B4,FAIL,FAIL,VALID
final_control_123,1e-06,0.0001,A_no_geometry,FAIL,FAIL,VALID
final_control_123,1e-06,0.0001,A_no_torque,FAIL,FAIL,VALID
final_control_123,1e-06,0.0001,A_binary_unknown_fail,FAIL,FAIL,VALID
final_control_123,1e-06,0.0001,A_accumulated,FAIL,FAIL,VALID
final_control_123,1e-06,0.0001,A_net_aggregation,FAIL,FAIL,VALID
final_control_123,1e-06,0.0001,B0,PASS,FAIL,VALID
final_control_123,1e-06,0.0001,B1,PASS,FAIL,VALID
final_control_123,1e-06,0.0001,B2,FAIL,FAIL,VALID
final_control_123,1e-06,0.0001,B3,FAIL,FAIL,VALID
final_control_123,1e-06,0.0001,B4_normal,FAIL,FAIL,VALID
final_control_123,1e-05,0.001,B5,FAIL,FAIL,VALID
final_control_123,1e-05,0.001,B4,FAIL,FAIL,VALID
final_control_123,1e-05,0.001,A_no_geometry,FAIL,FAIL,VALID
final_control_123,1e-05,0.001,A_no_torque,FAIL,FAIL,VALID
final_control_123,1e-05,0.001,A_binary_unknown_fail,FAIL,FAIL,VALID
final_control_123,1e-05,0.001,A_accumulated,FAIL,FAIL,VALID
final_control_123,1e-05,0.001,A_net_aggregation,FAIL,FAIL,VALID
final_control_123,1e-05,0.001,B0,PASS,FAIL,VALID
final_control_123,1e-05,0.001,B1,PASS,FAIL,VALID
final_control_123,1e-05,0.001,B2,FAIL,FAIL,VALID
final_control_123,1e-05,0.001,B3,FAIL,FAIL,VALID
final_control_123,1e-05,0.001,B4_normal,FAIL,FAIL,VALID
final_control_123,0.0001,0.01,B5,FAIL,FAIL,VALID
final_control_123,0.0001,0.01,B4,FAIL,FAIL,VALID
final_control_123,0.0001,0.01,A_no_geometry,FAIL,FAIL,VALID
final_control_123,0.0001,0.01,A_no_torque,FAIL,FAIL,VALID
final_control_123,0.0001,0.01,A_binary_unknown_fail,FAIL,FAIL,VALID
final_control_123,0.0001,0.01,A_accumulated,FAIL,FAIL,VALID
final_control_123,0.0001,0.01,A_net_aggregation,FAIL,FAIL,VALID
final_control_123,0.0001,0.01,B0,PASS,FAIL,VALID
final_control_123,0.0001,0.01,B1,PASS,FAIL,VALID
final_control_123,0.0001,0.01,B2,FAIL,FAIL,VALID
final_control_123,0.0001,0.01,B3,FAIL,FAIL,VALID
final_control_123,0.0001,0.01,B4_normal,FAIL,FAIL,VALID
final_control_123,0.001,0.1,B5,FAIL,FAIL,VALID
final_control_123,0.001,0.1,B4,FAIL,FAIL,VALID
final_control_123,0.001,0.1,A_no_geometry,FAIL,FAIL,VALID
final_control_123,0.001,0.1,A_no_torque,FAIL,FAIL,VALID
final_control_123,0.001,0.1,A_binary_unknown_fail,FAIL,FAIL,VALID
final_control_123,0.001,0.1,A_accumulated,FAIL,FAIL,VALID
final_control_123,0.001,0.1,A_net_aggregation,FAIL,FAIL,VALID
final_control_123,0.001,0.1,B0,PASS,FAIL,VALID
final_control_123,0.001,0.1,B1,PASS,FAIL,VALID
final_control_123,0.001,0.1,B2,FAIL,FAIL,VALID
final_control_123,0.001,0.1,B3,FAIL,FAIL,VALID
final_control_123,0.001,0.1,B4_normal,FAIL,FAIL,VALID
final_control_123,0.01,1.0,B5,FAIL,FAIL,VALID
final_control_123,0.01,1.0,B4,FAIL,FAIL,VALID
final_control_123,0.01,1.0,A_no_geometry,FAIL,FAIL,VALID
final_control_123,0.01,1.0,A_no_torque,FAIL,FAIL,VALID
final_control_123,0.01,1.0,A_binary_unknown_fail,FAIL,FAIL,VALID
final_control_123,0.01,1.0,A_accumulated,FAIL,FAIL,VALID
final_control_123,0.01,1.0,A_net_aggregation,FAIL,FAIL,VALID
final_control_123,0.01,1.0,B0,PASS,FAIL,VALID
final_control_123,0.01,1.0,B1,PASS,FAIL,VALID
final_control_123,0.01,1.0,B2,FAIL,FAIL,VALID
final_control_123,0.01,1.0,B3,FAIL,FAIL,VALID
final_control_123,0.01,1.0,B4_normal,FAIL,FAIL,VALID
final_control_124,1e-06,0.0001,B5,FAIL,FAIL,VALID
final_control_124,1e-06,0.0001,B4,FAIL,FAIL,VALID
final_control_124,1e-06,0.0001,A_no_geometry,FAIL,FAIL,VALID
final_control_124,1e-06,0.0001,A_no_torque,FAIL,FAIL,VALID
final_control_124,1e-06,0.0001,A_binary_unknown_fail,FAIL,FAIL,VALID
final_control_124,1e-06,0.0001,A_accumulated,FAIL,FAIL,VALID
final_control_124,1e-06,0.0001,A_net_aggregation,FAIL,FAIL,VALID
final_control_124,1e-06,0.0001,B0,PASS,FAIL,VALID
final_control_124,1e-06,0.0001,B1,PASS,FAIL,VALID
final_control_124,1e-06,0.0001,B2,FAIL,FAIL,VALID
final_control_124,1e-06,0.0001,B3,FAIL,FAIL,VALID
final_control_124,1e-06,0.0001,B4_normal,FAIL,FAIL,VALID
final_control_124,1e-05,0.001,B5,FAIL,FAIL,VALID
final_control_124,1e-05,0.001,B4,FAIL,FAIL,VALID
final_control_124,1e-05,0.001,A_no_geometry,FAIL,FAIL,VALID
final_control_124,1e-05,0.001,A_no_torque,FAIL,FAIL,VALID
final_control_124,1e-05,0.001,A_binary_unknown_fail,FAIL,FAIL,VALID
final_control_124,1e-05,0.001,A_accumulated,FAIL,FAIL,VALID
final_control_124,1e-05,0.001,A_net_aggregation,FAIL,FAIL,VALID
final_control_124,1e-05,0.001,B0,PASS,FAIL,VALID
final_control_124,1e-05,0.001,B1,PASS,FAIL,VALID
final_control_124,1e-05,0.001,B2,FAIL,FAIL,VALID
final_control_124,1e-05,0.001,B3,FAIL,FAIL,VALID
final_control_124,1e-05,0.001,B4_normal,FAIL,FAIL,VALID
final_control_124,0.0001,0.01,B5,FAIL,FAIL,VALID
final_control_124,0.0001,0.01,B4,FAIL,FAIL,VALID
final_control_124,0.0001,0.01,A_no_geometry,FAIL,FAIL,VALID
final_control_124,0.0001,0.01,A_no_torque,FAIL,FAIL,VALID
final_control_124,0.0001,0.01,A_binary_unknown_fail,FAIL,FAIL,VALID
final_control_124,0.0001,0.01,A_accumulated,FAIL,FAIL,VALID
final_control_124,0.0001,0.01,A_net_aggregation,FAIL,FAIL,VALID
final_control_124,0.0001,0.01,B0,PASS,FAIL,VALID
final_control_124,0.0001,0.01,B1,PASS,FAIL,VALID
final_control_124,0.0001,0.01,B2,FAIL,FAIL,VALID
final_control_124,0.0001,0.01,B3,FAIL,FAIL,VALID
final_control_124,0.0001,0.01,B4_normal,FAIL,FAIL,VALID
final_control_124,0.001,0.1,B5,FAIL,FAIL,VALID
final_control_124,0.001,0.1,B4,FAIL,FAIL,VALID
final_control_124,0.001,0.1,A_no_geometry,FAIL,FAIL,VALID
final_control_124,0.001,0.1,A_no_torque,FAIL,FAIL,VALID
final_control_124,0.001,0.1,A_binary_unknown_fail,FAIL,FAIL,VALID
final_control_124,0.001,0.1,A_accumulated,FAIL,FAIL,VALID
final_control_124,0.001,0.1,A_net_aggregation,FAIL,FAIL,VALID
final_control_124,0.001,0.1,B0,PASS,FAIL,VALID
final_control_124,0.001,0.1,B1,PASS,FAIL,VALID
final_control_124,0.001,0.1,B2,FAIL,FAIL,VALID
final_control_124,0.001,0.1,B3,FAIL,FAIL,VALID
final_control_124,0.001,0.1,B4_normal,FAIL,FAIL,VALID
final_control_124,0.01,1.0,B5,FAIL,FAIL,VALID
final_control_124,0.01,1.0,B4,FAIL,FAIL,VALID
final_control_124,0.01,1.0,A_no_geometry,FAIL,FAIL,VALID
final_control_124,0.01,1.0,A_no_torque,FAIL,FAIL,VALID
final_control_124,0.01,1.0,A_binary_unknown_fail,FAIL,FAIL,VALID
final_control_124,0.01,1.0,A_accumulated,FAIL,FAIL,VALID
final_control_124,0.01,1.0,A_net_aggregation,INDETERMINATE,FAIL,VALID
final_control_124,0.01,1.0,B0,PASS,FAIL,VALID
final_control_124,0.01,1.0,B1,PASS,FAIL,VALID
final_control_124,0.01,1.0,B2,FAIL,FAIL,VALID
final_control_124,0.01,1.0,B3,FAIL,FAIL,VALID
final_control_124,0.01,1.0,B4_normal,FAIL,FAIL,VALID
final_control_125,1e-06,0.0001,B5,FAIL,FAIL,VALID
final_control_125,1e-06,0.0001,B4,FAIL,FAIL,VALID
final_control_125,1e-06,0.0001,A_no_geometry,FAIL,FAIL,VALID
final_control_125,1e-06,0.0001,A_no_torque,FAIL,FAIL,VALID
final_control_125,1e-06,0.0001,A_binary_unknown_fail,FAIL,FAIL,VALID
final_control_125,1e-06,0.0001,A_accumulated,PASS,FAIL,VALID
final_control_125,1e-06,0.0001,A_net_aggregation,FAIL,FAIL,VALID
final_control_125,1e-06,0.0001,B0,PASS,FAIL,VALID
final_control_125,1e-06,0.0001,B1,FAIL,FAIL,VALID
final_control_125,1e-06,0.0001,B2,FAIL,FAIL,VALID
final_control_125,1e-06,0.0001,B3,FAIL,FAIL,VALID
final_control_125,1e-06,0.0001,B4_normal,FAIL,FAIL,VALID
final_control_125,1e-05,0.001,B5,FAIL,FAIL,VALID
final_control_125,1e-05,0.001,B4,FAIL,FAIL,VALID
final_control_125,1e-05,0.001,A_no_geometry,FAIL,FAIL,VALID
final_control_125,1e-05,0.001,A_no_torque,FAIL,FAIL,VALID
final_control_125,1e-05,0.001,A_binary_unknown_fail,FAIL,FAIL,VALID
final_control_125,1e-05,0.001,A_accumulated,PASS,FAIL,VALID
final_control_125,1e-05,0.001,A_net_aggregation,FAIL,FAIL,VALID
final_control_125,1e-05,0.001,B0,PASS,FAIL,VALID
final_control_125,1e-05,0.001,B1,FAIL,FAIL,VALID
final_control_125,1e-05,0.001,B2,FAIL,FAIL,VALID
final_control_125,1e-05,0.001,B3,FAIL,FAIL,VALID
final_control_125,1e-05,0.001,B4_normal,FAIL,FAIL,VALID
final_control_125,0.0001,0.01,B5,FAIL,FAIL,VALID
final_control_125,0.0001,0.01,B4,FAIL,FAIL,VALID
final_control_125,0.0001,0.01,A_no_geometry,FAIL,FAIL,VALID
final_control_125,0.0001,0.01,A_no_torque,FAIL,FAIL,VALID
final_control_125,0.0001,0.01,A_binary_unknown_fail,FAIL,FAIL,VALID
final_control_125,0.0001,0.01,A_accumulated,PASS,FAIL,VALID
final_control_125,0.0001,0.01,A_net_aggregation,FAIL,FAIL,VALID
final_control_125,0.0001,0.01,B0,PASS,FAIL,VALID
final_control_125,0.0001,0.01,B1,FAIL,FAIL,VALID
final_control_125,0.0001,0.01,B2,FAIL,FAIL,VALID
final_control_125,0.0001,0.01,B3,FAIL,FAIL,VALID
final_control_125,0.0001,0.01,B4_normal,FAIL,FAIL,VALID
final_control_125,0.001,0.1,B5,FAIL,FAIL,VALID
final_control_125,0.001,0.1,B4,FAIL,FAIL,VALID
final_control_125,0.001,0.1,A_no_geometry,FAIL,FAIL,VALID
final_control_125,0.001,0.1,A_no_torque,FAIL,FAIL,VALID
final_control_125,0.001,0.1,A_binary_unknown_fail,FAIL,FAIL,VALID
final_control_125,0.001,0.1,A_accumulated,PASS,FAIL,VALID
final_control_125,0.001,0.1,A_net_aggregation,FAIL,FAIL,VALID
final_control_125,0.001,0.1,B0,PASS,FAIL,VALID
final_control_125,0.001,0.1,B1,FAIL,FAIL,VALID
final_control_125,0.001,0.1,B2,FAIL,FAIL,VALID
final_control_125,0.001,0.1,B3,FAIL,FAIL,VALID
final_control_125,0.001,0.1,B4_normal,FAIL,FAIL,VALID
final_control_125,0.01,1.0,B5,FAIL,FAIL,VALID
final_control_125,0.01,1.0,B4,FAIL,FAIL,VALID
final_control_125,0.01,1.0,A_no_geometry,FAIL,FAIL,VALID
final_control_125,0.01,1.0,A_no_torque,FAIL,FAIL,VALID
final_control_125,0.01,1.0,A_binary_unknown_fail,FAIL,FAIL,VALID
final_control_125,0.01,1.0,A_accumulated,PASS,FAIL,VALID
final_control_125,0.01,1.0,A_net_aggregation,FAIL,FAIL,VALID
final_control_125,0.01,1.0,B0,PASS,FAIL,VALID
final_control_125,0.01,1.0,B1,FAIL,FAIL,VALID
final_control_125,0.01,1.0,B2,FAIL,FAIL,VALID
final_control_125,0.01,1.0,B3,FAIL,FAIL,VALID
final_control_125,0.01,1.0,B4_normal,FAIL,FAIL,VALID
final_control_126,1e-06,0.0001,B5,FAIL,FAIL,VALID
final_control_126,1e-06,0.0001,B4,FAIL,FAIL,VALID
final_control_126,1e-06,0.0001,A_no_geometry,FAIL,FAIL,VALID
final_control_126,1e-06,0.0001,A_no_torque,FAIL,FAIL,VALID
final_control_126,1e-06,0.0001,A_binary_unknown_fail,FAIL,FAIL,VALID
final_control_126,1e-06,0.0001,A_accumulated,FAIL,FAIL,VALID
final_control_126,1e-06,0.0001,A_net_aggregation,FAIL,FAIL,VALID
final_control_126,1e-06,0.0001,B0,FAIL,FAIL,VALID
final_control_126,1e-06,0.0001,B1,FAIL,FAIL,VALID
final_control_126,1e-06,0.0001,B2,FAIL,FAIL,VALID
final_control_126,1e-06,0.0001,B3,FAIL,FAIL,VALID
final_control_126,1e-06,0.0001,B4_normal,FAIL,FAIL,VALID
final_control_126,1e-05,0.001,B5,FAIL,FAIL,VALID
final_control_126,1e-05,0.001,B4,FAIL,FAIL,VALID
final_control_126,1e-05,0.001,A_no_geometry,FAIL,FAIL,VALID
final_control_126,1e-05,0.001,A_no_torque,FAIL,FAIL,VALID
final_control_126,1e-05,0.001,A_binary_unknown_fail,FAIL,FAIL,VALID
final_control_126,1e-05,0.001,A_accumulated,FAIL,FAIL,VALID
final_control_126,1e-05,0.001,A_net_aggregation,FAIL,FAIL,VALID
final_control_126,1e-05,0.001,B0,FAIL,FAIL,VALID
final_control_126,1e-05,0.001,B1,FAIL,FAIL,VALID
final_control_126,1e-05,0.001,B2,FAIL,FAIL,VALID
final_control_126,1e-05,0.001,B3,FAIL,FAIL,VALID
final_control_126,1e-05,0.001,B4_normal,FAIL,FAIL,VALID
final_control_126,0.0001,0.01,B5,FAIL,FAIL,VALID
final_control_126,0.0001,0.01,B4,FAIL,FAIL,VALID
final_control_126,0.0001,0.01,A_no_geometry,FAIL,FAIL,VALID
final_control_126,0.0001,0.01,A_no_torque,FAIL,FAIL,VALID
final_control_126,0.0001,0.01,A_binary_unknown_fail,FAIL,FAIL,VALID
final_control_126,0.0001,0.01,A_accumulated,FAIL,FAIL,VALID
final_control_126,0.0001,0.01,A_net_aggregation,FAIL,FAIL,VALID
final_control_126,0.0001,0.01,B0,FAIL,FAIL,VALID
final_control_126,0.0001,0.01,B1,FAIL,FAIL,VALID
final_control_126,0.0001,0.01,B2,FAIL,FAIL,VALID
final_control_126,0.0001,0.01,B3,FAIL,FAIL,VALID
final_control_126,0.0001,0.01,B4_normal,FAIL,FAIL,VALID
final_control_126,0.001,0.1,B5,FAIL,FAIL,VALID
final_control_126,0.001,0.1,B4,FAIL,FAIL,VALID
final_control_126,0.001,0.1,A_no_geometry,FAIL,FAIL,VALID
final_control_126,0.001,0.1,A_no_torque,FAIL,FAIL,VALID
final_control_126,0.001,0.1,A_binary_unknown_fail,FAIL,FAIL,VALID
final_control_126,0.001,0.1,A_accumulated,FAIL,FAIL,VALID
final_control_126,0.001,0.1,A_net_aggregation,FAIL,FAIL,VALID
final_control_126,0.001,0.1,B0,FAIL,FAIL,VALID
final_control_126,0.001,0.1,B1,FAIL,FAIL,VALID
final_control_126,0.001,0.1,B2,FAIL,FAIL,VALID
final_control_126,0.001,0.1,B3,FAIL,FAIL,VALID
final_control_126,0.001,0.1,B4_normal,FAIL,FAIL,VALID
final_control_126,0.01,1.0,B5,FAIL,FAIL,VALID
final_control_126,0.01,1.0,B4,FAIL,FAIL,VALID
final_control_126,0.01,1.0,A_no_geometry,FAIL,FAIL,VALID
final_control_126,0.01,1.0,A_no_torque,FAIL,FAIL,VALID
final_control_126,0.01,1.0,A_binary_unknown_fail,FAIL,FAIL,VALID
final_control_126,0.01,1.0,A_accumulated,FAIL,FAIL,VALID
final_control_126,0.01,1.0,A_net_aggregation,FAIL,FAIL,VALID
final_control_126,0.01,1.0,B0,FAIL,FAIL,VALID
final_control_126,0.01,1.0,B1,FAIL,FAIL,VALID
final_control_126,0.01,1.0,B2,FAIL,FAIL,VALID
final_control_126,0.01,1.0,B3,FAIL,FAIL,VALID
final_control_126,0.01,1.0,B4_normal,FAIL,FAIL,VALID
final_control_127,1e-06,0.0001,B5,PASS,PASS,VALID
final_control_127,1e-06,0.0001,B4,PASS,PASS,VALID
final_control_127,1e-06,0.0001,A_no_geometry,PASS,PASS,VALID
final_control_127,1e-06,0.0001,A_no_torque,PASS,PASS,VALID
final_control_127,1e-06,0.0001,A_binary_unknown_fail,PASS,PASS,VALID
final_control_127,1e-06,0.0001,A_accumulated,PASS,PASS,VALID
final_control_127,1e-06,0.0001,A_net_aggregation,PASS,PASS,VALID
final_control_127,1e-06,0.0001,B0,PASS,PASS,VALID
final_control_127,1e-06,0.0001,B1,PASS,PASS,VALID
final_control_127,1e-06,0.0001,B2,FAIL,PASS,VALID
final_control_127,1e-06,0.0001,B3,PASS,PASS,VALID
final_control_127,1e-06,0.0001,B4_normal,PASS,PASS,VALID
final_control_127,1e-05,0.001,B5,PASS,PASS,VALID
final_control_127,1e-05,0.001,B4,PASS,PASS,VALID
final_control_127,1e-05,0.001,A_no_geometry,PASS,PASS,VALID
final_control_127,1e-05,0.001,A_no_torque,PASS,PASS,VALID
final_control_127,1e-05,0.001,A_binary_unknown_fail,PASS,PASS,VALID
final_control_127,1e-05,0.001,A_accumulated,PASS,PASS,VALID
final_control_127,1e-05,0.001,A_net_aggregation,PASS,PASS,VALID
final_control_127,1e-05,0.001,B0,PASS,PASS,VALID
final_control_127,1e-05,0.001,B1,PASS,PASS,VALID
final_control_127,1e-05,0.001,B2,FAIL,PASS,VALID
final_control_127,1e-05,0.001,B3,PASS,PASS,VALID
final_control_127,1e-05,0.001,B4_normal,PASS,PASS,VALID
final_control_127,0.0001,0.01,B5,PASS,PASS,VALID
final_control_127,0.0001,0.01,B4,PASS,PASS,VALID
final_control_127,0.0001,0.01,A_no_geometry,PASS,PASS,VALID
final_control_127,0.0001,0.01,A_no_torque,PASS,PASS,VALID
final_control_127,0.0001,0.01,A_binary_unknown_fail,PASS,PASS,VALID
final_control_127,0.0001,0.01,A_accumulated,PASS,PASS,VALID
final_control_127,0.0001,0.01,A_net_aggregation,PASS,PASS,VALID
final_control_127,0.0001,0.01,B0,PASS,PASS,VALID
final_control_127,0.0001,0.01,B1,PASS,PASS,VALID
final_control_127,0.0001,0.01,B2,FAIL,PASS,VALID
final_control_127,0.0001,0.01,B3,PASS,PASS,VALID
final_control_127,0.0001,0.01,B4_normal,PASS,PASS,VALID
final_control_127,0.001,0.1,B5,PASS,PASS,VALID
final_control_127,0.001,0.1,B4,PASS,PASS,VALID
final_control_127,0.001,0.1,A_no_geometry,PASS,PASS,VALID
final_control_127,0.001,0.1,A_no_torque,PASS,PASS,VALID
final_control_127,0.001,0.1,A_binary_unknown_fail,PASS,PASS,VALID
final_control_127,0.001,0.1,A_accumulated,PASS,PASS,VALID
final_control_127,0.001,0.1,A_net_aggregation,PASS,PASS,VALID
final_control_127,0.001,0.1,B0,PASS,PASS,VALID
final_control_127,0.001,0.1,B1,PASS,PASS,VALID
final_control_127,0.001,0.1,B2,FAIL,PASS,VALID
final_control_127,0.001,0.1,B3,PASS,PASS,VALID
final_control_127,0.001,0.1,B4_normal,PASS,PASS,VALID
final_control_127,0.01,1.0,B5,PASS,PASS,VALID
final_control_127,0.01,1.0,B4,PASS,PASS,VALID
final_control_127,0.01,1.0,A_no_geometry,PASS,PASS,VALID
final_control_127,0.01,1.0,A_no_torque,PASS,PASS,VALID
final_control_127,0.01,1.0,A_binary_unknown_fail,PASS,PASS,VALID
final_control_127,0.01,1.0,A_accumulated,PASS,PASS,VALID
final_control_127,0.01,1.0,A_net_aggregation,PASS,PASS,VALID
final_control_127,0.01,1.0,B0,PASS,PASS,VALID
final_control_127,0.01,1.0,B1,PASS,PASS,VALID
final_control_127,0.01,1.0,B2,FAIL,PASS,VALID
final_control_127,0.01,1.0,B3,PASS,PASS,VALID
final_control_127,0.01,1.0,B4_normal,PASS,PASS,VALID
final_control_128,1e-06,0.0001,B5,PASS,PASS,VALID
final_control_128,1e-06,0.0001,B4,PASS,PASS,VALID
final_control_128,1e-06,0.0001,A_no_geometry,PASS,PASS,VALID
final_control_128,1e-06,0.0001,A_no_torque,PASS,PASS,VALID
final_control_128,1e-06,0.0001,A_binary_unknown_fail,PASS,PASS,VALID
final_control_128,1e-06,0.0001,A_accumulated,PASS,PASS,VALID
final_control_128,1e-06,0.0001,A_net_aggregation,PASS,PASS,VALID
final_control_128,1e-06,0.0001,B0,PASS,PASS,VALID
final_control_128,1e-06,0.0001,B1,PASS,PASS,VALID
final_control_128,1e-06,0.0001,B2,PASS,PASS,VALID
final_control_128,1e-06,0.0001,B3,PASS,PASS,VALID
final_control_128,1e-06,0.0001,B4_normal,PASS,PASS,VALID
final_control_128,1e-05,0.001,B5,PASS,PASS,VALID
final_control_128,1e-05,0.001,B4,PASS,PASS,VALID
final_control_128,1e-05,0.001,A_no_geometry,PASS,PASS,VALID
final_control_128,1e-05,0.001,A_no_torque,PASS,PASS,VALID
final_control_128,1e-05,0.001,A_binary_unknown_fail,PASS,PASS,VALID
final_control_128,1e-05,0.001,A_accumulated,PASS,PASS,VALID
final_control_128,1e-05,0.001,A_net_aggregation,PASS,PASS,VALID
final_control_128,1e-05,0.001,B0,PASS,PASS,VALID
final_control_128,1e-05,0.001,B1,PASS,PASS,VALID
final_control_128,1e-05,0.001,B2,PASS,PASS,VALID
final_control_128,1e-05,0.001,B3,PASS,PASS,VALID
final_control_128,1e-05,0.001,B4_normal,PASS,PASS,VALID
final_control_128,0.0001,0.01,B5,PASS,PASS,VALID
final_control_128,0.0001,0.01,B4,PASS,PASS,VALID
final_control_128,0.0001,0.01,A_no_geometry,PASS,PASS,VALID
final_control_128,0.0001,0.01,A_no_torque,PASS,PASS,VALID
final_control_128,0.0001,0.01,A_binary_unknown_fail,PASS,PASS,VALID
final_control_128,0.0001,0.01,A_accumulated,PASS,PASS,VALID
final_control_128,0.0001,0.01,A_net_aggregation,PASS,PASS,VALID
final_control_128,0.0001,0.01,B0,PASS,PASS,VALID
final_control_128,0.0001,0.01,B1,PASS,PASS,VALID
final_control_128,0.0001,0.01,B2,PASS,PASS,VALID
final_control_128,0.0001,0.01,B3,PASS,PASS,VALID
final_control_128,0.0001,0.01,B4_normal,PASS,PASS,VALID
final_control_128,0.001,0.1,B5,PASS,PASS,VALID
final_control_128,0.001,0.1,B4,PASS,PASS,VALID
final_control_128,0.001,0.1,A_no_geometry,PASS,PASS,VALID
final_control_128,0.001,0.1,A_no_torque,PASS,PASS,VALID
final_control_128,0.001,0.1,A_binary_unknown_fail,PASS,PASS,VALID
final_control_128,0.001,0.1,A_accumulated,PASS,PASS,VALID
final_control_128,0.001,0.1,A_net_aggregation,PASS,PASS,VALID
final_control_128,0.001,0.1,B0,PASS,PASS,VALID
final_control_128,0.001,0.1,B1,PASS,PASS,VALID
final_control_128,0.001,0.1,B2,PASS,PASS,VALID
final_control_128,0.001,0.1,B3,PASS,PASS,VALID
final_control_128,0.001,0.1,B4_normal,PASS,PASS,VALID
final_control_128,0.01,1.0,B5,PASS,PASS,VALID
final_control_128,0.01,1.0,B4,PASS,PASS,VALID
final_control_128,0.01,1.0,A_no_geometry,PASS,PASS,VALID
final_control_128,0.01,1.0,A_no_torque,PASS,PASS,VALID
final_control_128,0.01,1.0,A_binary_unknown_fail,PASS,PASS,VALID
final_control_128,0.01,1.0,A_accumulated,PASS,PASS,VALID
final_control_128,0.01,1.0,A_net_aggregation,PASS,PASS,VALID
final_control_128,0.01,1.0,B0,PASS,PASS,VALID
final_control_128,0.01,1.0,B1,PASS,PASS,VALID
final_control_128,0.01,1.0,B2,PASS,PASS,VALID
final_control_128,0.01,1.0,B3,PASS,PASS,VALID
final_control_128,0.01,1.0,B4_normal,PASS,PASS,VALID
final_control_129,1e-06,0.0001,B5,PASS,PASS,VALID
final_control_129,1e-06,0.0001,B4,PASS,PASS,VALID
final_control_129,1e-06,0.0001,A_no_geometry,PASS,PASS,VALID
final_control_129,1e-06,0.0001,A_no_torque,PASS,PASS,VALID
final_control_129,1e-06,0.0001,A_binary_unknown_fail,PASS,PASS,VALID
final_control_129,1e-06,0.0001,A_accumulated,PASS,PASS,VALID
final_control_129,1e-06,0.0001,A_net_aggregation,PASS,PASS,VALID
final_control_129,1e-06,0.0001,B0,PASS,PASS,VALID
final_control_129,1e-06,0.0001,B1,PASS,PASS,VALID
final_control_129,1e-06,0.0001,B2,FAIL,PASS,VALID
final_control_129,1e-06,0.0001,B3,PASS,PASS,VALID
final_control_129,1e-06,0.0001,B4_normal,PASS,PASS,VALID
final_control_129,1e-05,0.001,B5,PASS,PASS,VALID
final_control_129,1e-05,0.001,B4,PASS,PASS,VALID
final_control_129,1e-05,0.001,A_no_geometry,PASS,PASS,VALID
final_control_129,1e-05,0.001,A_no_torque,PASS,PASS,VALID
final_control_129,1e-05,0.001,A_binary_unknown_fail,PASS,PASS,VALID
final_control_129,1e-05,0.001,A_accumulated,PASS,PASS,VALID
final_control_129,1e-05,0.001,A_net_aggregation,PASS,PASS,VALID
final_control_129,1e-05,0.001,B0,PASS,PASS,VALID
final_control_129,1e-05,0.001,B1,PASS,PASS,VALID
final_control_129,1e-05,0.001,B2,FAIL,PASS,VALID
final_control_129,1e-05,0.001,B3,PASS,PASS,VALID
final_control_129,1e-05,0.001,B4_normal,PASS,PASS,VALID
final_control_129,0.0001,0.01,B5,PASS,PASS,VALID
final_control_129,0.0001,0.01,B4,PASS,PASS,VALID
final_control_129,0.0001,0.01,A_no_geometry,PASS,PASS,VALID
final_control_129,0.0001,0.01,A_no_torque,PASS,PASS,VALID
final_control_129,0.0001,0.01,A_binary_unknown_fail,PASS,PASS,VALID
final_control_129,0.0001,0.01,A_accumulated,PASS,PASS,VALID
final_control_129,0.0001,0.01,A_net_aggregation,PASS,PASS,VALID
final_control_129,0.0001,0.01,B0,PASS,PASS,VALID
final_control_129,0.0001,0.01,B1,PASS,PASS,VALID
final_control_129,0.0001,0.01,B2,FAIL,PASS,VALID
final_control_129,0.0001,0.01,B3,PASS,PASS,VALID
final_control_129,0.0001,0.01,B4_normal,PASS,PASS,VALID
final_control_129,0.001,0.1,B5,PASS,PASS,VALID
final_control_129,0.001,0.1,B4,PASS,PASS,VALID
final_control_129,0.001,0.1,A_no_geometry,PASS,PASS,VALID
final_control_129,0.001,0.1,A_no_torque,PASS,PASS,VALID
final_control_129,0.001,0.1,A_binary_unknown_fail,PASS,PASS,VALID
final_control_129,0.001,0.1,A_accumulated,PASS,PASS,VALID
final_control_129,0.001,0.1,A_net_aggregation,PASS,PASS,VALID
final_control_129,0.001,0.1,B0,PASS,PASS,VALID
final_control_129,0.001,0.1,B1,PASS,PASS,VALID
final_control_129,0.001,0.1,B2,FAIL,PASS,VALID
final_control_129,0.001,0.1,B3,PASS,PASS,VALID
final_control_129,0.001,0.1,B4_normal,PASS,PASS,VALID
final_control_129,0.01,1.0,B5,PASS,PASS,VALID
final_control_129,0.01,1.0,B4,PASS,PASS,VALID
final_control_129,0.01,1.0,A_no_geometry,PASS,PASS,VALID
final_control_129,0.01,1.0,A_no_torque,PASS,PASS,VALID
final_control_129,0.01,1.0,A_binary_unknown_fail,PASS,PASS,VALID
final_control_129,0.01,1.0,A_accumulated,PASS,PASS,VALID
final_control_129,0.01,1.0,A_net_aggregation,PASS,PASS,VALID
final_control_129,0.01,1.0,B0,PASS,PASS,VALID
final_control_129,0.01,1.0,B1,PASS,PASS,VALID
final_control_129,0.01,1.0,B2,FAIL,PASS,VALID
final_control_129,0.01,1.0,B3,PASS,PASS,VALID
final_control_129,0.01,1.0,B4_normal,PASS,PASS,VALID
final_control_130,1e-06,0.0001,B5,FAIL,FAIL,VALID
final_control_130,1e-06,0.0001,B4,FAIL,FAIL,VALID
final_control_130,1e-06,0.0001,A_no_geometry,FAIL,FAIL,VALID
final_control_130,1e-06,0.0001,A_no_torque,FAIL,FAIL,VALID
final_control_130,1e-06,0.0001,A_binary_unknown_fail,FAIL,FAIL,VALID
final_control_130,1e-06,0.0001,A_accumulated,FAIL,FAIL,VALID
final_control_130,1e-06,0.0001,A_net_aggregation,FAIL,FAIL,VALID
final_control_130,1e-06,0.0001,B0,PASS,FAIL,VALID
final_control_130,1e-06,0.0001,B1,PASS,FAIL,VALID
final_control_130,1e-06,0.0001,B2,FAIL,FAIL,VALID
final_control_130,1e-06,0.0001,B3,FAIL,FAIL,VALID
final_control_130,1e-06,0.0001,B4_normal,FAIL,FAIL,VALID
final_control_130,1e-05,0.001,B5,FAIL,FAIL,VALID
final_control_130,1e-05,0.001,B4,FAIL,FAIL,VALID
final_control_130,1e-05,0.001,A_no_geometry,FAIL,FAIL,VALID
final_control_130,1e-05,0.001,A_no_torque,FAIL,FAIL,VALID
final_control_130,1e-05,0.001,A_binary_unknown_fail,FAIL,FAIL,VALID
final_control_130,1e-05,0.001,A_accumulated,FAIL,FAIL,VALID
final_control_130,1e-05,0.001,A_net_aggregation,FAIL,FAIL,VALID
final_control_130,1e-05,0.001,B0,PASS,FAIL,VALID
final_control_130,1e-05,0.001,B1,PASS,FAIL,VALID
final_control_130,1e-05,0.001,B2,FAIL,FAIL,VALID
final_control_130,1e-05,0.001,B3,FAIL,FAIL,VALID
final_control_130,1e-05,0.001,B4_normal,FAIL,FAIL,VALID
final_control_130,0.0001,0.01,B5,FAIL,FAIL,VALID
final_control_130,0.0001,0.01,B4,FAIL,FAIL,VALID
final_control_130,0.0001,0.01,A_no_geometry,FAIL,FAIL,VALID
final_control_130,0.0001,0.01,A_no_torque,FAIL,FAIL,VALID
final_control_130,0.0001,0.01,A_binary_unknown_fail,FAIL,FAIL,VALID
final_control_130,0.0001,0.01,A_accumulated,FAIL,FAIL,VALID
final_control_130,0.0001,0.01,A_net_aggregation,FAIL,FAIL,VALID
final_control_130,0.0001,0.01,B0,PASS,FAIL,VALID
final_control_130,0.0001,0.01,B1,PASS,FAIL,VALID
final_control_130,0.0001,0.01,B2,FAIL,FAIL,VALID
final_control_130,0.0001,0.01,B3,FAIL,FAIL,VALID
final_control_130,0.0001,0.01,B4_normal,FAIL,FAIL,VALID
final_control_130,0.001,0.1,B5,FAIL,FAIL,VALID
final_control_130,0.001,0.1,B4,FAIL,FAIL,VALID
final_control_130,0.001,0.1,A_no_geometry,FAIL,FAIL,VALID
final_control_130,0.001,0.1,A_no_torque,FAIL,FAIL,VALID
final_control_130,0.001,0.1,A_binary_unknown_fail,FAIL,FAIL,VALID
final_control_130,0.001,0.1,A_accumulated,FAIL,FAIL,VALID
final_control_130,0.001,0.1,A_net_aggregation,FAIL,FAIL,VALID
final_control_130,0.001,0.1,B0,PASS,FAIL,VALID
final_control_130,0.001,0.1,B1,PASS,FAIL,VALID
final_control_130,0.001,0.1,B2,FAIL,FAIL,VALID
final_control_130,0.001,0.1,B3,FAIL,FAIL,VALID
final_control_130,0.001,0.1,B4_normal,FAIL,FAIL,VALID
final_control_130,0.01,1.0,B5,FAIL,FAIL,VALID
final_control_130,0.01,1.0,B4,FAIL,FAIL,VALID
final_control_130,0.01,1.0,A_no_geometry,FAIL,FAIL,VALID
final_control_130,0.01,1.0,A_no_torque,FAIL,FAIL,VALID
final_control_130,0.01,1.0,A_binary_unknown_fail,FAIL,FAIL,VALID
final_control_130,0.01,1.0,A_accumulated,FAIL,FAIL,VALID
final_control_130,0.01,1.0,A_net_aggregation,FAIL,FAIL,VALID
final_control_130,0.01,1.0,B0,PASS,FAIL,VALID
final_control_130,0.01,1.0,B1,PASS,FAIL,VALID
final_control_130,0.01,1.0,B2,FAIL,FAIL,VALID
final_control_130,0.01,1.0,B3,FAIL,FAIL,VALID
final_control_130,0.01,1.0,B4_normal,FAIL,FAIL,VALID
final_control_131,1e-06,0.0001,B5,FAIL,FAIL,VALID
final_control_131,1e-06,0.0001,B4,FAIL,FAIL,VALID
final_control_131,1e-06,0.0001,A_no_geometry,FAIL,FAIL,VALID
final_control_131,1e-06,0.0001,A_no_torque,FAIL,FAIL,VALID
final_control_131,1e-06,0.0001,A_binary_unknown_fail,FAIL,FAIL,VALID
final_control_131,1e-06,0.0001,A_accumulated,FAIL,FAIL,VALID
final_control_131,1e-06,0.0001,A_net_aggregation,FAIL,FAIL,VALID
final_control_131,1e-06,0.0001,B0,PASS,FAIL,VALID
final_control_131,1e-06,0.0001,B1,PASS,FAIL,VALID
final_control_131,1e-06,0.0001,B2,FAIL,FAIL,VALID
final_control_131,1e-06,0.0001,B3,FAIL,FAIL,VALID
final_control_131,1e-06,0.0001,B4_normal,FAIL,FAIL,VALID
final_control_131,1e-05,0.001,B5,FAIL,FAIL,VALID
final_control_131,1e-05,0.001,B4,FAIL,FAIL,VALID
final_control_131,1e-05,0.001,A_no_geometry,FAIL,FAIL,VALID
final_control_131,1e-05,0.001,A_no_torque,FAIL,FAIL,VALID
final_control_131,1e-05,0.001,A_binary_unknown_fail,FAIL,FAIL,VALID
final_control_131,1e-05,0.001,A_accumulated,FAIL,FAIL,VALID
final_control_131,1e-05,0.001,A_net_aggregation,FAIL,FAIL,VALID
final_control_131,1e-05,0.001,B0,PASS,FAIL,VALID
final_control_131,1e-05,0.001,B1,PASS,FAIL,VALID
final_control_131,1e-05,0.001,B2,FAIL,FAIL,VALID
final_control_131,1e-05,0.001,B3,FAIL,FAIL,VALID
final_control_131,1e-05,0.001,B4_normal,FAIL,FAIL,VALID
final_control_131,0.0001,0.01,B5,FAIL,FAIL,VALID
final_control_131,0.0001,0.01,B4,FAIL,FAIL,VALID
final_control_131,0.0001,0.01,A_no_geometry,FAIL,FAIL,VALID
final_control_131,0.0001,0.01,A_no_torque,FAIL,FAIL,VALID
final_control_131,0.0001,0.01,A_binary_unknown_fail,FAIL,FAIL,VALID
final_control_131,0.0001,0.01,A_accumulated,FAIL,FAIL,VALID
final_control_131,0.0001,0.01,A_net_aggregation,FAIL,FAIL,VALID
final_control_131,0.0001,0.01,B0,PASS,FAIL,VALID
final_control_131,0.0001,0.01,B1,PASS,FAIL,VALID
final_control_131,0.0001,0.01,B2,FAIL,FAIL,VALID
final_control_131,0.0001,0.01,B3,FAIL,FAIL,VALID
final_control_131,0.0001,0.01,B4_normal,FAIL,FAIL,VALID
final_control_131,0.001,0.1,B5,FAIL,FAIL,VALID
final_control_131,0.001,0.1,B4,FAIL,FAIL,VALID
final_control_131,0.001,0.1,A_no_geometry,FAIL,FAIL,VALID
final_control_131,0.001,0.1,A_no_torque,FAIL,FAIL,VALID
final_control_131,0.001,0.1,A_binary_unknown_fail,FAIL,FAIL,VALID
final_control_131,0.001,0.1,A_accumulated,FAIL,FAIL,VALID
final_control_131,0.001,0.1,A_net_aggregation,FAIL,FAIL,VALID
final_control_131,0.001,0.1,B0,PASS,FAIL,VALID
final_control_131,0.001,0.1,B1,PASS,FAIL,VALID
final_control_131,0.001,0.1,B2,FAIL,FAIL,VALID
final_control_131,0.001,0.1,B3,FAIL,FAIL,VALID
final_control_131,0.001,0.1,B4_normal,FAIL,FAIL,VALID
final_control_131,0.01,1.0,B5,FAIL,FAIL,VALID
final_control_131,0.01,1.0,B4,FAIL,FAIL,VALID
final_control_131,0.01,1.0,A_no_geometry,FAIL,FAIL,VALID
final_control_131,0.01,1.0,A_no_torque,FAIL,FAIL,VALID
final_control_131,0.01,1.0,A_binary_unknown_fail,FAIL,FAIL,VALID
final_control_131,0.01,1.0,A_accumulated,FAIL,FAIL,VALID
final_control_131,0.01,1.0,A_net_aggregation,FAIL,FAIL,VALID
final_control_131,0.01,1.0,B0,PASS,FAIL,VALID
final_control_131,0.01,1.0,B1,PASS,FAIL,VALID
final_control_131,0.01,1.0,B2,FAIL,FAIL,VALID
final_control_131,0.01,1.0,B3,FAIL,FAIL,VALID
final_control_131,0.01,1.0,B4_normal,FAIL,FAIL,VALID
final_control_132,1e-06,0.0001,B5,FAIL,FAIL,VALID
final_control_132,1e-06,0.0001,B4,FAIL,FAIL,VALID
final_control_132,1e-06,0.0001,A_no_geometry,FAIL,FAIL,VALID
final_control_132,1e-06,0.0001,A_no_torque,FAIL,FAIL,VALID
final_control_132,1e-06,0.0001,A_binary_unknown_fail,FAIL,FAIL,VALID
final_control_132,1e-06,0.0001,A_accumulated,FAIL,FAIL,VALID
final_control_132,1e-06,0.0001,A_net_aggregation,FAIL,FAIL,VALID
final_control_132,1e-06,0.0001,B0,PASS,FAIL,VALID
final_control_132,1e-06,0.0001,B1,PASS,FAIL,VALID
final_control_132,1e-06,0.0001,B2,FAIL,FAIL,VALID
final_control_132,1e-06,0.0001,B3,FAIL,FAIL,VALID
final_control_132,1e-06,0.0001,B4_normal,FAIL,FAIL,VALID
final_control_132,1e-05,0.001,B5,FAIL,FAIL,VALID
final_control_132,1e-05,0.001,B4,FAIL,FAIL,VALID
final_control_132,1e-05,0.001,A_no_geometry,FAIL,FAIL,VALID
final_control_132,1e-05,0.001,A_no_torque,FAIL,FAIL,VALID
final_control_132,1e-05,0.001,A_binary_unknown_fail,FAIL,FAIL,VALID
final_control_132,1e-05,0.001,A_accumulated,FAIL,FAIL,VALID
final_control_132,1e-05,0.001,A_net_aggregation,FAIL,FAIL,VALID
final_control_132,1e-05,0.001,B0,PASS,FAIL,VALID
final_control_132,1e-05,0.001,B1,PASS,FAIL,VALID
final_control_132,1e-05,0.001,B2,FAIL,FAIL,VALID
final_control_132,1e-05,0.001,B3,FAIL,FAIL,VALID
final_control_132,1e-05,0.001,B4_normal,FAIL,FAIL,VALID
final_control_132,0.0001,0.01,B5,FAIL,FAIL,VALID
final_control_132,0.0001,0.01,B4,FAIL,FAIL,VALID
final_control_132,0.0001,0.01,A_no_geometry,FAIL,FAIL,VALID
final_control_132,0.0001,0.01,A_no_torque,FAIL,FAIL,VALID
final_control_132,0.0001,0.01,A_binary_unknown_fail,FAIL,FAIL,VALID
final_control_132,0.0001,0.01,A_accumulated,FAIL,FAIL,VALID
final_control_132,0.0001,0.01,A_net_aggregation,FAIL,FAIL,VALID
final_control_132,0.0001,0.01,B0,PASS,FAIL,VALID
final_control_132,0.0001,0.01,B1,PASS,FAIL,VALID
final_control_132,0.0001,0.01,B2,FAIL,FAIL,VALID
final_control_132,0.0001,0.01,B3,FAIL,FAIL,VALID
final_control_132,0.0001,0.01,B4_normal,FAIL,FAIL,VALID
final_control_132,0.001,0.1,B5,FAIL,FAIL,VALID
final_control_132,0.001,0.1,B4,FAIL,FAIL,VALID
final_control_132,0.001,0.1,A_no_geometry,FAIL,FAIL,VALID
final_control_132,0.001,0.1,A_no_torque,FAIL,FAIL,VALID
final_control_132,0.001,0.1,A_binary_unknown_fail,FAIL,FAIL,VALID
final_control_132,0.001,0.1,A_accumulated,FAIL,FAIL,VALID
final_control_132,0.001,0.1,A_net_aggregation,FAIL,FAIL,VALID
final_control_132,0.001,0.1,B0,PASS,FAIL,VALID
final_control_132,0.001,0.1,B1,PASS,FAIL,VALID
final_control_132,0.001,0.1,B2,FAIL,FAIL,VALID
final_control_132,0.001,0.1,B3,FAIL,FAIL,VALID
final_control_132,0.001,0.1,B4_normal,FAIL,FAIL,VALID
final_control_132,0.01,1.0,B5,FAIL,FAIL,VALID
final_control_132,0.01,1.0,B4,FAIL,FAIL,VALID
final_control_132,0.01,1.0,A_no_geometry,FAIL,FAIL,VALID
final_control_132,0.01,1.0,A_no_torque,FAIL,FAIL,VALID
final_control_132,0.01,1.0,A_binary_unknown_fail,FAIL,FAIL,VALID
final_control_132,0.01,1.0,A_accumulated,FAIL,FAIL,VALID
final_control_132,0.01,1.0,A_net_aggregation,INDETERMINATE,FAIL,VALID
final_control_132,0.01,1.0,B0,PASS,FAIL,VALID
final_control_132,0.01,1.0,B1,PASS,FAIL,VALID
final_control_132,0.01,1.0,B2,FAIL,FAIL,VALID
final_control_132,0.01,1.0,B3,FAIL,FAIL,VALID
final_control_132,0.01,1.0,B4_normal,FAIL,FAIL,VALID
final_control_133,1e-06,0.0001,B5,FAIL,FAIL,VALID
final_control_133,1e-06,0.0001,B4,FAIL,FAIL,VALID
final_control_133,1e-06,0.0001,A_no_geometry,FAIL,FAIL,VALID
final_control_133,1e-06,0.0001,A_no_torque,FAIL,FAIL,VALID
final_control_133,1e-06,0.0001,A_binary_unknown_fail,FAIL,FAIL,VALID
final_control_133,1e-06,0.0001,A_accumulated,PASS,FAIL,VALID
final_control_133,1e-06,0.0001,A_net_aggregation,FAIL,FAIL,VALID
final_control_133,1e-06,0.0001,B0,PASS,FAIL,VALID
final_control_133,1e-06,0.0001,B1,FAIL,FAIL,VALID
final_control_133,1e-06,0.0001,B2,FAIL,FAIL,VALID
final_control_133,1e-06,0.0001,B3,FAIL,FAIL,VALID
final_control_133,1e-06,0.0001,B4_normal,FAIL,FAIL,VALID
final_control_133,1e-05,0.001,B5,FAIL,FAIL,VALID
final_control_133,1e-05,0.001,B4,FAIL,FAIL,VALID
final_control_133,1e-05,0.001,A_no_geometry,FAIL,FAIL,VALID
final_control_133,1e-05,0.001,A_no_torque,FAIL,FAIL,VALID
final_control_133,1e-05,0.001,A_binary_unknown_fail,FAIL,FAIL,VALID
final_control_133,1e-05,0.001,A_accumulated,PASS,FAIL,VALID
final_control_133,1e-05,0.001,A_net_aggregation,FAIL,FAIL,VALID
final_control_133,1e-05,0.001,B0,PASS,FAIL,VALID
final_control_133,1e-05,0.001,B1,FAIL,FAIL,VALID
final_control_133,1e-05,0.001,B2,FAIL,FAIL,VALID
final_control_133,1e-05,0.001,B3,FAIL,FAIL,VALID
final_control_133,1e-05,0.001,B4_normal,FAIL,FAIL,VALID
final_control_133,0.0001,0.01,B5,FAIL,FAIL,VALID
final_control_133,0.0001,0.01,B4,FAIL,FAIL,VALID
final_control_133,0.0001,0.01,A_no_geometry,FAIL,FAIL,VALID
final_control_133,0.0001,0.01,A_no_torque,FAIL,FAIL,VALID
final_control_133,0.0001,0.01,A_binary_unknown_fail,FAIL,FAIL,VALID
final_control_133,0.0001,0.01,A_accumulated,PASS,FAIL,VALID
final_control_133,0.0001,0.01,A_net_aggregation,FAIL,FAIL,VALID
final_control_133,0.0001,0.01,B0,PASS,FAIL,VALID
final_control_133,0.0001,0.01,B1,FAIL,FAIL,VALID
final_control_133,0.0001,0.01,B2,FAIL,FAIL,VALID
final_control_133,0.0001,0.01,B3,FAIL,FAIL,VALID
final_control_133,0.0001,0.01,B4_normal,FAIL,FAIL,VALID
final_control_133,0.001,0.1,B5,FAIL,FAIL,VALID
final_control_133,0.001,0.1,B4,FAIL,FAIL,VALID
final_control_133,0.001,0.1,A_no_geometry,FAIL,FAIL,VALID
final_control_133,0.001,0.1,A_no_torque,FAIL,FAIL,VALID
final_control_133,0.001,0.1,A_binary_unknown_fail,FAIL,FAIL,VALID
final_control_133,0.001,0.1,A_accumulated,PASS,FAIL,VALID
final_control_133,0.001,0.1,A_net_aggregation,FAIL,FAIL,VALID
final_control_133,0.001,0.1,B0,PASS,FAIL,VALID
final_control_133,0.001,0.1,B1,FAIL,FAIL,VALID
final_control_133,0.001,0.1,B2,FAIL,FAIL,VALID
final_control_133,0.001,0.1,B3,FAIL,FAIL,VALID
final_control_133,0.001,0.1,B4_normal,FAIL,FAIL,VALID
final_control_133,0.01,1.0,B5,FAIL,FAIL,VALID
final_control_133,0.01,1.0,B4,FAIL,FAIL,VALID
final_control_133,0.01,1.0,A_no_geometry,FAIL,FAIL,VALID
final_control_133,0.01,1.0,A_no_torque,FAIL,FAIL,VALID
final_control_133,0.01,1.0,A_binary_unknown_fail,FAIL,FAIL,VALID
final_control_133,0.01,1.0,A_accumulated,PASS,FAIL,VALID
final_control_133,0.01,1.0,A_net_aggregation,FAIL,FAIL,VALID
final_control_133,0.01,1.0,B0,PASS,FAIL,VALID
final_control_133,0.01,1.0,B1,FAIL,FAIL,VALID
final_control_133,0.01,1.0,B2,FAIL,FAIL,VALID
final_control_133,0.01,1.0,B3,FAIL,FAIL,VALID
final_control_133,0.01,1.0,B4_normal,FAIL,FAIL,VALID
final_control_134,1e-06,0.0001,B5,FAIL,FAIL,VALID
final_control_134,1e-06,0.0001,B4,FAIL,FAIL,VALID
final_control_134,1e-06,0.0001,A_no_geometry,FAIL,FAIL,VALID
final_control_134,1e-06,0.0001,A_no_torque,FAIL,FAIL,VALID
final_control_134,1e-06,0.0001,A_binary_unknown_fail,FAIL,FAIL,VALID
final_control_134,1e-06,0.0001,A_accumulated,FAIL,FAIL,VALID
final_control_134,1e-06,0.0001,A_net_aggregation,FAIL,FAIL,VALID
final_control_134,1e-06,0.0001,B0,FAIL,FAIL,VALID
final_control_134,1e-06,0.0001,B1,FAIL,FAIL,VALID
final_control_134,1e-06,0.0001,B2,FAIL,FAIL,VALID
final_control_134,1e-06,0.0001,B3,FAIL,FAIL,VALID
final_control_134,1e-06,0.0001,B4_normal,FAIL,FAIL,VALID
final_control_134,1e-05,0.001,B5,FAIL,FAIL,VALID
final_control_134,1e-05,0.001,B4,FAIL,FAIL,VALID
final_control_134,1e-05,0.001,A_no_geometry,FAIL,FAIL,VALID
final_control_134,1e-05,0.001,A_no_torque,FAIL,FAIL,VALID
final_control_134,1e-05,0.001,A_binary_unknown_fail,FAIL,FAIL,VALID
final_control_134,1e-05,0.001,A_accumulated,FAIL,FAIL,VALID
final_control_134,1e-05,0.001,A_net_aggregation,FAIL,FAIL,VALID
final_control_134,1e-05,0.001,B0,FAIL,FAIL,VALID
final_control_134,1e-05,0.001,B1,FAIL,FAIL,VALID
final_control_134,1e-05,0.001,B2,FAIL,FAIL,VALID
final_control_134,1e-05,0.001,B3,FAIL,FAIL,VALID
final_control_134,1e-05,0.001,B4_normal,FAIL,FAIL,VALID
final_control_134,0.0001,0.01,B5,FAIL,FAIL,VALID
final_control_134,0.0001,0.01,B4,FAIL,FAIL,VALID
final_control_134,0.0001,0.01,A_no_geometry,FAIL,FAIL,VALID
final_control_134,0.0001,0.01,A_no_torque,FAIL,FAIL,VALID
final_control_134,0.0001,0.01,A_binary_unknown_fail,FAIL,FAIL,VALID
final_control_134,0.0001,0.01,A_accumulated,FAIL,FAIL,VALID
final_control_134,0.0001,0.01,A_net_aggregation,FAIL,FAIL,VALID
final_control_134,0.0001,0.01,B0,FAIL,FAIL,VALID
final_control_134,0.0001,0.01,B1,FAIL,FAIL,VALID
final_control_134,0.0001,0.01,B2,FAIL,FAIL,VALID
final_control_134,0.0001,0.01,B3,FAIL,FAIL,VALID
final_control_134,0.0001,0.01,B4_normal,FAIL,FAIL,VALID
final_control_134,0.001,0.1,B5,FAIL,FAIL,VALID
final_control_134,0.001,0.1,B4,FAIL,FAIL,VALID
final_control_134,0.001,0.1,A_no_geometry,FAIL,FAIL,VALID
final_control_134,0.001,0.1,A_no_torque,FAIL,FAIL,VALID
final_control_134,0.001,0.1,A_binary_unknown_fail,FAIL,FAIL,VALID
final_control_134,0.001,0.1,A_accumulated,FAIL,FAIL,VALID
final_control_134,0.001,0.1,A_net_aggregation,FAIL,FAIL,VALID
final_control_134,0.001,0.1,B0,FAIL,FAIL,VALID
final_control_134,0.001,0.1,B1,FAIL,FAIL,VALID
final_control_134,0.001,0.1,B2,FAIL,FAIL,VALID
final_control_134,0.001,0.1,B3,FAIL,FAIL,VALID
final_control_134,0.001,0.1,B4_normal,FAIL,FAIL,VALID
final_control_134,0.01,1.0,B5,FAIL,FAIL,VALID
final_control_134,0.01,1.0,B4,FAIL,FAIL,VALID
final_control_134,0.01,1.0,A_no_geometry,FAIL,FAIL,VALID
final_control_134,0.01,1.0,A_no_torque,FAIL,FAIL,VALID
final_control_134,0.01,1.0,A_binary_unknown_fail,FAIL,FAIL,VALID
final_control_134,0.01,1.0,A_accumulated,FAIL,FAIL,VALID
final_control_134,0.01,1.0,A_net_aggregation,FAIL,FAIL,VALID
final_control_134,0.01,1.0,B0,FAIL,FAIL,VALID
final_control_134,0.01,1.0,B1,FAIL,FAIL,VALID
final_control_134,0.01,1.0,B2,FAIL,FAIL,VALID
final_control_134,0.01,1.0,B3,FAIL,FAIL,VALID
final_control_134,0.01,1.0,B4_normal,FAIL,FAIL,VALID
final_control_135,1e-06,0.0001,B5,PASS,PASS,VALID
final_control_135,1e-06,0.0001,B4,PASS,PASS,VALID
final_control_135,1e-06,0.0001,A_no_geometry,PASS,PASS,VALID
final_control_135,1e-06,0.0001,A_no_torque,PASS,PASS,VALID
final_control_135,1e-06,0.0001,A_binary_unknown_fail,PASS,PASS,VALID
final_control_135,1e-06,0.0001,A_accumulated,PASS,PASS,VALID
final_control_135,1e-06,0.0001,A_net_aggregation,PASS,PASS,VALID
final_control_135,1e-06,0.0001,B0,PASS,PASS,VALID
final_control_135,1e-06,0.0001,B1,PASS,PASS,VALID
final_control_135,1e-06,0.0001,B2,FAIL,PASS,VALID
final_control_135,1e-06,0.0001,B3,PASS,PASS,VALID
final_control_135,1e-06,0.0001,B4_normal,PASS,PASS,VALID
final_control_135,1e-05,0.001,B5,PASS,PASS,VALID
final_control_135,1e-05,0.001,B4,PASS,PASS,VALID
final_control_135,1e-05,0.001,A_no_geometry,PASS,PASS,VALID
final_control_135,1e-05,0.001,A_no_torque,PASS,PASS,VALID
final_control_135,1e-05,0.001,A_binary_unknown_fail,PASS,PASS,VALID
final_control_135,1e-05,0.001,A_accumulated,PASS,PASS,VALID
final_control_135,1e-05,0.001,A_net_aggregation,PASS,PASS,VALID
final_control_135,1e-05,0.001,B0,PASS,PASS,VALID
final_control_135,1e-05,0.001,B1,PASS,PASS,VALID
final_control_135,1e-05,0.001,B2,FAIL,PASS,VALID
final_control_135,1e-05,0.001,B3,PASS,PASS,VALID
final_control_135,1e-05,0.001,B4_normal,PASS,PASS,VALID
final_control_135,0.0001,0.01,B5,PASS,PASS,VALID
final_control_135,0.0001,0.01,B4,PASS,PASS,VALID
final_control_135,0.0001,0.01,A_no_geometry,PASS,PASS,VALID
final_control_135,0.0001,0.01,A_no_torque,PASS,PASS,VALID
final_control_135,0.0001,0.01,A_binary_unknown_fail,PASS,PASS,VALID
final_control_135,0.0001,0.01,A_accumulated,PASS,PASS,VALID
final_control_135,0.0001,0.01,A_net_aggregation,PASS,PASS,VALID
final_control_135,0.0001,0.01,B0,PASS,PASS,VALID
final_control_135,0.0001,0.01,B1,PASS,PASS,VALID
final_control_135,0.0001,0.01,B2,FAIL,PASS,VALID
final_control_135,0.0001,0.01,B3,PASS,PASS,VALID
final_control_135,0.0001,0.01,B4_normal,PASS,PASS,VALID
final_control_135,0.001,0.1,B5,PASS,PASS,VALID
final_control_135,0.001,0.1,B4,PASS,PASS,VALID
final_control_135,0.001,0.1,A_no_geometry,PASS,PASS,VALID
final_control_135,0.001,0.1,A_no_torque,PASS,PASS,VALID
final_control_135,0.001,0.1,A_binary_unknown_fail,PASS,PASS,VALID
final_control_135,0.001,0.1,A_accumulated,PASS,PASS,VALID
final_control_135,0.001,0.1,A_net_aggregation,PASS,PASS,VALID
final_control_135,0.001,0.1,B0,PASS,PASS,VALID
final_control_135,0.001,0.1,B1,PASS,PASS,VALID
final_control_135,0.001,0.1,B2,FAIL,PASS,VALID
final_control_135,0.001,0.1,B3,PASS,PASS,VALID
final_control_135,0.001,0.1,B4_normal,PASS,PASS,VALID
final_control_135,0.01,1.0,B5,PASS,PASS,VALID
final_control_135,0.01,1.0,B4,PASS,PASS,VALID
final_control_135,0.01,1.0,A_no_geometry,PASS,PASS,VALID
final_control_135,0.01,1.0,A_no_torque,PASS,PASS,VALID
final_control_135,0.01,1.0,A_binary_unknown_fail,PASS,PASS,VALID
final_control_135,0.01,1.0,A_accumulated,PASS,PASS,VALID
final_control_135,0.01,1.0,A_net_aggregation,PASS,PASS,VALID
final_control_135,0.01,1.0,B0,PASS,PASS,VALID
final_control_135,0.01,1.0,B1,PASS,PASS,VALID
final_control_135,0.01,1.0,B2,FAIL,PASS,VALID
final_control_135,0.01,1.0,B3,PASS,PASS,VALID
final_control_135,0.01,1.0,B4_normal,PASS,PASS,VALID
final_control_136,1e-06,0.0001,B5,PASS,PASS,VALID
final_control_136,1e-06,0.0001,B4,PASS,PASS,VALID
final_control_136,1e-06,0.0001,A_no_geometry,PASS,PASS,VALID
final_control_136,1e-06,0.0001,A_no_torque,PASS,PASS,VALID
final_control_136,1e-06,0.0001,A_binary_unknown_fail,PASS,PASS,VALID
final_control_136,1e-06,0.0001,A_accumulated,PASS,PASS,VALID
final_control_136,1e-06,0.0001,A_net_aggregation,PASS,PASS,VALID
final_control_136,1e-06,0.0001,B0,PASS,PASS,VALID
final_control_136,1e-06,0.0001,B1,PASS,PASS,VALID
final_control_136,1e-06,0.0001,B2,PASS,PASS,VALID
final_control_136,1e-06,0.0001,B3,PASS,PASS,VALID
final_control_136,1e-06,0.0001,B4_normal,PASS,PASS,VALID
final_control_136,1e-05,0.001,B5,PASS,PASS,VALID
final_control_136,1e-05,0.001,B4,PASS,PASS,VALID
final_control_136,1e-05,0.001,A_no_geometry,PASS,PASS,VALID
final_control_136,1e-05,0.001,A_no_torque,PASS,PASS,VALID
final_control_136,1e-05,0.001,A_binary_unknown_fail,PASS,PASS,VALID
final_control_136,1e-05,0.001,A_accumulated,PASS,PASS,VALID
final_control_136,1e-05,0.001,A_net_aggregation,PASS,PASS,VALID
final_control_136,1e-05,0.001,B0,PASS,PASS,VALID
final_control_136,1e-05,0.001,B1,PASS,PASS,VALID
final_control_136,1e-05,0.001,B2,PASS,PASS,VALID
final_control_136,1e-05,0.001,B3,PASS,PASS,VALID
final_control_136,1e-05,0.001,B4_normal,PASS,PASS,VALID
final_control_136,0.0001,0.01,B5,PASS,PASS,VALID
final_control_136,0.0001,0.01,B4,PASS,PASS,VALID
final_control_136,0.0001,0.01,A_no_geometry,PASS,PASS,VALID
final_control_136,0.0001,0.01,A_no_torque,PASS,PASS,VALID
final_control_136,0.0001,0.01,A_binary_unknown_fail,PASS,PASS,VALID
final_control_136,0.0001,0.01,A_accumulated,PASS,PASS,VALID
final_control_136,0.0001,0.01,A_net_aggregation,PASS,PASS,VALID
final_control_136,0.0001,0.01,B0,PASS,PASS,VALID
final_control_136,0.0001,0.01,B1,PASS,PASS,VALID
final_control_136,0.0001,0.01,B2,PASS,PASS,VALID
final_control_136,0.0001,0.01,B3,PASS,PASS,VALID
final_control_136,0.0001,0.01,B4_normal,PASS,PASS,VALID
final_control_136,0.001,0.1,B5,PASS,PASS,VALID
final_control_136,0.001,0.1,B4,PASS,PASS,VALID
final_control_136,0.001,0.1,A_no_geometry,PASS,PASS,VALID
final_control_136,0.001,0.1,A_no_torque,PASS,PASS,VALID
final_control_136,0.001,0.1,A_binary_unknown_fail,PASS,PASS,VALID
final_control_136,0.001,0.1,A_accumulated,PASS,PASS,VALID
final_control_136,0.001,0.1,A_net_aggregation,PASS,PASS,VALID
final_control_136,0.001,0.1,B0,PASS,PASS,VALID
final_control_136,0.001,0.1,B1,PASS,PASS,VALID
final_control_136,0.001,0.1,B2,PASS,PASS,VALID
final_control_136,0.001,0.1,B3,PASS,PASS,VALID
final_control_136,0.001,0.1,B4_normal,PASS,PASS,VALID
final_control_136,0.01,1.0,B5,PASS,PASS,VALID
final_control_136,0.01,1.0,B4,PASS,PASS,VALID
final_control_136,0.01,1.0,A_no_geometry,PASS,PASS,VALID
final_control_136,0.01,1.0,A_no_torque,PASS,PASS,VALID
final_control_136,0.01,1.0,A_binary_unknown_fail,PASS,PASS,VALID
final_control_136,0.01,1.0,A_accumulated,PASS,PASS,VALID
final_control_136,0.01,1.0,A_net_aggregation,PASS,PASS,VALID
final_control_136,0.01,1.0,B0,PASS,PASS,VALID
final_control_136,0.01,1.0,B1,PASS,PASS,VALID
final_control_136,0.01,1.0,B2,PASS,PASS,VALID
final_control_136,0.01,1.0,B3,PASS,PASS,VALID
final_control_136,0.01,1.0,B4_normal,PASS,PASS,VALID
final_control_137,1e-06,0.0001,B5,PASS,PASS,VALID
final_control_137,1e-06,0.0001,B4,PASS,PASS,VALID
final_control_137,1e-06,0.0001,A_no_geometry,PASS,PASS,VALID
final_control_137,1e-06,0.0001,A_no_torque,PASS,PASS,VALID
final_control_137,1e-06,0.0001,A_binary_unknown_fail,PASS,PASS,VALID
final_control_137,1e-06,0.0001,A_accumulated,PASS,PASS,VALID
final_control_137,1e-06,0.0001,A_net_aggregation,PASS,PASS,VALID
final_control_137,1e-06,0.0001,B0,PASS,PASS,VALID
final_control_137,1e-06,0.0001,B1,PASS,PASS,VALID
final_control_137,1e-06,0.0001,B2,FAIL,PASS,VALID
final_control_137,1e-06,0.0001,B3,PASS,PASS,VALID
final_control_137,1e-06,0.0001,B4_normal,PASS,PASS,VALID
final_control_137,1e-05,0.001,B5,PASS,PASS,VALID
final_control_137,1e-05,0.001,B4,PASS,PASS,VALID
final_control_137,1e-05,0.001,A_no_geometry,PASS,PASS,VALID
final_control_137,1e-05,0.001,A_no_torque,PASS,PASS,VALID
final_control_137,1e-05,0.001,A_binary_unknown_fail,PASS,PASS,VALID
final_control_137,1e-05,0.001,A_accumulated,PASS,PASS,VALID
final_control_137,1e-05,0.001,A_net_aggregation,PASS,PASS,VALID
final_control_137,1e-05,0.001,B0,PASS,PASS,VALID
final_control_137,1e-05,0.001,B1,PASS,PASS,VALID
final_control_137,1e-05,0.001,B2,FAIL,PASS,VALID
final_control_137,1e-05,0.001,B3,PASS,PASS,VALID
final_control_137,1e-05,0.001,B4_normal,PASS,PASS,VALID
final_control_137,0.0001,0.01,B5,PASS,PASS,VALID
final_control_137,0.0001,0.01,B4,PASS,PASS,VALID
final_control_137,0.0001,0.01,A_no_geometry,PASS,PASS,VALID
final_control_137,0.0001,0.01,A_no_torque,PASS,PASS,VALID
final_control_137,0.0001,0.01,A_binary_unknown_fail,PASS,PASS,VALID
final_control_137,0.0001,0.01,A_accumulated,PASS,PASS,VALID
final_control_137,0.0001,0.01,A_net_aggregation,PASS,PASS,VALID
final_control_137,0.0001,0.01,B0,PASS,PASS,VALID
final_control_137,0.0001,0.01,B1,PASS,PASS,VALID
final_control_137,0.0001,0.01,B2,FAIL,PASS,VALID
final_control_137,0.0001,0.01,B3,PASS,PASS,VALID
final_control_137,0.0001,0.01,B4_normal,PASS,PASS,VALID
final_control_137,0.001,0.1,B5,PASS,PASS,VALID
final_control_137,0.001,0.1,B4,PASS,PASS,VALID
final_control_137,0.001,0.1,A_no_geometry,PASS,PASS,VALID
final_control_137,0.001,0.1,A_no_torque,PASS,PASS,VALID
final_control_137,0.001,0.1,A_binary_unknown_fail,PASS,PASS,VALID
final_control_137,0.001,0.1,A_accumulated,PASS,PASS,VALID
final_control_137,0.001,0.1,A_net_aggregation,PASS,PASS,VALID
final_control_137,0.001,0.1,B0,PASS,PASS,VALID
final_control_137,0.001,0.1,B1,PASS,PASS,VALID
final_control_137,0.001,0.1,B2,FAIL,PASS,VALID
final_control_137,0.001,0.1,B3,PASS,PASS,VALID
final_control_137,0.001,0.1,B4_normal,PASS,PASS,VALID
final_control_137,0.01,1.0,B5,PASS,PASS,VALID
final_control_137,0.01,1.0,B4,PASS,PASS,VALID
final_control_137,0.01,1.0,A_no_geometry,PASS,PASS,VALID
final_control_137,0.01,1.0,A_no_torque,PASS,PASS,VALID
final_control_137,0.01,1.0,A_binary_unknown_fail,PASS,PASS,VALID
final_control_137,0.01,1.0,A_accumulated,PASS,PASS,VALID
final_control_137,0.01,1.0,A_net_aggregation,PASS,PASS,VALID
final_control_137,0.01,1.0,B0,PASS,PASS,VALID
final_control_137,0.01,1.0,B1,PASS,PASS,VALID
final_control_137,0.01,1.0,B2,FAIL,PASS,VALID
final_control_137,0.01,1.0,B3,PASS,PASS,VALID
final_control_137,0.01,1.0,B4_normal,PASS,PASS,VALID
final_control_138,1e-06,0.0001,B5,FAIL,FAIL,VALID
final_control_138,1e-06,0.0001,B4,FAIL,FAIL,VALID
final_control_138,1e-06,0.0001,A_no_geometry,FAIL,FAIL,VALID
final_control_138,1e-06,0.0001,A_no_torque,FAIL,FAIL,VALID
final_control_138,1e-06,0.0001,A_binary_unknown_fail,FAIL,FAIL,VALID
final_control_138,1e-06,0.0001,A_accumulated,FAIL,FAIL,VALID
final_control_138,1e-06,0.0001,A_net_aggregation,FAIL,FAIL,VALID
final_control_138,1e-06,0.0001,B0,PASS,FAIL,VALID
final_control_138,1e-06,0.0001,B1,PASS,FAIL,VALID
final_control_138,1e-06,0.0001,B2,FAIL,FAIL,VALID
final_control_138,1e-06,0.0001,B3,FAIL,FAIL,VALID
final_control_138,1e-06,0.0001,B4_normal,FAIL,FAIL,VALID
final_control_138,1e-05,0.001,B5,FAIL,FAIL,VALID
final_control_138,1e-05,0.001,B4,FAIL,FAIL,VALID
final_control_138,1e-05,0.001,A_no_geometry,FAIL,FAIL,VALID
final_control_138,1e-05,0.001,A_no_torque,FAIL,FAIL,VALID
final_control_138,1e-05,0.001,A_binary_unknown_fail,FAIL,FAIL,VALID
final_control_138,1e-05,0.001,A_accumulated,FAIL,FAIL,VALID
final_control_138,1e-05,0.001,A_net_aggregation,FAIL,FAIL,VALID
final_control_138,1e-05,0.001,B0,PASS,FAIL,VALID
final_control_138,1e-05,0.001,B1,PASS,FAIL,VALID
final_control_138,1e-05,0.001,B2,FAIL,FAIL,VALID
final_control_138,1e-05,0.001,B3,FAIL,FAIL,VALID
final_control_138,1e-05,0.001,B4_normal,FAIL,FAIL,VALID
final_control_138,0.0001,0.01,B5,FAIL,FAIL,VALID
final_control_138,0.0001,0.01,B4,FAIL,FAIL,VALID
final_control_138,0.0001,0.01,A_no_geometry,FAIL,FAIL,VALID
final_control_138,0.0001,0.01,A_no_torque,FAIL,FAIL,VALID
final_control_138,0.0001,0.01,A_binary_unknown_fail,FAIL,FAIL,VALID
final_control_138,0.0001,0.01,A_accumulated,FAIL,FAIL,VALID
final_control_138,0.0001,0.01,A_net_aggregation,FAIL,FAIL,VALID
final_control_138,0.0001,0.01,B0,PASS,FAIL,VALID
final_control_138,0.0001,0.01,B1,PASS,FAIL,VALID
final_control_138,0.0001,0.01,B2,FAIL,FAIL,VALID
final_control_138,0.0001,0.01,B3,FAIL,FAIL,VALID
final_control_138,0.0001,0.01,B4_normal,FAIL,FAIL,VALID
final_control_138,0.001,0.1,B5,FAIL,FAIL,VALID
final_control_138,0.001,0.1,B4,FAIL,FAIL,VALID
final_control_138,0.001,0.1,A_no_geometry,FAIL,FAIL,VALID
final_control_138,0.001,0.1,A_no_torque,FAIL,FAIL,VALID
final_control_138,0.001,0.1,A_binary_unknown_fail,FAIL,FAIL,VALID
final_control_138,0.001,0.1,A_accumulated,FAIL,FAIL,VALID
final_control_138,0.001,0.1,A_net_aggregation,FAIL,FAIL,VALID
final_control_138,0.001,0.1,B0,PASS,FAIL,VALID
final_control_138,0.001,0.1,B1,PASS,FAIL,VALID
final_control_138,0.001,0.1,B2,FAIL,FAIL,VALID
final_control_138,0.001,0.1,B3,FAIL,FAIL,VALID
final_control_138,0.001,0.1,B4_normal,FAIL,FAIL,VALID
final_control_138,0.01,1.0,B5,FAIL,FAIL,VALID
final_control_138,0.01,1.0,B4,FAIL,FAIL,VALID
final_control_138,0.01,1.0,A_no_geometry,FAIL,FAIL,VALID
final_control_138,0.01,1.0,A_no_torque,FAIL,FAIL,VALID
final_control_138,0.01,1.0,A_binary_unknown_fail,FAIL,FAIL,VALID
final_control_138,0.01,1.0,A_accumulated,FAIL,FAIL,VALID
final_control_138,0.01,1.0,A_net_aggregation,FAIL,FAIL,VALID
final_control_138,0.01,1.0,B0,PASS,FAIL,VALID
final_control_138,0.01,1.0,B1,PASS,FAIL,VALID
final_control_138,0.01,1.0,B2,FAIL,FAIL,VALID
final_control_138,0.01,1.0,B3,FAIL,FAIL,VALID
final_control_138,0.01,1.0,B4_normal,FAIL,FAIL,VALID
final_control_139,1e-06,0.0001,B5,FAIL,FAIL,VALID
final_control_139,1e-06,0.0001,B4,FAIL,FAIL,VALID
final_control_139,1e-06,0.0001,A_no_geometry,FAIL,FAIL,VALID
final_control_139,1e-06,0.0001,A_no_torque,FAIL,FAIL,VALID
final_control_139,1e-06,0.0001,A_binary_unknown_fail,FAIL,FAIL,VALID
final_control_139,1e-06,0.0001,A_accumulated,FAIL,FAIL,VALID
final_control_139,1e-06,0.0001,A_net_aggregation,FAIL,FAIL,VALID
final_control_139,1e-06,0.0001,B0,PASS,FAIL,VALID
final_control_139,1e-06,0.0001,B1,PASS,FAIL,VALID
final_control_139,1e-06,0.0001,B2,FAIL,FAIL,VALID
final_control_139,1e-06,0.0001,B3,FAIL,FAIL,VALID
final_control_139,1e-06,0.0001,B4_normal,FAIL,FAIL,VALID
final_control_139,1e-05,0.001,B5,FAIL,FAIL,VALID
final_control_139,1e-05,0.001,B4,FAIL,FAIL,VALID
final_control_139,1e-05,0.001,A_no_geometry,FAIL,FAIL,VALID
final_control_139,1e-05,0.001,A_no_torque,FAIL,FAIL,VALID
final_control_139,1e-05,0.001,A_binary_unknown_fail,FAIL,FAIL,VALID
final_control_139,1e-05,0.001,A_accumulated,FAIL,FAIL,VALID
final_control_139,1e-05,0.001,A_net_aggregation,FAIL,FAIL,VALID
final_control_139,1e-05,0.001,B0,PASS,FAIL,VALID
final_control_139,1e-05,0.001,B1,PASS,FAIL,VALID
final_control_139,1e-05,0.001,B2,FAIL,FAIL,VALID
final_control_139,1e-05,0.001,B3,FAIL,FAIL,VALID
final_control_139,1e-05,0.001,B4_normal,FAIL,FAIL,VALID
final_control_139,0.0001,0.01,B5,FAIL,FAIL,VALID
final_control_139,0.0001,0.01,B4,FAIL,FAIL,VALID
final_control_139,0.0001,0.01,A_no_geometry,FAIL,FAIL,VALID
final_control_139,0.0001,0.01,A_no_torque,FAIL,FAIL,VALID
final_control_139,0.0001,0.01,A_binary_unknown_fail,FAIL,FAIL,VALID
final_control_139,0.0001,0.01,A_accumulated,FAIL,FAIL,VALID
final_control_139,0.0001,0.01,A_net_aggregation,FAIL,FAIL,VALID
final_control_139,0.0001,0.01,B0,PASS,FAIL,VALID
final_control_139,0.0001,0.01,B1,PASS,FAIL,VALID
final_control_139,0.0001,0.01,B2,FAIL,FAIL,VALID
final_control_139,0.0001,0.01,B3,FAIL,FAIL,VALID
final_control_139,0.0001,0.01,B4_normal,FAIL,FAIL,VALID
final_control_139,0.001,0.1,B5,FAIL,FAIL,VALID
final_control_139,0.001,0.1,B4,FAIL,FAIL,VALID
final_control_139,0.001,0.1,A_no_geometry,FAIL,FAIL,VALID
final_control_139,0.001,0.1,A_no_torque,FAIL,FAIL,VALID
final_control_139,0.001,0.1,A_binary_unknown_fail,FAIL,FAIL,VALID
final_control_139,0.001,0.1,A_accumulated,FAIL,FAIL,VALID
final_control_139,0.001,0.1,A_net_aggregation,FAIL,FAIL,VALID
final_control_139,0.001,0.1,B0,PASS,FAIL,VALID
final_control_139,0.001,0.1,B1,PASS,FAIL,VALID
final_control_139,0.001,0.1,B2,FAIL,FAIL,VALID
final_control_139,0.001,0.1,B3,FAIL,FAIL,VALID
final_control_139,0.001,0.1,B4_normal,FAIL,FAIL,VALID
final_control_139,0.01,1.0,B5,INDETERMINATE,FAIL,VALID
final_control_139,0.01,1.0,B4,INDETERMINATE,FAIL,VALID
final_control_139,0.01,1.0,A_no_geometry,INDETERMINATE,FAIL,VALID
final_control_139,0.01,1.0,A_no_torque,INDETERMINATE,FAIL,VALID
final_control_139,0.01,1.0,A_binary_unknown_fail,FAIL,FAIL,VALID
final_control_139,0.01,1.0,A_accumulated,INDETERMINATE,FAIL,VALID
final_control_139,0.01,1.0,A_net_aggregation,INDETERMINATE,FAIL,VALID
final_control_139,0.01,1.0,B0,PASS,FAIL,VALID
final_control_139,0.01,1.0,B1,PASS,FAIL,VALID
final_control_139,0.01,1.0,B2,FAIL,FAIL,VALID
final_control_139,0.01,1.0,B3,FAIL,FAIL,VALID
final_control_139,0.01,1.0,B4_normal,INDETERMINATE,FAIL,VALID
final_control_140,1e-06,0.0001,B5,FAIL,FAIL,VALID
final_control_140,1e-06,0.0001,B4,FAIL,FAIL,VALID
final_control_140,1e-06,0.0001,A_no_geometry,FAIL,FAIL,VALID
final_control_140,1e-06,0.0001,A_no_torque,FAIL,FAIL,VALID
final_control_140,1e-06,0.0001,A_binary_unknown_fail,FAIL,FAIL,VALID
final_control_140,1e-06,0.0001,A_accumulated,FAIL,FAIL,VALID
final_control_140,1e-06,0.0001,A_net_aggregation,FAIL,FAIL,VALID
final_control_140,1e-06,0.0001,B0,PASS,FAIL,VALID
final_control_140,1e-06,0.0001,B1,PASS,FAIL,VALID
final_control_140,1e-06,0.0001,B2,FAIL,FAIL,VALID
final_control_140,1e-06,0.0001,B3,FAIL,FAIL,VALID
final_control_140,1e-06,0.0001,B4_normal,FAIL,FAIL,VALID
final_control_140,1e-05,0.001,B5,FAIL,FAIL,VALID
final_control_140,1e-05,0.001,B4,FAIL,FAIL,VALID
final_control_140,1e-05,0.001,A_no_geometry,FAIL,FAIL,VALID
final_control_140,1e-05,0.001,A_no_torque,FAIL,FAIL,VALID
final_control_140,1e-05,0.001,A_binary_unknown_fail,FAIL,FAIL,VALID
final_control_140,1e-05,0.001,A_accumulated,FAIL,FAIL,VALID
final_control_140,1e-05,0.001,A_net_aggregation,FAIL,FAIL,VALID
final_control_140,1e-05,0.001,B0,PASS,FAIL,VALID
final_control_140,1e-05,0.001,B1,PASS,FAIL,VALID
final_control_140,1e-05,0.001,B2,FAIL,FAIL,VALID
final_control_140,1e-05,0.001,B3,FAIL,FAIL,VALID
final_control_140,1e-05,0.001,B4_normal,FAIL,FAIL,VALID
final_control_140,0.0001,0.01,B5,FAIL,FAIL,VALID
final_control_140,0.0001,0.01,B4,FAIL,FAIL,VALID
final_control_140,0.0001,0.01,A_no_geometry,FAIL,FAIL,VALID
final_control_140,0.0001,0.01,A_no_torque,FAIL,FAIL,VALID
final_control_140,0.0001,0.01,A_binary_unknown_fail,FAIL,FAIL,VALID
final_control_140,0.0001,0.01,A_accumulated,FAIL,FAIL,VALID
final_control_140,0.0001,0.01,A_net_aggregation,FAIL,FAIL,VALID
final_control_140,0.0001,0.01,B0,PASS,FAIL,VALID
final_control_140,0.0001,0.01,B1,PASS,FAIL,VALID
final_control_140,0.0001,0.01,B2,FAIL,FAIL,VALID
final_control_140,0.0001,0.01,B3,FAIL,FAIL,VALID
final_control_140,0.0001,0.01,B4_normal,FAIL,FAIL,VALID
final_control_140,0.001,0.1,B5,FAIL,FAIL,VALID
final_control_140,0.001,0.1,B4,FAIL,FAIL,VALID
final_control_140,0.001,0.1,A_no_geometry,FAIL,FAIL,VALID
final_control_140,0.001,0.1,A_no_torque,FAIL,FAIL,VALID
final_control_140,0.001,0.1,A_binary_unknown_fail,FAIL,FAIL,VALID
final_control_140,0.001,0.1,A_accumulated,FAIL,FAIL,VALID
final_control_140,0.001,0.1,A_net_aggregation,FAIL,FAIL,VALID
final_control_140,0.001,0.1,B0,PASS,FAIL,VALID
final_control_140,0.001,0.1,B1,PASS,FAIL,VALID
final_control_140,0.001,0.1,B2,FAIL,FAIL,VALID
final_control_140,0.001,0.1,B3,FAIL,FAIL,VALID
final_control_140,0.001,0.1,B4_normal,FAIL,FAIL,VALID
final_control_140,0.01,1.0,B5,FAIL,FAIL,VALID
final_control_140,0.01,1.0,B4,FAIL,FAIL,VALID
final_control_140,0.01,1.0,A_no_geometry,FAIL,FAIL,VALID
final_control_140,0.01,1.0,A_no_torque,FAIL,FAIL,VALID
final_control_140,0.01,1.0,A_binary_unknown_fail,FAIL,FAIL,VALID
final_control_140,0.01,1.0,A_accumulated,FAIL,FAIL,VALID
final_control_140,0.01,1.0,A_net_aggregation,INDETERMINATE,FAIL,VALID
final_control_140,0.01,1.0,B0,PASS,FAIL,VALID
final_control_140,0.01,1.0,B1,PASS,FAIL,VALID
final_control_140,0.01,1.0,B2,FAIL,FAIL,VALID
final_control_140,0.01,1.0,B3,FAIL,FAIL,VALID
final_control_140,0.01,1.0,B4_normal,FAIL,FAIL,VALID
final_control_141,1e-06,0.0001,B5,FAIL,FAIL,VALID
final_control_141,1e-06,0.0001,B4,FAIL,FAIL,VALID
final_control_141,1e-06,0.0001,A_no_geometry,FAIL,FAIL,VALID
final_control_141,1e-06,0.0001,A_no_torque,FAIL,FAIL,VALID
final_control_141,1e-06,0.0001,A_binary_unknown_fail,FAIL,FAIL,VALID
final_control_141,1e-06,0.0001,A_accumulated,PASS,FAIL,VALID
final_control_141,1e-06,0.0001,A_net_aggregation,FAIL,FAIL,VALID
final_control_141,1e-06,0.0001,B0,PASS,FAIL,VALID
final_control_141,1e-06,0.0001,B1,FAIL,FAIL,VALID
final_control_141,1e-06,0.0001,B2,FAIL,FAIL,VALID
final_control_141,1e-06,0.0001,B3,FAIL,FAIL,VALID
final_control_141,1e-06,0.0001,B4_normal,FAIL,FAIL,VALID
final_control_141,1e-05,0.001,B5,FAIL,FAIL,VALID
final_control_141,1e-05,0.001,B4,FAIL,FAIL,VALID
final_control_141,1e-05,0.001,A_no_geometry,FAIL,FAIL,VALID
final_control_141,1e-05,0.001,A_no_torque,FAIL,FAIL,VALID
final_control_141,1e-05,0.001,A_binary_unknown_fail,FAIL,FAIL,VALID
final_control_141,1e-05,0.001,A_accumulated,PASS,FAIL,VALID
final_control_141,1e-05,0.001,A_net_aggregation,FAIL,FAIL,VALID
final_control_141,1e-05,0.001,B0,PASS,FAIL,VALID
final_control_141,1e-05,0.001,B1,FAIL,FAIL,VALID
final_control_141,1e-05,0.001,B2,FAIL,FAIL,VALID
final_control_141,1e-05,0.001,B3,FAIL,FAIL,VALID
final_control_141,1e-05,0.001,B4_normal,FAIL,FAIL,VALID
final_control_141,0.0001,0.01,B5,FAIL,FAIL,VALID
final_control_141,0.0001,0.01,B4,FAIL,FAIL,VALID
final_control_141,0.0001,0.01,A_no_geometry,FAIL,FAIL,VALID
final_control_141,0.0001,0.01,A_no_torque,FAIL,FAIL,VALID
final_control_141,0.0001,0.01,A_binary_unknown_fail,FAIL,FAIL,VALID
final_control_141,0.0001,0.01,A_accumulated,PASS,FAIL,VALID
final_control_141,0.0001,0.01,A_net_aggregation,FAIL,FAIL,VALID
final_control_141,0.0001,0.01,B0,PASS,FAIL,VALID
final_control_141,0.0001,0.01,B1,FAIL,FAIL,VALID
final_control_141,0.0001,0.01,B2,FAIL,FAIL,VALID
final_control_141,0.0001,0.01,B3,FAIL,FAIL,VALID
final_control_141,0.0001,0.01,B4_normal,FAIL,FAIL,VALID
final_control_141,0.001,0.1,B5,FAIL,FAIL,VALID
final_control_141,0.001,0.1,B4,FAIL,FAIL,VALID
final_control_141,0.001,0.1,A_no_geometry,FAIL,FAIL,VALID
final_control_141,0.001,0.1,A_no_torque,FAIL,FAIL,VALID
final_control_141,0.001,0.1,A_binary_unknown_fail,FAIL,FAIL,VALID
final_control_141,0.001,0.1,A_accumulated,PASS,FAIL,VALID
final_control_141,0.001,0.1,A_net_aggregation,FAIL,FAIL,VALID
final_control_141,0.001,0.1,B0,PASS,FAIL,VALID
final_control_141,0.001,0.1,B1,FAIL,FAIL,VALID
final_control_141,0.001,0.1,B2,FAIL,FAIL,VALID
final_control_141,0.001,0.1,B3,FAIL,FAIL,VALID
final_control_141,0.001,0.1,B4_normal,FAIL,FAIL,VALID
final_control_141,0.01,1.0,B5,FAIL,FAIL,VALID
final_control_141,0.01,1.0,B4,FAIL,FAIL,VALID
final_control_141,0.01,1.0,A_no_geometry,FAIL,FAIL,VALID
final_control_141,0.01,1.0,A_no_torque,FAIL,FAIL,VALID
final_control_141,0.01,1.0,A_binary_unknown_fail,FAIL,FAIL,VALID
final_control_141,0.01,1.0,A_accumulated,PASS,FAIL,VALID
final_control_141,0.01,1.0,A_net_aggregation,FAIL,FAIL,VALID
final_control_141,0.01,1.0,B0,PASS,FAIL,VALID
final_control_141,0.01,1.0,B1,FAIL,FAIL,VALID
final_control_141,0.01,1.0,B2,FAIL,FAIL,VALID
final_control_141,0.01,1.0,B3,FAIL,FAIL,VALID
final_control_141,0.01,1.0,B4_normal,FAIL,FAIL,VALID
final_control_142,1e-06,0.0001,B5,FAIL,FAIL,VALID
final_control_142,1e-06,0.0001,B4,FAIL,FAIL,VALID
final_control_142,1e-06,0.0001,A_no_geometry,FAIL,FAIL,VALID
final_control_142,1e-06,0.0001,A_no_torque,FAIL,FAIL,VALID
final_control_142,1e-06,0.0001,A_binary_unknown_fail,FAIL,FAIL,VALID
final_control_142,1e-06,0.0001,A_accumulated,FAIL,FAIL,VALID
final_control_142,1e-06,0.0001,A_net_aggregation,FAIL,FAIL,VALID
final_control_142,1e-06,0.0001,B0,FAIL,FAIL,VALID
final_control_142,1e-06,0.0001,B1,FAIL,FAIL,VALID
final_control_142,1e-06,0.0001,B2,FAIL,FAIL,VALID
final_control_142,1e-06,0.0001,B3,FAIL,FAIL,VALID
final_control_142,1e-06,0.0001,B4_normal,FAIL,FAIL,VALID
final_control_142,1e-05,0.001,B5,FAIL,FAIL,VALID
final_control_142,1e-05,0.001,B4,FAIL,FAIL,VALID
final_control_142,1e-05,0.001,A_no_geometry,FAIL,FAIL,VALID
final_control_142,1e-05,0.001,A_no_torque,FAIL,FAIL,VALID
final_control_142,1e-05,0.001,A_binary_unknown_fail,FAIL,FAIL,VALID
final_control_142,1e-05,0.001,A_accumulated,FAIL,FAIL,VALID
final_control_142,1e-05,0.001,A_net_aggregation,FAIL,FAIL,VALID
final_control_142,1e-05,0.001,B0,FAIL,FAIL,VALID
final_control_142,1e-05,0.001,B1,FAIL,FAIL,VALID
final_control_142,1e-05,0.001,B2,FAIL,FAIL,VALID
final_control_142,1e-05,0.001,B3,FAIL,FAIL,VALID
final_control_142,1e-05,0.001,B4_normal,FAIL,FAIL,VALID
final_control_142,0.0001,0.01,B5,FAIL,FAIL,VALID
final_control_142,0.0001,0.01,B4,FAIL,FAIL,VALID
final_control_142,0.0001,0.01,A_no_geometry,FAIL,FAIL,VALID
final_control_142,0.0001,0.01,A_no_torque,FAIL,FAIL,VALID
final_control_142,0.0001,0.01,A_binary_unknown_fail,FAIL,FAIL,VALID
final_control_142,0.0001,0.01,A_accumulated,FAIL,FAIL,VALID
final_control_142,0.0001,0.01,A_net_aggregation,FAIL,FAIL,VALID
final_control_142,0.0001,0.01,B0,FAIL,FAIL,VALID
final_control_142,0.0001,0.01,B1,FAIL,FAIL,VALID
final_control_142,0.0001,0.01,B2,FAIL,FAIL,VALID
final_control_142,0.0001,0.01,B3,FAIL,FAIL,VALID
final_control_142,0.0001,0.01,B4_normal,FAIL,FAIL,VALID
final_control_142,0.001,0.1,B5,FAIL,FAIL,VALID
final_control_142,0.001,0.1,B4,FAIL,FAIL,VALID
final_control_142,0.001,0.1,A_no_geometry,FAIL,FAIL,VALID
final_control_142,0.001,0.1,A_no_torque,FAIL,FAIL,VALID
final_control_142,0.001,0.1,A_binary_unknown_fail,FAIL,FAIL,VALID
final_control_142,0.001,0.1,A_accumulated,FAIL,FAIL,VALID
final_control_142,0.001,0.1,A_net_aggregation,FAIL,FAIL,VALID
final_control_142,0.001,0.1,B0,FAIL,FAIL,VALID
final_control_142,0.001,0.1,B1,FAIL,FAIL,VALID
final_control_142,0.001,0.1,B2,FAIL,FAIL,VALID
final_control_142,0.001,0.1,B3,FAIL,FAIL,VALID
final_control_142,0.001,0.1,B4_normal,FAIL,FAIL,VALID
final_control_142,0.01,1.0,B5,FAIL,FAIL,VALID
final_control_142,0.01,1.0,B4,FAIL,FAIL,VALID
final_control_142,0.01,1.0,A_no_geometry,FAIL,FAIL,VALID
final_control_142,0.01,1.0,A_no_torque,FAIL,FAIL,VALID
final_control_142,0.01,1.0,A_binary_unknown_fail,FAIL,FAIL,VALID
final_control_142,0.01,1.0,A_accumulated,FAIL,FAIL,VALID
final_control_142,0.01,1.0,A_net_aggregation,FAIL,FAIL,VALID
final_control_142,0.01,1.0,B0,FAIL,FAIL,VALID
final_control_142,0.01,1.0,B1,FAIL,FAIL,VALID
final_control_142,0.01,1.0,B2,FAIL,FAIL,VALID
final_control_142,0.01,1.0,B3,FAIL,FAIL,VALID
final_control_142,0.01,1.0,B4_normal,FAIL,FAIL,VALID
final_control_143,1e-06,0.0001,B5,FAIL,FAIL,VALID
final_control_143,1e-06,0.0001,B4,FAIL,FAIL,VALID
final_control_143,1e-06,0.0001,A_no_geometry,FAIL,FAIL,VALID
final_control_143,1e-06,0.0001,A_no_torque,FAIL,FAIL,VALID
final_control_143,1e-06,0.0001,A_binary_unknown_fail,FAIL,FAIL,VALID
final_control_143,1e-06,0.0001,A_accumulated,FAIL,FAIL,VALID
final_control_143,1e-06,0.0001,A_net_aggregation,FAIL,FAIL,VALID
final_control_143,1e-06,0.0001,B0,PASS,FAIL,VALID
final_control_143,1e-06,0.0001,B1,PASS,FAIL,VALID
final_control_143,1e-06,0.0001,B2,FAIL,FAIL,VALID
final_control_143,1e-06,0.0001,B3,FAIL,FAIL,VALID
final_control_143,1e-06,0.0001,B4_normal,FAIL,FAIL,VALID
final_control_143,1e-05,0.001,B5,FAIL,FAIL,VALID
final_control_143,1e-05,0.001,B4,FAIL,FAIL,VALID
final_control_143,1e-05,0.001,A_no_geometry,FAIL,FAIL,VALID
final_control_143,1e-05,0.001,A_no_torque,FAIL,FAIL,VALID
final_control_143,1e-05,0.001,A_binary_unknown_fail,FAIL,FAIL,VALID
final_control_143,1e-05,0.001,A_accumulated,FAIL,FAIL,VALID
final_control_143,1e-05,0.001,A_net_aggregation,FAIL,FAIL,VALID
final_control_143,1e-05,0.001,B0,PASS,FAIL,VALID
final_control_143,1e-05,0.001,B1,PASS,FAIL,VALID
final_control_143,1e-05,0.001,B2,FAIL,FAIL,VALID
final_control_143,1e-05,0.001,B3,FAIL,FAIL,VALID
final_control_143,1e-05,0.001,B4_normal,FAIL,FAIL,VALID
final_control_143,0.0001,0.01,B5,FAIL,FAIL,VALID
final_control_143,0.0001,0.01,B4,FAIL,FAIL,VALID
final_control_143,0.0001,0.01,A_no_geometry,FAIL,FAIL,VALID
final_control_143,0.0001,0.01,A_no_torque,FAIL,FAIL,VALID
final_control_143,0.0001,0.01,A_binary_unknown_fail,FAIL,FAIL,VALID
final_control_143,0.0001,0.01,A_accumulated,FAIL,FAIL,VALID
final_control_143,0.0001,0.01,A_net_aggregation,FAIL,FAIL,VALID
final_control_143,0.0001,0.01,B0,PASS,FAIL,VALID
final_control_143,0.0001,0.01,B1,PASS,FAIL,VALID
final_control_143,0.0001,0.01,B2,FAIL,FAIL,VALID
final_control_143,0.0001,0.01,B3,FAIL,FAIL,VALID
final_control_143,0.0001,0.01,B4_normal,FAIL,FAIL,VALID
final_control_143,0.001,0.1,B5,FAIL,FAIL,VALID
final_control_143,0.001,0.1,B4,FAIL,FAIL,VALID
final_control_143,0.001,0.1,A_no_geometry,FAIL,FAIL,VALID
final_control_143,0.001,0.1,A_no_torque,FAIL,FAIL,VALID
final_control_143,0.001,0.1,A_binary_unknown_fail,FAIL,FAIL,VALID
final_control_143,0.001,0.1,A_accumulated,FAIL,FAIL,VALID
final_control_143,0.001,0.1,A_net_aggregation,FAIL,FAIL,VALID
final_control_143,0.001,0.1,B0,PASS,FAIL,VALID
final_control_143,0.001,0.1,B1,PASS,FAIL,VALID
final_control_143,0.001,0.1,B2,FAIL,FAIL,VALID
final_control_143,0.001,0.1,B3,FAIL,FAIL,VALID
final_control_143,0.001,0.1,B4_normal,FAIL,FAIL,VALID
final_control_143,0.01,1.0,B5,INDETERMINATE,FAIL,VALID
final_control_143,0.01,1.0,B4,INDETERMINATE,FAIL,VALID
final_control_143,0.01,1.0,A_no_geometry,INDETERMINATE,FAIL,VALID
final_control_143,0.01,1.0,A_no_torque,INDETERMINATE,FAIL,VALID
final_control_143,0.01,1.0,A_binary_unknown_fail,FAIL,FAIL,VALID
final_control_143,0.01,1.0,A_accumulated,INDETERMINATE,FAIL,VALID
final_control_143,0.01,1.0,A_net_aggregation,INDETERMINATE,FAIL,VALID
final_control_143,0.01,1.0,B0,PASS,FAIL,VALID
final_control_143,0.01,1.0,B1,PASS,FAIL,VALID
final_control_143,0.01,1.0,B2,FAIL,FAIL,VALID
final_control_143,0.01,1.0,B3,FAIL,FAIL,VALID
final_control_143,0.01,1.0,B4_normal,INDETERMINATE,FAIL,VALID
final_control_144,1e-06,0.0001,B5,FAIL,FAIL,VALID
final_control_144,1e-06,0.0001,B4,FAIL,FAIL,VALID
final_control_144,1e-06,0.0001,A_no_geometry,FAIL,FAIL,VALID
final_control_144,1e-06,0.0001,A_no_torque,FAIL,FAIL,VALID
final_control_144,1e-06,0.0001,A_binary_unknown_fail,FAIL,FAIL,VALID
final_control_144,1e-06,0.0001,A_accumulated,FAIL,FAIL,VALID
final_control_144,1e-06,0.0001,A_net_aggregation,FAIL,FAIL,VALID
final_control_144,1e-06,0.0001,B0,FAIL,FAIL,VALID
final_control_144,1e-06,0.0001,B1,FAIL,FAIL,VALID
final_control_144,1e-06,0.0001,B2,FAIL,FAIL,VALID
final_control_144,1e-06,0.0001,B3,FAIL,FAIL,VALID
final_control_144,1e-06,0.0001,B4_normal,FAIL,FAIL,VALID
final_control_144,1e-05,0.001,B5,FAIL,FAIL,VALID
final_control_144,1e-05,0.001,B4,FAIL,FAIL,VALID
final_control_144,1e-05,0.001,A_no_geometry,FAIL,FAIL,VALID
final_control_144,1e-05,0.001,A_no_torque,FAIL,FAIL,VALID
final_control_144,1e-05,0.001,A_binary_unknown_fail,FAIL,FAIL,VALID
final_control_144,1e-05,0.001,A_accumulated,FAIL,FAIL,VALID
final_control_144,1e-05,0.001,A_net_aggregation,FAIL,FAIL,VALID
final_control_144,1e-05,0.001,B0,FAIL,FAIL,VALID
final_control_144,1e-05,0.001,B1,FAIL,FAIL,VALID
final_control_144,1e-05,0.001,B2,FAIL,FAIL,VALID
final_control_144,1e-05,0.001,B3,FAIL,FAIL,VALID
final_control_144,1e-05,0.001,B4_normal,FAIL,FAIL,VALID
final_control_144,0.0001,0.01,B5,FAIL,FAIL,VALID
final_control_144,0.0001,0.01,B4,FAIL,FAIL,VALID
final_control_144,0.0001,0.01,A_no_geometry,FAIL,FAIL,VALID
final_control_144,0.0001,0.01,A_no_torque,FAIL,FAIL,VALID
final_control_144,0.0001,0.01,A_binary_unknown_fail,FAIL,FAIL,VALID
final_control_144,0.0001,0.01,A_accumulated,FAIL,FAIL,VALID
final_control_144,0.0001,0.01,A_net_aggregation,FAIL,FAIL,VALID
final_control_144,0.0001,0.01,B0,FAIL,FAIL,VALID
final_control_144,0.0001,0.01,B1,FAIL,FAIL,VALID
final_control_144,0.0001,0.01,B2,FAIL,FAIL,VALID
final_control_144,0.0001,0.01,B3,FAIL,FAIL,VALID
final_control_144,0.0001,0.01,B4_normal,FAIL,FAIL,VALID
final_control_144,0.001,0.1,B5,FAIL,FAIL,VALID
final_control_144,0.001,0.1,B4,FAIL,FAIL,VALID
final_control_144,0.001,0.1,A_no_geometry,FAIL,FAIL,VALID
final_control_144,0.001,0.1,A_no_torque,FAIL,FAIL,VALID
final_control_144,0.001,0.1,A_binary_unknown_fail,FAIL,FAIL,VALID
final_control_144,0.001,0.1,A_accumulated,FAIL,FAIL,VALID
final_control_144,0.001,0.1,A_net_aggregation,FAIL,FAIL,VALID
final_control_144,0.001,0.1,B0,FAIL,FAIL,VALID
final_control_144,0.001,0.1,B1,FAIL,FAIL,VALID
final_control_144,0.001,0.1,B2,FAIL,FAIL,VALID
final_control_144,0.001,0.1,B3,FAIL,FAIL,VALID
final_control_144,0.001,0.1,B4_normal,FAIL,FAIL,VALID
final_control_144,0.01,1.0,B5,FAIL,FAIL,VALID
final_control_144,0.01,1.0,B4,FAIL,FAIL,VALID
final_control_144,0.01,1.0,A_no_geometry,FAIL,FAIL,VALID
final_control_144,0.01,1.0,A_no_torque,FAIL,FAIL,VALID
final_control_144,0.01,1.0,A_binary_unknown_fail,FAIL,FAIL,VALID
final_control_144,0.01,1.0,A_accumulated,FAIL,FAIL,VALID
final_control_144,0.01,1.0,A_net_aggregation,FAIL,FAIL,VALID
final_control_144,0.01,1.0,B0,FAIL,FAIL,VALID
final_control_144,0.01,1.0,B1,FAIL,FAIL,VALID
final_control_144,0.01,1.0,B2,FAIL,FAIL,VALID
final_control_144,0.01,1.0,B3,FAIL,FAIL,VALID
final_control_144,0.01,1.0,B4_normal,FAIL,FAIL,VALID
final_control_145,1e-06,0.0001,B5,PASS,PASS,VALID
final_control_145,1e-06,0.0001,B4,PASS,PASS,VALID
final_control_145,1e-06,0.0001,A_no_geometry,PASS,PASS,VALID
final_control_145,1e-06,0.0001,A_no_torque,PASS,PASS,VALID
final_control_145,1e-06,0.0001,A_binary_unknown_fail,PASS,PASS,VALID
final_control_145,1e-06,0.0001,A_accumulated,PASS,PASS,VALID
final_control_145,1e-06,0.0001,A_net_aggregation,PASS,PASS,VALID
final_control_145,1e-06,0.0001,B0,PASS,PASS,VALID
final_control_145,1e-06,0.0001,B1,PASS,PASS,VALID
final_control_145,1e-06,0.0001,B2,FAIL,PASS,VALID
final_control_145,1e-06,0.0001,B3,PASS,PASS,VALID
final_control_145,1e-06,0.0001,B4_normal,PASS,PASS,VALID
final_control_145,1e-05,0.001,B5,PASS,PASS,VALID
final_control_145,1e-05,0.001,B4,PASS,PASS,VALID
final_control_145,1e-05,0.001,A_no_geometry,PASS,PASS,VALID
final_control_145,1e-05,0.001,A_no_torque,PASS,PASS,VALID
final_control_145,1e-05,0.001,A_binary_unknown_fail,PASS,PASS,VALID
final_control_145,1e-05,0.001,A_accumulated,PASS,PASS,VALID
final_control_145,1e-05,0.001,A_net_aggregation,PASS,PASS,VALID
final_control_145,1e-05,0.001,B0,PASS,PASS,VALID
final_control_145,1e-05,0.001,B1,PASS,PASS,VALID
final_control_145,1e-05,0.001,B2,FAIL,PASS,VALID
final_control_145,1e-05,0.001,B3,PASS,PASS,VALID
final_control_145,1e-05,0.001,B4_normal,PASS,PASS,VALID
final_control_145,0.0001,0.01,B5,PASS,PASS,VALID
final_control_145,0.0001,0.01,B4,PASS,PASS,VALID
final_control_145,0.0001,0.01,A_no_geometry,PASS,PASS,VALID
final_control_145,0.0001,0.01,A_no_torque,PASS,PASS,VALID
final_control_145,0.0001,0.01,A_binary_unknown_fail,PASS,PASS,VALID
final_control_145,0.0001,0.01,A_accumulated,PASS,PASS,VALID
final_control_145,0.0001,0.01,A_net_aggregation,PASS,PASS,VALID
final_control_145,0.0001,0.01,B0,PASS,PASS,VALID
final_control_145,0.0001,0.01,B1,PASS,PASS,VALID
final_control_145,0.0001,0.01,B2,FAIL,PASS,VALID
final_control_145,0.0001,0.01,B3,PASS,PASS,VALID
final_control_145,0.0001,0.01,B4_normal,PASS,PASS,VALID
final_control_145,0.001,0.1,B5,PASS,PASS,VALID
final_control_145,0.001,0.1,B4,PASS,PASS,VALID
final_control_145,0.001,0.1,A_no_geometry,PASS,PASS,VALID
final_control_145,0.001,0.1,A_no_torque,PASS,PASS,VALID
final_control_145,0.001,0.1,A_binary_unknown_fail,PASS,PASS,VALID
final_control_145,0.001,0.1,A_accumulated,PASS,PASS,VALID
final_control_145,0.001,0.1,A_net_aggregation,PASS,PASS,VALID
final_control_145,0.001,0.1,B0,PASS,PASS,VALID
final_control_145,0.001,0.1,B1,PASS,PASS,VALID
final_control_145,0.001,0.1,B2,FAIL,PASS,VALID
final_control_145,0.001,0.1,B3,PASS,PASS,VALID
final_control_145,0.001,0.1,B4_normal,PASS,PASS,VALID
final_control_145,0.01,1.0,B5,PASS,PASS,VALID
final_control_145,0.01,1.0,B4,PASS,PASS,VALID
final_control_145,0.01,1.0,A_no_geometry,PASS,PASS,VALID
final_control_145,0.01,1.0,A_no_torque,PASS,PASS,VALID
final_control_145,0.01,1.0,A_binary_unknown_fail,PASS,PASS,VALID
final_control_145,0.01,1.0,A_accumulated,PASS,PASS,VALID
final_control_145,0.01,1.0,A_net_aggregation,PASS,PASS,VALID
final_control_145,0.01,1.0,B0,PASS,PASS,VALID
final_control_145,0.01,1.0,B1,PASS,PASS,VALID
final_control_145,0.01,1.0,B2,FAIL,PASS,VALID
final_control_145,0.01,1.0,B3,PASS,PASS,VALID
final_control_145,0.01,1.0,B4_normal,PASS,PASS,VALID
final_control_146,1e-06,0.0001,B5,FAIL,FAIL,VALID
final_control_146,1e-06,0.0001,B4,FAIL,FAIL,VALID
final_control_146,1e-06,0.0001,A_no_geometry,FAIL,FAIL,VALID
final_control_146,1e-06,0.0001,A_no_torque,FAIL,FAIL,VALID
final_control_146,1e-06,0.0001,A_binary_unknown_fail,FAIL,FAIL,VALID
final_control_146,1e-06,0.0001,A_accumulated,FAIL,FAIL,VALID
final_control_146,1e-06,0.0001,A_net_aggregation,FAIL,FAIL,VALID
final_control_146,1e-06,0.0001,B0,PASS,FAIL,VALID
final_control_146,1e-06,0.0001,B1,PASS,FAIL,VALID
final_control_146,1e-06,0.0001,B2,FAIL,FAIL,VALID
final_control_146,1e-06,0.0001,B3,FAIL,FAIL,VALID
final_control_146,1e-06,0.0001,B4_normal,FAIL,FAIL,VALID
final_control_146,1e-05,0.001,B5,FAIL,FAIL,VALID
final_control_146,1e-05,0.001,B4,FAIL,FAIL,VALID
final_control_146,1e-05,0.001,A_no_geometry,FAIL,FAIL,VALID
final_control_146,1e-05,0.001,A_no_torque,FAIL,FAIL,VALID
final_control_146,1e-05,0.001,A_binary_unknown_fail,FAIL,FAIL,VALID
final_control_146,1e-05,0.001,A_accumulated,FAIL,FAIL,VALID
final_control_146,1e-05,0.001,A_net_aggregation,FAIL,FAIL,VALID
final_control_146,1e-05,0.001,B0,PASS,FAIL,VALID
final_control_146,1e-05,0.001,B1,PASS,FAIL,VALID
final_control_146,1e-05,0.001,B2,FAIL,FAIL,VALID
final_control_146,1e-05,0.001,B3,FAIL,FAIL,VALID
final_control_146,1e-05,0.001,B4_normal,FAIL,FAIL,VALID
final_control_146,0.0001,0.01,B5,FAIL,FAIL,VALID
final_control_146,0.0001,0.01,B4,FAIL,FAIL,VALID
final_control_146,0.0001,0.01,A_no_geometry,FAIL,FAIL,VALID
final_control_146,0.0001,0.01,A_no_torque,FAIL,FAIL,VALID
final_control_146,0.0001,0.01,A_binary_unknown_fail,FAIL,FAIL,VALID
final_control_146,0.0001,0.01,A_accumulated,FAIL,FAIL,VALID
final_control_146,0.0001,0.01,A_net_aggregation,FAIL,FAIL,VALID
final_control_146,0.0001,0.01,B0,PASS,FAIL,VALID
final_control_146,0.0001,0.01,B1,PASS,FAIL,VALID
final_control_146,0.0001,0.01,B2,FAIL,FAIL,VALID
final_control_146,0.0001,0.01,B3,FAIL,FAIL,VALID
final_control_146,0.0001,0.01,B4_normal,FAIL,FAIL,VALID
final_control_146,0.001,0.1,B5,FAIL,FAIL,VALID
final_control_146,0.001,0.1,B4,FAIL,FAIL,VALID
final_control_146,0.001,0.1,A_no_geometry,FAIL,FAIL,VALID
final_control_146,0.001,0.1,A_no_torque,FAIL,FAIL,VALID
final_control_146,0.001,0.1,A_binary_unknown_fail,FAIL,FAIL,VALID
final_control_146,0.001,0.1,A_accumulated,FAIL,FAIL,VALID
final_control_146,0.001,0.1,A_net_aggregation,FAIL,FAIL,VALID
final_control_146,0.001,0.1,B0,PASS,FAIL,VALID
final_control_146,0.001,0.1,B1,PASS,FAIL,VALID
final_control_146,0.001,0.1,B2,FAIL,FAIL,VALID
final_control_146,0.001,0.1,B3,FAIL,FAIL,VALID
final_control_146,0.001,0.1,B4_normal,FAIL,FAIL,VALID
final_control_146,0.01,1.0,B5,FAIL,FAIL,VALID
final_control_146,0.01,1.0,B4,FAIL,FAIL,VALID
final_control_146,0.01,1.0,A_no_geometry,FAIL,FAIL,VALID
final_control_146,0.01,1.0,A_no_torque,FAIL,FAIL,VALID
final_control_146,0.01,1.0,A_binary_unknown_fail,FAIL,FAIL,VALID
final_control_146,0.01,1.0,A_accumulated,FAIL,FAIL,VALID
final_control_146,0.01,1.0,A_net_aggregation,FAIL,FAIL,VALID
final_control_146,0.01,1.0,B0,PASS,FAIL,VALID
final_control_146,0.01,1.0,B1,PASS,FAIL,VALID
final_control_146,0.01,1.0,B2,FAIL,FAIL,VALID
final_control_146,0.01,1.0,B3,FAIL,FAIL,VALID
final_control_146,0.01,1.0,B4_normal,FAIL,FAIL,VALID
final_control_147,1e-06,0.0001,B5,FAIL,FAIL,VALID
final_control_147,1e-06,0.0001,B4,FAIL,FAIL,VALID
final_control_147,1e-06,0.0001,A_no_geometry,FAIL,FAIL,VALID
final_control_147,1e-06,0.0001,A_no_torque,FAIL,FAIL,VALID
final_control_147,1e-06,0.0001,A_binary_unknown_fail,FAIL,FAIL,VALID
final_control_147,1e-06,0.0001,A_accumulated,FAIL,FAIL,VALID
final_control_147,1e-06,0.0001,A_net_aggregation,FAIL,FAIL,VALID
final_control_147,1e-06,0.0001,B0,PASS,FAIL,VALID
final_control_147,1e-06,0.0001,B1,PASS,FAIL,VALID
final_control_147,1e-06,0.0001,B2,FAIL,FAIL,VALID
final_control_147,1e-06,0.0001,B3,FAIL,FAIL,VALID
final_control_147,1e-06,0.0001,B4_normal,FAIL,FAIL,VALID
final_control_147,1e-05,0.001,B5,FAIL,FAIL,VALID
final_control_147,1e-05,0.001,B4,FAIL,FAIL,VALID
final_control_147,1e-05,0.001,A_no_geometry,FAIL,FAIL,VALID
final_control_147,1e-05,0.001,A_no_torque,FAIL,FAIL,VALID
final_control_147,1e-05,0.001,A_binary_unknown_fail,FAIL,FAIL,VALID
final_control_147,1e-05,0.001,A_accumulated,FAIL,FAIL,VALID
final_control_147,1e-05,0.001,A_net_aggregation,FAIL,FAIL,VALID
final_control_147,1e-05,0.001,B0,PASS,FAIL,VALID
final_control_147,1e-05,0.001,B1,PASS,FAIL,VALID
final_control_147,1e-05,0.001,B2,FAIL,FAIL,VALID
final_control_147,1e-05,0.001,B3,FAIL,FAIL,VALID
final_control_147,1e-05,0.001,B4_normal,FAIL,FAIL,VALID
final_control_147,0.0001,0.01,B5,FAIL,FAIL,VALID
final_control_147,0.0001,0.01,B4,FAIL,FAIL,VALID
final_control_147,0.0001,0.01,A_no_geometry,FAIL,FAIL,VALID
final_control_147,0.0001,0.01,A_no_torque,FAIL,FAIL,VALID
final_control_147,0.0001,0.01,A_binary_unknown_fail,FAIL,FAIL,VALID
final_control_147,0.0001,0.01,A_accumulated,FAIL,FAIL,VALID
final_control_147,0.0001,0.01,A_net_aggregation,FAIL,FAIL,VALID
final_control_147,0.0001,0.01,B0,PASS,FAIL,VALID
final_control_147,0.0001,0.01,B1,PASS,FAIL,VALID
final_control_147,0.0001,0.01,B2,FAIL,FAIL,VALID
final_control_147,0.0001,0.01,B3,FAIL,FAIL,VALID
final_control_147,0.0001,0.01,B4_normal,FAIL,FAIL,VALID
final_control_147,0.001,0.1,B5,FAIL,FAIL,VALID
final_control_147,0.001,0.1,B4,FAIL,FAIL,VALID
final_control_147,0.001,0.1,A_no_geometry,FAIL,FAIL,VALID
final_control_147,0.001,0.1,A_no_torque,FAIL,FAIL,VALID
final_control_147,0.001,0.1,A_binary_unknown_fail,FAIL,FAIL,VALID
final_control_147,0.001,0.1,A_accumulated,FAIL,FAIL,VALID
final_control_147,0.001,0.1,A_net_aggregation,FAIL,FAIL,VALID
final_control_147,0.001,0.1,B0,PASS,FAIL,VALID
final_control_147,0.001,0.1,B1,PASS,FAIL,VALID
final_control_147,0.001,0.1,B2,FAIL,FAIL,VALID
final_control_147,0.001,0.1,B3,FAIL,FAIL,VALID
final_control_147,0.001,0.1,B4_normal,FAIL,FAIL,VALID
final_control_147,0.01,1.0,B5,FAIL,FAIL,VALID
final_control_147,0.01,1.0,B4,FAIL,FAIL,VALID
final_control_147,0.01,1.0,A_no_geometry,FAIL,FAIL,VALID
final_control_147,0.01,1.0,A_no_torque,FAIL,FAIL,VALID
final_control_147,0.01,1.0,A_binary_unknown_fail,FAIL,FAIL,VALID
final_control_147,0.01,1.0,A_accumulated,FAIL,FAIL,VALID
final_control_147,0.01,1.0,A_net_aggregation,FAIL,FAIL,VALID
final_control_147,0.01,1.0,B0,PASS,FAIL,VALID
final_control_147,0.01,1.0,B1,PASS,FAIL,VALID
final_control_147,0.01,1.0,B2,FAIL,FAIL,VALID
final_control_147,0.01,1.0,B3,FAIL,FAIL,VALID
final_control_147,0.01,1.0,B4_normal,FAIL,FAIL,VALID
final_control_148,1e-06,0.0001,B5,FAIL,FAIL,VALID
final_control_148,1e-06,0.0001,B4,FAIL,FAIL,VALID
final_control_148,1e-06,0.0001,A_no_geometry,FAIL,FAIL,VALID
final_control_148,1e-06,0.0001,A_no_torque,FAIL,FAIL,VALID
final_control_148,1e-06,0.0001,A_binary_unknown_fail,FAIL,FAIL,VALID
final_control_148,1e-06,0.0001,A_accumulated,FAIL,FAIL,VALID
final_control_148,1e-06,0.0001,A_net_aggregation,FAIL,FAIL,VALID
final_control_148,1e-06,0.0001,B0,PASS,FAIL,VALID
final_control_148,1e-06,0.0001,B1,PASS,FAIL,VALID
final_control_148,1e-06,0.0001,B2,FAIL,FAIL,VALID
final_control_148,1e-06,0.0001,B3,FAIL,FAIL,VALID
final_control_148,1e-06,0.0001,B4_normal,FAIL,FAIL,VALID
final_control_148,1e-05,0.001,B5,FAIL,FAIL,VALID
final_control_148,1e-05,0.001,B4,FAIL,FAIL,VALID
final_control_148,1e-05,0.001,A_no_geometry,FAIL,FAIL,VALID
final_control_148,1e-05,0.001,A_no_torque,FAIL,FAIL,VALID
final_control_148,1e-05,0.001,A_binary_unknown_fail,FAIL,FAIL,VALID
final_control_148,1e-05,0.001,A_accumulated,FAIL,FAIL,VALID
final_control_148,1e-05,0.001,A_net_aggregation,FAIL,FAIL,VALID
final_control_148,1e-05,0.001,B0,PASS,FAIL,VALID
final_control_148,1e-05,0.001,B1,PASS,FAIL,VALID
final_control_148,1e-05,0.001,B2,FAIL,FAIL,VALID
final_control_148,1e-05,0.001,B3,FAIL,FAIL,VALID
final_control_148,1e-05,0.001,B4_normal,FAIL,FAIL,VALID
final_control_148,0.0001,0.01,B5,FAIL,FAIL,VALID
final_control_148,0.0001,0.01,B4,FAIL,FAIL,VALID
final_control_148,0.0001,0.01,A_no_geometry,FAIL,FAIL,VALID
final_control_148,0.0001,0.01,A_no_torque,FAIL,FAIL,VALID
final_control_148,0.0001,0.01,A_binary_unknown_fail,FAIL,FAIL,VALID
final_control_148,0.0001,0.01,A_accumulated,FAIL,FAIL,VALID
final_control_148,0.0001,0.01,A_net_aggregation,FAIL,FAIL,VALID
final_control_148,0.0001,0.01,B0,PASS,FAIL,VALID
final_control_148,0.0001,0.01,B1,PASS,FAIL,VALID
final_control_148,0.0001,0.01,B2,FAIL,FAIL,VALID
final_control_148,0.0001,0.01,B3,FAIL,FAIL,VALID
final_control_148,0.0001,0.01,B4_normal,FAIL,FAIL,VALID
final_control_148,0.001,0.1,B5,FAIL,FAIL,VALID
final_control_148,0.001,0.1,B4,FAIL,FAIL,VALID
final_control_148,0.001,0.1,A_no_geometry,FAIL,FAIL,VALID
final_control_148,0.001,0.1,A_no_torque,FAIL,FAIL,VALID
final_control_148,0.001,0.1,A_binary_unknown_fail,FAIL,FAIL,VALID
final_control_148,0.001,0.1,A_accumulated,FAIL,FAIL,VALID
final_control_148,0.001,0.1,A_net_aggregation,FAIL,FAIL,VALID
final_control_148,0.001,0.1,B0,PASS,FAIL,VALID
final_control_148,0.001,0.1,B1,PASS,FAIL,VALID
final_control_148,0.001,0.1,B2,FAIL,FAIL,VALID
final_control_148,0.001,0.1,B3,FAIL,FAIL,VALID
final_control_148,0.001,0.1,B4_normal,FAIL,FAIL,VALID
final_control_148,0.01,1.0,B5,FAIL,FAIL,VALID
final_control_148,0.01,1.0,B4,FAIL,FAIL,VALID
final_control_148,0.01,1.0,A_no_geometry,FAIL,FAIL,VALID
final_control_148,0.01,1.0,A_no_torque,FAIL,FAIL,VALID
final_control_148,0.01,1.0,A_binary_unknown_fail,FAIL,FAIL,VALID
final_control_148,0.01,1.0,A_accumulated,FAIL,FAIL,VALID
final_control_148,0.01,1.0,A_net_aggregation,INDETERMINATE,FAIL,VALID
final_control_148,0.01,1.0,B0,PASS,FAIL,VALID
final_control_148,0.01,1.0,B1,PASS,FAIL,VALID
final_control_148,0.01,1.0,B2,FAIL,FAIL,VALID
final_control_148,0.01,1.0,B3,FAIL,FAIL,VALID
final_control_148,0.01,1.0,B4_normal,FAIL,FAIL,VALID
final_control_149,1e-06,0.0001,B5,FAIL,FAIL,VALID
final_control_149,1e-06,0.0001,B4,FAIL,FAIL,VALID
final_control_149,1e-06,0.0001,A_no_geometry,FAIL,FAIL,VALID
final_control_149,1e-06,0.0001,A_no_torque,FAIL,FAIL,VALID
final_control_149,1e-06,0.0001,A_binary_unknown_fail,FAIL,FAIL,VALID
final_control_149,1e-06,0.0001,A_accumulated,PASS,FAIL,VALID
final_control_149,1e-06,0.0001,A_net_aggregation,FAIL,FAIL,VALID
final_control_149,1e-06,0.0001,B0,PASS,FAIL,VALID
final_control_149,1e-06,0.0001,B1,FAIL,FAIL,VALID
final_control_149,1e-06,0.0001,B2,FAIL,FAIL,VALID
final_control_149,1e-06,0.0001,B3,FAIL,FAIL,VALID
final_control_149,1e-06,0.0001,B4_normal,FAIL,FAIL,VALID
final_control_149,1e-05,0.001,B5,FAIL,FAIL,VALID
final_control_149,1e-05,0.001,B4,FAIL,FAIL,VALID
final_control_149,1e-05,0.001,A_no_geometry,FAIL,FAIL,VALID
final_control_149,1e-05,0.001,A_no_torque,FAIL,FAIL,VALID
final_control_149,1e-05,0.001,A_binary_unknown_fail,FAIL,FAIL,VALID
final_control_149,1e-05,0.001,A_accumulated,PASS,FAIL,VALID
final_control_149,1e-05,0.001,A_net_aggregation,FAIL,FAIL,VALID
final_control_149,1e-05,0.001,B0,PASS,FAIL,VALID
final_control_149,1e-05,0.001,B1,FAIL,FAIL,VALID
final_control_149,1e-05,0.001,B2,FAIL,FAIL,VALID
final_control_149,1e-05,0.001,B3,FAIL,FAIL,VALID
final_control_149,1e-05,0.001,B4_normal,FAIL,FAIL,VALID
final_control_149,0.0001,0.01,B5,FAIL,FAIL,VALID
final_control_149,0.0001,0.01,B4,FAIL,FAIL,VALID
final_control_149,0.0001,0.01,A_no_geometry,FAIL,FAIL,VALID
final_control_149,0.0001,0.01,A_no_torque,FAIL,FAIL,VALID
final_control_149,0.0001,0.01,A_binary_unknown_fail,FAIL,FAIL,VALID
final_control_149,0.0001,0.01,A_accumulated,PASS,FAIL,VALID
final_control_149,0.0001,0.01,A_net_aggregation,FAIL,FAIL,VALID
final_control_149,0.0001,0.01,B0,PASS,FAIL,VALID
final_control_149,0.0001,0.01,B1,FAIL,FAIL,VALID
final_control_149,0.0001,0.01,B2,FAIL,FAIL,VALID
final_control_149,0.0001,0.01,B3,FAIL,FAIL,VALID
final_control_149,0.0001,0.01,B4_normal,FAIL,FAIL,VALID
final_control_149,0.001,0.1,B5,FAIL,FAIL,VALID
final_control_149,0.001,0.1,B4,FAIL,FAIL,VALID
final_control_149,0.001,0.1,A_no_geometry,FAIL,FAIL,VALID
final_control_149,0.001,0.1,A_no_torque,FAIL,FAIL,VALID
final_control_149,0.001,0.1,A_binary_unknown_fail,FAIL,FAIL,VALID
final_control_149,0.001,0.1,A_accumulated,PASS,FAIL,VALID
final_control_149,0.001,0.1,A_net_aggregation,FAIL,FAIL,VALID
final_control_149,0.001,0.1,B0,PASS,FAIL,VALID
final_control_149,0.001,0.1,B1,FAIL,FAIL,VALID
final_control_149,0.001,0.1,B2,FAIL,FAIL,VALID
final_control_149,0.001,0.1,B3,FAIL,FAIL,VALID
final_control_149,0.001,0.1,B4_normal,FAIL,FAIL,VALID
final_control_149,0.01,1.0,B5,FAIL,FAIL,VALID
final_control_149,0.01,1.0,B4,FAIL,FAIL,VALID
final_control_149,0.01,1.0,A_no_geometry,FAIL,FAIL,VALID
final_control_149,0.01,1.0,A_no_torque,FAIL,FAIL,VALID
final_control_149,0.01,1.0,A_binary_unknown_fail,FAIL,FAIL,VALID
final_control_149,0.01,1.0,A_accumulated,PASS,FAIL,VALID
final_control_149,0.01,1.0,A_net_aggregation,FAIL,FAIL,VALID
final_control_149,0.01,1.0,B0,PASS,FAIL,VALID
final_control_149,0.01,1.0,B1,FAIL,FAIL,VALID
final_control_149,0.01,1.0,B2,FAIL,FAIL,VALID
final_control_149,0.01,1.0,B3,FAIL,FAIL,VALID
final_control_149,0.01,1.0,B4_normal,FAIL,FAIL,VALID
final_control_150,1e-06,0.0001,B5,FAIL,FAIL,VALID
final_control_150,1e-06,0.0001,B4,FAIL,FAIL,VALID
final_control_150,1e-06,0.0001,A_no_geometry,FAIL,FAIL,VALID
final_control_150,1e-06,0.0001,A_no_torque,FAIL,FAIL,VALID
final_control_150,1e-06,0.0001,A_binary_unknown_fail,FAIL,FAIL,VALID
final_control_150,1e-06,0.0001,A_accumulated,FAIL,FAIL,VALID
final_control_150,1e-06,0.0001,A_net_aggregation,FAIL,FAIL,VALID
final_control_150,1e-06,0.0001,B0,FAIL,FAIL,VALID
final_control_150,1e-06,0.0001,B1,FAIL,FAIL,VALID
final_control_150,1e-06,0.0001,B2,FAIL,FAIL,VALID
final_control_150,1e-06,0.0001,B3,FAIL,FAIL,VALID
final_control_150,1e-06,0.0001,B4_normal,FAIL,FAIL,VALID
final_control_150,1e-05,0.001,B5,FAIL,FAIL,VALID
final_control_150,1e-05,0.001,B4,FAIL,FAIL,VALID
final_control_150,1e-05,0.001,A_no_geometry,FAIL,FAIL,VALID
final_control_150,1e-05,0.001,A_no_torque,FAIL,FAIL,VALID
final_control_150,1e-05,0.001,A_binary_unknown_fail,FAIL,FAIL,VALID
final_control_150,1e-05,0.001,A_accumulated,FAIL,FAIL,VALID
final_control_150,1e-05,0.001,A_net_aggregation,FAIL,FAIL,VALID
final_control_150,1e-05,0.001,B0,FAIL,FAIL,VALID
final_control_150,1e-05,0.001,B1,FAIL,FAIL,VALID
final_control_150,1e-05,0.001,B2,FAIL,FAIL,VALID
final_control_150,1e-05,0.001,B3,FAIL,FAIL,VALID
final_control_150,1e-05,0.001,B4_normal,FAIL,FAIL,VALID
final_control_150,0.0001,0.01,B5,FAIL,FAIL,VALID
final_control_150,0.0001,0.01,B4,FAIL,FAIL,VALID
final_control_150,0.0001,0.01,A_no_geometry,FAIL,FAIL,VALID
final_control_150,0.0001,0.01,A_no_torque,FAIL,FAIL,VALID
final_control_150,0.0001,0.01,A_binary_unknown_fail,FAIL,FAIL,VALID
final_control_150,0.0001,0.01,A_accumulated,FAIL,FAIL,VALID
final_control_150,0.0001,0.01,A_net_aggregation,FAIL,FAIL,VALID
final_control_150,0.0001,0.01,B0,FAIL,FAIL,VALID
final_control_150,0.0001,0.01,B1,FAIL,FAIL,VALID
final_control_150,0.0001,0.01,B2,FAIL,FAIL,VALID
final_control_150,0.0001,0.01,B3,FAIL,FAIL,VALID
final_control_150,0.0001,0.01,B4_normal,FAIL,FAIL,VALID
final_control_150,0.001,0.1,B5,FAIL,FAIL,VALID
final_control_150,0.001,0.1,B4,FAIL,FAIL,VALID
final_control_150,0.001,0.1,A_no_geometry,FAIL,FAIL,VALID
final_control_150,0.001,0.1,A_no_torque,FAIL,FAIL,VALID
final_control_150,0.001,0.1,A_binary_unknown_fail,FAIL,FAIL,VALID
final_control_150,0.001,0.1,A_accumulated,FAIL,FAIL,VALID
final_control_150,0.001,0.1,A_net_aggregation,FAIL,FAIL,VALID
final_control_150,0.001,0.1,B0,FAIL,FAIL,VALID
final_control_150,0.001,0.1,B1,FAIL,FAIL,VALID
final_control_150,0.001,0.1,B2,FAIL,FAIL,VALID
final_control_150,0.001,0.1,B3,FAIL,FAIL,VALID
final_control_150,0.001,0.1,B4_normal,FAIL,FAIL,VALID
final_control_150,0.01,1.0,B5,FAIL,FAIL,VALID
final_control_150,0.01,1.0,B4,FAIL,FAIL,VALID
final_control_150,0.01,1.0,A_no_geometry,FAIL,FAIL,VALID
final_control_150,0.01,1.0,A_no_torque,FAIL,FAIL,VALID
final_control_150,0.01,1.0,A_binary_unknown_fail,FAIL,FAIL,VALID
final_control_150,0.01,1.0,A_accumulated,FAIL,FAIL,VALID
final_control_150,0.01,1.0,A_net_aggregation,FAIL,FAIL,VALID
final_control_150,0.01,1.0,B0,FAIL,FAIL,VALID
final_control_150,0.01,1.0,B1,FAIL,FAIL,VALID
final_control_150,0.01,1.0,B2,FAIL,FAIL,VALID
final_control_150,0.01,1.0,B3,FAIL,FAIL,VALID
final_control_150,0.01,1.0,B4_normal,FAIL,FAIL,VALID
final_control_151,1e-06,0.0001,B5,PASS,PASS,VALID
final_control_151,1e-06,0.0001,B4,PASS,PASS,VALID
final_control_151,1e-06,0.0001,A_no_geometry,PASS,PASS,VALID
final_control_151,1e-06,0.0001,A_no_torque,PASS,PASS,VALID
final_control_151,1e-06,0.0001,A_binary_unknown_fail,PASS,PASS,VALID
final_control_151,1e-06,0.0001,A_accumulated,PASS,PASS,VALID
final_control_151,1e-06,0.0001,A_net_aggregation,PASS,PASS,VALID
final_control_151,1e-06,0.0001,B0,PASS,PASS,VALID
final_control_151,1e-06,0.0001,B1,PASS,PASS,VALID
final_control_151,1e-06,0.0001,B2,FAIL,PASS,VALID
final_control_151,1e-06,0.0001,B3,PASS,PASS,VALID
final_control_151,1e-06,0.0001,B4_normal,PASS,PASS,VALID
final_control_151,1e-05,0.001,B5,PASS,PASS,VALID
final_control_151,1e-05,0.001,B4,PASS,PASS,VALID
final_control_151,1e-05,0.001,A_no_geometry,PASS,PASS,VALID
final_control_151,1e-05,0.001,A_no_torque,PASS,PASS,VALID
final_control_151,1e-05,0.001,A_binary_unknown_fail,PASS,PASS,VALID
final_control_151,1e-05,0.001,A_accumulated,PASS,PASS,VALID
final_control_151,1e-05,0.001,A_net_aggregation,PASS,PASS,VALID
final_control_151,1e-05,0.001,B0,PASS,PASS,VALID
final_control_151,1e-05,0.001,B1,PASS,PASS,VALID
final_control_151,1e-05,0.001,B2,FAIL,PASS,VALID
final_control_151,1e-05,0.001,B3,PASS,PASS,VALID
final_control_151,1e-05,0.001,B4_normal,PASS,PASS,VALID
final_control_151,0.0001,0.01,B5,PASS,PASS,VALID
final_control_151,0.0001,0.01,B4,PASS,PASS,VALID
final_control_151,0.0001,0.01,A_no_geometry,PASS,PASS,VALID
final_control_151,0.0001,0.01,A_no_torque,PASS,PASS,VALID
final_control_151,0.0001,0.01,A_binary_unknown_fail,PASS,PASS,VALID
final_control_151,0.0001,0.01,A_accumulated,PASS,PASS,VALID
final_control_151,0.0001,0.01,A_net_aggregation,PASS,PASS,VALID
final_control_151,0.0001,0.01,B0,PASS,PASS,VALID
final_control_151,0.0001,0.01,B1,PASS,PASS,VALID
final_control_151,0.0001,0.01,B2,FAIL,PASS,VALID
final_control_151,0.0001,0.01,B3,PASS,PASS,VALID
final_control_151,0.0001,0.01,B4_normal,PASS,PASS,VALID
final_control_151,0.001,0.1,B5,PASS,PASS,VALID
final_control_151,0.001,0.1,B4,PASS,PASS,VALID
final_control_151,0.001,0.1,A_no_geometry,PASS,PASS,VALID
final_control_151,0.001,0.1,A_no_torque,PASS,PASS,VALID
final_control_151,0.001,0.1,A_binary_unknown_fail,PASS,PASS,VALID
final_control_151,0.001,0.1,A_accumulated,PASS,PASS,VALID
final_control_151,0.001,0.1,A_net_aggregation,PASS,PASS,VALID
final_control_151,0.001,0.1,B0,PASS,PASS,VALID
final_control_151,0.001,0.1,B1,PASS,PASS,VALID
final_control_151,0.001,0.1,B2,FAIL,PASS,VALID
final_control_151,0.001,0.1,B3,PASS,PASS,VALID
final_control_151,0.001,0.1,B4_normal,PASS,PASS,VALID
final_control_151,0.01,1.0,B5,PASS,PASS,VALID
final_control_151,0.01,1.0,B4,PASS,PASS,VALID
final_control_151,0.01,1.0,A_no_geometry,PASS,PASS,VALID
final_control_151,0.01,1.0,A_no_torque,PASS,PASS,VALID
final_control_151,0.01,1.0,A_binary_unknown_fail,PASS,PASS,VALID
final_control_151,0.01,1.0,A_accumulated,PASS,PASS,VALID
final_control_151,0.01,1.0,A_net_aggregation,PASS,PASS,VALID
final_control_151,0.01,1.0,B0,PASS,PASS,VALID
final_control_151,0.01,1.0,B1,PASS,PASS,VALID
final_control_151,0.01,1.0,B2,FAIL,PASS,VALID
final_control_151,0.01,1.0,B3,PASS,PASS,VALID
final_control_151,0.01,1.0,B4_normal,PASS,PASS,VALID
final_control_152,1e-06,0.0001,B5,PASS,PASS,VALID
final_control_152,1e-06,0.0001,B4,PASS,PASS,VALID
final_control_152,1e-06,0.0001,A_no_geometry,PASS,PASS,VALID
final_control_152,1e-06,0.0001,A_no_torque,PASS,PASS,VALID
final_control_152,1e-06,0.0001,A_binary_unknown_fail,PASS,PASS,VALID
final_control_152,1e-06,0.0001,A_accumulated,PASS,PASS,VALID
final_control_152,1e-06,0.0001,A_net_aggregation,PASS,PASS,VALID
final_control_152,1e-06,0.0001,B0,PASS,PASS,VALID
final_control_152,1e-06,0.0001,B1,PASS,PASS,VALID
final_control_152,1e-06,0.0001,B2,PASS,PASS,VALID
final_control_152,1e-06,0.0001,B3,PASS,PASS,VALID
final_control_152,1e-06,0.0001,B4_normal,PASS,PASS,VALID
final_control_152,1e-05,0.001,B5,PASS,PASS,VALID
final_control_152,1e-05,0.001,B4,PASS,PASS,VALID
final_control_152,1e-05,0.001,A_no_geometry,PASS,PASS,VALID
final_control_152,1e-05,0.001,A_no_torque,PASS,PASS,VALID
final_control_152,1e-05,0.001,A_binary_unknown_fail,PASS,PASS,VALID
final_control_152,1e-05,0.001,A_accumulated,PASS,PASS,VALID
final_control_152,1e-05,0.001,A_net_aggregation,PASS,PASS,VALID
final_control_152,1e-05,0.001,B0,PASS,PASS,VALID
final_control_152,1e-05,0.001,B1,PASS,PASS,VALID
final_control_152,1e-05,0.001,B2,PASS,PASS,VALID
final_control_152,1e-05,0.001,B3,PASS,PASS,VALID
final_control_152,1e-05,0.001,B4_normal,PASS,PASS,VALID
final_control_152,0.0001,0.01,B5,PASS,PASS,VALID
final_control_152,0.0001,0.01,B4,PASS,PASS,VALID
final_control_152,0.0001,0.01,A_no_geometry,PASS,PASS,VALID
final_control_152,0.0001,0.01,A_no_torque,PASS,PASS,VALID
final_control_152,0.0001,0.01,A_binary_unknown_fail,PASS,PASS,VALID
final_control_152,0.0001,0.01,A_accumulated,PASS,PASS,VALID
final_control_152,0.0001,0.01,A_net_aggregation,PASS,PASS,VALID
final_control_152,0.0001,0.01,B0,PASS,PASS,VALID
final_control_152,0.0001,0.01,B1,PASS,PASS,VALID
final_control_152,0.0001,0.01,B2,PASS,PASS,VALID
final_control_152,0.0001,0.01,B3,PASS,PASS,VALID
final_control_152,0.0001,0.01,B4_normal,PASS,PASS,VALID
final_control_152,0.001,0.1,B5,PASS,PASS,VALID
final_control_152,0.001,0.1,B4,PASS,PASS,VALID
final_control_152,0.001,0.1,A_no_geometry,PASS,PASS,VALID
final_control_152,0.001,0.1,A_no_torque,PASS,PASS,VALID
final_control_152,0.001,0.1,A_binary_unknown_fail,PASS,PASS,VALID
final_control_152,0.001,0.1,A_accumulated,PASS,PASS,VALID
final_control_152,0.001,0.1,A_net_aggregation,PASS,PASS,VALID
final_control_152,0.001,0.1,B0,PASS,PASS,VALID
final_control_152,0.001,0.1,B1,PASS,PASS,VALID
final_control_152,0.001,0.1,B2,PASS,PASS,VALID
final_control_152,0.001,0.1,B3,PASS,PASS,VALID
final_control_152,0.001,0.1,B4_normal,PASS,PASS,VALID
final_control_152,0.01,1.0,B5,PASS,PASS,VALID
final_control_152,0.01,1.0,B4,PASS,PASS,VALID
final_control_152,0.01,1.0,A_no_geometry,PASS,PASS,VALID
final_control_152,0.01,1.0,A_no_torque,PASS,PASS,VALID
final_control_152,0.01,1.0,A_binary_unknown_fail,PASS,PASS,VALID
final_control_152,0.01,1.0,A_accumulated,PASS,PASS,VALID
final_control_152,0.01,1.0,A_net_aggregation,PASS,PASS,VALID
final_control_152,0.01,1.0,B0,PASS,PASS,VALID
final_control_152,0.01,1.0,B1,PASS,PASS,VALID
final_control_152,0.01,1.0,B2,PASS,PASS,VALID
final_control_152,0.01,1.0,B3,PASS,PASS,VALID
final_control_152,0.01,1.0,B4_normal,PASS,PASS,VALID
final_control_153,1e-06,0.0001,B5,PASS,PASS,VALID
final_control_153,1e-06,0.0001,B4,PASS,PASS,VALID
final_control_153,1e-06,0.0001,A_no_geometry,PASS,PASS,VALID
final_control_153,1e-06,0.0001,A_no_torque,PASS,PASS,VALID
final_control_153,1e-06,0.0001,A_binary_unknown_fail,PASS,PASS,VALID
final_control_153,1e-06,0.0001,A_accumulated,PASS,PASS,VALID
final_control_153,1e-06,0.0001,A_net_aggregation,PASS,PASS,VALID
final_control_153,1e-06,0.0001,B0,PASS,PASS,VALID
final_control_153,1e-06,0.0001,B1,PASS,PASS,VALID
final_control_153,1e-06,0.0001,B2,FAIL,PASS,VALID
final_control_153,1e-06,0.0001,B3,PASS,PASS,VALID
final_control_153,1e-06,0.0001,B4_normal,PASS,PASS,VALID
final_control_153,1e-05,0.001,B5,PASS,PASS,VALID
final_control_153,1e-05,0.001,B4,PASS,PASS,VALID
final_control_153,1e-05,0.001,A_no_geometry,PASS,PASS,VALID
final_control_153,1e-05,0.001,A_no_torque,PASS,PASS,VALID
final_control_153,1e-05,0.001,A_binary_unknown_fail,PASS,PASS,VALID
final_control_153,1e-05,0.001,A_accumulated,PASS,PASS,VALID
final_control_153,1e-05,0.001,A_net_aggregation,PASS,PASS,VALID
final_control_153,1e-05,0.001,B0,PASS,PASS,VALID
final_control_153,1e-05,0.001,B1,PASS,PASS,VALID
final_control_153,1e-05,0.001,B2,FAIL,PASS,VALID
final_control_153,1e-05,0.001,B3,PASS,PASS,VALID
final_control_153,1e-05,0.001,B4_normal,PASS,PASS,VALID
final_control_153,0.0001,0.01,B5,PASS,PASS,VALID
final_control_153,0.0001,0.01,B4,PASS,PASS,VALID
final_control_153,0.0001,0.01,A_no_geometry,PASS,PASS,VALID
final_control_153,0.0001,0.01,A_no_torque,PASS,PASS,VALID
final_control_153,0.0001,0.01,A_binary_unknown_fail,PASS,PASS,VALID
final_control_153,0.0001,0.01,A_accumulated,PASS,PASS,VALID
final_control_153,0.0001,0.01,A_net_aggregation,PASS,PASS,VALID
final_control_153,0.0001,0.01,B0,PASS,PASS,VALID
final_control_153,0.0001,0.01,B1,PASS,PASS,VALID
final_control_153,0.0001,0.01,B2,FAIL,PASS,VALID
final_control_153,0.0001,0.01,B3,PASS,PASS,VALID
final_control_153,0.0001,0.01,B4_normal,PASS,PASS,VALID
final_control_153,0.001,0.1,B5,PASS,PASS,VALID
final_control_153,0.001,0.1,B4,PASS,PASS,VALID
final_control_153,0.001,0.1,A_no_geometry,PASS,PASS,VALID
final_control_153,0.001,0.1,A_no_torque,PASS,PASS,VALID
final_control_153,0.001,0.1,A_binary_unknown_fail,PASS,PASS,VALID
final_control_153,0.001,0.1,A_accumulated,PASS,PASS,VALID
final_control_153,0.001,0.1,A_net_aggregation,PASS,PASS,VALID
final_control_153,0.001,0.1,B0,PASS,PASS,VALID
final_control_153,0.001,0.1,B1,PASS,PASS,VALID
final_control_153,0.001,0.1,B2,FAIL,PASS,VALID
final_control_153,0.001,0.1,B3,PASS,PASS,VALID
final_control_153,0.001,0.1,B4_normal,PASS,PASS,VALID
final_control_153,0.01,1.0,B5,PASS,PASS,VALID
final_control_153,0.01,1.0,B4,PASS,PASS,VALID
final_control_153,0.01,1.0,A_no_geometry,PASS,PASS,VALID
final_control_153,0.01,1.0,A_no_torque,PASS,PASS,VALID
final_control_153,0.01,1.0,A_binary_unknown_fail,PASS,PASS,VALID
final_control_153,0.01,1.0,A_accumulated,PASS,PASS,VALID
final_control_153,0.01,1.0,A_net_aggregation,PASS,PASS,VALID
final_control_153,0.01,1.0,B0,PASS,PASS,VALID
final_control_153,0.01,1.0,B1,PASS,PASS,VALID
final_control_153,0.01,1.0,B2,FAIL,PASS,VALID
final_control_153,0.01,1.0,B3,PASS,PASS,VALID
final_control_153,0.01,1.0,B4_normal,PASS,PASS,VALID
final_control_154,1e-06,0.0001,B5,FAIL,FAIL,VALID
final_control_154,1e-06,0.0001,B4,FAIL,FAIL,VALID
final_control_154,1e-06,0.0001,A_no_geometry,FAIL,FAIL,VALID
final_control_154,1e-06,0.0001,A_no_torque,FAIL,FAIL,VALID
final_control_154,1e-06,0.0001,A_binary_unknown_fail,FAIL,FAIL,VALID
final_control_154,1e-06,0.0001,A_accumulated,FAIL,FAIL,VALID
final_control_154,1e-06,0.0001,A_net_aggregation,FAIL,FAIL,VALID
final_control_154,1e-06,0.0001,B0,PASS,FAIL,VALID
final_control_154,1e-06,0.0001,B1,PASS,FAIL,VALID
final_control_154,1e-06,0.0001,B2,FAIL,FAIL,VALID
final_control_154,1e-06,0.0001,B3,FAIL,FAIL,VALID
final_control_154,1e-06,0.0001,B4_normal,FAIL,FAIL,VALID
final_control_154,1e-05,0.001,B5,FAIL,FAIL,VALID
final_control_154,1e-05,0.001,B4,FAIL,FAIL,VALID
final_control_154,1e-05,0.001,A_no_geometry,FAIL,FAIL,VALID
final_control_154,1e-05,0.001,A_no_torque,FAIL,FAIL,VALID
final_control_154,1e-05,0.001,A_binary_unknown_fail,FAIL,FAIL,VALID
final_control_154,1e-05,0.001,A_accumulated,FAIL,FAIL,VALID
final_control_154,1e-05,0.001,A_net_aggregation,FAIL,FAIL,VALID
final_control_154,1e-05,0.001,B0,PASS,FAIL,VALID
final_control_154,1e-05,0.001,B1,PASS,FAIL,VALID
final_control_154,1e-05,0.001,B2,FAIL,FAIL,VALID
final_control_154,1e-05,0.001,B3,FAIL,FAIL,VALID
final_control_154,1e-05,0.001,B4_normal,FAIL,FAIL,VALID
final_control_154,0.0001,0.01,B5,FAIL,FAIL,VALID
final_control_154,0.0001,0.01,B4,FAIL,FAIL,VALID
final_control_154,0.0001,0.01,A_no_geometry,FAIL,FAIL,VALID
final_control_154,0.0001,0.01,A_no_torque,FAIL,FAIL,VALID
final_control_154,0.0001,0.01,A_binary_unknown_fail,FAIL,FAIL,VALID
final_control_154,0.0001,0.01,A_accumulated,FAIL,FAIL,VALID
final_control_154,0.0001,0.01,A_net_aggregation,FAIL,FAIL,VALID
final_control_154,0.0001,0.01,B0,PASS,FAIL,VALID
final_control_154,0.0001,0.01,B1,PASS,FAIL,VALID
final_control_154,0.0001,0.01,B2,FAIL,FAIL,VALID
final_control_154,0.0001,0.01,B3,FAIL,FAIL,VALID
final_control_154,0.0001,0.01,B4_normal,FAIL,FAIL,VALID
final_control_154,0.001,0.1,B5,FAIL,FAIL,VALID
final_control_154,0.001,0.1,B4,FAIL,FAIL,VALID
final_control_154,0.001,0.1,A_no_geometry,FAIL,FAIL,VALID
final_control_154,0.001,0.1,A_no_torque,FAIL,FAIL,VALID
final_control_154,0.001,0.1,A_binary_unknown_fail,FAIL,FAIL,VALID
final_control_154,0.001,0.1,A_accumulated,FAIL,FAIL,VALID
final_control_154,0.001,0.1,A_net_aggregation,FAIL,FAIL,VALID
final_control_154,0.001,0.1,B0,PASS,FAIL,VALID
final_control_154,0.001,0.1,B1,PASS,FAIL,VALID
final_control_154,0.001,0.1,B2,FAIL,FAIL,VALID
final_control_154,0.001,0.1,B3,FAIL,FAIL,VALID
final_control_154,0.001,0.1,B4_normal,FAIL,FAIL,VALID
final_control_154,0.01,1.0,B5,FAIL,FAIL,VALID
final_control_154,0.01,1.0,B4,FAIL,FAIL,VALID
final_control_154,0.01,1.0,A_no_geometry,FAIL,FAIL,VALID
final_control_154,0.01,1.0,A_no_torque,FAIL,FAIL,VALID
final_control_154,0.01,1.0,A_binary_unknown_fail,FAIL,FAIL,VALID
final_control_154,0.01,1.0,A_accumulated,FAIL,FAIL,VALID
final_control_154,0.01,1.0,A_net_aggregation,FAIL,FAIL,VALID
final_control_154,0.01,1.0,B0,PASS,FAIL,VALID
final_control_154,0.01,1.0,B1,PASS,FAIL,VALID
final_control_154,0.01,1.0,B2,FAIL,FAIL,VALID
final_control_154,0.01,1.0,B3,FAIL,FAIL,VALID
final_control_154,0.01,1.0,B4_normal,FAIL,FAIL,VALID
final_control_155,1e-06,0.0001,B5,FAIL,FAIL,VALID
final_control_155,1e-06,0.0001,B4,FAIL,FAIL,VALID
final_control_155,1e-06,0.0001,A_no_geometry,FAIL,FAIL,VALID
final_control_155,1e-06,0.0001,A_no_torque,FAIL,FAIL,VALID
final_control_155,1e-06,0.0001,A_binary_unknown_fail,FAIL,FAIL,VALID
final_control_155,1e-06,0.0001,A_accumulated,FAIL,FAIL,VALID
final_control_155,1e-06,0.0001,A_net_aggregation,FAIL,FAIL,VALID
final_control_155,1e-06,0.0001,B0,PASS,FAIL,VALID
final_control_155,1e-06,0.0001,B1,PASS,FAIL,VALID
final_control_155,1e-06,0.0001,B2,FAIL,FAIL,VALID
final_control_155,1e-06,0.0001,B3,FAIL,FAIL,VALID
final_control_155,1e-06,0.0001,B4_normal,FAIL,FAIL,VALID
final_control_155,1e-05,0.001,B5,FAIL,FAIL,VALID
final_control_155,1e-05,0.001,B4,FAIL,FAIL,VALID
final_control_155,1e-05,0.001,A_no_geometry,FAIL,FAIL,VALID
final_control_155,1e-05,0.001,A_no_torque,FAIL,FAIL,VALID
final_control_155,1e-05,0.001,A_binary_unknown_fail,FAIL,FAIL,VALID
final_control_155,1e-05,0.001,A_accumulated,FAIL,FAIL,VALID
final_control_155,1e-05,0.001,A_net_aggregation,FAIL,FAIL,VALID
final_control_155,1e-05,0.001,B0,PASS,FAIL,VALID
final_control_155,1e-05,0.001,B1,PASS,FAIL,VALID
final_control_155,1e-05,0.001,B2,FAIL,FAIL,VALID
final_control_155,1e-05,0.001,B3,FAIL,FAIL,VALID
final_control_155,1e-05,0.001,B4_normal,FAIL,FAIL,VALID
final_control_155,0.0001,0.01,B5,FAIL,FAIL,VALID
final_control_155,0.0001,0.01,B4,FAIL,FAIL,VALID
final_control_155,0.0001,0.01,A_no_geometry,FAIL,FAIL,VALID
final_control_155,0.0001,0.01,A_no_torque,FAIL,FAIL,VALID
final_control_155,0.0001,0.01,A_binary_unknown_fail,FAIL,FAIL,VALID
final_control_155,0.0001,0.01,A_accumulated,FAIL,FAIL,VALID
final_control_155,0.0001,0.01,A_net_aggregation,FAIL,FAIL,VALID
final_control_155,0.0001,0.01,B0,PASS,FAIL,VALID
final_control_155,0.0001,0.01,B1,PASS,FAIL,VALID
final_control_155,0.0001,0.01,B2,FAIL,FAIL,VALID
final_control_155,0.0001,0.01,B3,FAIL,FAIL,VALID
final_control_155,0.0001,0.01,B4_normal,FAIL,FAIL,VALID
final_control_155,0.001,0.1,B5,FAIL,FAIL,VALID
final_control_155,0.001,0.1,B4,FAIL,FAIL,VALID
final_control_155,0.001,0.1,A_no_geometry,FAIL,FAIL,VALID
final_control_155,0.001,0.1,A_no_torque,FAIL,FAIL,VALID
final_control_155,0.001,0.1,A_binary_unknown_fail,FAIL,FAIL,VALID
final_control_155,0.001,0.1,A_accumulated,FAIL,FAIL,VALID
final_control_155,0.001,0.1,A_net_aggregation,FAIL,FAIL,VALID
final_control_155,0.001,0.1,B0,PASS,FAIL,VALID
final_control_155,0.001,0.1,B1,PASS,FAIL,VALID
final_control_155,0.001,0.1,B2,FAIL,FAIL,VALID
final_control_155,0.001,0.1,B3,FAIL,FAIL,VALID
final_control_155,0.001,0.1,B4_normal,FAIL,FAIL,VALID
final_control_155,0.01,1.0,B5,FAIL,FAIL,VALID
final_control_155,0.01,1.0,B4,FAIL,FAIL,VALID
final_control_155,0.01,1.0,A_no_geometry,FAIL,FAIL,VALID
final_control_155,0.01,1.0,A_no_torque,FAIL,FAIL,VALID
final_control_155,0.01,1.0,A_binary_unknown_fail,FAIL,FAIL,VALID
final_control_155,0.01,1.0,A_accumulated,FAIL,FAIL,VALID
final_control_155,0.01,1.0,A_net_aggregation,FAIL,FAIL,VALID
final_control_155,0.01,1.0,B0,PASS,FAIL,VALID
final_control_155,0.01,1.0,B1,PASS,FAIL,VALID
final_control_155,0.01,1.0,B2,FAIL,FAIL,VALID
final_control_155,0.01,1.0,B3,FAIL,FAIL,VALID
final_control_155,0.01,1.0,B4_normal,FAIL,FAIL,VALID
final_control_156,1e-06,0.0001,B5,FAIL,FAIL,VALID
final_control_156,1e-06,0.0001,B4,FAIL,FAIL,VALID
final_control_156,1e-06,0.0001,A_no_geometry,FAIL,FAIL,VALID
final_control_156,1e-06,0.0001,A_no_torque,FAIL,FAIL,VALID
final_control_156,1e-06,0.0001,A_binary_unknown_fail,FAIL,FAIL,VALID
final_control_156,1e-06,0.0001,A_accumulated,FAIL,FAIL,VALID
final_control_156,1e-06,0.0001,A_net_aggregation,FAIL,FAIL,VALID
final_control_156,1e-06,0.0001,B0,PASS,FAIL,VALID
final_control_156,1e-06,0.0001,B1,PASS,FAIL,VALID
final_control_156,1e-06,0.0001,B2,FAIL,FAIL,VALID
final_control_156,1e-06,0.0001,B3,FAIL,FAIL,VALID
final_control_156,1e-06,0.0001,B4_normal,FAIL,FAIL,VALID
final_control_156,1e-05,0.001,B5,FAIL,FAIL,VALID
final_control_156,1e-05,0.001,B4,FAIL,FAIL,VALID
final_control_156,1e-05,0.001,A_no_geometry,FAIL,FAIL,VALID
final_control_156,1e-05,0.001,A_no_torque,FAIL,FAIL,VALID
final_control_156,1e-05,0.001,A_binary_unknown_fail,FAIL,FAIL,VALID
final_control_156,1e-05,0.001,A_accumulated,FAIL,FAIL,VALID
final_control_156,1e-05,0.001,A_net_aggregation,FAIL,FAIL,VALID
final_control_156,1e-05,0.001,B0,PASS,FAIL,VALID
final_control_156,1e-05,0.001,B1,PASS,FAIL,VALID
final_control_156,1e-05,0.001,B2,FAIL,FAIL,VALID
final_control_156,1e-05,0.001,B3,FAIL,FAIL,VALID
final_control_156,1e-05,0.001,B4_normal,FAIL,FAIL,VALID
final_control_156,0.0001,0.01,B5,FAIL,FAIL,VALID
final_control_156,0.0001,0.01,B4,FAIL,FAIL,VALID
final_control_156,0.0001,0.01,A_no_geometry,FAIL,FAIL,VALID
final_control_156,0.0001,0.01,A_no_torque,FAIL,FAIL,VALID
final_control_156,0.0001,0.01,A_binary_unknown_fail,FAIL,FAIL,VALID
final_control_156,0.0001,0.01,A_accumulated,FAIL,FAIL,VALID
final_control_156,0.0001,0.01,A_net_aggregation,FAIL,FAIL,VALID
final_control_156,0.0001,0.01,B0,PASS,FAIL,VALID
final_control_156,0.0001,0.01,B1,PASS,FAIL,VALID
final_control_156,0.0001,0.01,B2,FAIL,FAIL,VALID
final_control_156,0.0001,0.01,B3,FAIL,FAIL,VALID
final_control_156,0.0001,0.01,B4_normal,FAIL,FAIL,VALID
final_control_156,0.001,0.1,B5,FAIL,FAIL,VALID
final_control_156,0.001,0.1,B4,FAIL,FAIL,VALID
final_control_156,0.001,0.1,A_no_geometry,FAIL,FAIL,VALID
final_control_156,0.001,0.1,A_no_torque,FAIL,FAIL,VALID
final_control_156,0.001,0.1,A_binary_unknown_fail,FAIL,FAIL,VALID
final_control_156,0.001,0.1,A_accumulated,FAIL,FAIL,VALID
final_control_156,0.001,0.1,A_net_aggregation,FAIL,FAIL,VALID
final_control_156,0.001,0.1,B0,PASS,FAIL,VALID
final_control_156,0.001,0.1,B1,PASS,FAIL,VALID
final_control_156,0.001,0.1,B2,FAIL,FAIL,VALID
final_control_156,0.001,0.1,B3,FAIL,FAIL,VALID
final_control_156,0.001,0.1,B4_normal,FAIL,FAIL,VALID
final_control_156,0.01,1.0,B5,FAIL,FAIL,VALID
final_control_156,0.01,1.0,B4,FAIL,FAIL,VALID
final_control_156,0.01,1.0,A_no_geometry,FAIL,FAIL,VALID
final_control_156,0.01,1.0,A_no_torque,FAIL,FAIL,VALID
final_control_156,0.01,1.0,A_binary_unknown_fail,FAIL,FAIL,VALID
final_control_156,0.01,1.0,A_accumulated,FAIL,FAIL,VALID
final_control_156,0.01,1.0,A_net_aggregation,INDETERMINATE,FAIL,VALID
final_control_156,0.01,1.0,B0,PASS,FAIL,VALID
final_control_156,0.01,1.0,B1,PASS,FAIL,VALID
final_control_156,0.01,1.0,B2,FAIL,FAIL,VALID
final_control_156,0.01,1.0,B3,FAIL,FAIL,VALID
final_control_156,0.01,1.0,B4_normal,FAIL,FAIL,VALID
final_control_157,1e-06,0.0001,B5,FAIL,FAIL,VALID
final_control_157,1e-06,0.0001,B4,FAIL,FAIL,VALID
final_control_157,1e-06,0.0001,A_no_geometry,FAIL,FAIL,VALID
final_control_157,1e-06,0.0001,A_no_torque,FAIL,FAIL,VALID
final_control_157,1e-06,0.0001,A_binary_unknown_fail,FAIL,FAIL,VALID
final_control_157,1e-06,0.0001,A_accumulated,PASS,FAIL,VALID
final_control_157,1e-06,0.0001,A_net_aggregation,FAIL,FAIL,VALID
final_control_157,1e-06,0.0001,B0,PASS,FAIL,VALID
final_control_157,1e-06,0.0001,B1,FAIL,FAIL,VALID
final_control_157,1e-06,0.0001,B2,FAIL,FAIL,VALID
final_control_157,1e-06,0.0001,B3,FAIL,FAIL,VALID
final_control_157,1e-06,0.0001,B4_normal,FAIL,FAIL,VALID
final_control_157,1e-05,0.001,B5,FAIL,FAIL,VALID
final_control_157,1e-05,0.001,B4,FAIL,FAIL,VALID
final_control_157,1e-05,0.001,A_no_geometry,FAIL,FAIL,VALID
final_control_157,1e-05,0.001,A_no_torque,FAIL,FAIL,VALID
final_control_157,1e-05,0.001,A_binary_unknown_fail,FAIL,FAIL,VALID
final_control_157,1e-05,0.001,A_accumulated,PASS,FAIL,VALID
final_control_157,1e-05,0.001,A_net_aggregation,FAIL,FAIL,VALID
final_control_157,1e-05,0.001,B0,PASS,FAIL,VALID
final_control_157,1e-05,0.001,B1,FAIL,FAIL,VALID
final_control_157,1e-05,0.001,B2,FAIL,FAIL,VALID
final_control_157,1e-05,0.001,B3,FAIL,FAIL,VALID
final_control_157,1e-05,0.001,B4_normal,FAIL,FAIL,VALID
final_control_157,0.0001,0.01,B5,FAIL,FAIL,VALID
final_control_157,0.0001,0.01,B4,FAIL,FAIL,VALID
final_control_157,0.0001,0.01,A_no_geometry,FAIL,FAIL,VALID
final_control_157,0.0001,0.01,A_no_torque,FAIL,FAIL,VALID
final_control_157,0.0001,0.01,A_binary_unknown_fail,FAIL,FAIL,VALID
final_control_157,0.0001,0.01,A_accumulated,PASS,FAIL,VALID
final_control_157,0.0001,0.01,A_net_aggregation,FAIL,FAIL,VALID
final_control_157,0.0001,0.01,B0,PASS,FAIL,VALID
final_control_157,0.0001,0.01,B1,FAIL,FAIL,VALID
final_control_157,0.0001,0.01,B2,FAIL,FAIL,VALID
final_control_157,0.0001,0.01,B3,FAIL,FAIL,VALID
final_control_157,0.0001,0.01,B4_normal,FAIL,FAIL,VALID
final_control_157,0.001,0.1,B5,FAIL,FAIL,VALID
final_control_157,0.001,0.1,B4,FAIL,FAIL,VALID
final_control_157,0.001,0.1,A_no_geometry,FAIL,FAIL,VALID
final_control_157,0.001,0.1,A_no_torque,FAIL,FAIL,VALID
final_control_157,0.001,0.1,A_binary_unknown_fail,FAIL,FAIL,VALID
final_control_157,0.001,0.1,A_accumulated,PASS,FAIL,VALID
final_control_157,0.001,0.1,A_net_aggregation,FAIL,FAIL,VALID
final_control_157,0.001,0.1,B0,PASS,FAIL,VALID
final_control_157,0.001,0.1,B1,FAIL,FAIL,VALID
final_control_157,0.001,0.1,B2,FAIL,FAIL,VALID
final_control_157,0.001,0.1,B3,FAIL,FAIL,VALID
final_control_157,0.001,0.1,B4_normal,FAIL,FAIL,VALID
final_control_157,0.01,1.0,B5,FAIL,FAIL,VALID
final_control_157,0.01,1.0,B4,FAIL,FAIL,VALID
final_control_157,0.01,1.0,A_no_geometry,FAIL,FAIL,VALID
final_control_157,0.01,1.0,A_no_torque,FAIL,FAIL,VALID
final_control_157,0.01,1.0,A_binary_unknown_fail,FAIL,FAIL,VALID
final_control_157,0.01,1.0,A_accumulated,PASS,FAIL,VALID
final_control_157,0.01,1.0,A_net_aggregation,FAIL,FAIL,VALID
final_control_157,0.01,1.0,B0,PASS,FAIL,VALID
final_control_157,0.01,1.0,B1,FAIL,FAIL,VALID
final_control_157,0.01,1.0,B2,FAIL,FAIL,VALID
final_control_157,0.01,1.0,B3,FAIL,FAIL,VALID
final_control_157,0.01,1.0,B4_normal,FAIL,FAIL,VALID
final_control_158,1e-06,0.0001,B5,FAIL,FAIL,VALID
final_control_158,1e-06,0.0001,B4,FAIL,FAIL,VALID
final_control_158,1e-06,0.0001,A_no_geometry,FAIL,FAIL,VALID
final_control_158,1e-06,0.0001,A_no_torque,FAIL,FAIL,VALID
final_control_158,1e-06,0.0001,A_binary_unknown_fail,FAIL,FAIL,VALID
final_control_158,1e-06,0.0001,A_accumulated,FAIL,FAIL,VALID
final_control_158,1e-06,0.0001,A_net_aggregation,FAIL,FAIL,VALID
final_control_158,1e-06,0.0001,B0,FAIL,FAIL,VALID
final_control_158,1e-06,0.0001,B1,FAIL,FAIL,VALID
final_control_158,1e-06,0.0001,B2,FAIL,FAIL,VALID
final_control_158,1e-06,0.0001,B3,FAIL,FAIL,VALID
final_control_158,1e-06,0.0001,B4_normal,FAIL,FAIL,VALID
final_control_158,1e-05,0.001,B5,FAIL,FAIL,VALID
final_control_158,1e-05,0.001,B4,FAIL,FAIL,VALID
final_control_158,1e-05,0.001,A_no_geometry,FAIL,FAIL,VALID
final_control_158,1e-05,0.001,A_no_torque,FAIL,FAIL,VALID
final_control_158,1e-05,0.001,A_binary_unknown_fail,FAIL,FAIL,VALID
final_control_158,1e-05,0.001,A_accumulated,FAIL,FAIL,VALID
final_control_158,1e-05,0.001,A_net_aggregation,FAIL,FAIL,VALID
final_control_158,1e-05,0.001,B0,FAIL,FAIL,VALID
final_control_158,1e-05,0.001,B1,FAIL,FAIL,VALID
final_control_158,1e-05,0.001,B2,FAIL,FAIL,VALID
final_control_158,1e-05,0.001,B3,FAIL,FAIL,VALID
final_control_158,1e-05,0.001,B4_normal,FAIL,FAIL,VALID
final_control_158,0.0001,0.01,B5,FAIL,FAIL,VALID
final_control_158,0.0001,0.01,B4,FAIL,FAIL,VALID
final_control_158,0.0001,0.01,A_no_geometry,FAIL,FAIL,VALID
final_control_158,0.0001,0.01,A_no_torque,FAIL,FAIL,VALID
final_control_158,0.0001,0.01,A_binary_unknown_fail,FAIL,FAIL,VALID
final_control_158,0.0001,0.01,A_accumulated,FAIL,FAIL,VALID
final_control_158,0.0001,0.01,A_net_aggregation,FAIL,FAIL,VALID
final_control_158,0.0001,0.01,B0,FAIL,FAIL,VALID
final_control_158,0.0001,0.01,B1,FAIL,FAIL,VALID
final_control_158,0.0001,0.01,B2,FAIL,FAIL,VALID
final_control_158,0.0001,0.01,B3,FAIL,FAIL,VALID
final_control_158,0.0001,0.01,B4_normal,FAIL,FAIL,VALID
final_control_158,0.001,0.1,B5,FAIL,FAIL,VALID
final_control_158,0.001,0.1,B4,FAIL,FAIL,VALID
final_control_158,0.001,0.1,A_no_geometry,FAIL,FAIL,VALID
final_control_158,0.001,0.1,A_no_torque,FAIL,FAIL,VALID
final_control_158,0.001,0.1,A_binary_unknown_fail,FAIL,FAIL,VALID
final_control_158,0.001,0.1,A_accumulated,FAIL,FAIL,VALID
final_control_158,0.001,0.1,A_net_aggregation,FAIL,FAIL,VALID
final_control_158,0.001,0.1,B0,FAIL,FAIL,VALID
final_control_158,0.001,0.1,B1,FAIL,FAIL,VALID
final_control_158,0.001,0.1,B2,FAIL,FAIL,VALID
final_control_158,0.001,0.1,B3,FAIL,FAIL,VALID
final_control_158,0.001,0.1,B4_normal,FAIL,FAIL,VALID
final_control_158,0.01,1.0,B5,FAIL,FAIL,VALID
final_control_158,0.01,1.0,B4,FAIL,FAIL,VALID
final_control_158,0.01,1.0,A_no_geometry,FAIL,FAIL,VALID
final_control_158,0.01,1.0,A_no_torque,FAIL,FAIL,VALID
final_control_158,0.01,1.0,A_binary_unknown_fail,FAIL,FAIL,VALID
final_control_158,0.01,1.0,A_accumulated,FAIL,FAIL,VALID
final_control_158,0.01,1.0,A_net_aggregation,FAIL,FAIL,VALID
final_control_158,0.01,1.0,B0,FAIL,FAIL,VALID
final_control_158,0.01,1.0,B1,FAIL,FAIL,VALID
final_control_158,0.01,1.0,B2,FAIL,FAIL,VALID
final_control_158,0.01,1.0,B3,FAIL,FAIL,VALID
final_control_158,0.01,1.0,B4_normal,FAIL,FAIL,VALID
final_control_159,1e-06,0.0001,B5,PASS,PASS,VALID
final_control_159,1e-06,0.0001,B4,PASS,PASS,VALID
final_control_159,1e-06,0.0001,A_no_geometry,PASS,PASS,VALID
final_control_159,1e-06,0.0001,A_no_torque,PASS,PASS,VALID
final_control_159,1e-06,0.0001,A_binary_unknown_fail,PASS,PASS,VALID
final_control_159,1e-06,0.0001,A_accumulated,PASS,PASS,VALID
final_control_159,1e-06,0.0001,A_net_aggregation,PASS,PASS,VALID
final_control_159,1e-06,0.0001,B0,PASS,PASS,VALID
final_control_159,1e-06,0.0001,B1,PASS,PASS,VALID
final_control_159,1e-06,0.0001,B2,FAIL,PASS,VALID
final_control_159,1e-06,0.0001,B3,PASS,PASS,VALID
final_control_159,1e-06,0.0001,B4_normal,PASS,PASS,VALID
final_control_159,1e-05,0.001,B5,PASS,PASS,VALID
final_control_159,1e-05,0.001,B4,PASS,PASS,VALID
final_control_159,1e-05,0.001,A_no_geometry,PASS,PASS,VALID
final_control_159,1e-05,0.001,A_no_torque,PASS,PASS,VALID
final_control_159,1e-05,0.001,A_binary_unknown_fail,PASS,PASS,VALID
final_control_159,1e-05,0.001,A_accumulated,PASS,PASS,VALID
final_control_159,1e-05,0.001,A_net_aggregation,PASS,PASS,VALID
final_control_159,1e-05,0.001,B0,PASS,PASS,VALID
final_control_159,1e-05,0.001,B1,PASS,PASS,VALID
final_control_159,1e-05,0.001,B2,FAIL,PASS,VALID
final_control_159,1e-05,0.001,B3,PASS,PASS,VALID
final_control_159,1e-05,0.001,B4_normal,PASS,PASS,VALID
final_control_159,0.0001,0.01,B5,PASS,PASS,VALID
final_control_159,0.0001,0.01,B4,PASS,PASS,VALID
final_control_159,0.0001,0.01,A_no_geometry,PASS,PASS,VALID
final_control_159,0.0001,0.01,A_no_torque,PASS,PASS,VALID
final_control_159,0.0001,0.01,A_binary_unknown_fail,PASS,PASS,VALID
final_control_159,0.0001,0.01,A_accumulated,PASS,PASS,VALID
final_control_159,0.0001,0.01,A_net_aggregation,PASS,PASS,VALID
final_control_159,0.0001,0.01,B0,PASS,PASS,VALID
final_control_159,0.0001,0.01,B1,PASS,PASS,VALID
final_control_159,0.0001,0.01,B2,FAIL,PASS,VALID
final_control_159,0.0001,0.01,B3,PASS,PASS,VALID
final_control_159,0.0001,0.01,B4_normal,PASS,PASS,VALID
final_control_159,0.001,0.1,B5,PASS,PASS,VALID
final_control_159,0.001,0.1,B4,PASS,PASS,VALID
final_control_159,0.001,0.1,A_no_geometry,PASS,PASS,VALID
final_control_159,0.001,0.1,A_no_torque,PASS,PASS,VALID
final_control_159,0.001,0.1,A_binary_unknown_fail,PASS,PASS,VALID
final_control_159,0.001,0.1,A_accumulated,PASS,PASS,VALID
final_control_159,0.001,0.1,A_net_aggregation,PASS,PASS,VALID
final_control_159,0.001,0.1,B0,PASS,PASS,VALID
final_control_159,0.001,0.1,B1,PASS,PASS,VALID
final_control_159,0.001,0.1,B2,FAIL,PASS,VALID
final_control_159,0.001,0.1,B3,PASS,PASS,VALID
final_control_159,0.001,0.1,B4_normal,PASS,PASS,VALID
final_control_159,0.01,1.0,B5,PASS,PASS,VALID
final_control_159,0.01,1.0,B4,PASS,PASS,VALID
final_control_159,0.01,1.0,A_no_geometry,PASS,PASS,VALID
final_control_159,0.01,1.0,A_no_torque,PASS,PASS,VALID
final_control_159,0.01,1.0,A_binary_unknown_fail,PASS,PASS,VALID
final_control_159,0.01,1.0,A_accumulated,PASS,PASS,VALID
final_control_159,0.01,1.0,A_net_aggregation,PASS,PASS,VALID
final_control_159,0.01,1.0,B0,PASS,PASS,VALID
final_control_159,0.01,1.0,B1,PASS,PASS,VALID
final_control_159,0.01,1.0,B2,FAIL,PASS,VALID
final_control_159,0.01,1.0,B3,PASS,PASS,VALID
final_control_159,0.01,1.0,B4_normal,PASS,PASS,VALID
final_control_160,1e-06,0.0001,B5,PASS,PASS,VALID
final_control_160,1e-06,0.0001,B4,PASS,PASS,VALID
final_control_160,1e-06,0.0001,A_no_geometry,PASS,PASS,VALID
final_control_160,1e-06,0.0001,A_no_torque,PASS,PASS,VALID
final_control_160,1e-06,0.0001,A_binary_unknown_fail,PASS,PASS,VALID
final_control_160,1e-06,0.0001,A_accumulated,PASS,PASS,VALID
final_control_160,1e-06,0.0001,A_net_aggregation,PASS,PASS,VALID
final_control_160,1e-06,0.0001,B0,PASS,PASS,VALID
final_control_160,1e-06,0.0001,B1,PASS,PASS,VALID
final_control_160,1e-06,0.0001,B2,PASS,PASS,VALID
final_control_160,1e-06,0.0001,B3,PASS,PASS,VALID
final_control_160,1e-06,0.0001,B4_normal,PASS,PASS,VALID
final_control_160,1e-05,0.001,B5,PASS,PASS,VALID
final_control_160,1e-05,0.001,B4,PASS,PASS,VALID
final_control_160,1e-05,0.001,A_no_geometry,PASS,PASS,VALID
final_control_160,1e-05,0.001,A_no_torque,PASS,PASS,VALID
final_control_160,1e-05,0.001,A_binary_unknown_fail,PASS,PASS,VALID
final_control_160,1e-05,0.001,A_accumulated,PASS,PASS,VALID
final_control_160,1e-05,0.001,A_net_aggregation,PASS,PASS,VALID
final_control_160,1e-05,0.001,B0,PASS,PASS,VALID
final_control_160,1e-05,0.001,B1,PASS,PASS,VALID
final_control_160,1e-05,0.001,B2,PASS,PASS,VALID
final_control_160,1e-05,0.001,B3,PASS,PASS,VALID
final_control_160,1e-05,0.001,B4_normal,PASS,PASS,VALID
final_control_160,0.0001,0.01,B5,PASS,PASS,VALID
final_control_160,0.0001,0.01,B4,PASS,PASS,VALID
final_control_160,0.0001,0.01,A_no_geometry,PASS,PASS,VALID
final_control_160,0.0001,0.01,A_no_torque,PASS,PASS,VALID
final_control_160,0.0001,0.01,A_binary_unknown_fail,PASS,PASS,VALID
final_control_160,0.0001,0.01,A_accumulated,PASS,PASS,VALID
final_control_160,0.0001,0.01,A_net_aggregation,PASS,PASS,VALID
final_control_160,0.0001,0.01,B0,PASS,PASS,VALID
final_control_160,0.0001,0.01,B1,PASS,PASS,VALID
final_control_160,0.0001,0.01,B2,PASS,PASS,VALID
final_control_160,0.0001,0.01,B3,PASS,PASS,VALID
final_control_160,0.0001,0.01,B4_normal,PASS,PASS,VALID
final_control_160,0.001,0.1,B5,PASS,PASS,VALID
final_control_160,0.001,0.1,B4,PASS,PASS,VALID
final_control_160,0.001,0.1,A_no_geometry,PASS,PASS,VALID
final_control_160,0.001,0.1,A_no_torque,PASS,PASS,VALID
final_control_160,0.001,0.1,A_binary_unknown_fail,PASS,PASS,VALID
final_control_160,0.001,0.1,A_accumulated,PASS,PASS,VALID
final_control_160,0.001,0.1,A_net_aggregation,PASS,PASS,VALID
final_control_160,0.001,0.1,B0,PASS,PASS,VALID
final_control_160,0.001,0.1,B1,PASS,PASS,VALID
final_control_160,0.001,0.1,B2,PASS,PASS,VALID
final_control_160,0.001,0.1,B3,PASS,PASS,VALID
final_control_160,0.001,0.1,B4_normal,PASS,PASS,VALID
final_control_160,0.01,1.0,B5,PASS,PASS,VALID
final_control_160,0.01,1.0,B4,PASS,PASS,VALID
final_control_160,0.01,1.0,A_no_geometry,PASS,PASS,VALID
final_control_160,0.01,1.0,A_no_torque,PASS,PASS,VALID
final_control_160,0.01,1.0,A_binary_unknown_fail,PASS,PASS,VALID
final_control_160,0.01,1.0,A_accumulated,PASS,PASS,VALID
final_control_160,0.01,1.0,A_net_aggregation,PASS,PASS,VALID
final_control_160,0.01,1.0,B0,PASS,PASS,VALID
final_control_160,0.01,1.0,B1,PASS,PASS,VALID
final_control_160,0.01,1.0,B2,PASS,PASS,VALID
final_control_160,0.01,1.0,B3,PASS,PASS,VALID
final_control_160,0.01,1.0,B4_normal,PASS,PASS,VALID
final_control_161,1e-06,0.0001,B5,PASS,PASS,VALID
final_control_161,1e-06,0.0001,B4,PASS,PASS,VALID
final_control_161,1e-06,0.0001,A_no_geometry,PASS,PASS,VALID
final_control_161,1e-06,0.0001,A_no_torque,PASS,PASS,VALID
final_control_161,1e-06,0.0001,A_binary_unknown_fail,PASS,PASS,VALID
final_control_161,1e-06,0.0001,A_accumulated,PASS,PASS,VALID
final_control_161,1e-06,0.0001,A_net_aggregation,PASS,PASS,VALID
final_control_161,1e-06,0.0001,B0,PASS,PASS,VALID
final_control_161,1e-06,0.0001,B1,PASS,PASS,VALID
final_control_161,1e-06,0.0001,B2,FAIL,PASS,VALID
final_control_161,1e-06,0.0001,B3,PASS,PASS,VALID
final_control_161,1e-06,0.0001,B4_normal,PASS,PASS,VALID
final_control_161,1e-05,0.001,B5,PASS,PASS,VALID
final_control_161,1e-05,0.001,B4,PASS,PASS,VALID
final_control_161,1e-05,0.001,A_no_geometry,PASS,PASS,VALID
final_control_161,1e-05,0.001,A_no_torque,PASS,PASS,VALID
final_control_161,1e-05,0.001,A_binary_unknown_fail,PASS,PASS,VALID
final_control_161,1e-05,0.001,A_accumulated,PASS,PASS,VALID
final_control_161,1e-05,0.001,A_net_aggregation,PASS,PASS,VALID
final_control_161,1e-05,0.001,B0,PASS,PASS,VALID
final_control_161,1e-05,0.001,B1,PASS,PASS,VALID
final_control_161,1e-05,0.001,B2,FAIL,PASS,VALID
final_control_161,1e-05,0.001,B3,PASS,PASS,VALID
final_control_161,1e-05,0.001,B4_normal,PASS,PASS,VALID
final_control_161,0.0001,0.01,B5,PASS,PASS,VALID
final_control_161,0.0001,0.01,B4,PASS,PASS,VALID
final_control_161,0.0001,0.01,A_no_geometry,PASS,PASS,VALID
final_control_161,0.0001,0.01,A_no_torque,PASS,PASS,VALID
final_control_161,0.0001,0.01,A_binary_unknown_fail,PASS,PASS,VALID
final_control_161,0.0001,0.01,A_accumulated,PASS,PASS,VALID
final_control_161,0.0001,0.01,A_net_aggregation,PASS,PASS,VALID
final_control_161,0.0001,0.01,B0,PASS,PASS,VALID
final_control_161,0.0001,0.01,B1,PASS,PASS,VALID
final_control_161,0.0001,0.01,B2,FAIL,PASS,VALID
final_control_161,0.0001,0.01,B3,PASS,PASS,VALID
final_control_161,0.0001,0.01,B4_normal,PASS,PASS,VALID
final_control_161,0.001,0.1,B5,PASS,PASS,VALID
final_control_161,0.001,0.1,B4,PASS,PASS,VALID
final_control_161,0.001,0.1,A_no_geometry,PASS,PASS,VALID
final_control_161,0.001,0.1,A_no_torque,PASS,PASS,VALID
final_control_161,0.001,0.1,A_binary_unknown_fail,PASS,PASS,VALID
final_control_161,0.001,0.1,A_accumulated,PASS,PASS,VALID
final_control_161,0.001,0.1,A_net_aggregation,PASS,PASS,VALID
final_control_161,0.001,0.1,B0,PASS,PASS,VALID
final_control_161,0.001,0.1,B1,PASS,PASS,VALID
final_control_161,0.001,0.1,B2,FAIL,PASS,VALID
final_control_161,0.001,0.1,B3,PASS,PASS,VALID
final_control_161,0.001,0.1,B4_normal,PASS,PASS,VALID
final_control_161,0.01,1.0,B5,PASS,PASS,VALID
final_control_161,0.01,1.0,B4,PASS,PASS,VALID
final_control_161,0.01,1.0,A_no_geometry,PASS,PASS,VALID
final_control_161,0.01,1.0,A_no_torque,PASS,PASS,VALID
final_control_161,0.01,1.0,A_binary_unknown_fail,PASS,PASS,VALID
final_control_161,0.01,1.0,A_accumulated,PASS,PASS,VALID
final_control_161,0.01,1.0,A_net_aggregation,PASS,PASS,VALID
final_control_161,0.01,1.0,B0,PASS,PASS,VALID
final_control_161,0.01,1.0,B1,PASS,PASS,VALID
final_control_161,0.01,1.0,B2,FAIL,PASS,VALID
final_control_161,0.01,1.0,B3,PASS,PASS,VALID
final_control_161,0.01,1.0,B4_normal,PASS,PASS,VALID
final_control_162,1e-06,0.0001,B5,FAIL,FAIL,VALID
final_control_162,1e-06,0.0001,B4,FAIL,FAIL,VALID
final_control_162,1e-06,0.0001,A_no_geometry,FAIL,FAIL,VALID
final_control_162,1e-06,0.0001,A_no_torque,FAIL,FAIL,VALID
final_control_162,1e-06,0.0001,A_binary_unknown_fail,FAIL,FAIL,VALID
final_control_162,1e-06,0.0001,A_accumulated,FAIL,FAIL,VALID
final_control_162,1e-06,0.0001,A_net_aggregation,FAIL,FAIL,VALID
final_control_162,1e-06,0.0001,B0,PASS,FAIL,VALID
final_control_162,1e-06,0.0001,B1,PASS,FAIL,VALID
final_control_162,1e-06,0.0001,B2,FAIL,FAIL,VALID
final_control_162,1e-06,0.0001,B3,FAIL,FAIL,VALID
final_control_162,1e-06,0.0001,B4_normal,FAIL,FAIL,VALID
final_control_162,1e-05,0.001,B5,FAIL,FAIL,VALID
final_control_162,1e-05,0.001,B4,FAIL,FAIL,VALID
final_control_162,1e-05,0.001,A_no_geometry,FAIL,FAIL,VALID
final_control_162,1e-05,0.001,A_no_torque,FAIL,FAIL,VALID
final_control_162,1e-05,0.001,A_binary_unknown_fail,FAIL,FAIL,VALID
final_control_162,1e-05,0.001,A_accumulated,FAIL,FAIL,VALID
final_control_162,1e-05,0.001,A_net_aggregation,FAIL,FAIL,VALID
final_control_162,1e-05,0.001,B0,PASS,FAIL,VALID
final_control_162,1e-05,0.001,B1,PASS,FAIL,VALID
final_control_162,1e-05,0.001,B2,FAIL,FAIL,VALID
final_control_162,1e-05,0.001,B3,FAIL,FAIL,VALID
final_control_162,1e-05,0.001,B4_normal,FAIL,FAIL,VALID
final_control_162,0.0001,0.01,B5,FAIL,FAIL,VALID
final_control_162,0.0001,0.01,B4,FAIL,FAIL,VALID
final_control_162,0.0001,0.01,A_no_geometry,FAIL,FAIL,VALID
final_control_162,0.0001,0.01,A_no_torque,FAIL,FAIL,VALID
final_control_162,0.0001,0.01,A_binary_unknown_fail,FAIL,FAIL,VALID
final_control_162,0.0001,0.01,A_accumulated,FAIL,FAIL,VALID
final_control_162,0.0001,0.01,A_net_aggregation,FAIL,FAIL,VALID
final_control_162,0.0001,0.01,B0,PASS,FAIL,VALID
final_control_162,0.0001,0.01,B1,PASS,FAIL,VALID
final_control_162,0.0001,0.01,B2,FAIL,FAIL,VALID
final_control_162,0.0001,0.01,B3,FAIL,FAIL,VALID
final_control_162,0.0001,0.01,B4_normal,FAIL,FAIL,VALID
final_control_162,0.001,0.1,B5,FAIL,FAIL,VALID
final_control_162,0.001,0.1,B4,FAIL,FAIL,VALID
final_control_162,0.001,0.1,A_no_geometry,FAIL,FAIL,VALID
final_control_162,0.001,0.1,A_no_torque,FAIL,FAIL,VALID
final_control_162,0.001,0.1,A_binary_unknown_fail,FAIL,FAIL,VALID
final_control_162,0.001,0.1,A_accumulated,FAIL,FAIL,VALID
final_control_162,0.001,0.1,A_net_aggregation,FAIL,FAIL,VALID
final_control_162,0.001,0.1,B0,PASS,FAIL,VALID
final_control_162,0.001,0.1,B1,PASS,FAIL,VALID
final_control_162,0.001,0.1,B2,FAIL,FAIL,VALID
final_control_162,0.001,0.1,B3,FAIL,FAIL,VALID
final_control_162,0.001,0.1,B4_normal,FAIL,FAIL,VALID
final_control_162,0.01,1.0,B5,FAIL,FAIL,VALID
final_control_162,0.01,1.0,B4,FAIL,FAIL,VALID
final_control_162,0.01,1.0,A_no_geometry,FAIL,FAIL,VALID
final_control_162,0.01,1.0,A_no_torque,FAIL,FAIL,VALID
final_control_162,0.01,1.0,A_binary_unknown_fail,FAIL,FAIL,VALID
final_control_162,0.01,1.0,A_accumulated,FAIL,FAIL,VALID
final_control_162,0.01,1.0,A_net_aggregation,FAIL,FAIL,VALID
final_control_162,0.01,1.0,B0,PASS,FAIL,VALID
final_control_162,0.01,1.0,B1,PASS,FAIL,VALID
final_control_162,0.01,1.0,B2,FAIL,FAIL,VALID
final_control_162,0.01,1.0,B3,FAIL,FAIL,VALID
final_control_162,0.01,1.0,B4_normal,FAIL,FAIL,VALID
final_control_163,1e-06,0.0001,B5,FAIL,FAIL,VALID
final_control_163,1e-06,0.0001,B4,FAIL,FAIL,VALID
final_control_163,1e-06,0.0001,A_no_geometry,FAIL,FAIL,VALID
final_control_163,1e-06,0.0001,A_no_torque,FAIL,FAIL,VALID
final_control_163,1e-06,0.0001,A_binary_unknown_fail,FAIL,FAIL,VALID
final_control_163,1e-06,0.0001,A_accumulated,FAIL,FAIL,VALID
final_control_163,1e-06,0.0001,A_net_aggregation,FAIL,FAIL,VALID
final_control_163,1e-06,0.0001,B0,PASS,FAIL,VALID
final_control_163,1e-06,0.0001,B1,PASS,FAIL,VALID
final_control_163,1e-06,0.0001,B2,FAIL,FAIL,VALID
final_control_163,1e-06,0.0001,B3,FAIL,FAIL,VALID
final_control_163,1e-06,0.0001,B4_normal,FAIL,FAIL,VALID
final_control_163,1e-05,0.001,B5,FAIL,FAIL,VALID
final_control_163,1e-05,0.001,B4,FAIL,FAIL,VALID
final_control_163,1e-05,0.001,A_no_geometry,FAIL,FAIL,VALID
final_control_163,1e-05,0.001,A_no_torque,FAIL,FAIL,VALID
final_control_163,1e-05,0.001,A_binary_unknown_fail,FAIL,FAIL,VALID
final_control_163,1e-05,0.001,A_accumulated,FAIL,FAIL,VALID
final_control_163,1e-05,0.001,A_net_aggregation,FAIL,FAIL,VALID
final_control_163,1e-05,0.001,B0,PASS,FAIL,VALID
final_control_163,1e-05,0.001,B1,PASS,FAIL,VALID
final_control_163,1e-05,0.001,B2,FAIL,FAIL,VALID
final_control_163,1e-05,0.001,B3,FAIL,FAIL,VALID
final_control_163,1e-05,0.001,B4_normal,FAIL,FAIL,VALID
final_control_163,0.0001,0.01,B5,FAIL,FAIL,VALID
final_control_163,0.0001,0.01,B4,FAIL,FAIL,VALID
final_control_163,0.0001,0.01,A_no_geometry,FAIL,FAIL,VALID
final_control_163,0.0001,0.01,A_no_torque,FAIL,FAIL,VALID
final_control_163,0.0001,0.01,A_binary_unknown_fail,FAIL,FAIL,VALID
final_control_163,0.0001,0.01,A_accumulated,FAIL,FAIL,VALID
final_control_163,0.0001,0.01,A_net_aggregation,FAIL,FAIL,VALID
final_control_163,0.0001,0.01,B0,PASS,FAIL,VALID
final_control_163,0.0001,0.01,B1,PASS,FAIL,VALID
final_control_163,0.0001,0.01,B2,FAIL,FAIL,VALID
final_control_163,0.0001,0.01,B3,FAIL,FAIL,VALID
final_control_163,0.0001,0.01,B4_normal,FAIL,FAIL,VALID
final_control_163,0.001,0.1,B5,FAIL,FAIL,VALID
final_control_163,0.001,0.1,B4,FAIL,FAIL,VALID
final_control_163,0.001,0.1,A_no_geometry,FAIL,FAIL,VALID
final_control_163,0.001,0.1,A_no_torque,FAIL,FAIL,VALID
final_control_163,0.001,0.1,A_binary_unknown_fail,FAIL,FAIL,VALID
final_control_163,0.001,0.1,A_accumulated,FAIL,FAIL,VALID
final_control_163,0.001,0.1,A_net_aggregation,FAIL,FAIL,VALID
final_control_163,0.001,0.1,B0,PASS,FAIL,VALID
final_control_163,0.001,0.1,B1,PASS,FAIL,VALID
final_control_163,0.001,0.1,B2,FAIL,FAIL,VALID
final_control_163,0.001,0.1,B3,FAIL,FAIL,VALID
final_control_163,0.001,0.1,B4_normal,FAIL,FAIL,VALID
final_control_163,0.01,1.0,B5,INDETERMINATE,FAIL,VALID
final_control_163,0.01,1.0,B4,INDETERMINATE,FAIL,VALID
final_control_163,0.01,1.0,A_no_geometry,INDETERMINATE,FAIL,VALID
final_control_163,0.01,1.0,A_no_torque,INDETERMINATE,FAIL,VALID
final_control_163,0.01,1.0,A_binary_unknown_fail,FAIL,FAIL,VALID
final_control_163,0.01,1.0,A_accumulated,INDETERMINATE,FAIL,VALID
final_control_163,0.01,1.0,A_net_aggregation,INDETERMINATE,FAIL,VALID
final_control_163,0.01,1.0,B0,PASS,FAIL,VALID
final_control_163,0.01,1.0,B1,PASS,FAIL,VALID
final_control_163,0.01,1.0,B2,FAIL,FAIL,VALID
final_control_163,0.01,1.0,B3,FAIL,FAIL,VALID
final_control_163,0.01,1.0,B4_normal,INDETERMINATE,FAIL,VALID
final_control_164,1e-06,0.0001,B5,FAIL,FAIL,VALID
final_control_164,1e-06,0.0001,B4,FAIL,FAIL,VALID
final_control_164,1e-06,0.0001,A_no_geometry,FAIL,FAIL,VALID
final_control_164,1e-06,0.0001,A_no_torque,FAIL,FAIL,VALID
final_control_164,1e-06,0.0001,A_binary_unknown_fail,FAIL,FAIL,VALID
final_control_164,1e-06,0.0001,A_accumulated,FAIL,FAIL,VALID
final_control_164,1e-06,0.0001,A_net_aggregation,FAIL,FAIL,VALID
final_control_164,1e-06,0.0001,B0,PASS,FAIL,VALID
final_control_164,1e-06,0.0001,B1,PASS,FAIL,VALID
final_control_164,1e-06,0.0001,B2,FAIL,FAIL,VALID
final_control_164,1e-06,0.0001,B3,FAIL,FAIL,VALID
final_control_164,1e-06,0.0001,B4_normal,FAIL,FAIL,VALID
final_control_164,1e-05,0.001,B5,FAIL,FAIL,VALID
final_control_164,1e-05,0.001,B4,FAIL,FAIL,VALID
final_control_164,1e-05,0.001,A_no_geometry,FAIL,FAIL,VALID
final_control_164,1e-05,0.001,A_no_torque,FAIL,FAIL,VALID
final_control_164,1e-05,0.001,A_binary_unknown_fail,FAIL,FAIL,VALID
final_control_164,1e-05,0.001,A_accumulated,FAIL,FAIL,VALID
final_control_164,1e-05,0.001,A_net_aggregation,FAIL,FAIL,VALID
final_control_164,1e-05,0.001,B0,PASS,FAIL,VALID
final_control_164,1e-05,0.001,B1,PASS,FAIL,VALID
final_control_164,1e-05,0.001,B2,FAIL,FAIL,VALID
final_control_164,1e-05,0.001,B3,FAIL,FAIL,VALID
final_control_164,1e-05,0.001,B4_normal,FAIL,FAIL,VALID
final_control_164,0.0001,0.01,B5,FAIL,FAIL,VALID
final_control_164,0.0001,0.01,B4,FAIL,FAIL,VALID
final_control_164,0.0001,0.01,A_no_geometry,FAIL,FAIL,VALID
final_control_164,0.0001,0.01,A_no_torque,FAIL,FAIL,VALID
final_control_164,0.0001,0.01,A_binary_unknown_fail,FAIL,FAIL,VALID
final_control_164,0.0001,0.01,A_accumulated,FAIL,FAIL,VALID
final_control_164,0.0001,0.01,A_net_aggregation,FAIL,FAIL,VALID
final_control_164,0.0001,0.01,B0,PASS,FAIL,VALID
final_control_164,0.0001,0.01,B1,PASS,FAIL,VALID
final_control_164,0.0001,0.01,B2,FAIL,FAIL,VALID
final_control_164,0.0001,0.01,B3,FAIL,FAIL,VALID
final_control_164,0.0001,0.01,B4_normal,FAIL,FAIL,VALID
final_control_164,0.001,0.1,B5,FAIL,FAIL,VALID
final_control_164,0.001,0.1,B4,FAIL,FAIL,VALID
final_control_164,0.001,0.1,A_no_geometry,FAIL,FAIL,VALID
final_control_164,0.001,0.1,A_no_torque,FAIL,FAIL,VALID
final_control_164,0.001,0.1,A_binary_unknown_fail,FAIL,FAIL,VALID
final_control_164,0.001,0.1,A_accumulated,FAIL,FAIL,VALID
final_control_164,0.001,0.1,A_net_aggregation,FAIL,FAIL,VALID
final_control_164,0.001,0.1,B0,PASS,FAIL,VALID
final_control_164,0.001,0.1,B1,PASS,FAIL,VALID
final_control_164,0.001,0.1,B2,FAIL,FAIL,VALID
final_control_164,0.001,0.1,B3,FAIL,FAIL,VALID
final_control_164,0.001,0.1,B4_normal,FAIL,FAIL,VALID
final_control_164,0.01,1.0,B5,FAIL,FAIL,VALID
final_control_164,0.01,1.0,B4,FAIL,FAIL,VALID
final_control_164,0.01,1.0,A_no_geometry,FAIL,FAIL,VALID
final_control_164,0.01,1.0,A_no_torque,FAIL,FAIL,VALID
final_control_164,0.01,1.0,A_binary_unknown_fail,FAIL,FAIL,VALID
final_control_164,0.01,1.0,A_accumulated,FAIL,FAIL,VALID
final_control_164,0.01,1.0,A_net_aggregation,INDETERMINATE,FAIL,VALID
final_control_164,0.01,1.0,B0,PASS,FAIL,VALID
final_control_164,0.01,1.0,B1,PASS,FAIL,VALID
final_control_164,0.01,1.0,B2,FAIL,FAIL,VALID
final_control_164,0.01,1.0,B3,FAIL,FAIL,VALID
final_control_164,0.01,1.0,B4_normal,FAIL,FAIL,VALID
final_control_165,1e-06,0.0001,B5,FAIL,FAIL,VALID
final_control_165,1e-06,0.0001,B4,FAIL,FAIL,VALID
final_control_165,1e-06,0.0001,A_no_geometry,FAIL,FAIL,VALID
final_control_165,1e-06,0.0001,A_no_torque,FAIL,FAIL,VALID
final_control_165,1e-06,0.0001,A_binary_unknown_fail,FAIL,FAIL,VALID
final_control_165,1e-06,0.0001,A_accumulated,PASS,FAIL,VALID
final_control_165,1e-06,0.0001,A_net_aggregation,FAIL,FAIL,VALID
final_control_165,1e-06,0.0001,B0,PASS,FAIL,VALID
final_control_165,1e-06,0.0001,B1,FAIL,FAIL,VALID
final_control_165,1e-06,0.0001,B2,FAIL,FAIL,VALID
final_control_165,1e-06,0.0001,B3,FAIL,FAIL,VALID
final_control_165,1e-06,0.0001,B4_normal,FAIL,FAIL,VALID
final_control_165,1e-05,0.001,B5,FAIL,FAIL,VALID
final_control_165,1e-05,0.001,B4,FAIL,FAIL,VALID
final_control_165,1e-05,0.001,A_no_geometry,FAIL,FAIL,VALID
final_control_165,1e-05,0.001,A_no_torque,FAIL,FAIL,VALID
final_control_165,1e-05,0.001,A_binary_unknown_fail,FAIL,FAIL,VALID
final_control_165,1e-05,0.001,A_accumulated,PASS,FAIL,VALID
final_control_165,1e-05,0.001,A_net_aggregation,FAIL,FAIL,VALID
final_control_165,1e-05,0.001,B0,PASS,FAIL,VALID
final_control_165,1e-05,0.001,B1,FAIL,FAIL,VALID
final_control_165,1e-05,0.001,B2,FAIL,FAIL,VALID
final_control_165,1e-05,0.001,B3,FAIL,FAIL,VALID
final_control_165,1e-05,0.001,B4_normal,FAIL,FAIL,VALID
final_control_165,0.0001,0.01,B5,FAIL,FAIL,VALID
final_control_165,0.0001,0.01,B4,FAIL,FAIL,VALID
final_control_165,0.0001,0.01,A_no_geometry,FAIL,FAIL,VALID
final_control_165,0.0001,0.01,A_no_torque,FAIL,FAIL,VALID
final_control_165,0.0001,0.01,A_binary_unknown_fail,FAIL,FAIL,VALID
final_control_165,0.0001,0.01,A_accumulated,PASS,FAIL,VALID
final_control_165,0.0001,0.01,A_net_aggregation,FAIL,FAIL,VALID
final_control_165,0.0001,0.01,B0,PASS,FAIL,VALID
final_control_165,0.0001,0.01,B1,FAIL,FAIL,VALID
final_control_165,0.0001,0.01,B2,FAIL,FAIL,VALID
final_control_165,0.0001,0.01,B3,FAIL,FAIL,VALID
final_control_165,0.0001,0.01,B4_normal,FAIL,FAIL,VALID
final_control_165,0.001,0.1,B5,FAIL,FAIL,VALID
final_control_165,0.001,0.1,B4,FAIL,FAIL,VALID
final_control_165,0.001,0.1,A_no_geometry,FAIL,FAIL,VALID
final_control_165,0.001,0.1,A_no_torque,FAIL,FAIL,VALID
final_control_165,0.001,0.1,A_binary_unknown_fail,FAIL,FAIL,VALID
final_control_165,0.001,0.1,A_accumulated,PASS,FAIL,VALID
final_control_165,0.001,0.1,A_net_aggregation,FAIL,FAIL,VALID
final_control_165,0.001,0.1,B0,PASS,FAIL,VALID
final_control_165,0.001,0.1,B1,FAIL,FAIL,VALID
final_control_165,0.001,0.1,B2,FAIL,FAIL,VALID
final_control_165,0.001,0.1,B3,FAIL,FAIL,VALID
final_control_165,0.001,0.1,B4_normal,FAIL,FAIL,VALID
final_control_165,0.01,1.0,B5,FAIL,FAIL,VALID
final_control_165,0.01,1.0,B4,FAIL,FAIL,VALID
final_control_165,0.01,1.0,A_no_geometry,FAIL,FAIL,VALID
final_control_165,0.01,1.0,A_no_torque,FAIL,FAIL,VALID
final_control_165,0.01,1.0,A_binary_unknown_fail,FAIL,FAIL,VALID
final_control_165,0.01,1.0,A_accumulated,PASS,FAIL,VALID
final_control_165,0.01,1.0,A_net_aggregation,FAIL,FAIL,VALID
final_control_165,0.01,1.0,B0,PASS,FAIL,VALID
final_control_165,0.01,1.0,B1,FAIL,FAIL,VALID
final_control_165,0.01,1.0,B2,FAIL,FAIL,VALID
final_control_165,0.01,1.0,B3,FAIL,FAIL,VALID
final_control_165,0.01,1.0,B4_normal,FAIL,FAIL,VALID
final_control_166,1e-06,0.0001,B5,FAIL,FAIL,VALID
final_control_166,1e-06,0.0001,B4,FAIL,FAIL,VALID
final_control_166,1e-06,0.0001,A_no_geometry,FAIL,FAIL,VALID
final_control_166,1e-06,0.0001,A_no_torque,FAIL,FAIL,VALID
final_control_166,1e-06,0.0001,A_binary_unknown_fail,FAIL,FAIL,VALID
final_control_166,1e-06,0.0001,A_accumulated,FAIL,FAIL,VALID
final_control_166,1e-06,0.0001,A_net_aggregation,FAIL,FAIL,VALID
final_control_166,1e-06,0.0001,B0,FAIL,FAIL,VALID
final_control_166,1e-06,0.0001,B1,FAIL,FAIL,VALID
final_control_166,1e-06,0.0001,B2,FAIL,FAIL,VALID
final_control_166,1e-06,0.0001,B3,FAIL,FAIL,VALID
final_control_166,1e-06,0.0001,B4_normal,FAIL,FAIL,VALID
final_control_166,1e-05,0.001,B5,FAIL,FAIL,VALID
final_control_166,1e-05,0.001,B4,FAIL,FAIL,VALID
final_control_166,1e-05,0.001,A_no_geometry,FAIL,FAIL,VALID
final_control_166,1e-05,0.001,A_no_torque,FAIL,FAIL,VALID
final_control_166,1e-05,0.001,A_binary_unknown_fail,FAIL,FAIL,VALID
final_control_166,1e-05,0.001,A_accumulated,FAIL,FAIL,VALID
final_control_166,1e-05,0.001,A_net_aggregation,FAIL,FAIL,VALID
final_control_166,1e-05,0.001,B0,FAIL,FAIL,VALID
final_control_166,1e-05,0.001,B1,FAIL,FAIL,VALID
final_control_166,1e-05,0.001,B2,FAIL,FAIL,VALID
final_control_166,1e-05,0.001,B3,FAIL,FAIL,VALID
final_control_166,1e-05,0.001,B4_normal,FAIL,FAIL,VALID
final_control_166,0.0001,0.01,B5,FAIL,FAIL,VALID
final_control_166,0.0001,0.01,B4,FAIL,FAIL,VALID
final_control_166,0.0001,0.01,A_no_geometry,FAIL,FAIL,VALID
final_control_166,0.0001,0.01,A_no_torque,FAIL,FAIL,VALID
final_control_166,0.0001,0.01,A_binary_unknown_fail,FAIL,FAIL,VALID
final_control_166,0.0001,0.01,A_accumulated,FAIL,FAIL,VALID
final_control_166,0.0001,0.01,A_net_aggregation,FAIL,FAIL,VALID
final_control_166,0.0001,0.01,B0,FAIL,FAIL,VALID
final_control_166,0.0001,0.01,B1,FAIL,FAIL,VALID
final_control_166,0.0001,0.01,B2,FAIL,FAIL,VALID
final_control_166,0.0001,0.01,B3,FAIL,FAIL,VALID
final_control_166,0.0001,0.01,B4_normal,FAIL,FAIL,VALID
final_control_166,0.001,0.1,B5,FAIL,FAIL,VALID
final_control_166,0.001,0.1,B4,FAIL,FAIL,VALID
final_control_166,0.001,0.1,A_no_geometry,FAIL,FAIL,VALID
final_control_166,0.001,0.1,A_no_torque,FAIL,FAIL,VALID
final_control_166,0.001,0.1,A_binary_unknown_fail,FAIL,FAIL,VALID
final_control_166,0.001,0.1,A_accumulated,FAIL,FAIL,VALID
final_control_166,0.001,0.1,A_net_aggregation,FAIL,FAIL,VALID
final_control_166,0.001,0.1,B0,FAIL,FAIL,VALID
final_control_166,0.001,0.1,B1,FAIL,FAIL,VALID
final_control_166,0.001,0.1,B2,FAIL,FAIL,VALID
final_control_166,0.001,0.1,B3,FAIL,FAIL,VALID
final_control_166,0.001,0.1,B4_normal,FAIL,FAIL,VALID
final_control_166,0.01,1.0,B5,FAIL,FAIL,VALID
final_control_166,0.01,1.0,B4,FAIL,FAIL,VALID
final_control_166,0.01,1.0,A_no_geometry,FAIL,FAIL,VALID
final_control_166,0.01,1.0,A_no_torque,FAIL,FAIL,VALID
final_control_166,0.01,1.0,A_binary_unknown_fail,FAIL,FAIL,VALID
final_control_166,0.01,1.0,A_accumulated,FAIL,FAIL,VALID
final_control_166,0.01,1.0,A_net_aggregation,FAIL,FAIL,VALID
final_control_166,0.01,1.0,B0,FAIL,FAIL,VALID
final_control_166,0.01,1.0,B1,FAIL,FAIL,VALID
final_control_166,0.01,1.0,B2,FAIL,FAIL,VALID
final_control_166,0.01,1.0,B3,FAIL,FAIL,VALID
final_control_166,0.01,1.0,B4_normal,FAIL,FAIL,VALID
final_control_167,1e-06,0.0001,B5,FAIL,FAIL,VALID
final_control_167,1e-06,0.0001,B4,FAIL,FAIL,VALID
final_control_167,1e-06,0.0001,A_no_geometry,FAIL,FAIL,VALID
final_control_167,1e-06,0.0001,A_no_torque,FAIL,FAIL,VALID
final_control_167,1e-06,0.0001,A_binary_unknown_fail,FAIL,FAIL,VALID
final_control_167,1e-06,0.0001,A_accumulated,FAIL,FAIL,VALID
final_control_167,1e-06,0.0001,A_net_aggregation,FAIL,FAIL,VALID
final_control_167,1e-06,0.0001,B0,PASS,FAIL,VALID
final_control_167,1e-06,0.0001,B1,PASS,FAIL,VALID
final_control_167,1e-06,0.0001,B2,FAIL,FAIL,VALID
final_control_167,1e-06,0.0001,B3,FAIL,FAIL,VALID
final_control_167,1e-06,0.0001,B4_normal,FAIL,FAIL,VALID
final_control_167,1e-05,0.001,B5,FAIL,FAIL,VALID
final_control_167,1e-05,0.001,B4,FAIL,FAIL,VALID
final_control_167,1e-05,0.001,A_no_geometry,FAIL,FAIL,VALID
final_control_167,1e-05,0.001,A_no_torque,FAIL,FAIL,VALID
final_control_167,1e-05,0.001,A_binary_unknown_fail,FAIL,FAIL,VALID
final_control_167,1e-05,0.001,A_accumulated,FAIL,FAIL,VALID
final_control_167,1e-05,0.001,A_net_aggregation,FAIL,FAIL,VALID
final_control_167,1e-05,0.001,B0,PASS,FAIL,VALID
final_control_167,1e-05,0.001,B1,PASS,FAIL,VALID
final_control_167,1e-05,0.001,B2,FAIL,FAIL,VALID
final_control_167,1e-05,0.001,B3,FAIL,FAIL,VALID
final_control_167,1e-05,0.001,B4_normal,FAIL,FAIL,VALID
final_control_167,0.0001,0.01,B5,FAIL,FAIL,VALID
final_control_167,0.0001,0.01,B4,FAIL,FAIL,VALID
final_control_167,0.0001,0.01,A_no_geometry,FAIL,FAIL,VALID
final_control_167,0.0001,0.01,A_no_torque,FAIL,FAIL,VALID
final_control_167,0.0001,0.01,A_binary_unknown_fail,FAIL,FAIL,VALID
final_control_167,0.0001,0.01,A_accumulated,FAIL,FAIL,VALID
final_control_167,0.0001,0.01,A_net_aggregation,FAIL,FAIL,VALID
final_control_167,0.0001,0.01,B0,PASS,FAIL,VALID
final_control_167,0.0001,0.01,B1,PASS,FAIL,VALID
final_control_167,0.0001,0.01,B2,FAIL,FAIL,VALID
final_control_167,0.0001,0.01,B3,FAIL,FAIL,VALID
final_control_167,0.0001,0.01,B4_normal,FAIL,FAIL,VALID
final_control_167,0.001,0.1,B5,FAIL,FAIL,VALID
final_control_167,0.001,0.1,B4,FAIL,FAIL,VALID
final_control_167,0.001,0.1,A_no_geometry,FAIL,FAIL,VALID
final_control_167,0.001,0.1,A_no_torque,FAIL,FAIL,VALID
final_control_167,0.001,0.1,A_binary_unknown_fail,FAIL,FAIL,VALID
final_control_167,0.001,0.1,A_accumulated,FAIL,FAIL,VALID
final_control_167,0.001,0.1,A_net_aggregation,FAIL,FAIL,VALID
final_control_167,0.001,0.1,B0,PASS,FAIL,VALID
final_control_167,0.001,0.1,B1,PASS,FAIL,VALID
final_control_167,0.001,0.1,B2,FAIL,FAIL,VALID
final_control_167,0.001,0.1,B3,FAIL,FAIL,VALID
final_control_167,0.001,0.1,B4_normal,FAIL,FAIL,VALID
final_control_167,0.01,1.0,B5,INDETERMINATE,FAIL,VALID
final_control_167,0.01,1.0,B4,INDETERMINATE,FAIL,VALID
final_control_167,0.01,1.0,A_no_geometry,INDETERMINATE,FAIL,VALID
final_control_167,0.01,1.0,A_no_torque,INDETERMINATE,FAIL,VALID
final_control_167,0.01,1.0,A_binary_unknown_fail,FAIL,FAIL,VALID
final_control_167,0.01,1.0,A_accumulated,INDETERMINATE,FAIL,VALID
final_control_167,0.01,1.0,A_net_aggregation,INDETERMINATE,FAIL,VALID
final_control_167,0.01,1.0,B0,PASS,FAIL,VALID
final_control_167,0.01,1.0,B1,PASS,FAIL,VALID
final_control_167,0.01,1.0,B2,FAIL,FAIL,VALID
final_control_167,0.01,1.0,B3,FAIL,FAIL,VALID
final_control_167,0.01,1.0,B4_normal,INDETERMINATE,FAIL,VALID
final_control_168,1e-06,0.0001,B5,PASS,PASS,VALID
final_control_168,1e-06,0.0001,B4,PASS,PASS,VALID
final_control_168,1e-06,0.0001,A_no_geometry,PASS,PASS,VALID
final_control_168,1e-06,0.0001,A_no_torque,PASS,PASS,VALID
final_control_168,1e-06,0.0001,A_binary_unknown_fail,PASS,PASS,VALID
final_control_168,1e-06,0.0001,A_accumulated,PASS,PASS,VALID
final_control_168,1e-06,0.0001,A_net_aggregation,PASS,PASS,VALID
final_control_168,1e-06,0.0001,B0,PASS,PASS,VALID
final_control_168,1e-06,0.0001,B1,PASS,PASS,VALID
final_control_168,1e-06,0.0001,B2,PASS,PASS,VALID
final_control_168,1e-06,0.0001,B3,PASS,PASS,VALID
final_control_168,1e-06,0.0001,B4_normal,PASS,PASS,VALID
final_control_168,1e-05,0.001,B5,PASS,PASS,VALID
final_control_168,1e-05,0.001,B4,PASS,PASS,VALID
final_control_168,1e-05,0.001,A_no_geometry,PASS,PASS,VALID
final_control_168,1e-05,0.001,A_no_torque,PASS,PASS,VALID
final_control_168,1e-05,0.001,A_binary_unknown_fail,PASS,PASS,VALID
final_control_168,1e-05,0.001,A_accumulated,PASS,PASS,VALID
final_control_168,1e-05,0.001,A_net_aggregation,PASS,PASS,VALID
final_control_168,1e-05,0.001,B0,PASS,PASS,VALID
final_control_168,1e-05,0.001,B1,PASS,PASS,VALID
final_control_168,1e-05,0.001,B2,PASS,PASS,VALID
final_control_168,1e-05,0.001,B3,PASS,PASS,VALID
final_control_168,1e-05,0.001,B4_normal,PASS,PASS,VALID
final_control_168,0.0001,0.01,B5,PASS,PASS,VALID
final_control_168,0.0001,0.01,B4,PASS,PASS,VALID
final_control_168,0.0001,0.01,A_no_geometry,PASS,PASS,VALID
final_control_168,0.0001,0.01,A_no_torque,PASS,PASS,VALID
final_control_168,0.0001,0.01,A_binary_unknown_fail,PASS,PASS,VALID
final_control_168,0.0001,0.01,A_accumulated,PASS,PASS,VALID
final_control_168,0.0001,0.01,A_net_aggregation,PASS,PASS,VALID
final_control_168,0.0001,0.01,B0,PASS,PASS,VALID
final_control_168,0.0001,0.01,B1,PASS,PASS,VALID
final_control_168,0.0001,0.01,B2,PASS,PASS,VALID
final_control_168,0.0001,0.01,B3,PASS,PASS,VALID
final_control_168,0.0001,0.01,B4_normal,PASS,PASS,VALID
final_control_168,0.001,0.1,B5,PASS,PASS,VALID
final_control_168,0.001,0.1,B4,PASS,PASS,VALID
final_control_168,0.001,0.1,A_no_geometry,PASS,PASS,VALID
final_control_168,0.001,0.1,A_no_torque,PASS,PASS,VALID
final_control_168,0.001,0.1,A_binary_unknown_fail,PASS,PASS,VALID
final_control_168,0.001,0.1,A_accumulated,PASS,PASS,VALID
final_control_168,0.001,0.1,A_net_aggregation,PASS,PASS,VALID
final_control_168,0.001,0.1,B0,PASS,PASS,VALID
final_control_168,0.001,0.1,B1,PASS,PASS,VALID
final_control_168,0.001,0.1,B2,PASS,PASS,VALID
final_control_168,0.001,0.1,B3,PASS,PASS,VALID
final_control_168,0.001,0.1,B4_normal,PASS,PASS,VALID
final_control_168,0.01,1.0,B5,PASS,PASS,VALID
final_control_168,0.01,1.0,B4,PASS,PASS,VALID
final_control_168,0.01,1.0,A_no_geometry,PASS,PASS,VALID
final_control_168,0.01,1.0,A_no_torque,PASS,PASS,VALID
final_control_168,0.01,1.0,A_binary_unknown_fail,PASS,PASS,VALID
final_control_168,0.01,1.0,A_accumulated,PASS,PASS,VALID
final_control_168,0.01,1.0,A_net_aggregation,PASS,PASS,VALID
final_control_168,0.01,1.0,B0,PASS,PASS,VALID
final_control_168,0.01,1.0,B1,PASS,PASS,VALID
final_control_168,0.01,1.0,B2,PASS,PASS,VALID
final_control_168,0.01,1.0,B3,PASS,PASS,VALID
final_control_168,0.01,1.0,B4_normal,PASS,PASS,VALID
final_control_169,1e-06,0.0001,B5,PASS,PASS,VALID
final_control_169,1e-06,0.0001,B4,PASS,PASS,VALID
final_control_169,1e-06,0.0001,A_no_geometry,PASS,PASS,VALID
final_control_169,1e-06,0.0001,A_no_torque,PASS,PASS,VALID
final_control_169,1e-06,0.0001,A_binary_unknown_fail,PASS,PASS,VALID
final_control_169,1e-06,0.0001,A_accumulated,PASS,PASS,VALID
final_control_169,1e-06,0.0001,A_net_aggregation,PASS,PASS,VALID
final_control_169,1e-06,0.0001,B0,PASS,PASS,VALID
final_control_169,1e-06,0.0001,B1,PASS,PASS,VALID
final_control_169,1e-06,0.0001,B2,FAIL,PASS,VALID
final_control_169,1e-06,0.0001,B3,PASS,PASS,VALID
final_control_169,1e-06,0.0001,B4_normal,PASS,PASS,VALID
final_control_169,1e-05,0.001,B5,PASS,PASS,VALID
final_control_169,1e-05,0.001,B4,PASS,PASS,VALID
final_control_169,1e-05,0.001,A_no_geometry,PASS,PASS,VALID
final_control_169,1e-05,0.001,A_no_torque,PASS,PASS,VALID
final_control_169,1e-05,0.001,A_binary_unknown_fail,PASS,PASS,VALID
final_control_169,1e-05,0.001,A_accumulated,PASS,PASS,VALID
final_control_169,1e-05,0.001,A_net_aggregation,PASS,PASS,VALID
final_control_169,1e-05,0.001,B0,PASS,PASS,VALID
final_control_169,1e-05,0.001,B1,PASS,PASS,VALID
final_control_169,1e-05,0.001,B2,FAIL,PASS,VALID
final_control_169,1e-05,0.001,B3,PASS,PASS,VALID
final_control_169,1e-05,0.001,B4_normal,PASS,PASS,VALID
final_control_169,0.0001,0.01,B5,PASS,PASS,VALID
final_control_169,0.0001,0.01,B4,PASS,PASS,VALID
final_control_169,0.0001,0.01,A_no_geometry,PASS,PASS,VALID
final_control_169,0.0001,0.01,A_no_torque,PASS,PASS,VALID
final_control_169,0.0001,0.01,A_binary_unknown_fail,PASS,PASS,VALID
final_control_169,0.0001,0.01,A_accumulated,PASS,PASS,VALID
final_control_169,0.0001,0.01,A_net_aggregation,PASS,PASS,VALID
final_control_169,0.0001,0.01,B0,PASS,PASS,VALID
final_control_169,0.0001,0.01,B1,PASS,PASS,VALID
final_control_169,0.0001,0.01,B2,FAIL,PASS,VALID
final_control_169,0.0001,0.01,B3,PASS,PASS,VALID
final_control_169,0.0001,0.01,B4_normal,PASS,PASS,VALID
final_control_169,0.001,0.1,B5,PASS,PASS,VALID
final_control_169,0.001,0.1,B4,PASS,PASS,VALID
final_control_169,0.001,0.1,A_no_geometry,PASS,PASS,VALID
final_control_169,0.001,0.1,A_no_torque,PASS,PASS,VALID
final_control_169,0.001,0.1,A_binary_unknown_fail,PASS,PASS,VALID
final_control_169,0.001,0.1,A_accumulated,PASS,PASS,VALID
final_control_169,0.001,0.1,A_net_aggregation,PASS,PASS,VALID
final_control_169,0.001,0.1,B0,PASS,PASS,VALID
final_control_169,0.001,0.1,B1,PASS,PASS,VALID
final_control_169,0.001,0.1,B2,FAIL,PASS,VALID
final_control_169,0.001,0.1,B3,PASS,PASS,VALID
final_control_169,0.001,0.1,B4_normal,PASS,PASS,VALID
final_control_169,0.01,1.0,B5,PASS,PASS,VALID
final_control_169,0.01,1.0,B4,PASS,PASS,VALID
final_control_169,0.01,1.0,A_no_geometry,PASS,PASS,VALID
final_control_169,0.01,1.0,A_no_torque,PASS,PASS,VALID
final_control_169,0.01,1.0,A_binary_unknown_fail,PASS,PASS,VALID
final_control_169,0.01,1.0,A_accumulated,PASS,PASS,VALID
final_control_169,0.01,1.0,A_net_aggregation,PASS,PASS,VALID
final_control_169,0.01,1.0,B0,PASS,PASS,VALID
final_control_169,0.01,1.0,B1,PASS,PASS,VALID
final_control_169,0.01,1.0,B2,FAIL,PASS,VALID
final_control_169,0.01,1.0,B3,PASS,PASS,VALID
final_control_169,0.01,1.0,B4_normal,PASS,PASS,VALID
final_control_170,1e-06,0.0001,B5,FAIL,FAIL,VALID
final_control_170,1e-06,0.0001,B4,FAIL,FAIL,VALID
final_control_170,1e-06,0.0001,A_no_geometry,FAIL,FAIL,VALID
final_control_170,1e-06,0.0001,A_no_torque,FAIL,FAIL,VALID
final_control_170,1e-06,0.0001,A_binary_unknown_fail,FAIL,FAIL,VALID
final_control_170,1e-06,0.0001,A_accumulated,FAIL,FAIL,VALID
final_control_170,1e-06,0.0001,A_net_aggregation,FAIL,FAIL,VALID
final_control_170,1e-06,0.0001,B0,PASS,FAIL,VALID
final_control_170,1e-06,0.0001,B1,PASS,FAIL,VALID
final_control_170,1e-06,0.0001,B2,FAIL,FAIL,VALID
final_control_170,1e-06,0.0001,B3,FAIL,FAIL,VALID
final_control_170,1e-06,0.0001,B4_normal,FAIL,FAIL,VALID
final_control_170,1e-05,0.001,B5,FAIL,FAIL,VALID
final_control_170,1e-05,0.001,B4,FAIL,FAIL,VALID
final_control_170,1e-05,0.001,A_no_geometry,FAIL,FAIL,VALID
final_control_170,1e-05,0.001,A_no_torque,FAIL,FAIL,VALID
final_control_170,1e-05,0.001,A_binary_unknown_fail,FAIL,FAIL,VALID
final_control_170,1e-05,0.001,A_accumulated,FAIL,FAIL,VALID
final_control_170,1e-05,0.001,A_net_aggregation,FAIL,FAIL,VALID
final_control_170,1e-05,0.001,B0,PASS,FAIL,VALID
final_control_170,1e-05,0.001,B1,PASS,FAIL,VALID
final_control_170,1e-05,0.001,B2,FAIL,FAIL,VALID
final_control_170,1e-05,0.001,B3,FAIL,FAIL,VALID
final_control_170,1e-05,0.001,B4_normal,FAIL,FAIL,VALID
final_control_170,0.0001,0.01,B5,FAIL,FAIL,VALID
final_control_170,0.0001,0.01,B4,FAIL,FAIL,VALID
final_control_170,0.0001,0.01,A_no_geometry,FAIL,FAIL,VALID
final_control_170,0.0001,0.01,A_no_torque,FAIL,FAIL,VALID
final_control_170,0.0001,0.01,A_binary_unknown_fail,FAIL,FAIL,VALID
final_control_170,0.0001,0.01,A_accumulated,FAIL,FAIL,VALID
final_control_170,0.0001,0.01,A_net_aggregation,FAIL,FAIL,VALID
final_control_170,0.0001,0.01,B0,PASS,FAIL,VALID
final_control_170,0.0001,0.01,B1,PASS,FAIL,VALID
final_control_170,0.0001,0.01,B2,FAIL,FAIL,VALID
final_control_170,0.0001,0.01,B3,FAIL,FAIL,VALID
final_control_170,0.0001,0.01,B4_normal,FAIL,FAIL,VALID
final_control_170,0.001,0.1,B5,FAIL,FAIL,VALID
final_control_170,0.001,0.1,B4,FAIL,FAIL,VALID
final_control_170,0.001,0.1,A_no_geometry,FAIL,FAIL,VALID
final_control_170,0.001,0.1,A_no_torque,FAIL,FAIL,VALID
final_control_170,0.001,0.1,A_binary_unknown_fail,FAIL,FAIL,VALID
final_control_170,0.001,0.1,A_accumulated,FAIL,FAIL,VALID
final_control_170,0.001,0.1,A_net_aggregation,FAIL,FAIL,VALID
final_control_170,0.001,0.1,B0,PASS,FAIL,VALID
final_control_170,0.001,0.1,B1,PASS,FAIL,VALID
final_control_170,0.001,0.1,B2,FAIL,FAIL,VALID
final_control_170,0.001,0.1,B3,FAIL,FAIL,VALID
final_control_170,0.001,0.1,B4_normal,FAIL,FAIL,VALID
final_control_170,0.01,1.0,B5,FAIL,FAIL,VALID
final_control_170,0.01,1.0,B4,FAIL,FAIL,VALID
final_control_170,0.01,1.0,A_no_geometry,FAIL,FAIL,VALID
final_control_170,0.01,1.0,A_no_torque,FAIL,FAIL,VALID
final_control_170,0.01,1.0,A_binary_unknown_fail,FAIL,FAIL,VALID
final_control_170,0.01,1.0,A_accumulated,FAIL,FAIL,VALID
final_control_170,0.01,1.0,A_net_aggregation,FAIL,FAIL,VALID
final_control_170,0.01,1.0,B0,PASS,FAIL,VALID
final_control_170,0.01,1.0,B1,PASS,FAIL,VALID
final_control_170,0.01,1.0,B2,FAIL,FAIL,VALID
final_control_170,0.01,1.0,B3,FAIL,FAIL,VALID
final_control_170,0.01,1.0,B4_normal,FAIL,FAIL,VALID
final_control_171,1e-06,0.0001,B5,FAIL,FAIL,VALID
final_control_171,1e-06,0.0001,B4,FAIL,FAIL,VALID
final_control_171,1e-06,0.0001,A_no_geometry,FAIL,FAIL,VALID
final_control_171,1e-06,0.0001,A_no_torque,FAIL,FAIL,VALID
final_control_171,1e-06,0.0001,A_binary_unknown_fail,FAIL,FAIL,VALID
final_control_171,1e-06,0.0001,A_accumulated,FAIL,FAIL,VALID
final_control_171,1e-06,0.0001,A_net_aggregation,FAIL,FAIL,VALID
final_control_171,1e-06,0.0001,B0,PASS,FAIL,VALID
final_control_171,1e-06,0.0001,B1,PASS,FAIL,VALID
final_control_171,1e-06,0.0001,B2,FAIL,FAIL,VALID
final_control_171,1e-06,0.0001,B3,FAIL,FAIL,VALID
final_control_171,1e-06,0.0001,B4_normal,FAIL,FAIL,VALID
final_control_171,1e-05,0.001,B5,FAIL,FAIL,VALID
final_control_171,1e-05,0.001,B4,FAIL,FAIL,VALID
final_control_171,1e-05,0.001,A_no_geometry,FAIL,FAIL,VALID
final_control_171,1e-05,0.001,A_no_torque,FAIL,FAIL,VALID
final_control_171,1e-05,0.001,A_binary_unknown_fail,FAIL,FAIL,VALID
final_control_171,1e-05,0.001,A_accumulated,FAIL,FAIL,VALID
final_control_171,1e-05,0.001,A_net_aggregation,FAIL,FAIL,VALID
final_control_171,1e-05,0.001,B0,PASS,FAIL,VALID
final_control_171,1e-05,0.001,B1,PASS,FAIL,VALID
final_control_171,1e-05,0.001,B2,FAIL,FAIL,VALID
final_control_171,1e-05,0.001,B3,FAIL,FAIL,VALID
final_control_171,1e-05,0.001,B4_normal,FAIL,FAIL,VALID
final_control_171,0.0001,0.01,B5,FAIL,FAIL,VALID
final_control_171,0.0001,0.01,B4,FAIL,FAIL,VALID
final_control_171,0.0001,0.01,A_no_geometry,FAIL,FAIL,VALID
final_control_171,0.0001,0.01,A_no_torque,FAIL,FAIL,VALID
final_control_171,0.0001,0.01,A_binary_unknown_fail,FAIL,FAIL,VALID
final_control_171,0.0001,0.01,A_accumulated,FAIL,FAIL,VALID
final_control_171,0.0001,0.01,A_net_aggregation,FAIL,FAIL,VALID
final_control_171,0.0001,0.01,B0,PASS,FAIL,VALID
final_control_171,0.0001,0.01,B1,PASS,FAIL,VALID
final_control_171,0.0001,0.01,B2,FAIL,FAIL,VALID
final_control_171,0.0001,0.01,B3,FAIL,FAIL,VALID
final_control_171,0.0001,0.01,B4_normal,FAIL,FAIL,VALID
final_control_171,0.001,0.1,B5,FAIL,FAIL,VALID
final_control_171,0.001,0.1,B4,FAIL,FAIL,VALID
final_control_171,0.001,0.1,A_no_geometry,FAIL,FAIL,VALID
final_control_171,0.001,0.1,A_no_torque,FAIL,FAIL,VALID
final_control_171,0.001,0.1,A_binary_unknown_fail,FAIL,FAIL,VALID
final_control_171,0.001,0.1,A_accumulated,FAIL,FAIL,VALID
final_control_171,0.001,0.1,A_net_aggregation,FAIL,FAIL,VALID
final_control_171,0.001,0.1,B0,PASS,FAIL,VALID
final_control_171,0.001,0.1,B1,PASS,FAIL,VALID
final_control_171,0.001,0.1,B2,FAIL,FAIL,VALID
final_control_171,0.001,0.1,B3,FAIL,FAIL,VALID
final_control_171,0.001,0.1,B4_normal,FAIL,FAIL,VALID
final_control_171,0.01,1.0,B5,FAIL,FAIL,VALID
final_control_171,0.01,1.0,B4,FAIL,FAIL,VALID
final_control_171,0.01,1.0,A_no_geometry,FAIL,FAIL,VALID
final_control_171,0.01,1.0,A_no_torque,FAIL,FAIL,VALID
final_control_171,0.01,1.0,A_binary_unknown_fail,FAIL,FAIL,VALID
final_control_171,0.01,1.0,A_accumulated,FAIL,FAIL,VALID
final_control_171,0.01,1.0,A_net_aggregation,FAIL,FAIL,VALID
final_control_171,0.01,1.0,B0,PASS,FAIL,VALID
final_control_171,0.01,1.0,B1,PASS,FAIL,VALID
final_control_171,0.01,1.0,B2,FAIL,FAIL,VALID
final_control_171,0.01,1.0,B3,FAIL,FAIL,VALID
final_control_171,0.01,1.0,B4_normal,FAIL,FAIL,VALID
final_control_172,1e-06,0.0001,B5,FAIL,FAIL,VALID
final_control_172,1e-06,0.0001,B4,FAIL,FAIL,VALID
final_control_172,1e-06,0.0001,A_no_geometry,FAIL,FAIL,VALID
final_control_172,1e-06,0.0001,A_no_torque,FAIL,FAIL,VALID
final_control_172,1e-06,0.0001,A_binary_unknown_fail,FAIL,FAIL,VALID
final_control_172,1e-06,0.0001,A_accumulated,FAIL,FAIL,VALID
final_control_172,1e-06,0.0001,A_net_aggregation,FAIL,FAIL,VALID
final_control_172,1e-06,0.0001,B0,PASS,FAIL,VALID
final_control_172,1e-06,0.0001,B1,PASS,FAIL,VALID
final_control_172,1e-06,0.0001,B2,FAIL,FAIL,VALID
final_control_172,1e-06,0.0001,B3,FAIL,FAIL,VALID
final_control_172,1e-06,0.0001,B4_normal,FAIL,FAIL,VALID
final_control_172,1e-05,0.001,B5,FAIL,FAIL,VALID
final_control_172,1e-05,0.001,B4,FAIL,FAIL,VALID
final_control_172,1e-05,0.001,A_no_geometry,FAIL,FAIL,VALID
final_control_172,1e-05,0.001,A_no_torque,FAIL,FAIL,VALID
final_control_172,1e-05,0.001,A_binary_unknown_fail,FAIL,FAIL,VALID
final_control_172,1e-05,0.001,A_accumulated,FAIL,FAIL,VALID
final_control_172,1e-05,0.001,A_net_aggregation,FAIL,FAIL,VALID
final_control_172,1e-05,0.001,B0,PASS,FAIL,VALID
final_control_172,1e-05,0.001,B1,PASS,FAIL,VALID
final_control_172,1e-05,0.001,B2,FAIL,FAIL,VALID
final_control_172,1e-05,0.001,B3,FAIL,FAIL,VALID
final_control_172,1e-05,0.001,B4_normal,FAIL,FAIL,VALID
final_control_172,0.0001,0.01,B5,FAIL,FAIL,VALID
final_control_172,0.0001,0.01,B4,FAIL,FAIL,VALID
final_control_172,0.0001,0.01,A_no_geometry,FAIL,FAIL,VALID
final_control_172,0.0001,0.01,A_no_torque,FAIL,FAIL,VALID
final_control_172,0.0001,0.01,A_binary_unknown_fail,FAIL,FAIL,VALID
final_control_172,0.0001,0.01,A_accumulated,FAIL,FAIL,VALID
final_control_172,0.0001,0.01,A_net_aggregation,FAIL,FAIL,VALID
final_control_172,0.0001,0.01,B0,PASS,FAIL,VALID
final_control_172,0.0001,0.01,B1,PASS,FAIL,VALID
final_control_172,0.0001,0.01,B2,FAIL,FAIL,VALID
final_control_172,0.0001,0.01,B3,FAIL,FAIL,VALID
final_control_172,0.0001,0.01,B4_normal,FAIL,FAIL,VALID
final_control_172,0.001,0.1,B5,FAIL,FAIL,VALID
final_control_172,0.001,0.1,B4,FAIL,FAIL,VALID
final_control_172,0.001,0.1,A_no_geometry,FAIL,FAIL,VALID
final_control_172,0.001,0.1,A_no_torque,FAIL,FAIL,VALID
final_control_172,0.001,0.1,A_binary_unknown_fail,FAIL,FAIL,VALID
final_control_172,0.001,0.1,A_accumulated,FAIL,FAIL,VALID
final_control_172,0.001,0.1,A_net_aggregation,FAIL,FAIL,VALID
final_control_172,0.001,0.1,B0,PASS,FAIL,VALID
final_control_172,0.001,0.1,B1,PASS,FAIL,VALID
final_control_172,0.001,0.1,B2,FAIL,FAIL,VALID
final_control_172,0.001,0.1,B3,FAIL,FAIL,VALID
final_control_172,0.001,0.1,B4_normal,FAIL,FAIL,VALID
final_control_172,0.01,1.0,B5,FAIL,FAIL,VALID
final_control_172,0.01,1.0,B4,FAIL,FAIL,VALID
final_control_172,0.01,1.0,A_no_geometry,FAIL,FAIL,VALID
final_control_172,0.01,1.0,A_no_torque,FAIL,FAIL,VALID
final_control_172,0.01,1.0,A_binary_unknown_fail,FAIL,FAIL,VALID
final_control_172,0.01,1.0,A_accumulated,FAIL,FAIL,VALID
final_control_172,0.01,1.0,A_net_aggregation,INDETERMINATE,FAIL,VALID
final_control_172,0.01,1.0,B0,PASS,FAIL,VALID
final_control_172,0.01,1.0,B1,PASS,FAIL,VALID
final_control_172,0.01,1.0,B2,FAIL,FAIL,VALID
final_control_172,0.01,1.0,B3,FAIL,FAIL,VALID
final_control_172,0.01,1.0,B4_normal,FAIL,FAIL,VALID
final_control_173,1e-06,0.0001,B5,FAIL,FAIL,VALID
final_control_173,1e-06,0.0001,B4,FAIL,FAIL,VALID
final_control_173,1e-06,0.0001,A_no_geometry,FAIL,FAIL,VALID
final_control_173,1e-06,0.0001,A_no_torque,FAIL,FAIL,VALID
final_control_173,1e-06,0.0001,A_binary_unknown_fail,FAIL,FAIL,VALID
final_control_173,1e-06,0.0001,A_accumulated,PASS,FAIL,VALID
final_control_173,1e-06,0.0001,A_net_aggregation,FAIL,FAIL,VALID
final_control_173,1e-06,0.0001,B0,PASS,FAIL,VALID
final_control_173,1e-06,0.0001,B1,FAIL,FAIL,VALID
final_control_173,1e-06,0.0001,B2,FAIL,FAIL,VALID
final_control_173,1e-06,0.0001,B3,FAIL,FAIL,VALID
final_control_173,1e-06,0.0001,B4_normal,FAIL,FAIL,VALID
final_control_173,1e-05,0.001,B5,FAIL,FAIL,VALID
final_control_173,1e-05,0.001,B4,FAIL,FAIL,VALID
final_control_173,1e-05,0.001,A_no_geometry,FAIL,FAIL,VALID
final_control_173,1e-05,0.001,A_no_torque,FAIL,FAIL,VALID
final_control_173,1e-05,0.001,A_binary_unknown_fail,FAIL,FAIL,VALID
final_control_173,1e-05,0.001,A_accumulated,PASS,FAIL,VALID
final_control_173,1e-05,0.001,A_net_aggregation,FAIL,FAIL,VALID
final_control_173,1e-05,0.001,B0,PASS,FAIL,VALID
final_control_173,1e-05,0.001,B1,FAIL,FAIL,VALID
final_control_173,1e-05,0.001,B2,FAIL,FAIL,VALID
final_control_173,1e-05,0.001,B3,FAIL,FAIL,VALID
final_control_173,1e-05,0.001,B4_normal,FAIL,FAIL,VALID
final_control_173,0.0001,0.01,B5,FAIL,FAIL,VALID
final_control_173,0.0001,0.01,B4,FAIL,FAIL,VALID
final_control_173,0.0001,0.01,A_no_geometry,FAIL,FAIL,VALID
final_control_173,0.0001,0.01,A_no_torque,FAIL,FAIL,VALID
final_control_173,0.0001,0.01,A_binary_unknown_fail,FAIL,FAIL,VALID
final_control_173,0.0001,0.01,A_accumulated,PASS,FAIL,VALID
final_control_173,0.0001,0.01,A_net_aggregation,FAIL,FAIL,VALID
final_control_173,0.0001,0.01,B0,PASS,FAIL,VALID
final_control_173,0.0001,0.01,B1,FAIL,FAIL,VALID
final_control_173,0.0001,0.01,B2,FAIL,FAIL,VALID
final_control_173,0.0001,0.01,B3,FAIL,FAIL,VALID
final_control_173,0.0001,0.01,B4_normal,FAIL,FAIL,VALID
final_control_173,0.001,0.1,B5,FAIL,FAIL,VALID
final_control_173,0.001,0.1,B4,FAIL,FAIL,VALID
final_control_173,0.001,0.1,A_no_geometry,FAIL,FAIL,VALID
final_control_173,0.001,0.1,A_no_torque,FAIL,FAIL,VALID
final_control_173,0.001,0.1,A_binary_unknown_fail,FAIL,FAIL,VALID
final_control_173,0.001,0.1,A_accumulated,PASS,FAIL,VALID
final_control_173,0.001,0.1,A_net_aggregation,FAIL,FAIL,VALID
final_control_173,0.001,0.1,B0,PASS,FAIL,VALID
final_control_173,0.001,0.1,B1,FAIL,FAIL,VALID
final_control_173,0.001,0.1,B2,FAIL,FAIL,VALID
final_control_173,0.001,0.1,B3,FAIL,FAIL,VALID
final_control_173,0.001,0.1,B4_normal,FAIL,FAIL,VALID
final_control_173,0.01,1.0,B5,FAIL,FAIL,VALID
final_control_173,0.01,1.0,B4,FAIL,FAIL,VALID
final_control_173,0.01,1.0,A_no_geometry,FAIL,FAIL,VALID
final_control_173,0.01,1.0,A_no_torque,FAIL,FAIL,VALID
final_control_173,0.01,1.0,A_binary_unknown_fail,FAIL,FAIL,VALID
final_control_173,0.01,1.0,A_accumulated,PASS,FAIL,VALID
final_control_173,0.01,1.0,A_net_aggregation,FAIL,FAIL,VALID
final_control_173,0.01,1.0,B0,PASS,FAIL,VALID
final_control_173,0.01,1.0,B1,FAIL,FAIL,VALID
final_control_173,0.01,1.0,B2,FAIL,FAIL,VALID
final_control_173,0.01,1.0,B3,FAIL,FAIL,VALID
final_control_173,0.01,1.0,B4_normal,FAIL,FAIL,VALID
final_control_174,1e-06,0.0001,B5,FAIL,FAIL,VALID
final_control_174,1e-06,0.0001,B4,FAIL,FAIL,VALID
final_control_174,1e-06,0.0001,A_no_geometry,FAIL,FAIL,VALID
final_control_174,1e-06,0.0001,A_no_torque,FAIL,FAIL,VALID
final_control_174,1e-06,0.0001,A_binary_unknown_fail,FAIL,FAIL,VALID
final_control_174,1e-06,0.0001,A_accumulated,FAIL,FAIL,VALID
final_control_174,1e-06,0.0001,A_net_aggregation,FAIL,FAIL,VALID
final_control_174,1e-06,0.0001,B0,FAIL,FAIL,VALID
final_control_174,1e-06,0.0001,B1,FAIL,FAIL,VALID
final_control_174,1e-06,0.0001,B2,FAIL,FAIL,VALID
final_control_174,1e-06,0.0001,B3,FAIL,FAIL,VALID
final_control_174,1e-06,0.0001,B4_normal,FAIL,FAIL,VALID
final_control_174,1e-05,0.001,B5,FAIL,FAIL,VALID
final_control_174,1e-05,0.001,B4,FAIL,FAIL,VALID
final_control_174,1e-05,0.001,A_no_geometry,FAIL,FAIL,VALID
final_control_174,1e-05,0.001,A_no_torque,FAIL,FAIL,VALID
final_control_174,1e-05,0.001,A_binary_unknown_fail,FAIL,FAIL,VALID
final_control_174,1e-05,0.001,A_accumulated,FAIL,FAIL,VALID
final_control_174,1e-05,0.001,A_net_aggregation,FAIL,FAIL,VALID
final_control_174,1e-05,0.001,B0,FAIL,FAIL,VALID
final_control_174,1e-05,0.001,B1,FAIL,FAIL,VALID
final_control_174,1e-05,0.001,B2,FAIL,FAIL,VALID
final_control_174,1e-05,0.001,B3,FAIL,FAIL,VALID
final_control_174,1e-05,0.001,B4_normal,FAIL,FAIL,VALID
final_control_174,0.0001,0.01,B5,FAIL,FAIL,VALID
final_control_174,0.0001,0.01,B4,FAIL,FAIL,VALID
final_control_174,0.0001,0.01,A_no_geometry,FAIL,FAIL,VALID
final_control_174,0.0001,0.01,A_no_torque,FAIL,FAIL,VALID
final_control_174,0.0001,0.01,A_binary_unknown_fail,FAIL,FAIL,VALID
final_control_174,0.0001,0.01,A_accumulated,FAIL,FAIL,VALID
final_control_174,0.0001,0.01,A_net_aggregation,FAIL,FAIL,VALID
final_control_174,0.0001,0.01,B0,FAIL,FAIL,VALID
final_control_174,0.0001,0.01,B1,FAIL,FAIL,VALID
final_control_174,0.0001,0.01,B2,FAIL,FAIL,VALID
final_control_174,0.0001,0.01,B3,FAIL,FAIL,VALID
final_control_174,0.0001,0.01,B4_normal,FAIL,FAIL,VALID
final_control_174,0.001,0.1,B5,FAIL,FAIL,VALID
final_control_174,0.001,0.1,B4,FAIL,FAIL,VALID
final_control_174,0.001,0.1,A_no_geometry,FAIL,FAIL,VALID
final_control_174,0.001,0.1,A_no_torque,FAIL,FAIL,VALID
final_control_174,0.001,0.1,A_binary_unknown_fail,FAIL,FAIL,VALID
final_control_174,0.001,0.1,A_accumulated,FAIL,FAIL,VALID
final_control_174,0.001,0.1,A_net_aggregation,FAIL,FAIL,VALID
final_control_174,0.001,0.1,B0,FAIL,FAIL,VALID
final_control_174,0.001,0.1,B1,FAIL,FAIL,VALID
final_control_174,0.001,0.1,B2,FAIL,FAIL,VALID
final_control_174,0.001,0.1,B3,FAIL,FAIL,VALID
final_control_174,0.001,0.1,B4_normal,FAIL,FAIL,VALID
final_control_174,0.01,1.0,B5,FAIL,FAIL,VALID
final_control_174,0.01,1.0,B4,FAIL,FAIL,VALID
final_control_174,0.01,1.0,A_no_geometry,FAIL,FAIL,VALID
final_control_174,0.01,1.0,A_no_torque,FAIL,FAIL,VALID
final_control_174,0.01,1.0,A_binary_unknown_fail,FAIL,FAIL,VALID
final_control_174,0.01,1.0,A_accumulated,FAIL,FAIL,VALID
final_control_174,0.01,1.0,A_net_aggregation,FAIL,FAIL,VALID
final_control_174,0.01,1.0,B0,FAIL,FAIL,VALID
final_control_174,0.01,1.0,B1,FAIL,FAIL,VALID
final_control_174,0.01,1.0,B2,FAIL,FAIL,VALID
final_control_174,0.01,1.0,B3,FAIL,FAIL,VALID
final_control_174,0.01,1.0,B4_normal,FAIL,FAIL,VALID
final_control_175,1e-06,0.0001,B5,PASS,PASS,VALID
final_control_175,1e-06,0.0001,B4,PASS,PASS,VALID
final_control_175,1e-06,0.0001,A_no_geometry,PASS,PASS,VALID
final_control_175,1e-06,0.0001,A_no_torque,PASS,PASS,VALID
final_control_175,1e-06,0.0001,A_binary_unknown_fail,PASS,PASS,VALID
final_control_175,1e-06,0.0001,A_accumulated,PASS,PASS,VALID
final_control_175,1e-06,0.0001,A_net_aggregation,PASS,PASS,VALID
final_control_175,1e-06,0.0001,B0,PASS,PASS,VALID
final_control_175,1e-06,0.0001,B1,PASS,PASS,VALID
final_control_175,1e-06,0.0001,B2,FAIL,PASS,VALID
final_control_175,1e-06,0.0001,B3,PASS,PASS,VALID
final_control_175,1e-06,0.0001,B4_normal,PASS,PASS,VALID
final_control_175,1e-05,0.001,B5,PASS,PASS,VALID
final_control_175,1e-05,0.001,B4,PASS,PASS,VALID
final_control_175,1e-05,0.001,A_no_geometry,PASS,PASS,VALID
final_control_175,1e-05,0.001,A_no_torque,PASS,PASS,VALID
final_control_175,1e-05,0.001,A_binary_unknown_fail,PASS,PASS,VALID
final_control_175,1e-05,0.001,A_accumulated,PASS,PASS,VALID
final_control_175,1e-05,0.001,A_net_aggregation,PASS,PASS,VALID
final_control_175,1e-05,0.001,B0,PASS,PASS,VALID
final_control_175,1e-05,0.001,B1,PASS,PASS,VALID
final_control_175,1e-05,0.001,B2,FAIL,PASS,VALID
final_control_175,1e-05,0.001,B3,PASS,PASS,VALID
final_control_175,1e-05,0.001,B4_normal,PASS,PASS,VALID
final_control_175,0.0001,0.01,B5,PASS,PASS,VALID
final_control_175,0.0001,0.01,B4,PASS,PASS,VALID
final_control_175,0.0001,0.01,A_no_geometry,PASS,PASS,VALID
final_control_175,0.0001,0.01,A_no_torque,PASS,PASS,VALID
final_control_175,0.0001,0.01,A_binary_unknown_fail,PASS,PASS,VALID
final_control_175,0.0001,0.01,A_accumulated,PASS,PASS,VALID
final_control_175,0.0001,0.01,A_net_aggregation,PASS,PASS,VALID
final_control_175,0.0001,0.01,B0,PASS,PASS,VALID
final_control_175,0.0001,0.01,B1,PASS,PASS,VALID
final_control_175,0.0001,0.01,B2,FAIL,PASS,VALID
final_control_175,0.0001,0.01,B3,PASS,PASS,VALID
final_control_175,0.0001,0.01,B4_normal,PASS,PASS,VALID
final_control_175,0.001,0.1,B5,PASS,PASS,VALID
final_control_175,0.001,0.1,B4,PASS,PASS,VALID
final_control_175,0.001,0.1,A_no_geometry,PASS,PASS,VALID
final_control_175,0.001,0.1,A_no_torque,PASS,PASS,VALID
final_control_175,0.001,0.1,A_binary_unknown_fail,PASS,PASS,VALID
final_control_175,0.001,0.1,A_accumulated,PASS,PASS,VALID
final_control_175,0.001,0.1,A_net_aggregation,PASS,PASS,VALID
final_control_175,0.001,0.1,B0,PASS,PASS,VALID
final_control_175,0.001,0.1,B1,PASS,PASS,VALID
final_control_175,0.001,0.1,B2,FAIL,PASS,VALID
final_control_175,0.001,0.1,B3,PASS,PASS,VALID
final_control_175,0.001,0.1,B4_normal,PASS,PASS,VALID
final_control_175,0.01,1.0,B5,PASS,PASS,VALID
final_control_175,0.01,1.0,B4,PASS,PASS,VALID
final_control_175,0.01,1.0,A_no_geometry,PASS,PASS,VALID
final_control_175,0.01,1.0,A_no_torque,PASS,PASS,VALID
final_control_175,0.01,1.0,A_binary_unknown_fail,PASS,PASS,VALID
final_control_175,0.01,1.0,A_accumulated,PASS,PASS,VALID
final_control_175,0.01,1.0,A_net_aggregation,PASS,PASS,VALID
final_control_175,0.01,1.0,B0,PASS,PASS,VALID
final_control_175,0.01,1.0,B1,PASS,PASS,VALID
final_control_175,0.01,1.0,B2,FAIL,PASS,VALID
final_control_175,0.01,1.0,B3,PASS,PASS,VALID
final_control_175,0.01,1.0,B4_normal,PASS,PASS,VALID
final_control_176,1e-06,0.0001,B5,FAIL,FAIL,VALID
final_control_176,1e-06,0.0001,B4,FAIL,FAIL,VALID
final_control_176,1e-06,0.0001,A_no_geometry,FAIL,FAIL,VALID
final_control_176,1e-06,0.0001,A_no_torque,FAIL,FAIL,VALID
final_control_176,1e-06,0.0001,A_binary_unknown_fail,FAIL,FAIL,VALID
final_control_176,1e-06,0.0001,A_accumulated,FAIL,FAIL,VALID
final_control_176,1e-06,0.0001,A_net_aggregation,FAIL,FAIL,VALID
final_control_176,1e-06,0.0001,B0,FAIL,FAIL,VALID
final_control_176,1e-06,0.0001,B1,FAIL,FAIL,VALID
final_control_176,1e-06,0.0001,B2,FAIL,FAIL,VALID
final_control_176,1e-06,0.0001,B3,FAIL,FAIL,VALID
final_control_176,1e-06,0.0001,B4_normal,FAIL,FAIL,VALID
final_control_176,1e-05,0.001,B5,FAIL,FAIL,VALID
final_control_176,1e-05,0.001,B4,FAIL,FAIL,VALID
final_control_176,1e-05,0.001,A_no_geometry,FAIL,FAIL,VALID
final_control_176,1e-05,0.001,A_no_torque,FAIL,FAIL,VALID
final_control_176,1e-05,0.001,A_binary_unknown_fail,FAIL,FAIL,VALID
final_control_176,1e-05,0.001,A_accumulated,FAIL,FAIL,VALID
final_control_176,1e-05,0.001,A_net_aggregation,FAIL,FAIL,VALID
final_control_176,1e-05,0.001,B0,FAIL,FAIL,VALID
final_control_176,1e-05,0.001,B1,FAIL,FAIL,VALID
final_control_176,1e-05,0.001,B2,FAIL,FAIL,VALID
final_control_176,1e-05,0.001,B3,FAIL,FAIL,VALID
final_control_176,1e-05,0.001,B4_normal,FAIL,FAIL,VALID
final_control_176,0.0001,0.01,B5,FAIL,FAIL,VALID
final_control_176,0.0001,0.01,B4,FAIL,FAIL,VALID
final_control_176,0.0001,0.01,A_no_geometry,FAIL,FAIL,VALID
final_control_176,0.0001,0.01,A_no_torque,FAIL,FAIL,VALID
final_control_176,0.0001,0.01,A_binary_unknown_fail,FAIL,FAIL,VALID
final_control_176,0.0001,0.01,A_accumulated,FAIL,FAIL,VALID
final_control_176,0.0001,0.01,A_net_aggregation,FAIL,FAIL,VALID
final_control_176,0.0001,0.01,B0,FAIL,FAIL,VALID
final_control_176,0.0001,0.01,B1,FAIL,FAIL,VALID
final_control_176,0.0001,0.01,B2,FAIL,FAIL,VALID
final_control_176,0.0001,0.01,B3,FAIL,FAIL,VALID
final_control_176,0.0001,0.01,B4_normal,FAIL,FAIL,VALID
final_control_176,0.001,0.1,B5,FAIL,FAIL,VALID
final_control_176,0.001,0.1,B4,FAIL,FAIL,VALID
final_control_176,0.001,0.1,A_no_geometry,FAIL,FAIL,VALID
final_control_176,0.001,0.1,A_no_torque,FAIL,FAIL,VALID
final_control_176,0.001,0.1,A_binary_unknown_fail,FAIL,FAIL,VALID
final_control_176,0.001,0.1,A_accumulated,FAIL,FAIL,VALID
final_control_176,0.001,0.1,A_net_aggregation,FAIL,FAIL,VALID
final_control_176,0.001,0.1,B0,FAIL,FAIL,VALID
final_control_176,0.001,0.1,B1,FAIL,FAIL,VALID
final_control_176,0.001,0.1,B2,FAIL,FAIL,VALID
final_control_176,0.001,0.1,B3,FAIL,FAIL,VALID
final_control_176,0.001,0.1,B4_normal,FAIL,FAIL,VALID
final_control_176,0.01,1.0,B5,FAIL,FAIL,VALID
final_control_176,0.01,1.0,B4,FAIL,FAIL,VALID
final_control_176,0.01,1.0,A_no_geometry,FAIL,FAIL,VALID
final_control_176,0.01,1.0,A_no_torque,FAIL,FAIL,VALID
final_control_176,0.01,1.0,A_binary_unknown_fail,FAIL,FAIL,VALID
final_control_176,0.01,1.0,A_accumulated,FAIL,FAIL,VALID
final_control_176,0.01,1.0,A_net_aggregation,FAIL,FAIL,VALID
final_control_176,0.01,1.0,B0,FAIL,FAIL,VALID
final_control_176,0.01,1.0,B1,FAIL,FAIL,VALID
final_control_176,0.01,1.0,B2,FAIL,FAIL,VALID
final_control_176,0.01,1.0,B3,FAIL,FAIL,VALID
final_control_176,0.01,1.0,B4_normal,FAIL,FAIL,VALID
final_control_177,1e-06,0.0001,B5,PASS,PASS,VALID
final_control_177,1e-06,0.0001,B4,PASS,PASS,VALID
final_control_177,1e-06,0.0001,A_no_geometry,PASS,PASS,VALID
final_control_177,1e-06,0.0001,A_no_torque,PASS,PASS,VALID
final_control_177,1e-06,0.0001,A_binary_unknown_fail,PASS,PASS,VALID
final_control_177,1e-06,0.0001,A_accumulated,PASS,PASS,VALID
final_control_177,1e-06,0.0001,A_net_aggregation,PASS,PASS,VALID
final_control_177,1e-06,0.0001,B0,PASS,PASS,VALID
final_control_177,1e-06,0.0001,B1,PASS,PASS,VALID
final_control_177,1e-06,0.0001,B2,FAIL,PASS,VALID
final_control_177,1e-06,0.0001,B3,PASS,PASS,VALID
final_control_177,1e-06,0.0001,B4_normal,PASS,PASS,VALID
final_control_177,1e-05,0.001,B5,PASS,PASS,VALID
final_control_177,1e-05,0.001,B4,PASS,PASS,VALID
final_control_177,1e-05,0.001,A_no_geometry,PASS,PASS,VALID
final_control_177,1e-05,0.001,A_no_torque,PASS,PASS,VALID
final_control_177,1e-05,0.001,A_binary_unknown_fail,PASS,PASS,VALID
final_control_177,1e-05,0.001,A_accumulated,PASS,PASS,VALID
final_control_177,1e-05,0.001,A_net_aggregation,PASS,PASS,VALID
final_control_177,1e-05,0.001,B0,PASS,PASS,VALID
final_control_177,1e-05,0.001,B1,PASS,PASS,VALID
final_control_177,1e-05,0.001,B2,FAIL,PASS,VALID
final_control_177,1e-05,0.001,B3,PASS,PASS,VALID
final_control_177,1e-05,0.001,B4_normal,PASS,PASS,VALID
final_control_177,0.0001,0.01,B5,PASS,PASS,VALID
final_control_177,0.0001,0.01,B4,PASS,PASS,VALID
final_control_177,0.0001,0.01,A_no_geometry,PASS,PASS,VALID
final_control_177,0.0001,0.01,A_no_torque,PASS,PASS,VALID
final_control_177,0.0001,0.01,A_binary_unknown_fail,PASS,PASS,VALID
final_control_177,0.0001,0.01,A_accumulated,PASS,PASS,VALID
final_control_177,0.0001,0.01,A_net_aggregation,PASS,PASS,VALID
final_control_177,0.0001,0.01,B0,PASS,PASS,VALID
final_control_177,0.0001,0.01,B1,PASS,PASS,VALID
final_control_177,0.0001,0.01,B2,FAIL,PASS,VALID
final_control_177,0.0001,0.01,B3,PASS,PASS,VALID
final_control_177,0.0001,0.01,B4_normal,PASS,PASS,VALID
final_control_177,0.001,0.1,B5,PASS,PASS,VALID
final_control_177,0.001,0.1,B4,PASS,PASS,VALID
final_control_177,0.001,0.1,A_no_geometry,PASS,PASS,VALID
final_control_177,0.001,0.1,A_no_torque,PASS,PASS,VALID
final_control_177,0.001,0.1,A_binary_unknown_fail,PASS,PASS,VALID
final_control_177,0.001,0.1,A_accumulated,PASS,PASS,VALID
final_control_177,0.001,0.1,A_net_aggregation,PASS,PASS,VALID
final_control_177,0.001,0.1,B0,PASS,PASS,VALID
final_control_177,0.001,0.1,B1,PASS,PASS,VALID
final_control_177,0.001,0.1,B2,FAIL,PASS,VALID
final_control_177,0.001,0.1,B3,PASS,PASS,VALID
final_control_177,0.001,0.1,B4_normal,PASS,PASS,VALID
final_control_177,0.01,1.0,B5,PASS,PASS,VALID
final_control_177,0.01,1.0,B4,PASS,PASS,VALID
final_control_177,0.01,1.0,A_no_geometry,PASS,PASS,VALID
final_control_177,0.01,1.0,A_no_torque,PASS,PASS,VALID
final_control_177,0.01,1.0,A_binary_unknown_fail,PASS,PASS,VALID
final_control_177,0.01,1.0,A_accumulated,PASS,PASS,VALID
final_control_177,0.01,1.0,A_net_aggregation,PASS,PASS,VALID
final_control_177,0.01,1.0,B0,PASS,PASS,VALID
final_control_177,0.01,1.0,B1,PASS,PASS,VALID
final_control_177,0.01,1.0,B2,FAIL,PASS,VALID
final_control_177,0.01,1.0,B3,PASS,PASS,VALID
final_control_177,0.01,1.0,B4_normal,PASS,PASS,VALID
final_control_178,1e-06,0.0001,B5,FAIL,FAIL,VALID
final_control_178,1e-06,0.0001,B4,FAIL,FAIL,VALID
final_control_178,1e-06,0.0001,A_no_geometry,FAIL,FAIL,VALID
final_control_178,1e-06,0.0001,A_no_torque,FAIL,FAIL,VALID
final_control_178,1e-06,0.0001,A_binary_unknown_fail,FAIL,FAIL,VALID
final_control_178,1e-06,0.0001,A_accumulated,FAIL,FAIL,VALID
final_control_178,1e-06,0.0001,A_net_aggregation,FAIL,FAIL,VALID
final_control_178,1e-06,0.0001,B0,PASS,FAIL,VALID
final_control_178,1e-06,0.0001,B1,PASS,FAIL,VALID
final_control_178,1e-06,0.0001,B2,FAIL,FAIL,VALID
final_control_178,1e-06,0.0001,B3,FAIL,FAIL,VALID
final_control_178,1e-06,0.0001,B4_normal,FAIL,FAIL,VALID
final_control_178,1e-05,0.001,B5,FAIL,FAIL,VALID
final_control_178,1e-05,0.001,B4,FAIL,FAIL,VALID
final_control_178,1e-05,0.001,A_no_geometry,FAIL,FAIL,VALID
final_control_178,1e-05,0.001,A_no_torque,FAIL,FAIL,VALID
final_control_178,1e-05,0.001,A_binary_unknown_fail,FAIL,FAIL,VALID
final_control_178,1e-05,0.001,A_accumulated,FAIL,FAIL,VALID
final_control_178,1e-05,0.001,A_net_aggregation,FAIL,FAIL,VALID
final_control_178,1e-05,0.001,B0,PASS,FAIL,VALID
final_control_178,1e-05,0.001,B1,PASS,FAIL,VALID
final_control_178,1e-05,0.001,B2,FAIL,FAIL,VALID
final_control_178,1e-05,0.001,B3,FAIL,FAIL,VALID
final_control_178,1e-05,0.001,B4_normal,FAIL,FAIL,VALID
final_control_178,0.0001,0.01,B5,FAIL,FAIL,VALID
final_control_178,0.0001,0.01,B4,FAIL,FAIL,VALID
final_control_178,0.0001,0.01,A_no_geometry,FAIL,FAIL,VALID
final_control_178,0.0001,0.01,A_no_torque,FAIL,FAIL,VALID
final_control_178,0.0001,0.01,A_binary_unknown_fail,FAIL,FAIL,VALID
final_control_178,0.0001,0.01,A_accumulated,FAIL,FAIL,VALID
final_control_178,0.0001,0.01,A_net_aggregation,FAIL,FAIL,VALID
final_control_178,0.0001,0.01,B0,PASS,FAIL,VALID
final_control_178,0.0001,0.01,B1,PASS,FAIL,VALID
final_control_178,0.0001,0.01,B2,FAIL,FAIL,VALID
final_control_178,0.0001,0.01,B3,FAIL,FAIL,VALID
final_control_178,0.0001,0.01,B4_normal,FAIL,FAIL,VALID
final_control_178,0.001,0.1,B5,FAIL,FAIL,VALID
final_control_178,0.001,0.1,B4,FAIL,FAIL,VALID
final_control_178,0.001,0.1,A_no_geometry,FAIL,FAIL,VALID
final_control_178,0.001,0.1,A_no_torque,FAIL,FAIL,VALID
final_control_178,0.001,0.1,A_binary_unknown_fail,FAIL,FAIL,VALID
final_control_178,0.001,0.1,A_accumulated,FAIL,FAIL,VALID
final_control_178,0.001,0.1,A_net_aggregation,FAIL,FAIL,VALID
final_control_178,0.001,0.1,B0,PASS,FAIL,VALID
final_control_178,0.001,0.1,B1,PASS,FAIL,VALID
final_control_178,0.001,0.1,B2,FAIL,FAIL,VALID
final_control_178,0.001,0.1,B3,FAIL,FAIL,VALID
final_control_178,0.001,0.1,B4_normal,FAIL,FAIL,VALID
final_control_178,0.01,1.0,B5,FAIL,FAIL,VALID
final_control_178,0.01,1.0,B4,FAIL,FAIL,VALID
final_control_178,0.01,1.0,A_no_geometry,FAIL,FAIL,VALID
final_control_178,0.01,1.0,A_no_torque,FAIL,FAIL,VALID
final_control_178,0.01,1.0,A_binary_unknown_fail,FAIL,FAIL,VALID
final_control_178,0.01,1.0,A_accumulated,FAIL,FAIL,VALID
final_control_178,0.01,1.0,A_net_aggregation,FAIL,FAIL,VALID
final_control_178,0.01,1.0,B0,PASS,FAIL,VALID
final_control_178,0.01,1.0,B1,PASS,FAIL,VALID
final_control_178,0.01,1.0,B2,FAIL,FAIL,VALID
final_control_178,0.01,1.0,B3,FAIL,FAIL,VALID
final_control_178,0.01,1.0,B4_normal,FAIL,FAIL,VALID
final_control_179,1e-06,0.0001,B5,FAIL,FAIL,VALID
final_control_179,1e-06,0.0001,B4,FAIL,FAIL,VALID
final_control_179,1e-06,0.0001,A_no_geometry,FAIL,FAIL,VALID
final_control_179,1e-06,0.0001,A_no_torque,FAIL,FAIL,VALID
final_control_179,1e-06,0.0001,A_binary_unknown_fail,FAIL,FAIL,VALID
final_control_179,1e-06,0.0001,A_accumulated,FAIL,FAIL,VALID
final_control_179,1e-06,0.0001,A_net_aggregation,FAIL,FAIL,VALID
final_control_179,1e-06,0.0001,B0,PASS,FAIL,VALID
final_control_179,1e-06,0.0001,B1,PASS,FAIL,VALID
final_control_179,1e-06,0.0001,B2,FAIL,FAIL,VALID
final_control_179,1e-06,0.0001,B3,FAIL,FAIL,VALID
final_control_179,1e-06,0.0001,B4_normal,FAIL,FAIL,VALID
final_control_179,1e-05,0.001,B5,FAIL,FAIL,VALID
final_control_179,1e-05,0.001,B4,FAIL,FAIL,VALID
final_control_179,1e-05,0.001,A_no_geometry,FAIL,FAIL,VALID
final_control_179,1e-05,0.001,A_no_torque,FAIL,FAIL,VALID
final_control_179,1e-05,0.001,A_binary_unknown_fail,FAIL,FAIL,VALID
final_control_179,1e-05,0.001,A_accumulated,FAIL,FAIL,VALID
final_control_179,1e-05,0.001,A_net_aggregation,FAIL,FAIL,VALID
final_control_179,1e-05,0.001,B0,PASS,FAIL,VALID
final_control_179,1e-05,0.001,B1,PASS,FAIL,VALID
final_control_179,1e-05,0.001,B2,FAIL,FAIL,VALID
final_control_179,1e-05,0.001,B3,FAIL,FAIL,VALID
final_control_179,1e-05,0.001,B4_normal,FAIL,FAIL,VALID
final_control_179,0.0001,0.01,B5,FAIL,FAIL,VALID
final_control_179,0.0001,0.01,B4,FAIL,FAIL,VALID
final_control_179,0.0001,0.01,A_no_geometry,FAIL,FAIL,VALID
final_control_179,0.0001,0.01,A_no_torque,FAIL,FAIL,VALID
final_control_179,0.0001,0.01,A_binary_unknown_fail,FAIL,FAIL,VALID
final_control_179,0.0001,0.01,A_accumulated,FAIL,FAIL,VALID
final_control_179,0.0001,0.01,A_net_aggregation,FAIL,FAIL,VALID
final_control_179,0.0001,0.01,B0,PASS,FAIL,VALID
final_control_179,0.0001,0.01,B1,PASS,FAIL,VALID
final_control_179,0.0001,0.01,B2,FAIL,FAIL,VALID
final_control_179,0.0001,0.01,B3,FAIL,FAIL,VALID
final_control_179,0.0001,0.01,B4_normal,FAIL,FAIL,VALID
final_control_179,0.001,0.1,B5,FAIL,FAIL,VALID
final_control_179,0.001,0.1,B4,FAIL,FAIL,VALID
final_control_179,0.001,0.1,A_no_geometry,FAIL,FAIL,VALID
final_control_179,0.001,0.1,A_no_torque,FAIL,FAIL,VALID
final_control_179,0.001,0.1,A_binary_unknown_fail,FAIL,FAIL,VALID
final_control_179,0.001,0.1,A_accumulated,FAIL,FAIL,VALID
final_control_179,0.001,0.1,A_net_aggregation,FAIL,FAIL,VALID
final_control_179,0.001,0.1,B0,PASS,FAIL,VALID
final_control_179,0.001,0.1,B1,PASS,FAIL,VALID
final_control_179,0.001,0.1,B2,FAIL,FAIL,VALID
final_control_179,0.001,0.1,B3,FAIL,FAIL,VALID
final_control_179,0.001,0.1,B4_normal,FAIL,FAIL,VALID
final_control_179,0.01,1.0,B5,FAIL,FAIL,VALID
final_control_179,0.01,1.0,B4,FAIL,FAIL,VALID
final_control_179,0.01,1.0,A_no_geometry,FAIL,FAIL,VALID
final_control_179,0.01,1.0,A_no_torque,FAIL,FAIL,VALID
final_control_179,0.01,1.0,A_binary_unknown_fail,FAIL,FAIL,VALID
final_control_179,0.01,1.0,A_accumulated,FAIL,FAIL,VALID
final_control_179,0.01,1.0,A_net_aggregation,FAIL,FAIL,VALID
final_control_179,0.01,1.0,B0,PASS,FAIL,VALID
final_control_179,0.01,1.0,B1,PASS,FAIL,VALID
final_control_179,0.01,1.0,B2,FAIL,FAIL,VALID
final_control_179,0.01,1.0,B3,FAIL,FAIL,VALID
final_control_179,0.01,1.0,B4_normal,FAIL,FAIL,VALID
final_control_180,1e-06,0.0001,B5,FAIL,FAIL,VALID
final_control_180,1e-06,0.0001,B4,FAIL,FAIL,VALID
final_control_180,1e-06,0.0001,A_no_geometry,FAIL,FAIL,VALID
final_control_180,1e-06,0.0001,A_no_torque,FAIL,FAIL,VALID
final_control_180,1e-06,0.0001,A_binary_unknown_fail,FAIL,FAIL,VALID
final_control_180,1e-06,0.0001,A_accumulated,FAIL,FAIL,VALID
final_control_180,1e-06,0.0001,A_net_aggregation,FAIL,FAIL,VALID
final_control_180,1e-06,0.0001,B0,PASS,FAIL,VALID
final_control_180,1e-06,0.0001,B1,PASS,FAIL,VALID
final_control_180,1e-06,0.0001,B2,FAIL,FAIL,VALID
final_control_180,1e-06,0.0001,B3,FAIL,FAIL,VALID
final_control_180,1e-06,0.0001,B4_normal,FAIL,FAIL,VALID
final_control_180,1e-05,0.001,B5,FAIL,FAIL,VALID
final_control_180,1e-05,0.001,B4,FAIL,FAIL,VALID
final_control_180,1e-05,0.001,A_no_geometry,FAIL,FAIL,VALID
final_control_180,1e-05,0.001,A_no_torque,FAIL,FAIL,VALID
final_control_180,1e-05,0.001,A_binary_unknown_fail,FAIL,FAIL,VALID
final_control_180,1e-05,0.001,A_accumulated,FAIL,FAIL,VALID
final_control_180,1e-05,0.001,A_net_aggregation,FAIL,FAIL,VALID
final_control_180,1e-05,0.001,B0,PASS,FAIL,VALID
final_control_180,1e-05,0.001,B1,PASS,FAIL,VALID
final_control_180,1e-05,0.001,B2,FAIL,FAIL,VALID
final_control_180,1e-05,0.001,B3,FAIL,FAIL,VALID
final_control_180,1e-05,0.001,B4_normal,FAIL,FAIL,VALID
final_control_180,0.0001,0.01,B5,FAIL,FAIL,VALID
final_control_180,0.0001,0.01,B4,FAIL,FAIL,VALID
final_control_180,0.0001,0.01,A_no_geometry,FAIL,FAIL,VALID
final_control_180,0.0001,0.01,A_no_torque,FAIL,FAIL,VALID
final_control_180,0.0001,0.01,A_binary_unknown_fail,FAIL,FAIL,VALID
final_control_180,0.0001,0.01,A_accumulated,FAIL,FAIL,VALID
final_control_180,0.0001,0.01,A_net_aggregation,FAIL,FAIL,VALID
final_control_180,0.0001,0.01,B0,PASS,FAIL,VALID
final_control_180,0.0001,0.01,B1,PASS,FAIL,VALID
final_control_180,0.0001,0.01,B2,FAIL,FAIL,VALID
final_control_180,0.0001,0.01,B3,FAIL,FAIL,VALID
final_control_180,0.0001,0.01,B4_normal,FAIL,FAIL,VALID
final_control_180,0.001,0.1,B5,FAIL,FAIL,VALID
final_control_180,0.001,0.1,B4,FAIL,FAIL,VALID
final_control_180,0.001,0.1,A_no_geometry,FAIL,FAIL,VALID
final_control_180,0.001,0.1,A_no_torque,FAIL,FAIL,VALID
final_control_180,0.001,0.1,A_binary_unknown_fail,FAIL,FAIL,VALID
final_control_180,0.001,0.1,A_accumulated,FAIL,FAIL,VALID
final_control_180,0.001,0.1,A_net_aggregation,FAIL,FAIL,VALID
final_control_180,0.001,0.1,B0,PASS,FAIL,VALID
final_control_180,0.001,0.1,B1,PASS,FAIL,VALID
final_control_180,0.001,0.1,B2,FAIL,FAIL,VALID
final_control_180,0.001,0.1,B3,FAIL,FAIL,VALID
final_control_180,0.001,0.1,B4_normal,FAIL,FAIL,VALID
final_control_180,0.01,1.0,B5,FAIL,FAIL,VALID
final_control_180,0.01,1.0,B4,FAIL,FAIL,VALID
final_control_180,0.01,1.0,A_no_geometry,FAIL,FAIL,VALID
final_control_180,0.01,1.0,A_no_torque,FAIL,FAIL,VALID
final_control_180,0.01,1.0,A_binary_unknown_fail,FAIL,FAIL,VALID
final_control_180,0.01,1.0,A_accumulated,FAIL,FAIL,VALID
final_control_180,0.01,1.0,A_net_aggregation,INDETERMINATE,FAIL,VALID
final_control_180,0.01,1.0,B0,PASS,FAIL,VALID
final_control_180,0.01,1.0,B1,PASS,FAIL,VALID
final_control_180,0.01,1.0,B2,FAIL,FAIL,VALID
final_control_180,0.01,1.0,B3,FAIL,FAIL,VALID
final_control_180,0.01,1.0,B4_normal,FAIL,FAIL,VALID
final_control_181,1e-06,0.0001,B5,FAIL,FAIL,VALID
final_control_181,1e-06,0.0001,B4,FAIL,FAIL,VALID
final_control_181,1e-06,0.0001,A_no_geometry,FAIL,FAIL,VALID
final_control_181,1e-06,0.0001,A_no_torque,FAIL,FAIL,VALID
final_control_181,1e-06,0.0001,A_binary_unknown_fail,FAIL,FAIL,VALID
final_control_181,1e-06,0.0001,A_accumulated,PASS,FAIL,VALID
final_control_181,1e-06,0.0001,A_net_aggregation,FAIL,FAIL,VALID
final_control_181,1e-06,0.0001,B0,PASS,FAIL,VALID
final_control_181,1e-06,0.0001,B1,FAIL,FAIL,VALID
final_control_181,1e-06,0.0001,B2,FAIL,FAIL,VALID
final_control_181,1e-06,0.0001,B3,FAIL,FAIL,VALID
final_control_181,1e-06,0.0001,B4_normal,FAIL,FAIL,VALID
final_control_181,1e-05,0.001,B5,FAIL,FAIL,VALID
final_control_181,1e-05,0.001,B4,FAIL,FAIL,VALID
final_control_181,1e-05,0.001,A_no_geometry,FAIL,FAIL,VALID
final_control_181,1e-05,0.001,A_no_torque,FAIL,FAIL,VALID
final_control_181,1e-05,0.001,A_binary_unknown_fail,FAIL,FAIL,VALID
final_control_181,1e-05,0.001,A_accumulated,PASS,FAIL,VALID
final_control_181,1e-05,0.001,A_net_aggregation,FAIL,FAIL,VALID
final_control_181,1e-05,0.001,B0,PASS,FAIL,VALID
final_control_181,1e-05,0.001,B1,FAIL,FAIL,VALID
final_control_181,1e-05,0.001,B2,FAIL,FAIL,VALID
final_control_181,1e-05,0.001,B3,FAIL,FAIL,VALID
final_control_181,1e-05,0.001,B4_normal,FAIL,FAIL,VALID
final_control_181,0.0001,0.01,B5,FAIL,FAIL,VALID
final_control_181,0.0001,0.01,B4,FAIL,FAIL,VALID
final_control_181,0.0001,0.01,A_no_geometry,FAIL,FAIL,VALID
final_control_181,0.0001,0.01,A_no_torque,FAIL,FAIL,VALID
final_control_181,0.0001,0.01,A_binary_unknown_fail,FAIL,FAIL,VALID
final_control_181,0.0001,0.01,A_accumulated,PASS,FAIL,VALID
final_control_181,0.0001,0.01,A_net_aggregation,FAIL,FAIL,VALID
final_control_181,0.0001,0.01,B0,PASS,FAIL,VALID
final_control_181,0.0001,0.01,B1,FAIL,FAIL,VALID
final_control_181,0.0001,0.01,B2,FAIL,FAIL,VALID
final_control_181,0.0001,0.01,B3,FAIL,FAIL,VALID
final_control_181,0.0001,0.01,B4_normal,FAIL,FAIL,VALID
final_control_181,0.001,0.1,B5,FAIL,FAIL,VALID
final_control_181,0.001,0.1,B4,FAIL,FAIL,VALID
final_control_181,0.001,0.1,A_no_geometry,FAIL,FAIL,VALID
final_control_181,0.001,0.1,A_no_torque,FAIL,FAIL,VALID
final_control_181,0.001,0.1,A_binary_unknown_fail,FAIL,FAIL,VALID
final_control_181,0.001,0.1,A_accumulated,PASS,FAIL,VALID
final_control_181,0.001,0.1,A_net_aggregation,FAIL,FAIL,VALID
final_control_181,0.001,0.1,B0,PASS,FAIL,VALID
final_control_181,0.001,0.1,B1,FAIL,FAIL,VALID
final_control_181,0.001,0.1,B2,FAIL,FAIL,VALID
final_control_181,0.001,0.1,B3,FAIL,FAIL,VALID
final_control_181,0.001,0.1,B4_normal,FAIL,FAIL,VALID
final_control_181,0.01,1.0,B5,FAIL,FAIL,VALID
final_control_181,0.01,1.0,B4,FAIL,FAIL,VALID
final_control_181,0.01,1.0,A_no_geometry,FAIL,FAIL,VALID
final_control_181,0.01,1.0,A_no_torque,FAIL,FAIL,VALID
final_control_181,0.01,1.0,A_binary_unknown_fail,FAIL,FAIL,VALID
final_control_181,0.01,1.0,A_accumulated,PASS,FAIL,VALID
final_control_181,0.01,1.0,A_net_aggregation,FAIL,FAIL,VALID
final_control_181,0.01,1.0,B0,PASS,FAIL,VALID
final_control_181,0.01,1.0,B1,FAIL,FAIL,VALID
final_control_181,0.01,1.0,B2,FAIL,FAIL,VALID
final_control_181,0.01,1.0,B3,FAIL,FAIL,VALID
final_control_181,0.01,1.0,B4_normal,FAIL,FAIL,VALID
final_control_182,1e-06,0.0001,B5,FAIL,FAIL,VALID
final_control_182,1e-06,0.0001,B4,FAIL,FAIL,VALID
final_control_182,1e-06,0.0001,A_no_geometry,FAIL,FAIL,VALID
final_control_182,1e-06,0.0001,A_no_torque,FAIL,FAIL,VALID
final_control_182,1e-06,0.0001,A_binary_unknown_fail,FAIL,FAIL,VALID
final_control_182,1e-06,0.0001,A_accumulated,FAIL,FAIL,VALID
final_control_182,1e-06,0.0001,A_net_aggregation,FAIL,FAIL,VALID
final_control_182,1e-06,0.0001,B0,FAIL,FAIL,VALID
final_control_182,1e-06,0.0001,B1,FAIL,FAIL,VALID
final_control_182,1e-06,0.0001,B2,FAIL,FAIL,VALID
final_control_182,1e-06,0.0001,B3,FAIL,FAIL,VALID
final_control_182,1e-06,0.0001,B4_normal,FAIL,FAIL,VALID
final_control_182,1e-05,0.001,B5,FAIL,FAIL,VALID
final_control_182,1e-05,0.001,B4,FAIL,FAIL,VALID
final_control_182,1e-05,0.001,A_no_geometry,FAIL,FAIL,VALID
final_control_182,1e-05,0.001,A_no_torque,FAIL,FAIL,VALID
final_control_182,1e-05,0.001,A_binary_unknown_fail,FAIL,FAIL,VALID
final_control_182,1e-05,0.001,A_accumulated,FAIL,FAIL,VALID
final_control_182,1e-05,0.001,A_net_aggregation,FAIL,FAIL,VALID
final_control_182,1e-05,0.001,B0,FAIL,FAIL,VALID
final_control_182,1e-05,0.001,B1,FAIL,FAIL,VALID
final_control_182,1e-05,0.001,B2,FAIL,FAIL,VALID
final_control_182,1e-05,0.001,B3,FAIL,FAIL,VALID
final_control_182,1e-05,0.001,B4_normal,FAIL,FAIL,VALID
final_control_182,0.0001,0.01,B5,FAIL,FAIL,VALID
final_control_182,0.0001,0.01,B4,FAIL,FAIL,VALID
final_control_182,0.0001,0.01,A_no_geometry,FAIL,FAIL,VALID
final_control_182,0.0001,0.01,A_no_torque,FAIL,FAIL,VALID
final_control_182,0.0001,0.01,A_binary_unknown_fail,FAIL,FAIL,VALID
final_control_182,0.0001,0.01,A_accumulated,FAIL,FAIL,VALID
final_control_182,0.0001,0.01,A_net_aggregation,FAIL,FAIL,VALID
final_control_182,0.0001,0.01,B0,FAIL,FAIL,VALID
final_control_182,0.0001,0.01,B1,FAIL,FAIL,VALID
final_control_182,0.0001,0.01,B2,FAIL,FAIL,VALID
final_control_182,0.0001,0.01,B3,FAIL,FAIL,VALID
final_control_182,0.0001,0.01,B4_normal,FAIL,FAIL,VALID
final_control_182,0.001,0.1,B5,FAIL,FAIL,VALID
final_control_182,0.001,0.1,B4,FAIL,FAIL,VALID
final_control_182,0.001,0.1,A_no_geometry,FAIL,FAIL,VALID
final_control_182,0.001,0.1,A_no_torque,FAIL,FAIL,VALID
final_control_182,0.001,0.1,A_binary_unknown_fail,FAIL,FAIL,VALID
final_control_182,0.001,0.1,A_accumulated,FAIL,FAIL,VALID
final_control_182,0.001,0.1,A_net_aggregation,FAIL,FAIL,VALID
final_control_182,0.001,0.1,B0,FAIL,FAIL,VALID
final_control_182,0.001,0.1,B1,FAIL,FAIL,VALID
final_control_182,0.001,0.1,B2,FAIL,FAIL,VALID
final_control_182,0.001,0.1,B3,FAIL,FAIL,VALID
final_control_182,0.001,0.1,B4_normal,FAIL,FAIL,VALID
final_control_182,0.01,1.0,B5,FAIL,FAIL,VALID
final_control_182,0.01,1.0,B4,FAIL,FAIL,VALID
final_control_182,0.01,1.0,A_no_geometry,FAIL,FAIL,VALID
final_control_182,0.01,1.0,A_no_torque,FAIL,FAIL,VALID
final_control_182,0.01,1.0,A_binary_unknown_fail,FAIL,FAIL,VALID
final_control_182,0.01,1.0,A_accumulated,FAIL,FAIL,VALID
final_control_182,0.01,1.0,A_net_aggregation,FAIL,FAIL,VALID
final_control_182,0.01,1.0,B0,FAIL,FAIL,VALID
final_control_182,0.01,1.0,B1,FAIL,FAIL,VALID
final_control_182,0.01,1.0,B2,FAIL,FAIL,VALID
final_control_182,0.01,1.0,B3,FAIL,FAIL,VALID
final_control_182,0.01,1.0,B4_normal,FAIL,FAIL,VALID
final_control_183,1e-06,0.0001,B5,PASS,PASS,VALID
final_control_183,1e-06,0.0001,B4,PASS,PASS,VALID
final_control_183,1e-06,0.0001,A_no_geometry,PASS,PASS,VALID
final_control_183,1e-06,0.0001,A_no_torque,PASS,PASS,VALID
final_control_183,1e-06,0.0001,A_binary_unknown_fail,PASS,PASS,VALID
final_control_183,1e-06,0.0001,A_accumulated,PASS,PASS,VALID
final_control_183,1e-06,0.0001,A_net_aggregation,PASS,PASS,VALID
final_control_183,1e-06,0.0001,B0,PASS,PASS,VALID
final_control_183,1e-06,0.0001,B1,PASS,PASS,VALID
final_control_183,1e-06,0.0001,B2,FAIL,PASS,VALID
final_control_183,1e-06,0.0001,B3,PASS,PASS,VALID
final_control_183,1e-06,0.0001,B4_normal,PASS,PASS,VALID
final_control_183,1e-05,0.001,B5,PASS,PASS,VALID
final_control_183,1e-05,0.001,B4,PASS,PASS,VALID
final_control_183,1e-05,0.001,A_no_geometry,PASS,PASS,VALID
final_control_183,1e-05,0.001,A_no_torque,PASS,PASS,VALID
final_control_183,1e-05,0.001,A_binary_unknown_fail,PASS,PASS,VALID
final_control_183,1e-05,0.001,A_accumulated,PASS,PASS,VALID
final_control_183,1e-05,0.001,A_net_aggregation,PASS,PASS,VALID
final_control_183,1e-05,0.001,B0,PASS,PASS,VALID
final_control_183,1e-05,0.001,B1,PASS,PASS,VALID
final_control_183,1e-05,0.001,B2,FAIL,PASS,VALID
final_control_183,1e-05,0.001,B3,PASS,PASS,VALID
final_control_183,1e-05,0.001,B4_normal,PASS,PASS,VALID
final_control_183,0.0001,0.01,B5,PASS,PASS,VALID
final_control_183,0.0001,0.01,B4,PASS,PASS,VALID
final_control_183,0.0001,0.01,A_no_geometry,PASS,PASS,VALID
final_control_183,0.0001,0.01,A_no_torque,PASS,PASS,VALID
final_control_183,0.0001,0.01,A_binary_unknown_fail,PASS,PASS,VALID
final_control_183,0.0001,0.01,A_accumulated,PASS,PASS,VALID
final_control_183,0.0001,0.01,A_net_aggregation,PASS,PASS,VALID
final_control_183,0.0001,0.01,B0,PASS,PASS,VALID
final_control_183,0.0001,0.01,B1,PASS,PASS,VALID
final_control_183,0.0001,0.01,B2,FAIL,PASS,VALID
final_control_183,0.0001,0.01,B3,PASS,PASS,VALID
final_control_183,0.0001,0.01,B4_normal,PASS,PASS,VALID
final_control_183,0.001,0.1,B5,PASS,PASS,VALID
final_control_183,0.001,0.1,B4,PASS,PASS,VALID
final_control_183,0.001,0.1,A_no_geometry,PASS,PASS,VALID
final_control_183,0.001,0.1,A_no_torque,PASS,PASS,VALID
final_control_183,0.001,0.1,A_binary_unknown_fail,PASS,PASS,VALID
final_control_183,0.001,0.1,A_accumulated,PASS,PASS,VALID
final_control_183,0.001,0.1,A_net_aggregation,PASS,PASS,VALID
final_control_183,0.001,0.1,B0,PASS,PASS,VALID
final_control_183,0.001,0.1,B1,PASS,PASS,VALID
final_control_183,0.001,0.1,B2,FAIL,PASS,VALID
final_control_183,0.001,0.1,B3,PASS,PASS,VALID
final_control_183,0.001,0.1,B4_normal,PASS,PASS,VALID
final_control_183,0.01,1.0,B5,PASS,PASS,VALID
final_control_183,0.01,1.0,B4,PASS,PASS,VALID
final_control_183,0.01,1.0,A_no_geometry,PASS,PASS,VALID
final_control_183,0.01,1.0,A_no_torque,PASS,PASS,VALID
final_control_183,0.01,1.0,A_binary_unknown_fail,PASS,PASS,VALID
final_control_183,0.01,1.0,A_accumulated,PASS,PASS,VALID
final_control_183,0.01,1.0,A_net_aggregation,PASS,PASS,VALID
final_control_183,0.01,1.0,B0,PASS,PASS,VALID
final_control_183,0.01,1.0,B1,PASS,PASS,VALID
final_control_183,0.01,1.0,B2,FAIL,PASS,VALID
final_control_183,0.01,1.0,B3,PASS,PASS,VALID
final_control_183,0.01,1.0,B4_normal,PASS,PASS,VALID
final_control_184,1e-06,0.0001,B5,PASS,PASS,VALID
final_control_184,1e-06,0.0001,B4,PASS,PASS,VALID
final_control_184,1e-06,0.0001,A_no_geometry,PASS,PASS,VALID
final_control_184,1e-06,0.0001,A_no_torque,PASS,PASS,VALID
final_control_184,1e-06,0.0001,A_binary_unknown_fail,PASS,PASS,VALID
final_control_184,1e-06,0.0001,A_accumulated,PASS,PASS,VALID
final_control_184,1e-06,0.0001,A_net_aggregation,PASS,PASS,VALID
final_control_184,1e-06,0.0001,B0,PASS,PASS,VALID
final_control_184,1e-06,0.0001,B1,PASS,PASS,VALID
final_control_184,1e-06,0.0001,B2,PASS,PASS,VALID
final_control_184,1e-06,0.0001,B3,PASS,PASS,VALID
final_control_184,1e-06,0.0001,B4_normal,PASS,PASS,VALID
final_control_184,1e-05,0.001,B5,PASS,PASS,VALID
final_control_184,1e-05,0.001,B4,PASS,PASS,VALID
final_control_184,1e-05,0.001,A_no_geometry,PASS,PASS,VALID
final_control_184,1e-05,0.001,A_no_torque,PASS,PASS,VALID
final_control_184,1e-05,0.001,A_binary_unknown_fail,PASS,PASS,VALID
final_control_184,1e-05,0.001,A_accumulated,PASS,PASS,VALID
final_control_184,1e-05,0.001,A_net_aggregation,PASS,PASS,VALID
final_control_184,1e-05,0.001,B0,PASS,PASS,VALID
final_control_184,1e-05,0.001,B1,PASS,PASS,VALID
final_control_184,1e-05,0.001,B2,PASS,PASS,VALID
final_control_184,1e-05,0.001,B3,PASS,PASS,VALID
final_control_184,1e-05,0.001,B4_normal,PASS,PASS,VALID
final_control_184,0.0001,0.01,B5,PASS,PASS,VALID
final_control_184,0.0001,0.01,B4,PASS,PASS,VALID
final_control_184,0.0001,0.01,A_no_geometry,PASS,PASS,VALID
final_control_184,0.0001,0.01,A_no_torque,PASS,PASS,VALID
final_control_184,0.0001,0.01,A_binary_unknown_fail,PASS,PASS,VALID
final_control_184,0.0001,0.01,A_accumulated,PASS,PASS,VALID
final_control_184,0.0001,0.01,A_net_aggregation,PASS,PASS,VALID
final_control_184,0.0001,0.01,B0,PASS,PASS,VALID
final_control_184,0.0001,0.01,B1,PASS,PASS,VALID
final_control_184,0.0001,0.01,B2,PASS,PASS,VALID
final_control_184,0.0001,0.01,B3,PASS,PASS,VALID
final_control_184,0.0001,0.01,B4_normal,PASS,PASS,VALID
final_control_184,0.001,0.1,B5,PASS,PASS,VALID
final_control_184,0.001,0.1,B4,PASS,PASS,VALID
final_control_184,0.001,0.1,A_no_geometry,PASS,PASS,VALID
final_control_184,0.001,0.1,A_no_torque,PASS,PASS,VALID
final_control_184,0.001,0.1,A_binary_unknown_fail,PASS,PASS,VALID
final_control_184,0.001,0.1,A_accumulated,PASS,PASS,VALID
final_control_184,0.001,0.1,A_net_aggregation,PASS,PASS,VALID
final_control_184,0.001,0.1,B0,PASS,PASS,VALID
final_control_184,0.001,0.1,B1,PASS,PASS,VALID
final_control_184,0.001,0.1,B2,PASS,PASS,VALID
final_control_184,0.001,0.1,B3,PASS,PASS,VALID
final_control_184,0.001,0.1,B4_normal,PASS,PASS,VALID
final_control_184,0.01,1.0,B5,PASS,PASS,VALID
final_control_184,0.01,1.0,B4,PASS,PASS,VALID
final_control_184,0.01,1.0,A_no_geometry,PASS,PASS,VALID
final_control_184,0.01,1.0,A_no_torque,PASS,PASS,VALID
final_control_184,0.01,1.0,A_binary_unknown_fail,PASS,PASS,VALID
final_control_184,0.01,1.0,A_accumulated,PASS,PASS,VALID
final_control_184,0.01,1.0,A_net_aggregation,PASS,PASS,VALID
final_control_184,0.01,1.0,B0,PASS,PASS,VALID
final_control_184,0.01,1.0,B1,PASS,PASS,VALID
final_control_184,0.01,1.0,B2,PASS,PASS,VALID
final_control_184,0.01,1.0,B3,PASS,PASS,VALID
final_control_184,0.01,1.0,B4_normal,PASS,PASS,VALID
final_control_185,1e-06,0.0001,B5,PASS,PASS,VALID
final_control_185,1e-06,0.0001,B4,PASS,PASS,VALID
final_control_185,1e-06,0.0001,A_no_geometry,PASS,PASS,VALID
final_control_185,1e-06,0.0001,A_no_torque,PASS,PASS,VALID
final_control_185,1e-06,0.0001,A_binary_unknown_fail,PASS,PASS,VALID
final_control_185,1e-06,0.0001,A_accumulated,PASS,PASS,VALID
final_control_185,1e-06,0.0001,A_net_aggregation,PASS,PASS,VALID
final_control_185,1e-06,0.0001,B0,PASS,PASS,VALID
final_control_185,1e-06,0.0001,B1,PASS,PASS,VALID
final_control_185,1e-06,0.0001,B2,FAIL,PASS,VALID
final_control_185,1e-06,0.0001,B3,PASS,PASS,VALID
final_control_185,1e-06,0.0001,B4_normal,PASS,PASS,VALID
final_control_185,1e-05,0.001,B5,PASS,PASS,VALID
final_control_185,1e-05,0.001,B4,PASS,PASS,VALID
final_control_185,1e-05,0.001,A_no_geometry,PASS,PASS,VALID
final_control_185,1e-05,0.001,A_no_torque,PASS,PASS,VALID
final_control_185,1e-05,0.001,A_binary_unknown_fail,PASS,PASS,VALID
final_control_185,1e-05,0.001,A_accumulated,PASS,PASS,VALID
final_control_185,1e-05,0.001,A_net_aggregation,PASS,PASS,VALID
final_control_185,1e-05,0.001,B0,PASS,PASS,VALID
final_control_185,1e-05,0.001,B1,PASS,PASS,VALID
final_control_185,1e-05,0.001,B2,FAIL,PASS,VALID
final_control_185,1e-05,0.001,B3,PASS,PASS,VALID
final_control_185,1e-05,0.001,B4_normal,PASS,PASS,VALID
final_control_185,0.0001,0.01,B5,PASS,PASS,VALID
final_control_185,0.0001,0.01,B4,PASS,PASS,VALID
final_control_185,0.0001,0.01,A_no_geometry,PASS,PASS,VALID
final_control_185,0.0001,0.01,A_no_torque,PASS,PASS,VALID
final_control_185,0.0001,0.01,A_binary_unknown_fail,PASS,PASS,VALID
final_control_185,0.0001,0.01,A_accumulated,PASS,PASS,VALID
final_control_185,0.0001,0.01,A_net_aggregation,PASS,PASS,VALID
final_control_185,0.0001,0.01,B0,PASS,PASS,VALID
final_control_185,0.0001,0.01,B1,PASS,PASS,VALID
final_control_185,0.0001,0.01,B2,FAIL,PASS,VALID
final_control_185,0.0001,0.01,B3,PASS,PASS,VALID
final_control_185,0.0001,0.01,B4_normal,PASS,PASS,VALID
final_control_185,0.001,0.1,B5,PASS,PASS,VALID
final_control_185,0.001,0.1,B4,PASS,PASS,VALID
final_control_185,0.001,0.1,A_no_geometry,PASS,PASS,VALID
final_control_185,0.001,0.1,A_no_torque,PASS,PASS,VALID
final_control_185,0.001,0.1,A_binary_unknown_fail,PASS,PASS,VALID
final_control_185,0.001,0.1,A_accumulated,PASS,PASS,VALID
final_control_185,0.001,0.1,A_net_aggregation,PASS,PASS,VALID
final_control_185,0.001,0.1,B0,PASS,PASS,VALID
final_control_185,0.001,0.1,B1,PASS,PASS,VALID
final_control_185,0.001,0.1,B2,FAIL,PASS,VALID
final_control_185,0.001,0.1,B3,PASS,PASS,VALID
final_control_185,0.001,0.1,B4_normal,PASS,PASS,VALID
final_control_185,0.01,1.0,B5,PASS,PASS,VALID
final_control_185,0.01,1.0,B4,PASS,PASS,VALID
final_control_185,0.01,1.0,A_no_geometry,PASS,PASS,VALID
final_control_185,0.01,1.0,A_no_torque,PASS,PASS,VALID
final_control_185,0.01,1.0,A_binary_unknown_fail,PASS,PASS,VALID
final_control_185,0.01,1.0,A_accumulated,PASS,PASS,VALID
final_control_185,0.01,1.0,A_net_aggregation,PASS,PASS,VALID
final_control_185,0.01,1.0,B0,PASS,PASS,VALID
final_control_185,0.01,1.0,B1,PASS,PASS,VALID
final_control_185,0.01,1.0,B2,FAIL,PASS,VALID
final_control_185,0.01,1.0,B3,PASS,PASS,VALID
final_control_185,0.01,1.0,B4_normal,PASS,PASS,VALID
final_control_186,1e-06,0.0001,B5,FAIL,FAIL,VALID
final_control_186,1e-06,0.0001,B4,FAIL,FAIL,VALID
final_control_186,1e-06,0.0001,A_no_geometry,FAIL,FAIL,VALID
final_control_186,1e-06,0.0001,A_no_torque,FAIL,FAIL,VALID
final_control_186,1e-06,0.0001,A_binary_unknown_fail,FAIL,FAIL,VALID
final_control_186,1e-06,0.0001,A_accumulated,FAIL,FAIL,VALID
final_control_186,1e-06,0.0001,A_net_aggregation,FAIL,FAIL,VALID
final_control_186,1e-06,0.0001,B0,PASS,FAIL,VALID
final_control_186,1e-06,0.0001,B1,PASS,FAIL,VALID
final_control_186,1e-06,0.0001,B2,FAIL,FAIL,VALID
final_control_186,1e-06,0.0001,B3,FAIL,FAIL,VALID
final_control_186,1e-06,0.0001,B4_normal,FAIL,FAIL,VALID
final_control_186,1e-05,0.001,B5,FAIL,FAIL,VALID
final_control_186,1e-05,0.001,B4,FAIL,FAIL,VALID
final_control_186,1e-05,0.001,A_no_geometry,FAIL,FAIL,VALID
final_control_186,1e-05,0.001,A_no_torque,FAIL,FAIL,VALID
final_control_186,1e-05,0.001,A_binary_unknown_fail,FAIL,FAIL,VALID
final_control_186,1e-05,0.001,A_accumulated,FAIL,FAIL,VALID
final_control_186,1e-05,0.001,A_net_aggregation,FAIL,FAIL,VALID
final_control_186,1e-05,0.001,B0,PASS,FAIL,VALID
final_control_186,1e-05,0.001,B1,PASS,FAIL,VALID
final_control_186,1e-05,0.001,B2,FAIL,FAIL,VALID
final_control_186,1e-05,0.001,B3,FAIL,FAIL,VALID
final_control_186,1e-05,0.001,B4_normal,FAIL,FAIL,VALID
final_control_186,0.0001,0.01,B5,FAIL,FAIL,VALID
final_control_186,0.0001,0.01,B4,FAIL,FAIL,VALID
final_control_186,0.0001,0.01,A_no_geometry,FAIL,FAIL,VALID
final_control_186,0.0001,0.01,A_no_torque,FAIL,FAIL,VALID
final_control_186,0.0001,0.01,A_binary_unknown_fail,FAIL,FAIL,VALID
final_control_186,0.0001,0.01,A_accumulated,FAIL,FAIL,VALID
final_control_186,0.0001,0.01,A_net_aggregation,FAIL,FAIL,VALID
final_control_186,0.0001,0.01,B0,PASS,FAIL,VALID
final_control_186,0.0001,0.01,B1,PASS,FAIL,VALID
final_control_186,0.0001,0.01,B2,FAIL,FAIL,VALID
final_control_186,0.0001,0.01,B3,FAIL,FAIL,VALID
final_control_186,0.0001,0.01,B4_normal,FAIL,FAIL,VALID
final_control_186,0.001,0.1,B5,FAIL,FAIL,VALID
final_control_186,0.001,0.1,B4,FAIL,FAIL,VALID
final_control_186,0.001,0.1,A_no_geometry,FAIL,FAIL,VALID
final_control_186,0.001,0.1,A_no_torque,FAIL,FAIL,VALID
final_control_186,0.001,0.1,A_binary_unknown_fail,FAIL,FAIL,VALID
final_control_186,0.001,0.1,A_accumulated,FAIL,FAIL,VALID
final_control_186,0.001,0.1,A_net_aggregation,FAIL,FAIL,VALID
final_control_186,0.001,0.1,B0,PASS,FAIL,VALID
final_control_186,0.001,0.1,B1,PASS,FAIL,VALID
final_control_186,0.001,0.1,B2,FAIL,FAIL,VALID
final_control_186,0.001,0.1,B3,FAIL,FAIL,VALID
final_control_186,0.001,0.1,B4_normal,FAIL,FAIL,VALID
final_control_186,0.01,1.0,B5,FAIL,FAIL,VALID
final_control_186,0.01,1.0,B4,FAIL,FAIL,VALID
final_control_186,0.01,1.0,A_no_geometry,FAIL,FAIL,VALID
final_control_186,0.01,1.0,A_no_torque,FAIL,FAIL,VALID
final_control_186,0.01,1.0,A_binary_unknown_fail,FAIL,FAIL,VALID
final_control_186,0.01,1.0,A_accumulated,FAIL,FAIL,VALID
final_control_186,0.01,1.0,A_net_aggregation,FAIL,FAIL,VALID
final_control_186,0.01,1.0,B0,PASS,FAIL,VALID
final_control_186,0.01,1.0,B1,PASS,FAIL,VALID
final_control_186,0.01,1.0,B2,FAIL,FAIL,VALID
final_control_186,0.01,1.0,B3,FAIL,FAIL,VALID
final_control_186,0.01,1.0,B4_normal,FAIL,FAIL,VALID
final_control_187,1e-06,0.0001,B5,FAIL,FAIL,VALID
final_control_187,1e-06,0.0001,B4,FAIL,FAIL,VALID
final_control_187,1e-06,0.0001,A_no_geometry,FAIL,FAIL,VALID
final_control_187,1e-06,0.0001,A_no_torque,FAIL,FAIL,VALID
final_control_187,1e-06,0.0001,A_binary_unknown_fail,FAIL,FAIL,VALID
final_control_187,1e-06,0.0001,A_accumulated,FAIL,FAIL,VALID
final_control_187,1e-06,0.0001,A_net_aggregation,FAIL,FAIL,VALID
final_control_187,1e-06,0.0001,B0,PASS,FAIL,VALID
final_control_187,1e-06,0.0001,B1,PASS,FAIL,VALID
final_control_187,1e-06,0.0001,B2,FAIL,FAIL,VALID
final_control_187,1e-06,0.0001,B3,FAIL,FAIL,VALID
final_control_187,1e-06,0.0001,B4_normal,FAIL,FAIL,VALID
final_control_187,1e-05,0.001,B5,FAIL,FAIL,VALID
final_control_187,1e-05,0.001,B4,FAIL,FAIL,VALID
final_control_187,1e-05,0.001,A_no_geometry,FAIL,FAIL,VALID
final_control_187,1e-05,0.001,A_no_torque,FAIL,FAIL,VALID
final_control_187,1e-05,0.001,A_binary_unknown_fail,FAIL,FAIL,VALID
final_control_187,1e-05,0.001,A_accumulated,FAIL,FAIL,VALID
final_control_187,1e-05,0.001,A_net_aggregation,FAIL,FAIL,VALID
final_control_187,1e-05,0.001,B0,PASS,FAIL,VALID
final_control_187,1e-05,0.001,B1,PASS,FAIL,VALID
final_control_187,1e-05,0.001,B2,FAIL,FAIL,VALID
final_control_187,1e-05,0.001,B3,FAIL,FAIL,VALID
final_control_187,1e-05,0.001,B4_normal,FAIL,FAIL,VALID
final_control_187,0.0001,0.01,B5,FAIL,FAIL,VALID
final_control_187,0.0001,0.01,B4,FAIL,FAIL,VALID
final_control_187,0.0001,0.01,A_no_geometry,FAIL,FAIL,VALID
final_control_187,0.0001,0.01,A_no_torque,FAIL,FAIL,VALID
final_control_187,0.0001,0.01,A_binary_unknown_fail,FAIL,FAIL,VALID
final_control_187,0.0001,0.01,A_accumulated,FAIL,FAIL,VALID
final_control_187,0.0001,0.01,A_net_aggregation,FAIL,FAIL,VALID
final_control_187,0.0001,0.01,B0,PASS,FAIL,VALID
final_control_187,0.0001,0.01,B1,PASS,FAIL,VALID
final_control_187,0.0001,0.01,B2,FAIL,FAIL,VALID
final_control_187,0.0001,0.01,B3,FAIL,FAIL,VALID
final_control_187,0.0001,0.01,B4_normal,FAIL,FAIL,VALID
final_control_187,0.001,0.1,B5,FAIL,FAIL,VALID
final_control_187,0.001,0.1,B4,FAIL,FAIL,VALID
final_control_187,0.001,0.1,A_no_geometry,FAIL,FAIL,VALID
final_control_187,0.001,0.1,A_no_torque,FAIL,FAIL,VALID
final_control_187,0.001,0.1,A_binary_unknown_fail,FAIL,FAIL,VALID
final_control_187,0.001,0.1,A_accumulated,FAIL,FAIL,VALID
final_control_187,0.001,0.1,A_net_aggregation,FAIL,FAIL,VALID
final_control_187,0.001,0.1,B0,PASS,FAIL,VALID
final_control_187,0.001,0.1,B1,PASS,FAIL,VALID
final_control_187,0.001,0.1,B2,FAIL,FAIL,VALID
final_control_187,0.001,0.1,B3,FAIL,FAIL,VALID
final_control_187,0.001,0.1,B4_normal,FAIL,FAIL,VALID
final_control_187,0.01,1.0,B5,INDETERMINATE,FAIL,VALID
final_control_187,0.01,1.0,B4,INDETERMINATE,FAIL,VALID
final_control_187,0.01,1.0,A_no_geometry,INDETERMINATE,FAIL,VALID
final_control_187,0.01,1.0,A_no_torque,INDETERMINATE,FAIL,VALID
final_control_187,0.01,1.0,A_binary_unknown_fail,FAIL,FAIL,VALID
final_control_187,0.01,1.0,A_accumulated,INDETERMINATE,FAIL,VALID
final_control_187,0.01,1.0,A_net_aggregation,INDETERMINATE,FAIL,VALID
final_control_187,0.01,1.0,B0,PASS,FAIL,VALID
final_control_187,0.01,1.0,B1,PASS,FAIL,VALID
final_control_187,0.01,1.0,B2,FAIL,FAIL,VALID
final_control_187,0.01,1.0,B3,FAIL,FAIL,VALID
final_control_187,0.01,1.0,B4_normal,INDETERMINATE,FAIL,VALID
final_control_188,1e-06,0.0001,B5,FAIL,FAIL,VALID
final_control_188,1e-06,0.0001,B4,FAIL,FAIL,VALID
final_control_188,1e-06,0.0001,A_no_geometry,FAIL,FAIL,VALID
final_control_188,1e-06,0.0001,A_no_torque,FAIL,FAIL,VALID
final_control_188,1e-06,0.0001,A_binary_unknown_fail,FAIL,FAIL,VALID
final_control_188,1e-06,0.0001,A_accumulated,FAIL,FAIL,VALID
final_control_188,1e-06,0.0001,A_net_aggregation,FAIL,FAIL,VALID
final_control_188,1e-06,0.0001,B0,PASS,FAIL,VALID
final_control_188,1e-06,0.0001,B1,PASS,FAIL,VALID
final_control_188,1e-06,0.0001,B2,FAIL,FAIL,VALID
final_control_188,1e-06,0.0001,B3,FAIL,FAIL,VALID
final_control_188,1e-06,0.0001,B4_normal,FAIL,FAIL,VALID
final_control_188,1e-05,0.001,B5,FAIL,FAIL,VALID
final_control_188,1e-05,0.001,B4,FAIL,FAIL,VALID
final_control_188,1e-05,0.001,A_no_geometry,FAIL,FAIL,VALID
final_control_188,1e-05,0.001,A_no_torque,FAIL,FAIL,VALID
final_control_188,1e-05,0.001,A_binary_unknown_fail,FAIL,FAIL,VALID
final_control_188,1e-05,0.001,A_accumulated,FAIL,FAIL,VALID
final_control_188,1e-05,0.001,A_net_aggregation,FAIL,FAIL,VALID
final_control_188,1e-05,0.001,B0,PASS,FAIL,VALID
final_control_188,1e-05,0.001,B1,PASS,FAIL,VALID
final_control_188,1e-05,0.001,B2,FAIL,FAIL,VALID
final_control_188,1e-05,0.001,B3,FAIL,FAIL,VALID
final_control_188,1e-05,0.001,B4_normal,FAIL,FAIL,VALID
final_control_188,0.0001,0.01,B5,FAIL,FAIL,VALID
final_control_188,0.0001,0.01,B4,FAIL,FAIL,VALID
final_control_188,0.0001,0.01,A_no_geometry,FAIL,FAIL,VALID
final_control_188,0.0001,0.01,A_no_torque,FAIL,FAIL,VALID
final_control_188,0.0001,0.01,A_binary_unknown_fail,FAIL,FAIL,VALID
final_control_188,0.0001,0.01,A_accumulated,FAIL,FAIL,VALID
final_control_188,0.0001,0.01,A_net_aggregation,FAIL,FAIL,VALID
final_control_188,0.0001,0.01,B0,PASS,FAIL,VALID
final_control_188,0.0001,0.01,B1,PASS,FAIL,VALID
final_control_188,0.0001,0.01,B2,FAIL,FAIL,VALID
final_control_188,0.0001,0.01,B3,FAIL,FAIL,VALID
final_control_188,0.0001,0.01,B4_normal,FAIL,FAIL,VALID
final_control_188,0.001,0.1,B5,FAIL,FAIL,VALID
final_control_188,0.001,0.1,B4,FAIL,FAIL,VALID
final_control_188,0.001,0.1,A_no_geometry,FAIL,FAIL,VALID
final_control_188,0.001,0.1,A_no_torque,FAIL,FAIL,VALID
final_control_188,0.001,0.1,A_binary_unknown_fail,FAIL,FAIL,VALID
final_control_188,0.001,0.1,A_accumulated,FAIL,FAIL,VALID
final_control_188,0.001,0.1,A_net_aggregation,FAIL,FAIL,VALID
final_control_188,0.001,0.1,B0,PASS,FAIL,VALID
final_control_188,0.001,0.1,B1,PASS,FAIL,VALID
final_control_188,0.001,0.1,B2,FAIL,FAIL,VALID
final_control_188,0.001,0.1,B3,FAIL,FAIL,VALID
final_control_188,0.001,0.1,B4_normal,FAIL,FAIL,VALID
final_control_188,0.01,1.0,B5,FAIL,FAIL,VALID
final_control_188,0.01,1.0,B4,FAIL,FAIL,VALID
final_control_188,0.01,1.0,A_no_geometry,FAIL,FAIL,VALID
final_control_188,0.01,1.0,A_no_torque,FAIL,FAIL,VALID
final_control_188,0.01,1.0,A_binary_unknown_fail,FAIL,FAIL,VALID
final_control_188,0.01,1.0,A_accumulated,FAIL,FAIL,VALID
final_control_188,0.01,1.0,A_net_aggregation,INDETERMINATE,FAIL,VALID
final_control_188,0.01,1.0,B0,PASS,FAIL,VALID
final_control_188,0.01,1.0,B1,PASS,FAIL,VALID
final_control_188,0.01,1.0,B2,FAIL,FAIL,VALID
final_control_188,0.01,1.0,B3,FAIL,FAIL,VALID
final_control_188,0.01,1.0,B4_normal,FAIL,FAIL,VALID
final_control_189,1e-06,0.0001,B5,FAIL,FAIL,VALID
final_control_189,1e-06,0.0001,B4,FAIL,FAIL,VALID
final_control_189,1e-06,0.0001,A_no_geometry,FAIL,FAIL,VALID
final_control_189,1e-06,0.0001,A_no_torque,FAIL,FAIL,VALID
final_control_189,1e-06,0.0001,A_binary_unknown_fail,FAIL,FAIL,VALID
final_control_189,1e-06,0.0001,A_accumulated,PASS,FAIL,VALID
final_control_189,1e-06,0.0001,A_net_aggregation,FAIL,FAIL,VALID
final_control_189,1e-06,0.0001,B0,PASS,FAIL,VALID
final_control_189,1e-06,0.0001,B1,FAIL,FAIL,VALID
final_control_189,1e-06,0.0001,B2,FAIL,FAIL,VALID
final_control_189,1e-06,0.0001,B3,FAIL,FAIL,VALID
final_control_189,1e-06,0.0001,B4_normal,FAIL,FAIL,VALID
final_control_189,1e-05,0.001,B5,FAIL,FAIL,VALID
final_control_189,1e-05,0.001,B4,FAIL,FAIL,VALID
final_control_189,1e-05,0.001,A_no_geometry,FAIL,FAIL,VALID
final_control_189,1e-05,0.001,A_no_torque,FAIL,FAIL,VALID
final_control_189,1e-05,0.001,A_binary_unknown_fail,FAIL,FAIL,VALID
final_control_189,1e-05,0.001,A_accumulated,PASS,FAIL,VALID
final_control_189,1e-05,0.001,A_net_aggregation,FAIL,FAIL,VALID
final_control_189,1e-05,0.001,B0,PASS,FAIL,VALID
final_control_189,1e-05,0.001,B1,FAIL,FAIL,VALID
final_control_189,1e-05,0.001,B2,FAIL,FAIL,VALID
final_control_189,1e-05,0.001,B3,FAIL,FAIL,VALID
final_control_189,1e-05,0.001,B4_normal,FAIL,FAIL,VALID
final_control_189,0.0001,0.01,B5,FAIL,FAIL,VALID
final_control_189,0.0001,0.01,B4,FAIL,FAIL,VALID
final_control_189,0.0001,0.01,A_no_geometry,FAIL,FAIL,VALID
final_control_189,0.0001,0.01,A_no_torque,FAIL,FAIL,VALID
final_control_189,0.0001,0.01,A_binary_unknown_fail,FAIL,FAIL,VALID
final_control_189,0.0001,0.01,A_accumulated,PASS,FAIL,VALID
final_control_189,0.0001,0.01,A_net_aggregation,FAIL,FAIL,VALID
final_control_189,0.0001,0.01,B0,PASS,FAIL,VALID
final_control_189,0.0001,0.01,B1,FAIL,FAIL,VALID
final_control_189,0.0001,0.01,B2,FAIL,FAIL,VALID
final_control_189,0.0001,0.01,B3,FAIL,FAIL,VALID
final_control_189,0.0001,0.01,B4_normal,FAIL,FAIL,VALID
final_control_189,0.001,0.1,B5,FAIL,FAIL,VALID
final_control_189,0.001,0.1,B4,FAIL,FAIL,VALID
final_control_189,0.001,0.1,A_no_geometry,FAIL,FAIL,VALID
final_control_189,0.001,0.1,A_no_torque,FAIL,FAIL,VALID
final_control_189,0.001,0.1,A_binary_unknown_fail,FAIL,FAIL,VALID
final_control_189,0.001,0.1,A_accumulated,PASS,FAIL,VALID
final_control_189,0.001,0.1,A_net_aggregation,FAIL,FAIL,VALID
final_control_189,0.001,0.1,B0,PASS,FAIL,VALID
final_control_189,0.001,0.1,B1,FAIL,FAIL,VALID
final_control_189,0.001,0.1,B2,FAIL,FAIL,VALID
final_control_189,0.001,0.1,B3,FAIL,FAIL,VALID
final_control_189,0.001,0.1,B4_normal,FAIL,FAIL,VALID
final_control_189,0.01,1.0,B5,FAIL,FAIL,VALID
final_control_189,0.01,1.0,B4,FAIL,FAIL,VALID
final_control_189,0.01,1.0,A_no_geometry,FAIL,FAIL,VALID
final_control_189,0.01,1.0,A_no_torque,FAIL,FAIL,VALID
final_control_189,0.01,1.0,A_binary_unknown_fail,FAIL,FAIL,VALID
final_control_189,0.01,1.0,A_accumulated,PASS,FAIL,VALID
final_control_189,0.01,1.0,A_net_aggregation,FAIL,FAIL,VALID
final_control_189,0.01,1.0,B0,PASS,FAIL,VALID
final_control_189,0.01,1.0,B1,FAIL,FAIL,VALID
final_control_189,0.01,1.0,B2,FAIL,FAIL,VALID
final_control_189,0.01,1.0,B3,FAIL,FAIL,VALID
final_control_189,0.01,1.0,B4_normal,FAIL,FAIL,VALID
final_control_190,1e-06,0.0001,B5,FAIL,FAIL,VALID
final_control_190,1e-06,0.0001,B4,FAIL,FAIL,VALID
final_control_190,1e-06,0.0001,A_no_geometry,FAIL,FAIL,VALID
final_control_190,1e-06,0.0001,A_no_torque,FAIL,FAIL,VALID
final_control_190,1e-06,0.0001,A_binary_unknown_fail,FAIL,FAIL,VALID
final_control_190,1e-06,0.0001,A_accumulated,FAIL,FAIL,VALID
final_control_190,1e-06,0.0001,A_net_aggregation,FAIL,FAIL,VALID
final_control_190,1e-06,0.0001,B0,FAIL,FAIL,VALID
final_control_190,1e-06,0.0001,B1,FAIL,FAIL,VALID
final_control_190,1e-06,0.0001,B2,FAIL,FAIL,VALID
final_control_190,1e-06,0.0001,B3,FAIL,FAIL,VALID
final_control_190,1e-06,0.0001,B4_normal,FAIL,FAIL,VALID
final_control_190,1e-05,0.001,B5,FAIL,FAIL,VALID
final_control_190,1e-05,0.001,B4,FAIL,FAIL,VALID
final_control_190,1e-05,0.001,A_no_geometry,FAIL,FAIL,VALID
final_control_190,1e-05,0.001,A_no_torque,FAIL,FAIL,VALID
final_control_190,1e-05,0.001,A_binary_unknown_fail,FAIL,FAIL,VALID
final_control_190,1e-05,0.001,A_accumulated,FAIL,FAIL,VALID
final_control_190,1e-05,0.001,A_net_aggregation,FAIL,FAIL,VALID
final_control_190,1e-05,0.001,B0,FAIL,FAIL,VALID
final_control_190,1e-05,0.001,B1,FAIL,FAIL,VALID
final_control_190,1e-05,0.001,B2,FAIL,FAIL,VALID
final_control_190,1e-05,0.001,B3,FAIL,FAIL,VALID
final_control_190,1e-05,0.001,B4_normal,FAIL,FAIL,VALID
final_control_190,0.0001,0.01,B5,FAIL,FAIL,VALID
final_control_190,0.0001,0.01,B4,FAIL,FAIL,VALID
final_control_190,0.0001,0.01,A_no_geometry,FAIL,FAIL,VALID
final_control_190,0.0001,0.01,A_no_torque,FAIL,FAIL,VALID
final_control_190,0.0001,0.01,A_binary_unknown_fail,FAIL,FAIL,VALID
final_control_190,0.0001,0.01,A_accumulated,FAIL,FAIL,VALID
final_control_190,0.0001,0.01,A_net_aggregation,FAIL,FAIL,VALID
final_control_190,0.0001,0.01,B0,FAIL,FAIL,VALID
final_control_190,0.0001,0.01,B1,FAIL,FAIL,VALID
final_control_190,0.0001,0.01,B2,FAIL,FAIL,VALID
final_control_190,0.0001,0.01,B3,FAIL,FAIL,VALID
final_control_190,0.0001,0.01,B4_normal,FAIL,FAIL,VALID
final_control_190,0.001,0.1,B5,FAIL,FAIL,VALID
final_control_190,0.001,0.1,B4,FAIL,FAIL,VALID
final_control_190,0.001,0.1,A_no_geometry,FAIL,FAIL,VALID
final_control_190,0.001,0.1,A_no_torque,FAIL,FAIL,VALID
final_control_190,0.001,0.1,A_binary_unknown_fail,FAIL,FAIL,VALID
final_control_190,0.001,0.1,A_accumulated,FAIL,FAIL,VALID
final_control_190,0.001,0.1,A_net_aggregation,FAIL,FAIL,VALID
final_control_190,0.001,0.1,B0,FAIL,FAIL,VALID
final_control_190,0.001,0.1,B1,FAIL,FAIL,VALID
final_control_190,0.001,0.1,B2,FAIL,FAIL,VALID
final_control_190,0.001,0.1,B3,FAIL,FAIL,VALID
final_control_190,0.001,0.1,B4_normal,FAIL,FAIL,VALID
final_control_190,0.01,1.0,B5,FAIL,FAIL,VALID
final_control_190,0.01,1.0,B4,FAIL,FAIL,VALID
final_control_190,0.01,1.0,A_no_geometry,FAIL,FAIL,VALID
final_control_190,0.01,1.0,A_no_torque,FAIL,FAIL,VALID
final_control_190,0.01,1.0,A_binary_unknown_fail,FAIL,FAIL,VALID
final_control_190,0.01,1.0,A_accumulated,FAIL,FAIL,VALID
final_control_190,0.01,1.0,A_net_aggregation,FAIL,FAIL,VALID
final_control_190,0.01,1.0,B0,FAIL,FAIL,VALID
final_control_190,0.01,1.0,B1,FAIL,FAIL,VALID
final_control_190,0.01,1.0,B2,FAIL,FAIL,VALID
final_control_190,0.01,1.0,B3,FAIL,FAIL,VALID
final_control_190,0.01,1.0,B4_normal,FAIL,FAIL,VALID
final_control_191,1e-06,0.0001,B5,FAIL,FAIL,VALID
final_control_191,1e-06,0.0001,B4,FAIL,FAIL,VALID
final_control_191,1e-06,0.0001,A_no_geometry,FAIL,FAIL,VALID
final_control_191,1e-06,0.0001,A_no_torque,FAIL,FAIL,VALID
final_control_191,1e-06,0.0001,A_binary_unknown_fail,FAIL,FAIL,VALID
final_control_191,1e-06,0.0001,A_accumulated,FAIL,FAIL,VALID
final_control_191,1e-06,0.0001,A_net_aggregation,FAIL,FAIL,VALID
final_control_191,1e-06,0.0001,B0,PASS,FAIL,VALID
final_control_191,1e-06,0.0001,B1,PASS,FAIL,VALID
final_control_191,1e-06,0.0001,B2,FAIL,FAIL,VALID
final_control_191,1e-06,0.0001,B3,FAIL,FAIL,VALID
final_control_191,1e-06,0.0001,B4_normal,FAIL,FAIL,VALID
final_control_191,1e-05,0.001,B5,FAIL,FAIL,VALID
final_control_191,1e-05,0.001,B4,FAIL,FAIL,VALID
final_control_191,1e-05,0.001,A_no_geometry,FAIL,FAIL,VALID
final_control_191,1e-05,0.001,A_no_torque,FAIL,FAIL,VALID
final_control_191,1e-05,0.001,A_binary_unknown_fail,FAIL,FAIL,VALID
final_control_191,1e-05,0.001,A_accumulated,FAIL,FAIL,VALID
final_control_191,1e-05,0.001,A_net_aggregation,FAIL,FAIL,VALID
final_control_191,1e-05,0.001,B0,PASS,FAIL,VALID
final_control_191,1e-05,0.001,B1,PASS,FAIL,VALID
final_control_191,1e-05,0.001,B2,FAIL,FAIL,VALID
final_control_191,1e-05,0.001,B3,FAIL,FAIL,VALID
final_control_191,1e-05,0.001,B4_normal,FAIL,FAIL,VALID
final_control_191,0.0001,0.01,B5,FAIL,FAIL,VALID
final_control_191,0.0001,0.01,B4,FAIL,FAIL,VALID
final_control_191,0.0001,0.01,A_no_geometry,FAIL,FAIL,VALID
final_control_191,0.0001,0.01,A_no_torque,FAIL,FAIL,VALID
final_control_191,0.0001,0.01,A_binary_unknown_fail,FAIL,FAIL,VALID
final_control_191,0.0001,0.01,A_accumulated,FAIL,FAIL,VALID
final_control_191,0.0001,0.01,A_net_aggregation,FAIL,FAIL,VALID
final_control_191,0.0001,0.01,B0,PASS,FAIL,VALID
final_control_191,0.0001,0.01,B1,PASS,FAIL,VALID
final_control_191,0.0001,0.01,B2,FAIL,FAIL,VALID
final_control_191,0.0001,0.01,B3,FAIL,FAIL,VALID
final_control_191,0.0001,0.01,B4_normal,FAIL,FAIL,VALID
final_control_191,0.001,0.1,B5,FAIL,FAIL,VALID
final_control_191,0.001,0.1,B4,FAIL,FAIL,VALID
final_control_191,0.001,0.1,A_no_geometry,FAIL,FAIL,VALID
final_control_191,0.001,0.1,A_no_torque,FAIL,FAIL,VALID
final_control_191,0.001,0.1,A_binary_unknown_fail,FAIL,FAIL,VALID
final_control_191,0.001,0.1,A_accumulated,FAIL,FAIL,VALID
final_control_191,0.001,0.1,A_net_aggregation,FAIL,FAIL,VALID
final_control_191,0.001,0.1,B0,PASS,FAIL,VALID
final_control_191,0.001,0.1,B1,PASS,FAIL,VALID
final_control_191,0.001,0.1,B2,FAIL,FAIL,VALID
final_control_191,0.001,0.1,B3,FAIL,FAIL,VALID
final_control_191,0.001,0.1,B4_normal,FAIL,FAIL,VALID
final_control_191,0.01,1.0,B5,INDETERMINATE,FAIL,VALID
final_control_191,0.01,1.0,B4,INDETERMINATE,FAIL,VALID
final_control_191,0.01,1.0,A_no_geometry,INDETERMINATE,FAIL,VALID
final_control_191,0.01,1.0,A_no_torque,INDETERMINATE,FAIL,VALID
final_control_191,0.01,1.0,A_binary_unknown_fail,FAIL,FAIL,VALID
final_control_191,0.01,1.0,A_accumulated,INDETERMINATE,FAIL,VALID
final_control_191,0.01,1.0,A_net_aggregation,INDETERMINATE,FAIL,VALID
final_control_191,0.01,1.0,B0,PASS,FAIL,VALID
final_control_191,0.01,1.0,B1,PASS,FAIL,VALID
final_control_191,0.01,1.0,B2,FAIL,FAIL,VALID
final_control_191,0.01,1.0,B3,FAIL,FAIL,VALID
final_control_191,0.01,1.0,B4_normal,INDETERMINATE,FAIL,VALID
final_control_192,1e-06,0.0001,B5,PASS,PASS,VALID
final_control_192,1e-06,0.0001,B4,PASS,PASS,VALID
final_control_192,1e-06,0.0001,A_no_geometry,PASS,PASS,VALID
final_control_192,1e-06,0.0001,A_no_torque,PASS,PASS,VALID
final_control_192,1e-06,0.0001,A_binary_unknown_fail,PASS,PASS,VALID
final_control_192,1e-06,0.0001,A_accumulated,PASS,PASS,VALID
final_control_192,1e-06,0.0001,A_net_aggregation,PASS,PASS,VALID
final_control_192,1e-06,0.0001,B0,PASS,PASS,VALID
final_control_192,1e-06,0.0001,B1,PASS,PASS,VALID
final_control_192,1e-06,0.0001,B2,PASS,PASS,VALID
final_control_192,1e-06,0.0001,B3,PASS,PASS,VALID
final_control_192,1e-06,0.0001,B4_normal,PASS,PASS,VALID
final_control_192,1e-05,0.001,B5,PASS,PASS,VALID
final_control_192,1e-05,0.001,B4,PASS,PASS,VALID
final_control_192,1e-05,0.001,A_no_geometry,PASS,PASS,VALID
final_control_192,1e-05,0.001,A_no_torque,PASS,PASS,VALID
final_control_192,1e-05,0.001,A_binary_unknown_fail,PASS,PASS,VALID
final_control_192,1e-05,0.001,A_accumulated,PASS,PASS,VALID
final_control_192,1e-05,0.001,A_net_aggregation,PASS,PASS,VALID
final_control_192,1e-05,0.001,B0,PASS,PASS,VALID
final_control_192,1e-05,0.001,B1,PASS,PASS,VALID
final_control_192,1e-05,0.001,B2,PASS,PASS,VALID
final_control_192,1e-05,0.001,B3,PASS,PASS,VALID
final_control_192,1e-05,0.001,B4_normal,PASS,PASS,VALID
final_control_192,0.0001,0.01,B5,PASS,PASS,VALID
final_control_192,0.0001,0.01,B4,PASS,PASS,VALID
final_control_192,0.0001,0.01,A_no_geometry,PASS,PASS,VALID
final_control_192,0.0001,0.01,A_no_torque,PASS,PASS,VALID
final_control_192,0.0001,0.01,A_binary_unknown_fail,PASS,PASS,VALID
final_control_192,0.0001,0.01,A_accumulated,PASS,PASS,VALID
final_control_192,0.0001,0.01,A_net_aggregation,PASS,PASS,VALID
final_control_192,0.0001,0.01,B0,PASS,PASS,VALID
final_control_192,0.0001,0.01,B1,PASS,PASS,VALID
final_control_192,0.0001,0.01,B2,PASS,PASS,VALID
final_control_192,0.0001,0.01,B3,PASS,PASS,VALID
final_control_192,0.0001,0.01,B4_normal,PASS,PASS,VALID
final_control_192,0.001,0.1,B5,PASS,PASS,VALID
final_control_192,0.001,0.1,B4,PASS,PASS,VALID
final_control_192,0.001,0.1,A_no_geometry,PASS,PASS,VALID
final_control_192,0.001,0.1,A_no_torque,PASS,PASS,VALID
final_control_192,0.001,0.1,A_binary_unknown_fail,PASS,PASS,VALID
final_control_192,0.001,0.1,A_accumulated,PASS,PASS,VALID
final_control_192,0.001,0.1,A_net_aggregation,PASS,PASS,VALID
final_control_192,0.001,0.1,B0,PASS,PASS,VALID
final_control_192,0.001,0.1,B1,PASS,PASS,VALID
final_control_192,0.001,0.1,B2,PASS,PASS,VALID
final_control_192,0.001,0.1,B3,PASS,PASS,VALID
final_control_192,0.001,0.1,B4_normal,PASS,PASS,VALID
final_control_192,0.01,1.0,B5,PASS,PASS,VALID
final_control_192,0.01,1.0,B4,PASS,PASS,VALID
final_control_192,0.01,1.0,A_no_geometry,PASS,PASS,VALID
final_control_192,0.01,1.0,A_no_torque,PASS,PASS,VALID
final_control_192,0.01,1.0,A_binary_unknown_fail,PASS,PASS,VALID
final_control_192,0.01,1.0,A_accumulated,PASS,PASS,VALID
final_control_192,0.01,1.0,A_net_aggregation,PASS,PASS,VALID
final_control_192,0.01,1.0,B0,PASS,PASS,VALID
final_control_192,0.01,1.0,B1,PASS,PASS,VALID
final_control_192,0.01,1.0,B2,PASS,PASS,VALID
final_control_192,0.01,1.0,B3,PASS,PASS,VALID
final_control_192,0.01,1.0,B4_normal,PASS,PASS,VALID
final_control_193,1e-06,0.0001,B5,PASS,PASS,VALID
final_control_193,1e-06,0.0001,B4,PASS,PASS,VALID
final_control_193,1e-06,0.0001,A_no_geometry,PASS,PASS,VALID
final_control_193,1e-06,0.0001,A_no_torque,PASS,PASS,VALID
final_control_193,1e-06,0.0001,A_binary_unknown_fail,PASS,PASS,VALID
final_control_193,1e-06,0.0001,A_accumulated,PASS,PASS,VALID
final_control_193,1e-06,0.0001,A_net_aggregation,PASS,PASS,VALID
final_control_193,1e-06,0.0001,B0,PASS,PASS,VALID
final_control_193,1e-06,0.0001,B1,PASS,PASS,VALID
final_control_193,1e-06,0.0001,B2,FAIL,PASS,VALID
final_control_193,1e-06,0.0001,B3,PASS,PASS,VALID
final_control_193,1e-06,0.0001,B4_normal,PASS,PASS,VALID
final_control_193,1e-05,0.001,B5,PASS,PASS,VALID
final_control_193,1e-05,0.001,B4,PASS,PASS,VALID
final_control_193,1e-05,0.001,A_no_geometry,PASS,PASS,VALID
final_control_193,1e-05,0.001,A_no_torque,PASS,PASS,VALID
final_control_193,1e-05,0.001,A_binary_unknown_fail,PASS,PASS,VALID
final_control_193,1e-05,0.001,A_accumulated,PASS,PASS,VALID
final_control_193,1e-05,0.001,A_net_aggregation,PASS,PASS,VALID
final_control_193,1e-05,0.001,B0,PASS,PASS,VALID
final_control_193,1e-05,0.001,B1,PASS,PASS,VALID
final_control_193,1e-05,0.001,B2,FAIL,PASS,VALID
final_control_193,1e-05,0.001,B3,PASS,PASS,VALID
final_control_193,1e-05,0.001,B4_normal,PASS,PASS,VALID
final_control_193,0.0001,0.01,B5,PASS,PASS,VALID
final_control_193,0.0001,0.01,B4,PASS,PASS,VALID
final_control_193,0.0001,0.01,A_no_geometry,PASS,PASS,VALID
final_control_193,0.0001,0.01,A_no_torque,PASS,PASS,VALID
final_control_193,0.0001,0.01,A_binary_unknown_fail,PASS,PASS,VALID
final_control_193,0.0001,0.01,A_accumulated,PASS,PASS,VALID
final_control_193,0.0001,0.01,A_net_aggregation,PASS,PASS,VALID
final_control_193,0.0001,0.01,B0,PASS,PASS,VALID
final_control_193,0.0001,0.01,B1,PASS,PASS,VALID
final_control_193,0.0001,0.01,B2,FAIL,PASS,VALID
final_control_193,0.0001,0.01,B3,PASS,PASS,VALID
final_control_193,0.0001,0.01,B4_normal,PASS,PASS,VALID
final_control_193,0.001,0.1,B5,PASS,PASS,VALID
final_control_193,0.001,0.1,B4,PASS,PASS,VALID
final_control_193,0.001,0.1,A_no_geometry,PASS,PASS,VALID
final_control_193,0.001,0.1,A_no_torque,PASS,PASS,VALID
final_control_193,0.001,0.1,A_binary_unknown_fail,PASS,PASS,VALID
final_control_193,0.001,0.1,A_accumulated,PASS,PASS,VALID
final_control_193,0.001,0.1,A_net_aggregation,PASS,PASS,VALID
final_control_193,0.001,0.1,B0,PASS,PASS,VALID
final_control_193,0.001,0.1,B1,PASS,PASS,VALID
final_control_193,0.001,0.1,B2,FAIL,PASS,VALID
final_control_193,0.001,0.1,B3,PASS,PASS,VALID
final_control_193,0.001,0.1,B4_normal,PASS,PASS,VALID
final_control_193,0.01,1.0,B5,PASS,PASS,VALID
final_control_193,0.01,1.0,B4,PASS,PASS,VALID
final_control_193,0.01,1.0,A_no_geometry,PASS,PASS,VALID
final_control_193,0.01,1.0,A_no_torque,PASS,PASS,VALID
final_control_193,0.01,1.0,A_binary_unknown_fail,PASS,PASS,VALID
final_control_193,0.01,1.0,A_accumulated,PASS,PASS,VALID
final_control_193,0.01,1.0,A_net_aggregation,PASS,PASS,VALID
final_control_193,0.01,1.0,B0,PASS,PASS,VALID
final_control_193,0.01,1.0,B1,PASS,PASS,VALID
final_control_193,0.01,1.0,B2,FAIL,PASS,VALID
final_control_193,0.01,1.0,B3,PASS,PASS,VALID
final_control_193,0.01,1.0,B4_normal,PASS,PASS,VALID
final_control_194,1e-06,0.0001,B5,FAIL,FAIL,VALID
final_control_194,1e-06,0.0001,B4,FAIL,FAIL,VALID
final_control_194,1e-06,0.0001,A_no_geometry,FAIL,FAIL,VALID
final_control_194,1e-06,0.0001,A_no_torque,FAIL,FAIL,VALID
final_control_194,1e-06,0.0001,A_binary_unknown_fail,FAIL,FAIL,VALID
final_control_194,1e-06,0.0001,A_accumulated,FAIL,FAIL,VALID
final_control_194,1e-06,0.0001,A_net_aggregation,FAIL,FAIL,VALID
final_control_194,1e-06,0.0001,B0,PASS,FAIL,VALID
final_control_194,1e-06,0.0001,B1,PASS,FAIL,VALID
final_control_194,1e-06,0.0001,B2,FAIL,FAIL,VALID
final_control_194,1e-06,0.0001,B3,FAIL,FAIL,VALID
final_control_194,1e-06,0.0001,B4_normal,FAIL,FAIL,VALID
final_control_194,1e-05,0.001,B5,FAIL,FAIL,VALID
final_control_194,1e-05,0.001,B4,FAIL,FAIL,VALID
final_control_194,1e-05,0.001,A_no_geometry,FAIL,FAIL,VALID
final_control_194,1e-05,0.001,A_no_torque,FAIL,FAIL,VALID
final_control_194,1e-05,0.001,A_binary_unknown_fail,FAIL,FAIL,VALID
final_control_194,1e-05,0.001,A_accumulated,FAIL,FAIL,VALID
final_control_194,1e-05,0.001,A_net_aggregation,FAIL,FAIL,VALID
final_control_194,1e-05,0.001,B0,PASS,FAIL,VALID
final_control_194,1e-05,0.001,B1,PASS,FAIL,VALID
final_control_194,1e-05,0.001,B2,FAIL,FAIL,VALID
final_control_194,1e-05,0.001,B3,FAIL,FAIL,VALID
final_control_194,1e-05,0.001,B4_normal,FAIL,FAIL,VALID
final_control_194,0.0001,0.01,B5,FAIL,FAIL,VALID
final_control_194,0.0001,0.01,B4,FAIL,FAIL,VALID
final_control_194,0.0001,0.01,A_no_geometry,FAIL,FAIL,VALID
final_control_194,0.0001,0.01,A_no_torque,FAIL,FAIL,VALID
final_control_194,0.0001,0.01,A_binary_unknown_fail,FAIL,FAIL,VALID
final_control_194,0.0001,0.01,A_accumulated,FAIL,FAIL,VALID
final_control_194,0.0001,0.01,A_net_aggregation,FAIL,FAIL,VALID
final_control_194,0.0001,0.01,B0,PASS,FAIL,VALID
final_control_194,0.0001,0.01,B1,PASS,FAIL,VALID
final_control_194,0.0001,0.01,B2,FAIL,FAIL,VALID
final_control_194,0.0001,0.01,B3,FAIL,FAIL,VALID
final_control_194,0.0001,0.01,B4_normal,FAIL,FAIL,VALID
final_control_194,0.001,0.1,B5,FAIL,FAIL,VALID
final_control_194,0.001,0.1,B4,FAIL,FAIL,VALID
final_control_194,0.001,0.1,A_no_geometry,FAIL,FAIL,VALID
final_control_194,0.001,0.1,A_no_torque,FAIL,FAIL,VALID
final_control_194,0.001,0.1,A_binary_unknown_fail,FAIL,FAIL,VALID
final_control_194,0.001,0.1,A_accumulated,FAIL,FAIL,VALID
final_control_194,0.001,0.1,A_net_aggregation,FAIL,FAIL,VALID
final_control_194,0.001,0.1,B0,PASS,FAIL,VALID
final_control_194,0.001,0.1,B1,PASS,FAIL,VALID
final_control_194,0.001,0.1,B2,FAIL,FAIL,VALID
final_control_194,0.001,0.1,B3,FAIL,FAIL,VALID
final_control_194,0.001,0.1,B4_normal,FAIL,FAIL,VALID
final_control_194,0.01,1.0,B5,FAIL,FAIL,VALID
final_control_194,0.01,1.0,B4,FAIL,FAIL,VALID
final_control_194,0.01,1.0,A_no_geometry,FAIL,FAIL,VALID
final_control_194,0.01,1.0,A_no_torque,FAIL,FAIL,VALID
final_control_194,0.01,1.0,A_binary_unknown_fail,FAIL,FAIL,VALID
final_control_194,0.01,1.0,A_accumulated,FAIL,FAIL,VALID
final_control_194,0.01,1.0,A_net_aggregation,FAIL,FAIL,VALID
final_control_194,0.01,1.0,B0,PASS,FAIL,VALID
final_control_194,0.01,1.0,B1,PASS,FAIL,VALID
final_control_194,0.01,1.0,B2,FAIL,FAIL,VALID
final_control_194,0.01,1.0,B3,FAIL,FAIL,VALID
final_control_194,0.01,1.0,B4_normal,FAIL,FAIL,VALID
final_control_195,1e-06,0.0001,B5,FAIL,FAIL,VALID
final_control_195,1e-06,0.0001,B4,FAIL,FAIL,VALID
final_control_195,1e-06,0.0001,A_no_geometry,FAIL,FAIL,VALID
final_control_195,1e-06,0.0001,A_no_torque,FAIL,FAIL,VALID
final_control_195,1e-06,0.0001,A_binary_unknown_fail,FAIL,FAIL,VALID
final_control_195,1e-06,0.0001,A_accumulated,FAIL,FAIL,VALID
final_control_195,1e-06,0.0001,A_net_aggregation,FAIL,FAIL,VALID
final_control_195,1e-06,0.0001,B0,PASS,FAIL,VALID
final_control_195,1e-06,0.0001,B1,PASS,FAIL,VALID
final_control_195,1e-06,0.0001,B2,FAIL,FAIL,VALID
final_control_195,1e-06,0.0001,B3,FAIL,FAIL,VALID
final_control_195,1e-06,0.0001,B4_normal,FAIL,FAIL,VALID
final_control_195,1e-05,0.001,B5,FAIL,FAIL,VALID
final_control_195,1e-05,0.001,B4,FAIL,FAIL,VALID
final_control_195,1e-05,0.001,A_no_geometry,FAIL,FAIL,VALID
final_control_195,1e-05,0.001,A_no_torque,FAIL,FAIL,VALID
final_control_195,1e-05,0.001,A_binary_unknown_fail,FAIL,FAIL,VALID
final_control_195,1e-05,0.001,A_accumulated,FAIL,FAIL,VALID
final_control_195,1e-05,0.001,A_net_aggregation,FAIL,FAIL,VALID
final_control_195,1e-05,0.001,B0,PASS,FAIL,VALID
final_control_195,1e-05,0.001,B1,PASS,FAIL,VALID
final_control_195,1e-05,0.001,B2,FAIL,FAIL,VALID
final_control_195,1e-05,0.001,B3,FAIL,FAIL,VALID
final_control_195,1e-05,0.001,B4_normal,FAIL,FAIL,VALID
final_control_195,0.0001,0.01,B5,FAIL,FAIL,VALID
final_control_195,0.0001,0.01,B4,FAIL,FAIL,VALID
final_control_195,0.0001,0.01,A_no_geometry,FAIL,FAIL,VALID
final_control_195,0.0001,0.01,A_no_torque,FAIL,FAIL,VALID
final_control_195,0.0001,0.01,A_binary_unknown_fail,FAIL,FAIL,VALID
final_control_195,0.0001,0.01,A_accumulated,FAIL,FAIL,VALID
final_control_195,0.0001,0.01,A_net_aggregation,FAIL,FAIL,VALID
final_control_195,0.0001,0.01,B0,PASS,FAIL,VALID
final_control_195,0.0001,0.01,B1,PASS,FAIL,VALID
final_control_195,0.0001,0.01,B2,FAIL,FAIL,VALID
final_control_195,0.0001,0.01,B3,FAIL,FAIL,VALID
final_control_195,0.0001,0.01,B4_normal,FAIL,FAIL,VALID
final_control_195,0.001,0.1,B5,FAIL,FAIL,VALID
final_control_195,0.001,0.1,B4,FAIL,FAIL,VALID
final_control_195,0.001,0.1,A_no_geometry,FAIL,FAIL,VALID
final_control_195,0.001,0.1,A_no_torque,FAIL,FAIL,VALID
final_control_195,0.001,0.1,A_binary_unknown_fail,FAIL,FAIL,VALID
final_control_195,0.001,0.1,A_accumulated,FAIL,FAIL,VALID
final_control_195,0.001,0.1,A_net_aggregation,FAIL,FAIL,VALID
final_control_195,0.001,0.1,B0,PASS,FAIL,VALID
final_control_195,0.001,0.1,B1,PASS,FAIL,VALID
final_control_195,0.001,0.1,B2,FAIL,FAIL,VALID
final_control_195,0.001,0.1,B3,FAIL,FAIL,VALID
final_control_195,0.001,0.1,B4_normal,FAIL,FAIL,VALID
final_control_195,0.01,1.0,B5,FAIL,FAIL,VALID
final_control_195,0.01,1.0,B4,FAIL,FAIL,VALID
final_control_195,0.01,1.0,A_no_geometry,FAIL,FAIL,VALID
final_control_195,0.01,1.0,A_no_torque,FAIL,FAIL,VALID
final_control_195,0.01,1.0,A_binary_unknown_fail,FAIL,FAIL,VALID
final_control_195,0.01,1.0,A_accumulated,FAIL,FAIL,VALID
final_control_195,0.01,1.0,A_net_aggregation,FAIL,FAIL,VALID
final_control_195,0.01,1.0,B0,PASS,FAIL,VALID
final_control_195,0.01,1.0,B1,PASS,FAIL,VALID
final_control_195,0.01,1.0,B2,FAIL,FAIL,VALID
final_control_195,0.01,1.0,B3,FAIL,FAIL,VALID
final_control_195,0.01,1.0,B4_normal,FAIL,FAIL,VALID
final_control_196,1e-06,0.0001,B5,FAIL,FAIL,VALID
final_control_196,1e-06,0.0001,B4,FAIL,FAIL,VALID
final_control_196,1e-06,0.0001,A_no_geometry,FAIL,FAIL,VALID
final_control_196,1e-06,0.0001,A_no_torque,FAIL,FAIL,VALID
final_control_196,1e-06,0.0001,A_binary_unknown_fail,FAIL,FAIL,VALID
final_control_196,1e-06,0.0001,A_accumulated,FAIL,FAIL,VALID
final_control_196,1e-06,0.0001,A_net_aggregation,FAIL,FAIL,VALID
final_control_196,1e-06,0.0001,B0,PASS,FAIL,VALID
final_control_196,1e-06,0.0001,B1,PASS,FAIL,VALID
final_control_196,1e-06,0.0001,B2,FAIL,FAIL,VALID
final_control_196,1e-06,0.0001,B3,FAIL,FAIL,VALID
final_control_196,1e-06,0.0001,B4_normal,FAIL,FAIL,VALID
final_control_196,1e-05,0.001,B5,FAIL,FAIL,VALID
final_control_196,1e-05,0.001,B4,FAIL,FAIL,VALID
final_control_196,1e-05,0.001,A_no_geometry,FAIL,FAIL,VALID
final_control_196,1e-05,0.001,A_no_torque,FAIL,FAIL,VALID
final_control_196,1e-05,0.001,A_binary_unknown_fail,FAIL,FAIL,VALID
final_control_196,1e-05,0.001,A_accumulated,FAIL,FAIL,VALID
final_control_196,1e-05,0.001,A_net_aggregation,FAIL,FAIL,VALID
final_control_196,1e-05,0.001,B0,PASS,FAIL,VALID
final_control_196,1e-05,0.001,B1,PASS,FAIL,VALID
final_control_196,1e-05,0.001,B2,FAIL,FAIL,VALID
final_control_196,1e-05,0.001,B3,FAIL,FAIL,VALID
final_control_196,1e-05,0.001,B4_normal,FAIL,FAIL,VALID
final_control_196,0.0001,0.01,B5,FAIL,FAIL,VALID
final_control_196,0.0001,0.01,B4,FAIL,FAIL,VALID
final_control_196,0.0001,0.01,A_no_geometry,FAIL,FAIL,VALID
final_control_196,0.0001,0.01,A_no_torque,FAIL,FAIL,VALID
final_control_196,0.0001,0.01,A_binary_unknown_fail,FAIL,FAIL,VALID
final_control_196,0.0001,0.01,A_accumulated,FAIL,FAIL,VALID
final_control_196,0.0001,0.01,A_net_aggregation,FAIL,FAIL,VALID
final_control_196,0.0001,0.01,B0,PASS,FAIL,VALID
final_control_196,0.0001,0.01,B1,PASS,FAIL,VALID
final_control_196,0.0001,0.01,B2,FAIL,FAIL,VALID
final_control_196,0.0001,0.01,B3,FAIL,FAIL,VALID
final_control_196,0.0001,0.01,B4_normal,FAIL,FAIL,VALID
final_control_196,0.001,0.1,B5,FAIL,FAIL,VALID
final_control_196,0.001,0.1,B4,FAIL,FAIL,VALID
final_control_196,0.001,0.1,A_no_geometry,FAIL,FAIL,VALID
final_control_196,0.001,0.1,A_no_torque,FAIL,FAIL,VALID
final_control_196,0.001,0.1,A_binary_unknown_fail,FAIL,FAIL,VALID
final_control_196,0.001,0.1,A_accumulated,FAIL,FAIL,VALID
final_control_196,0.001,0.1,A_net_aggregation,FAIL,FAIL,VALID
final_control_196,0.001,0.1,B0,PASS,FAIL,VALID
final_control_196,0.001,0.1,B1,PASS,FAIL,VALID
final_control_196,0.001,0.1,B2,FAIL,FAIL,VALID
final_control_196,0.001,0.1,B3,FAIL,FAIL,VALID
final_control_196,0.001,0.1,B4_normal,FAIL,FAIL,VALID
final_control_196,0.01,1.0,B5,FAIL,FAIL,VALID
final_control_196,0.01,1.0,B4,FAIL,FAIL,VALID
final_control_196,0.01,1.0,A_no_geometry,FAIL,FAIL,VALID
final_control_196,0.01,1.0,A_no_torque,FAIL,FAIL,VALID
final_control_196,0.01,1.0,A_binary_unknown_fail,FAIL,FAIL,VALID
final_control_196,0.01,1.0,A_accumulated,FAIL,FAIL,VALID
final_control_196,0.01,1.0,A_net_aggregation,INDETERMINATE,FAIL,VALID
final_control_196,0.01,1.0,B0,PASS,FAIL,VALID
final_control_196,0.01,1.0,B1,PASS,FAIL,VALID
final_control_196,0.01,1.0,B2,FAIL,FAIL,VALID
final_control_196,0.01,1.0,B3,FAIL,FAIL,VALID
final_control_196,0.01,1.0,B4_normal,FAIL,FAIL,VALID
final_control_197,1e-06,0.0001,B5,FAIL,FAIL,VALID
final_control_197,1e-06,0.0001,B4,FAIL,FAIL,VALID
final_control_197,1e-06,0.0001,A_no_geometry,FAIL,FAIL,VALID
final_control_197,1e-06,0.0001,A_no_torque,FAIL,FAIL,VALID
final_control_197,1e-06,0.0001,A_binary_unknown_fail,FAIL,FAIL,VALID
final_control_197,1e-06,0.0001,A_accumulated,PASS,FAIL,VALID
final_control_197,1e-06,0.0001,A_net_aggregation,FAIL,FAIL,VALID
final_control_197,1e-06,0.0001,B0,PASS,FAIL,VALID
final_control_197,1e-06,0.0001,B1,FAIL,FAIL,VALID
final_control_197,1e-06,0.0001,B2,FAIL,FAIL,VALID
final_control_197,1e-06,0.0001,B3,FAIL,FAIL,VALID
final_control_197,1e-06,0.0001,B4_normal,FAIL,FAIL,VALID
final_control_197,1e-05,0.001,B5,FAIL,FAIL,VALID
final_control_197,1e-05,0.001,B4,FAIL,FAIL,VALID
final_control_197,1e-05,0.001,A_no_geometry,FAIL,FAIL,VALID
final_control_197,1e-05,0.001,A_no_torque,FAIL,FAIL,VALID
final_control_197,1e-05,0.001,A_binary_unknown_fail,FAIL,FAIL,VALID
final_control_197,1e-05,0.001,A_accumulated,PASS,FAIL,VALID
final_control_197,1e-05,0.001,A_net_aggregation,FAIL,FAIL,VALID
final_control_197,1e-05,0.001,B0,PASS,FAIL,VALID
final_control_197,1e-05,0.001,B1,FAIL,FAIL,VALID
final_control_197,1e-05,0.001,B2,FAIL,FAIL,VALID
final_control_197,1e-05,0.001,B3,FAIL,FAIL,VALID
final_control_197,1e-05,0.001,B4_normal,FAIL,FAIL,VALID
final_control_197,0.0001,0.01,B5,FAIL,FAIL,VALID
final_control_197,0.0001,0.01,B4,FAIL,FAIL,VALID
final_control_197,0.0001,0.01,A_no_geometry,FAIL,FAIL,VALID
final_control_197,0.0001,0.01,A_no_torque,FAIL,FAIL,VALID
final_control_197,0.0001,0.01,A_binary_unknown_fail,FAIL,FAIL,VALID
final_control_197,0.0001,0.01,A_accumulated,PASS,FAIL,VALID
final_control_197,0.0001,0.01,A_net_aggregation,FAIL,FAIL,VALID
final_control_197,0.0001,0.01,B0,PASS,FAIL,VALID
final_control_197,0.0001,0.01,B1,FAIL,FAIL,VALID
final_control_197,0.0001,0.01,B2,FAIL,FAIL,VALID
final_control_197,0.0001,0.01,B3,FAIL,FAIL,VALID
final_control_197,0.0001,0.01,B4_normal,FAIL,FAIL,VALID
final_control_197,0.001,0.1,B5,FAIL,FAIL,VALID
final_control_197,0.001,0.1,B4,FAIL,FAIL,VALID
final_control_197,0.001,0.1,A_no_geometry,FAIL,FAIL,VALID
final_control_197,0.001,0.1,A_no_torque,FAIL,FAIL,VALID
final_control_197,0.001,0.1,A_binary_unknown_fail,FAIL,FAIL,VALID
final_control_197,0.001,0.1,A_accumulated,PASS,FAIL,VALID
final_control_197,0.001,0.1,A_net_aggregation,FAIL,FAIL,VALID
final_control_197,0.001,0.1,B0,PASS,FAIL,VALID
final_control_197,0.001,0.1,B1,FAIL,FAIL,VALID
final_control_197,0.001,0.1,B2,FAIL,FAIL,VALID
final_control_197,0.001,0.1,B3,FAIL,FAIL,VALID
final_control_197,0.001,0.1,B4_normal,FAIL,FAIL,VALID
final_control_197,0.01,1.0,B5,FAIL,FAIL,VALID
final_control_197,0.01,1.0,B4,FAIL,FAIL,VALID
final_control_197,0.01,1.0,A_no_geometry,FAIL,FAIL,VALID
final_control_197,0.01,1.0,A_no_torque,FAIL,FAIL,VALID
final_control_197,0.01,1.0,A_binary_unknown_fail,FAIL,FAIL,VALID
final_control_197,0.01,1.0,A_accumulated,PASS,FAIL,VALID
final_control_197,0.01,1.0,A_net_aggregation,FAIL,FAIL,VALID
final_control_197,0.01,1.0,B0,PASS,FAIL,VALID
final_control_197,0.01,1.0,B1,FAIL,FAIL,VALID
final_control_197,0.01,1.0,B2,FAIL,FAIL,VALID
final_control_197,0.01,1.0,B3,FAIL,FAIL,VALID
final_control_197,0.01,1.0,B4_normal,FAIL,FAIL,VALID
final_control_198,1e-06,0.0001,B5,FAIL,FAIL,VALID
final_control_198,1e-06,0.0001,B4,FAIL,FAIL,VALID
final_control_198,1e-06,0.0001,A_no_geometry,FAIL,FAIL,VALID
final_control_198,1e-06,0.0001,A_no_torque,FAIL,FAIL,VALID
final_control_198,1e-06,0.0001,A_binary_unknown_fail,FAIL,FAIL,VALID
final_control_198,1e-06,0.0001,A_accumulated,FAIL,FAIL,VALID
final_control_198,1e-06,0.0001,A_net_aggregation,FAIL,FAIL,VALID
final_control_198,1e-06,0.0001,B0,FAIL,FAIL,VALID
final_control_198,1e-06,0.0001,B1,FAIL,FAIL,VALID
final_control_198,1e-06,0.0001,B2,FAIL,FAIL,VALID
final_control_198,1e-06,0.0001,B3,FAIL,FAIL,VALID
final_control_198,1e-06,0.0001,B4_normal,FAIL,FAIL,VALID
final_control_198,1e-05,0.001,B5,FAIL,FAIL,VALID
final_control_198,1e-05,0.001,B4,FAIL,FAIL,VALID
final_control_198,1e-05,0.001,A_no_geometry,FAIL,FAIL,VALID
final_control_198,1e-05,0.001,A_no_torque,FAIL,FAIL,VALID
final_control_198,1e-05,0.001,A_binary_unknown_fail,FAIL,FAIL,VALID
final_control_198,1e-05,0.001,A_accumulated,FAIL,FAIL,VALID
final_control_198,1e-05,0.001,A_net_aggregation,FAIL,FAIL,VALID
final_control_198,1e-05,0.001,B0,FAIL,FAIL,VALID
final_control_198,1e-05,0.001,B1,FAIL,FAIL,VALID
final_control_198,1e-05,0.001,B2,FAIL,FAIL,VALID
final_control_198,1e-05,0.001,B3,FAIL,FAIL,VALID
final_control_198,1e-05,0.001,B4_normal,FAIL,FAIL,VALID
final_control_198,0.0001,0.01,B5,FAIL,FAIL,VALID
final_control_198,0.0001,0.01,B4,FAIL,FAIL,VALID
final_control_198,0.0001,0.01,A_no_geometry,FAIL,FAIL,VALID
final_control_198,0.0001,0.01,A_no_torque,FAIL,FAIL,VALID
final_control_198,0.0001,0.01,A_binary_unknown_fail,FAIL,FAIL,VALID
final_control_198,0.0001,0.01,A_accumulated,FAIL,FAIL,VALID
final_control_198,0.0001,0.01,A_net_aggregation,FAIL,FAIL,VALID
final_control_198,0.0001,0.01,B0,FAIL,FAIL,VALID
final_control_198,0.0001,0.01,B1,FAIL,FAIL,VALID
final_control_198,0.0001,0.01,B2,FAIL,FAIL,VALID
final_control_198,0.0001,0.01,B3,FAIL,FAIL,VALID
final_control_198,0.0001,0.01,B4_normal,FAIL,FAIL,VALID
final_control_198,0.001,0.1,B5,FAIL,FAIL,VALID
final_control_198,0.001,0.1,B4,FAIL,FAIL,VALID
final_control_198,0.001,0.1,A_no_geometry,FAIL,FAIL,VALID
final_control_198,0.001,0.1,A_no_torque,FAIL,FAIL,VALID
final_control_198,0.001,0.1,A_binary_unknown_fail,FAIL,FAIL,VALID
final_control_198,0.001,0.1,A_accumulated,FAIL,FAIL,VALID
final_control_198,0.001,0.1,A_net_aggregation,FAIL,FAIL,VALID
final_control_198,0.001,0.1,B0,FAIL,FAIL,VALID
final_control_198,0.001,0.1,B1,FAIL,FAIL,VALID
final_control_198,0.001,0.1,B2,FAIL,FAIL,VALID
final_control_198,0.001,0.1,B3,FAIL,FAIL,VALID
final_control_198,0.001,0.1,B4_normal,FAIL,FAIL,VALID
final_control_198,0.01,1.0,B5,FAIL,FAIL,VALID
final_control_198,0.01,1.0,B4,FAIL,FAIL,VALID
final_control_198,0.01,1.0,A_no_geometry,FAIL,FAIL,VALID
final_control_198,0.01,1.0,A_no_torque,FAIL,FAIL,VALID
final_control_198,0.01,1.0,A_binary_unknown_fail,FAIL,FAIL,VALID
final_control_198,0.01,1.0,A_accumulated,FAIL,FAIL,VALID
final_control_198,0.01,1.0,A_net_aggregation,FAIL,FAIL,VALID
final_control_198,0.01,1.0,B0,FAIL,FAIL,VALID
final_control_198,0.01,1.0,B1,FAIL,FAIL,VALID
final_control_198,0.01,1.0,B2,FAIL,FAIL,VALID
final_control_198,0.01,1.0,B3,FAIL,FAIL,VALID
final_control_198,0.01,1.0,B4_normal,FAIL,FAIL,VALID
final_control_199,1e-06,0.0001,B5,PASS,PASS,VALID
final_control_199,1e-06,0.0001,B4,PASS,PASS,VALID
final_control_199,1e-06,0.0001,A_no_geometry,PASS,PASS,VALID
final_control_199,1e-06,0.0001,A_no_torque,PASS,PASS,VALID
final_control_199,1e-06,0.0001,A_binary_unknown_fail,PASS,PASS,VALID
final_control_199,1e-06,0.0001,A_accumulated,PASS,PASS,VALID
final_control_199,1e-06,0.0001,A_net_aggregation,PASS,PASS,VALID
final_control_199,1e-06,0.0001,B0,PASS,PASS,VALID
final_control_199,1e-06,0.0001,B1,PASS,PASS,VALID
final_control_199,1e-06,0.0001,B2,FAIL,PASS,VALID
final_control_199,1e-06,0.0001,B3,PASS,PASS,VALID
final_control_199,1e-06,0.0001,B4_normal,PASS,PASS,VALID
final_control_199,1e-05,0.001,B5,PASS,PASS,VALID
final_control_199,1e-05,0.001,B4,PASS,PASS,VALID
final_control_199,1e-05,0.001,A_no_geometry,PASS,PASS,VALID
final_control_199,1e-05,0.001,A_no_torque,PASS,PASS,VALID
final_control_199,1e-05,0.001,A_binary_unknown_fail,PASS,PASS,VALID
final_control_199,1e-05,0.001,A_accumulated,PASS,PASS,VALID
final_control_199,1e-05,0.001,A_net_aggregation,PASS,PASS,VALID
final_control_199,1e-05,0.001,B0,PASS,PASS,VALID
final_control_199,1e-05,0.001,B1,PASS,PASS,VALID
final_control_199,1e-05,0.001,B2,FAIL,PASS,VALID
final_control_199,1e-05,0.001,B3,PASS,PASS,VALID
final_control_199,1e-05,0.001,B4_normal,PASS,PASS,VALID
final_control_199,0.0001,0.01,B5,PASS,PASS,VALID
final_control_199,0.0001,0.01,B4,PASS,PASS,VALID
final_control_199,0.0001,0.01,A_no_geometry,PASS,PASS,VALID
final_control_199,0.0001,0.01,A_no_torque,PASS,PASS,VALID
final_control_199,0.0001,0.01,A_binary_unknown_fail,PASS,PASS,VALID
final_control_199,0.0001,0.01,A_accumulated,PASS,PASS,VALID
final_control_199,0.0001,0.01,A_net_aggregation,PASS,PASS,VALID
final_control_199,0.0001,0.01,B0,PASS,PASS,VALID
final_control_199,0.0001,0.01,B1,PASS,PASS,VALID
final_control_199,0.0001,0.01,B2,FAIL,PASS,VALID
final_control_199,0.0001,0.01,B3,PASS,PASS,VALID
final_control_199,0.0001,0.01,B4_normal,PASS,PASS,VALID
final_control_199,0.001,0.1,B5,PASS,PASS,VALID
final_control_199,0.001,0.1,B4,PASS,PASS,VALID
final_control_199,0.001,0.1,A_no_geometry,PASS,PASS,VALID
final_control_199,0.001,0.1,A_no_torque,PASS,PASS,VALID
final_control_199,0.001,0.1,A_binary_unknown_fail,PASS,PASS,VALID
final_control_199,0.001,0.1,A_accumulated,PASS,PASS,VALID
final_control_199,0.001,0.1,A_net_aggregation,PASS,PASS,VALID
final_control_199,0.001,0.1,B0,PASS,PASS,VALID
final_control_199,0.001,0.1,B1,PASS,PASS,VALID
final_control_199,0.001,0.1,B2,FAIL,PASS,VALID
final_control_199,0.001,0.1,B3,PASS,PASS,VALID
final_control_199,0.001,0.1,B4_normal,PASS,PASS,VALID
final_control_199,0.01,1.0,B5,PASS,PASS,VALID
final_control_199,0.01,1.0,B4,PASS,PASS,VALID
final_control_199,0.01,1.0,A_no_geometry,PASS,PASS,VALID
final_control_199,0.01,1.0,A_no_torque,PASS,PASS,VALID
final_control_199,0.01,1.0,A_binary_unknown_fail,PASS,PASS,VALID
final_control_199,0.01,1.0,A_accumulated,PASS,PASS,VALID
final_control_199,0.01,1.0,A_net_aggregation,PASS,PASS,VALID
final_control_199,0.01,1.0,B0,PASS,PASS,VALID
final_control_199,0.01,1.0,B1,PASS,PASS,VALID
final_control_199,0.01,1.0,B2,FAIL,PASS,VALID
final_control_199,0.01,1.0,B3,PASS,PASS,VALID
final_control_199,0.01,1.0,B4_normal,PASS,PASS,VALID
final_control_200,1e-06,0.0001,B5,FAIL,FAIL,VALID
final_control_200,1e-06,0.0001,B4,FAIL,FAIL,VALID
final_control_200,1e-06,0.0001,A_no_geometry,FAIL,FAIL,VALID
final_control_200,1e-06,0.0001,A_no_torque,FAIL,FAIL,VALID
final_control_200,1e-06,0.0001,A_binary_unknown_fail,FAIL,FAIL,VALID
final_control_200,1e-06,0.0001,A_accumulated,FAIL,FAIL,VALID
final_control_200,1e-06,0.0001,A_net_aggregation,FAIL,FAIL,VALID
final_control_200,1e-06,0.0001,B0,FAIL,FAIL,VALID
final_control_200,1e-06,0.0001,B1,FAIL,FAIL,VALID
final_control_200,1e-06,0.0001,B2,FAIL,FAIL,VALID
final_control_200,1e-06,0.0001,B3,FAIL,FAIL,VALID
final_control_200,1e-06,0.0001,B4_normal,FAIL,FAIL,VALID
final_control_200,1e-05,0.001,B5,FAIL,FAIL,VALID
final_control_200,1e-05,0.001,B4,FAIL,FAIL,VALID
final_control_200,1e-05,0.001,A_no_geometry,FAIL,FAIL,VALID
final_control_200,1e-05,0.001,A_no_torque,FAIL,FAIL,VALID
final_control_200,1e-05,0.001,A_binary_unknown_fail,FAIL,FAIL,VALID
final_control_200,1e-05,0.001,A_accumulated,FAIL,FAIL,VALID
final_control_200,1e-05,0.001,A_net_aggregation,FAIL,FAIL,VALID
final_control_200,1e-05,0.001,B0,FAIL,FAIL,VALID
final_control_200,1e-05,0.001,B1,FAIL,FAIL,VALID
final_control_200,1e-05,0.001,B2,FAIL,FAIL,VALID
final_control_200,1e-05,0.001,B3,FAIL,FAIL,VALID
final_control_200,1e-05,0.001,B4_normal,FAIL,FAIL,VALID
final_control_200,0.0001,0.01,B5,FAIL,FAIL,VALID
final_control_200,0.0001,0.01,B4,FAIL,FAIL,VALID
final_control_200,0.0001,0.01,A_no_geometry,FAIL,FAIL,VALID
final_control_200,0.0001,0.01,A_no_torque,FAIL,FAIL,VALID
final_control_200,0.0001,0.01,A_binary_unknown_fail,FAIL,FAIL,VALID
final_control_200,0.0001,0.01,A_accumulated,FAIL,FAIL,VALID
final_control_200,0.0001,0.01,A_net_aggregation,FAIL,FAIL,VALID
final_control_200,0.0001,0.01,B0,FAIL,FAIL,VALID
final_control_200,0.0001,0.01,B1,FAIL,FAIL,VALID
final_control_200,0.0001,0.01,B2,FAIL,FAIL,VALID
final_control_200,0.0001,0.01,B3,FAIL,FAIL,VALID
final_control_200,0.0001,0.01,B4_normal,FAIL,FAIL,VALID
final_control_200,0.001,0.1,B5,FAIL,FAIL,VALID
final_control_200,0.001,0.1,B4,FAIL,FAIL,VALID
final_control_200,0.001,0.1,A_no_geometry,FAIL,FAIL,VALID
final_control_200,0.001,0.1,A_no_torque,FAIL,FAIL,VALID
final_control_200,0.001,0.1,A_binary_unknown_fail,FAIL,FAIL,VALID
final_control_200,0.001,0.1,A_accumulated,FAIL,FAIL,VALID
final_control_200,0.001,0.1,A_net_aggregation,FAIL,FAIL,VALID
final_control_200,0.001,0.1,B0,FAIL,FAIL,VALID
final_control_200,0.001,0.1,B1,FAIL,FAIL,VALID
final_control_200,0.001,0.1,B2,FAIL,FAIL,VALID
final_control_200,0.001,0.1,B3,FAIL,FAIL,VALID
final_control_200,0.001,0.1,B4_normal,FAIL,FAIL,VALID
final_control_200,0.01,1.0,B5,FAIL,FAIL,VALID
final_control_200,0.01,1.0,B4,FAIL,FAIL,VALID
final_control_200,0.01,1.0,A_no_geometry,FAIL,FAIL,VALID
final_control_200,0.01,1.0,A_no_torque,FAIL,FAIL,VALID
final_control_200,0.01,1.0,A_binary_unknown_fail,FAIL,FAIL,VALID
final_control_200,0.01,1.0,A_accumulated,FAIL,FAIL,VALID
final_control_200,0.01,1.0,A_net_aggregation,FAIL,FAIL,VALID
final_control_200,0.01,1.0,B0,FAIL,FAIL,VALID
final_control_200,0.01,1.0,B1,FAIL,FAIL,VALID
final_control_200,0.01,1.0,B2,FAIL,FAIL,VALID
final_control_200,0.01,1.0,B3,FAIL,FAIL,VALID
final_control_200,0.01,1.0,B4_normal,FAIL,FAIL,VALID
final_control_201,1e-06,0.0001,B5,PASS,PASS,VALID
final_control_201,1e-06,0.0001,B4,PASS,PASS,VALID
final_control_201,1e-06,0.0001,A_no_geometry,PASS,PASS,VALID
final_control_201,1e-06,0.0001,A_no_torque,PASS,PASS,VALID
final_control_201,1e-06,0.0001,A_binary_unknown_fail,PASS,PASS,VALID
final_control_201,1e-06,0.0001,A_accumulated,PASS,PASS,VALID
final_control_201,1e-06,0.0001,A_net_aggregation,PASS,PASS,VALID
final_control_201,1e-06,0.0001,B0,PASS,PASS,VALID
final_control_201,1e-06,0.0001,B1,PASS,PASS,VALID
final_control_201,1e-06,0.0001,B2,FAIL,PASS,VALID
final_control_201,1e-06,0.0001,B3,PASS,PASS,VALID
final_control_201,1e-06,0.0001,B4_normal,PASS,PASS,VALID
final_control_201,1e-05,0.001,B5,PASS,PASS,VALID
final_control_201,1e-05,0.001,B4,PASS,PASS,VALID
final_control_201,1e-05,0.001,A_no_geometry,PASS,PASS,VALID
final_control_201,1e-05,0.001,A_no_torque,PASS,PASS,VALID
final_control_201,1e-05,0.001,A_binary_unknown_fail,PASS,PASS,VALID
final_control_201,1e-05,0.001,A_accumulated,PASS,PASS,VALID
final_control_201,1e-05,0.001,A_net_aggregation,PASS,PASS,VALID
final_control_201,1e-05,0.001,B0,PASS,PASS,VALID
final_control_201,1e-05,0.001,B1,PASS,PASS,VALID
final_control_201,1e-05,0.001,B2,FAIL,PASS,VALID
final_control_201,1e-05,0.001,B3,PASS,PASS,VALID
final_control_201,1e-05,0.001,B4_normal,PASS,PASS,VALID
final_control_201,0.0001,0.01,B5,PASS,PASS,VALID
final_control_201,0.0001,0.01,B4,PASS,PASS,VALID
final_control_201,0.0001,0.01,A_no_geometry,PASS,PASS,VALID
final_control_201,0.0001,0.01,A_no_torque,PASS,PASS,VALID
final_control_201,0.0001,0.01,A_binary_unknown_fail,PASS,PASS,VALID
final_control_201,0.0001,0.01,A_accumulated,PASS,PASS,VALID
final_control_201,0.0001,0.01,A_net_aggregation,PASS,PASS,VALID
final_control_201,0.0001,0.01,B0,PASS,PASS,VALID
final_control_201,0.0001,0.01,B1,PASS,PASS,VALID
final_control_201,0.0001,0.01,B2,FAIL,PASS,VALID
final_control_201,0.0001,0.01,B3,PASS,PASS,VALID
final_control_201,0.0001,0.01,B4_normal,PASS,PASS,VALID
final_control_201,0.001,0.1,B5,PASS,PASS,VALID
final_control_201,0.001,0.1,B4,PASS,PASS,VALID
final_control_201,0.001,0.1,A_no_geometry,PASS,PASS,VALID
final_control_201,0.001,0.1,A_no_torque,PASS,PASS,VALID
final_control_201,0.001,0.1,A_binary_unknown_fail,PASS,PASS,VALID
final_control_201,0.001,0.1,A_accumulated,PASS,PASS,VALID
final_control_201,0.001,0.1,A_net_aggregation,PASS,PASS,VALID
final_control_201,0.001,0.1,B0,PASS,PASS,VALID
final_control_201,0.001,0.1,B1,PASS,PASS,VALID
final_control_201,0.001,0.1,B2,FAIL,PASS,VALID
final_control_201,0.001,0.1,B3,PASS,PASS,VALID
final_control_201,0.001,0.1,B4_normal,PASS,PASS,VALID
final_control_201,0.01,1.0,B5,PASS,PASS,VALID
final_control_201,0.01,1.0,B4,PASS,PASS,VALID
final_control_201,0.01,1.0,A_no_geometry,PASS,PASS,VALID
final_control_201,0.01,1.0,A_no_torque,PASS,PASS,VALID
final_control_201,0.01,1.0,A_binary_unknown_fail,PASS,PASS,VALID
final_control_201,0.01,1.0,A_accumulated,PASS,PASS,VALID
final_control_201,0.01,1.0,A_net_aggregation,PASS,PASS,VALID
final_control_201,0.01,1.0,B0,PASS,PASS,VALID
final_control_201,0.01,1.0,B1,PASS,PASS,VALID
final_control_201,0.01,1.0,B2,FAIL,PASS,VALID
final_control_201,0.01,1.0,B3,PASS,PASS,VALID
final_control_201,0.01,1.0,B4_normal,PASS,PASS,VALID
final_control_202,1e-06,0.0001,B5,FAIL,FAIL,VALID
final_control_202,1e-06,0.0001,B4,FAIL,FAIL,VALID
final_control_202,1e-06,0.0001,A_no_geometry,FAIL,FAIL,VALID
final_control_202,1e-06,0.0001,A_no_torque,FAIL,FAIL,VALID
final_control_202,1e-06,0.0001,A_binary_unknown_fail,FAIL,FAIL,VALID
final_control_202,1e-06,0.0001,A_accumulated,FAIL,FAIL,VALID
final_control_202,1e-06,0.0001,A_net_aggregation,FAIL,FAIL,VALID
final_control_202,1e-06,0.0001,B0,PASS,FAIL,VALID
final_control_202,1e-06,0.0001,B1,PASS,FAIL,VALID
final_control_202,1e-06,0.0001,B2,FAIL,FAIL,VALID
final_control_202,1e-06,0.0001,B3,FAIL,FAIL,VALID
final_control_202,1e-06,0.0001,B4_normal,FAIL,FAIL,VALID
final_control_202,1e-05,0.001,B5,FAIL,FAIL,VALID
final_control_202,1e-05,0.001,B4,FAIL,FAIL,VALID
final_control_202,1e-05,0.001,A_no_geometry,FAIL,FAIL,VALID
final_control_202,1e-05,0.001,A_no_torque,FAIL,FAIL,VALID
final_control_202,1e-05,0.001,A_binary_unknown_fail,FAIL,FAIL,VALID
final_control_202,1e-05,0.001,A_accumulated,FAIL,FAIL,VALID
final_control_202,1e-05,0.001,A_net_aggregation,FAIL,FAIL,VALID
final_control_202,1e-05,0.001,B0,PASS,FAIL,VALID
final_control_202,1e-05,0.001,B1,PASS,FAIL,VALID
final_control_202,1e-05,0.001,B2,FAIL,FAIL,VALID
final_control_202,1e-05,0.001,B3,FAIL,FAIL,VALID
final_control_202,1e-05,0.001,B4_normal,FAIL,FAIL,VALID
final_control_202,0.0001,0.01,B5,FAIL,FAIL,VALID
final_control_202,0.0001,0.01,B4,FAIL,FAIL,VALID
final_control_202,0.0001,0.01,A_no_geometry,FAIL,FAIL,VALID
final_control_202,0.0001,0.01,A_no_torque,FAIL,FAIL,VALID
final_control_202,0.0001,0.01,A_binary_unknown_fail,FAIL,FAIL,VALID
final_control_202,0.0001,0.01,A_accumulated,FAIL,FAIL,VALID
final_control_202,0.0001,0.01,A_net_aggregation,FAIL,FAIL,VALID
final_control_202,0.0001,0.01,B0,PASS,FAIL,VALID
final_control_202,0.0001,0.01,B1,PASS,FAIL,VALID
final_control_202,0.0001,0.01,B2,FAIL,FAIL,VALID
final_control_202,0.0001,0.01,B3,FAIL,FAIL,VALID
final_control_202,0.0001,0.01,B4_normal,FAIL,FAIL,VALID
final_control_202,0.001,0.1,B5,FAIL,FAIL,VALID
final_control_202,0.001,0.1,B4,FAIL,FAIL,VALID
final_control_202,0.001,0.1,A_no_geometry,FAIL,FAIL,VALID
final_control_202,0.001,0.1,A_no_torque,FAIL,FAIL,VALID
final_control_202,0.001,0.1,A_binary_unknown_fail,FAIL,FAIL,VALID
final_control_202,0.001,0.1,A_accumulated,FAIL,FAIL,VALID
final_control_202,0.001,0.1,A_net_aggregation,FAIL,FAIL,VALID
final_control_202,0.001,0.1,B0,PASS,FAIL,VALID
final_control_202,0.001,0.1,B1,PASS,FAIL,VALID
final_control_202,0.001,0.1,B2,FAIL,FAIL,VALID
final_control_202,0.001,0.1,B3,FAIL,FAIL,VALID
final_control_202,0.001,0.1,B4_normal,FAIL,FAIL,VALID
final_control_202,0.01,1.0,B5,FAIL,FAIL,VALID
final_control_202,0.01,1.0,B4,FAIL,FAIL,VALID
final_control_202,0.01,1.0,A_no_geometry,FAIL,FAIL,VALID
final_control_202,0.01,1.0,A_no_torque,FAIL,FAIL,VALID
final_control_202,0.01,1.0,A_binary_unknown_fail,FAIL,FAIL,VALID
final_control_202,0.01,1.0,A_accumulated,FAIL,FAIL,VALID
final_control_202,0.01,1.0,A_net_aggregation,FAIL,FAIL,VALID
final_control_202,0.01,1.0,B0,PASS,FAIL,VALID
final_control_202,0.01,1.0,B1,PASS,FAIL,VALID
final_control_202,0.01,1.0,B2,FAIL,FAIL,VALID
final_control_202,0.01,1.0,B3,FAIL,FAIL,VALID
final_control_202,0.01,1.0,B4_normal,FAIL,FAIL,VALID
final_control_203,1e-06,0.0001,B5,FAIL,FAIL,VALID
final_control_203,1e-06,0.0001,B4,FAIL,FAIL,VALID
final_control_203,1e-06,0.0001,A_no_geometry,FAIL,FAIL,VALID
final_control_203,1e-06,0.0001,A_no_torque,FAIL,FAIL,VALID
final_control_203,1e-06,0.0001,A_binary_unknown_fail,FAIL,FAIL,VALID
final_control_203,1e-06,0.0001,A_accumulated,FAIL,FAIL,VALID
final_control_203,1e-06,0.0001,A_net_aggregation,FAIL,FAIL,VALID
final_control_203,1e-06,0.0001,B0,PASS,FAIL,VALID
final_control_203,1e-06,0.0001,B1,PASS,FAIL,VALID
final_control_203,1e-06,0.0001,B2,FAIL,FAIL,VALID
final_control_203,1e-06,0.0001,B3,FAIL,FAIL,VALID
final_control_203,1e-06,0.0001,B4_normal,FAIL,FAIL,VALID
final_control_203,1e-05,0.001,B5,FAIL,FAIL,VALID
final_control_203,1e-05,0.001,B4,FAIL,FAIL,VALID
final_control_203,1e-05,0.001,A_no_geometry,FAIL,FAIL,VALID
final_control_203,1e-05,0.001,A_no_torque,FAIL,FAIL,VALID
final_control_203,1e-05,0.001,A_binary_unknown_fail,FAIL,FAIL,VALID
final_control_203,1e-05,0.001,A_accumulated,FAIL,FAIL,VALID
final_control_203,1e-05,0.001,A_net_aggregation,FAIL,FAIL,VALID
final_control_203,1e-05,0.001,B0,PASS,FAIL,VALID
final_control_203,1e-05,0.001,B1,PASS,FAIL,VALID
final_control_203,1e-05,0.001,B2,FAIL,FAIL,VALID
final_control_203,1e-05,0.001,B3,FAIL,FAIL,VALID
final_control_203,1e-05,0.001,B4_normal,FAIL,FAIL,VALID
final_control_203,0.0001,0.01,B5,FAIL,FAIL,VALID
final_control_203,0.0001,0.01,B4,FAIL,FAIL,VALID
final_control_203,0.0001,0.01,A_no_geometry,FAIL,FAIL,VALID
final_control_203,0.0001,0.01,A_no_torque,FAIL,FAIL,VALID
final_control_203,0.0001,0.01,A_binary_unknown_fail,FAIL,FAIL,VALID
final_control_203,0.0001,0.01,A_accumulated,FAIL,FAIL,VALID
final_control_203,0.0001,0.01,A_net_aggregation,FAIL,FAIL,VALID
final_control_203,0.0001,0.01,B0,PASS,FAIL,VALID
final_control_203,0.0001,0.01,B1,PASS,FAIL,VALID
final_control_203,0.0001,0.01,B2,FAIL,FAIL,VALID
final_control_203,0.0001,0.01,B3,FAIL,FAIL,VALID
final_control_203,0.0001,0.01,B4_normal,FAIL,FAIL,VALID
final_control_203,0.001,0.1,B5,FAIL,FAIL,VALID
final_control_203,0.001,0.1,B4,FAIL,FAIL,VALID
final_control_203,0.001,0.1,A_no_geometry,FAIL,FAIL,VALID
final_control_203,0.001,0.1,A_no_torque,FAIL,FAIL,VALID
final_control_203,0.001,0.1,A_binary_unknown_fail,FAIL,FAIL,VALID
final_control_203,0.001,0.1,A_accumulated,FAIL,FAIL,VALID
final_control_203,0.001,0.1,A_net_aggregation,FAIL,FAIL,VALID
final_control_203,0.001,0.1,B0,PASS,FAIL,VALID
final_control_203,0.001,0.1,B1,PASS,FAIL,VALID
final_control_203,0.001,0.1,B2,FAIL,FAIL,VALID
final_control_203,0.001,0.1,B3,FAIL,FAIL,VALID
final_control_203,0.001,0.1,B4_normal,FAIL,FAIL,VALID
final_control_203,0.01,1.0,B5,FAIL,FAIL,VALID
final_control_203,0.01,1.0,B4,FAIL,FAIL,VALID
final_control_203,0.01,1.0,A_no_geometry,FAIL,FAIL,VALID
final_control_203,0.01,1.0,A_no_torque,FAIL,FAIL,VALID
final_control_203,0.01,1.0,A_binary_unknown_fail,FAIL,FAIL,VALID
final_control_203,0.01,1.0,A_accumulated,FAIL,FAIL,VALID
final_control_203,0.01,1.0,A_net_aggregation,FAIL,FAIL,VALID
final_control_203,0.01,1.0,B0,PASS,FAIL,VALID
final_control_203,0.01,1.0,B1,PASS,FAIL,VALID
final_control_203,0.01,1.0,B2,FAIL,FAIL,VALID
final_control_203,0.01,1.0,B3,FAIL,FAIL,VALID
final_control_203,0.01,1.0,B4_normal,FAIL,FAIL,VALID
final_control_204,1e-06,0.0001,B5,FAIL,FAIL,VALID
final_control_204,1e-06,0.0001,B4,FAIL,FAIL,VALID
final_control_204,1e-06,0.0001,A_no_geometry,FAIL,FAIL,VALID
final_control_204,1e-06,0.0001,A_no_torque,FAIL,FAIL,VALID
final_control_204,1e-06,0.0001,A_binary_unknown_fail,FAIL,FAIL,VALID
final_control_204,1e-06,0.0001,A_accumulated,FAIL,FAIL,VALID
final_control_204,1e-06,0.0001,A_net_aggregation,FAIL,FAIL,VALID
final_control_204,1e-06,0.0001,B0,PASS,FAIL,VALID
final_control_204,1e-06,0.0001,B1,PASS,FAIL,VALID
final_control_204,1e-06,0.0001,B2,FAIL,FAIL,VALID
final_control_204,1e-06,0.0001,B3,FAIL,FAIL,VALID
final_control_204,1e-06,0.0001,B4_normal,FAIL,FAIL,VALID
final_control_204,1e-05,0.001,B5,FAIL,FAIL,VALID
final_control_204,1e-05,0.001,B4,FAIL,FAIL,VALID
final_control_204,1e-05,0.001,A_no_geometry,FAIL,FAIL,VALID
final_control_204,1e-05,0.001,A_no_torque,FAIL,FAIL,VALID
final_control_204,1e-05,0.001,A_binary_unknown_fail,FAIL,FAIL,VALID
final_control_204,1e-05,0.001,A_accumulated,FAIL,FAIL,VALID
final_control_204,1e-05,0.001,A_net_aggregation,FAIL,FAIL,VALID
final_control_204,1e-05,0.001,B0,PASS,FAIL,VALID
final_control_204,1e-05,0.001,B1,PASS,FAIL,VALID
final_control_204,1e-05,0.001,B2,FAIL,FAIL,VALID
final_control_204,1e-05,0.001,B3,FAIL,FAIL,VALID
final_control_204,1e-05,0.001,B4_normal,FAIL,FAIL,VALID
final_control_204,0.0001,0.01,B5,FAIL,FAIL,VALID
final_control_204,0.0001,0.01,B4,FAIL,FAIL,VALID
final_control_204,0.0001,0.01,A_no_geometry,FAIL,FAIL,VALID
final_control_204,0.0001,0.01,A_no_torque,FAIL,FAIL,VALID
final_control_204,0.0001,0.01,A_binary_unknown_fail,FAIL,FAIL,VALID
final_control_204,0.0001,0.01,A_accumulated,FAIL,FAIL,VALID
final_control_204,0.0001,0.01,A_net_aggregation,FAIL,FAIL,VALID
final_control_204,0.0001,0.01,B0,PASS,FAIL,VALID
final_control_204,0.0001,0.01,B1,PASS,FAIL,VALID
final_control_204,0.0001,0.01,B2,FAIL,FAIL,VALID
final_control_204,0.0001,0.01,B3,FAIL,FAIL,VALID
final_control_204,0.0001,0.01,B4_normal,FAIL,FAIL,VALID
final_control_204,0.001,0.1,B5,FAIL,FAIL,VALID
final_control_204,0.001,0.1,B4,FAIL,FAIL,VALID
final_control_204,0.001,0.1,A_no_geometry,FAIL,FAIL,VALID
final_control_204,0.001,0.1,A_no_torque,FAIL,FAIL,VALID
final_control_204,0.001,0.1,A_binary_unknown_fail,FAIL,FAIL,VALID
final_control_204,0.001,0.1,A_accumulated,FAIL,FAIL,VALID
final_control_204,0.001,0.1,A_net_aggregation,FAIL,FAIL,VALID
final_control_204,0.001,0.1,B0,PASS,FAIL,VALID
final_control_204,0.001,0.1,B1,PASS,FAIL,VALID
final_control_204,0.001,0.1,B2,FAIL,FAIL,VALID
final_control_204,0.001,0.1,B3,FAIL,FAIL,VALID
final_control_204,0.001,0.1,B4_normal,FAIL,FAIL,VALID
final_control_204,0.01,1.0,B5,FAIL,FAIL,VALID
final_control_204,0.01,1.0,B4,FAIL,FAIL,VALID
final_control_204,0.01,1.0,A_no_geometry,FAIL,FAIL,VALID
final_control_204,0.01,1.0,A_no_torque,FAIL,FAIL,VALID
final_control_204,0.01,1.0,A_binary_unknown_fail,FAIL,FAIL,VALID
final_control_204,0.01,1.0,A_accumulated,FAIL,FAIL,VALID
final_control_204,0.01,1.0,A_net_aggregation,INDETERMINATE,FAIL,VALID
final_control_204,0.01,1.0,B0,PASS,FAIL,VALID
final_control_204,0.01,1.0,B1,PASS,FAIL,VALID
final_control_204,0.01,1.0,B2,FAIL,FAIL,VALID
final_control_204,0.01,1.0,B3,FAIL,FAIL,VALID
final_control_204,0.01,1.0,B4_normal,FAIL,FAIL,VALID
final_control_205,1e-06,0.0001,B5,FAIL,FAIL,VALID
final_control_205,1e-06,0.0001,B4,FAIL,FAIL,VALID
final_control_205,1e-06,0.0001,A_no_geometry,FAIL,FAIL,VALID
final_control_205,1e-06,0.0001,A_no_torque,FAIL,FAIL,VALID
final_control_205,1e-06,0.0001,A_binary_unknown_fail,FAIL,FAIL,VALID
final_control_205,1e-06,0.0001,A_accumulated,PASS,FAIL,VALID
final_control_205,1e-06,0.0001,A_net_aggregation,FAIL,FAIL,VALID
final_control_205,1e-06,0.0001,B0,PASS,FAIL,VALID
final_control_205,1e-06,0.0001,B1,FAIL,FAIL,VALID
final_control_205,1e-06,0.0001,B2,FAIL,FAIL,VALID
final_control_205,1e-06,0.0001,B3,FAIL,FAIL,VALID
final_control_205,1e-06,0.0001,B4_normal,FAIL,FAIL,VALID
final_control_205,1e-05,0.001,B5,FAIL,FAIL,VALID
final_control_205,1e-05,0.001,B4,FAIL,FAIL,VALID
final_control_205,1e-05,0.001,A_no_geometry,FAIL,FAIL,VALID
final_control_205,1e-05,0.001,A_no_torque,FAIL,FAIL,VALID
final_control_205,1e-05,0.001,A_binary_unknown_fail,FAIL,FAIL,VALID
final_control_205,1e-05,0.001,A_accumulated,PASS,FAIL,VALID
final_control_205,1e-05,0.001,A_net_aggregation,FAIL,FAIL,VALID
final_control_205,1e-05,0.001,B0,PASS,FAIL,VALID
final_control_205,1e-05,0.001,B1,FAIL,FAIL,VALID
final_control_205,1e-05,0.001,B2,FAIL,FAIL,VALID
final_control_205,1e-05,0.001,B3,FAIL,FAIL,VALID
final_control_205,1e-05,0.001,B4_normal,FAIL,FAIL,VALID
final_control_205,0.0001,0.01,B5,FAIL,FAIL,VALID
final_control_205,0.0001,0.01,B4,FAIL,FAIL,VALID
final_control_205,0.0001,0.01,A_no_geometry,FAIL,FAIL,VALID
final_control_205,0.0001,0.01,A_no_torque,FAIL,FAIL,VALID
final_control_205,0.0001,0.01,A_binary_unknown_fail,FAIL,FAIL,VALID
final_control_205,0.0001,0.01,A_accumulated,PASS,FAIL,VALID
final_control_205,0.0001,0.01,A_net_aggregation,FAIL,FAIL,VALID
final_control_205,0.0001,0.01,B0,PASS,FAIL,VALID
final_control_205,0.0001,0.01,B1,FAIL,FAIL,VALID
final_control_205,0.0001,0.01,B2,FAIL,FAIL,VALID
final_control_205,0.0001,0.01,B3,FAIL,FAIL,VALID
final_control_205,0.0001,0.01,B4_normal,FAIL,FAIL,VALID
final_control_205,0.001,0.1,B5,FAIL,FAIL,VALID
final_control_205,0.001,0.1,B4,FAIL,FAIL,VALID
final_control_205,0.001,0.1,A_no_geometry,FAIL,FAIL,VALID
final_control_205,0.001,0.1,A_no_torque,FAIL,FAIL,VALID
final_control_205,0.001,0.1,A_binary_unknown_fail,FAIL,FAIL,VALID
final_control_205,0.001,0.1,A_accumulated,PASS,FAIL,VALID
final_control_205,0.001,0.1,A_net_aggregation,FAIL,FAIL,VALID
final_control_205,0.001,0.1,B0,PASS,FAIL,VALID
final_control_205,0.001,0.1,B1,FAIL,FAIL,VALID
final_control_205,0.001,0.1,B2,FAIL,FAIL,VALID
final_control_205,0.001,0.1,B3,FAIL,FAIL,VALID
final_control_205,0.001,0.1,B4_normal,FAIL,FAIL,VALID
final_control_205,0.01,1.0,B5,FAIL,FAIL,VALID
final_control_205,0.01,1.0,B4,FAIL,FAIL,VALID
final_control_205,0.01,1.0,A_no_geometry,FAIL,FAIL,VALID
final_control_205,0.01,1.0,A_no_torque,FAIL,FAIL,VALID
final_control_205,0.01,1.0,A_binary_unknown_fail,FAIL,FAIL,VALID
final_control_205,0.01,1.0,A_accumulated,PASS,FAIL,VALID
final_control_205,0.01,1.0,A_net_aggregation,FAIL,FAIL,VALID
final_control_205,0.01,1.0,B0,PASS,FAIL,VALID
final_control_205,0.01,1.0,B1,FAIL,FAIL,VALID
final_control_205,0.01,1.0,B2,FAIL,FAIL,VALID
final_control_205,0.01,1.0,B3,FAIL,FAIL,VALID
final_control_205,0.01,1.0,B4_normal,FAIL,FAIL,VALID
final_control_206,1e-06,0.0001,B5,FAIL,FAIL,VALID
final_control_206,1e-06,0.0001,B4,FAIL,FAIL,VALID
final_control_206,1e-06,0.0001,A_no_geometry,FAIL,FAIL,VALID
final_control_206,1e-06,0.0001,A_no_torque,FAIL,FAIL,VALID
final_control_206,1e-06,0.0001,A_binary_unknown_fail,FAIL,FAIL,VALID
final_control_206,1e-06,0.0001,A_accumulated,FAIL,FAIL,VALID
final_control_206,1e-06,0.0001,A_net_aggregation,FAIL,FAIL,VALID
final_control_206,1e-06,0.0001,B0,FAIL,FAIL,VALID
final_control_206,1e-06,0.0001,B1,FAIL,FAIL,VALID
final_control_206,1e-06,0.0001,B2,FAIL,FAIL,VALID
final_control_206,1e-06,0.0001,B3,FAIL,FAIL,VALID
final_control_206,1e-06,0.0001,B4_normal,FAIL,FAIL,VALID
final_control_206,1e-05,0.001,B5,FAIL,FAIL,VALID
final_control_206,1e-05,0.001,B4,FAIL,FAIL,VALID
final_control_206,1e-05,0.001,A_no_geometry,FAIL,FAIL,VALID
final_control_206,1e-05,0.001,A_no_torque,FAIL,FAIL,VALID
final_control_206,1e-05,0.001,A_binary_unknown_fail,FAIL,FAIL,VALID
final_control_206,1e-05,0.001,A_accumulated,FAIL,FAIL,VALID
final_control_206,1e-05,0.001,A_net_aggregation,FAIL,FAIL,VALID
final_control_206,1e-05,0.001,B0,FAIL,FAIL,VALID
final_control_206,1e-05,0.001,B1,FAIL,FAIL,VALID
final_control_206,1e-05,0.001,B2,FAIL,FAIL,VALID
final_control_206,1e-05,0.001,B3,FAIL,FAIL,VALID
final_control_206,1e-05,0.001,B4_normal,FAIL,FAIL,VALID
final_control_206,0.0001,0.01,B5,FAIL,FAIL,VALID
final_control_206,0.0001,0.01,B4,FAIL,FAIL,VALID
final_control_206,0.0001,0.01,A_no_geometry,FAIL,FAIL,VALID
final_control_206,0.0001,0.01,A_no_torque,FAIL,FAIL,VALID
final_control_206,0.0001,0.01,A_binary_unknown_fail,FAIL,FAIL,VALID
final_control_206,0.0001,0.01,A_accumulated,FAIL,FAIL,VALID
final_control_206,0.0001,0.01,A_net_aggregation,FAIL,FAIL,VALID
final_control_206,0.0001,0.01,B0,FAIL,FAIL,VALID
final_control_206,0.0001,0.01,B1,FAIL,FAIL,VALID
final_control_206,0.0001,0.01,B2,FAIL,FAIL,VALID
final_control_206,0.0001,0.01,B3,FAIL,FAIL,VALID
final_control_206,0.0001,0.01,B4_normal,FAIL,FAIL,VALID
final_control_206,0.001,0.1,B5,FAIL,FAIL,VALID
final_control_206,0.001,0.1,B4,FAIL,FAIL,VALID
final_control_206,0.001,0.1,A_no_geometry,FAIL,FAIL,VALID
final_control_206,0.001,0.1,A_no_torque,FAIL,FAIL,VALID
final_control_206,0.001,0.1,A_binary_unknown_fail,FAIL,FAIL,VALID
final_control_206,0.001,0.1,A_accumulated,FAIL,FAIL,VALID
final_control_206,0.001,0.1,A_net_aggregation,FAIL,FAIL,VALID
final_control_206,0.001,0.1,B0,FAIL,FAIL,VALID
final_control_206,0.001,0.1,B1,FAIL,FAIL,VALID
final_control_206,0.001,0.1,B2,FAIL,FAIL,VALID
final_control_206,0.001,0.1,B3,FAIL,FAIL,VALID
final_control_206,0.001,0.1,B4_normal,FAIL,FAIL,VALID
final_control_206,0.01,1.0,B5,FAIL,FAIL,VALID
final_control_206,0.01,1.0,B4,FAIL,FAIL,VALID
final_control_206,0.01,1.0,A_no_geometry,FAIL,FAIL,VALID
final_control_206,0.01,1.0,A_no_torque,FAIL,FAIL,VALID
final_control_206,0.01,1.0,A_binary_unknown_fail,FAIL,FAIL,VALID
final_control_206,0.01,1.0,A_accumulated,FAIL,FAIL,VALID
final_control_206,0.01,1.0,A_net_aggregation,FAIL,FAIL,VALID
final_control_206,0.01,1.0,B0,FAIL,FAIL,VALID
final_control_206,0.01,1.0,B1,FAIL,FAIL,VALID
final_control_206,0.01,1.0,B2,FAIL,FAIL,VALID
final_control_206,0.01,1.0,B3,FAIL,FAIL,VALID
final_control_206,0.01,1.0,B4_normal,FAIL,FAIL,VALID
final_control_207,1e-06,0.0001,B5,PASS,PASS,VALID
final_control_207,1e-06,0.0001,B4,PASS,PASS,VALID
final_control_207,1e-06,0.0001,A_no_geometry,PASS,PASS,VALID
final_control_207,1e-06,0.0001,A_no_torque,PASS,PASS,VALID
final_control_207,1e-06,0.0001,A_binary_unknown_fail,PASS,PASS,VALID
final_control_207,1e-06,0.0001,A_accumulated,PASS,PASS,VALID
final_control_207,1e-06,0.0001,A_net_aggregation,PASS,PASS,VALID
final_control_207,1e-06,0.0001,B0,PASS,PASS,VALID
final_control_207,1e-06,0.0001,B1,PASS,PASS,VALID
final_control_207,1e-06,0.0001,B2,FAIL,PASS,VALID
final_control_207,1e-06,0.0001,B3,PASS,PASS,VALID
final_control_207,1e-06,0.0001,B4_normal,PASS,PASS,VALID
final_control_207,1e-05,0.001,B5,PASS,PASS,VALID
final_control_207,1e-05,0.001,B4,PASS,PASS,VALID
final_control_207,1e-05,0.001,A_no_geometry,PASS,PASS,VALID
final_control_207,1e-05,0.001,A_no_torque,PASS,PASS,VALID
final_control_207,1e-05,0.001,A_binary_unknown_fail,PASS,PASS,VALID
final_control_207,1e-05,0.001,A_accumulated,PASS,PASS,VALID
final_control_207,1e-05,0.001,A_net_aggregation,PASS,PASS,VALID
final_control_207,1e-05,0.001,B0,PASS,PASS,VALID
final_control_207,1e-05,0.001,B1,PASS,PASS,VALID
final_control_207,1e-05,0.001,B2,FAIL,PASS,VALID
final_control_207,1e-05,0.001,B3,PASS,PASS,VALID
final_control_207,1e-05,0.001,B4_normal,PASS,PASS,VALID
final_control_207,0.0001,0.01,B5,PASS,PASS,VALID
final_control_207,0.0001,0.01,B4,PASS,PASS,VALID
final_control_207,0.0001,0.01,A_no_geometry,PASS,PASS,VALID
final_control_207,0.0001,0.01,A_no_torque,PASS,PASS,VALID
final_control_207,0.0001,0.01,A_binary_unknown_fail,PASS,PASS,VALID
final_control_207,0.0001,0.01,A_accumulated,PASS,PASS,VALID
final_control_207,0.0001,0.01,A_net_aggregation,PASS,PASS,VALID
final_control_207,0.0001,0.01,B0,PASS,PASS,VALID
final_control_207,0.0001,0.01,B1,PASS,PASS,VALID
final_control_207,0.0001,0.01,B2,FAIL,PASS,VALID
final_control_207,0.0001,0.01,B3,PASS,PASS,VALID
final_control_207,0.0001,0.01,B4_normal,PASS,PASS,VALID
final_control_207,0.001,0.1,B5,PASS,PASS,VALID
final_control_207,0.001,0.1,B4,PASS,PASS,VALID
final_control_207,0.001,0.1,A_no_geometry,PASS,PASS,VALID
final_control_207,0.001,0.1,A_no_torque,PASS,PASS,VALID
final_control_207,0.001,0.1,A_binary_unknown_fail,PASS,PASS,VALID
final_control_207,0.001,0.1,A_accumulated,PASS,PASS,VALID
final_control_207,0.001,0.1,A_net_aggregation,PASS,PASS,VALID
final_control_207,0.001,0.1,B0,PASS,PASS,VALID
final_control_207,0.001,0.1,B1,PASS,PASS,VALID
final_control_207,0.001,0.1,B2,FAIL,PASS,VALID
final_control_207,0.001,0.1,B3,PASS,PASS,VALID
final_control_207,0.001,0.1,B4_normal,PASS,PASS,VALID
final_control_207,0.01,1.0,B5,PASS,PASS,VALID
final_control_207,0.01,1.0,B4,PASS,PASS,VALID
final_control_207,0.01,1.0,A_no_geometry,PASS,PASS,VALID
final_control_207,0.01,1.0,A_no_torque,PASS,PASS,VALID
final_control_207,0.01,1.0,A_binary_unknown_fail,PASS,PASS,VALID
final_control_207,0.01,1.0,A_accumulated,PASS,PASS,VALID
final_control_207,0.01,1.0,A_net_aggregation,PASS,PASS,VALID
final_control_207,0.01,1.0,B0,PASS,PASS,VALID
final_control_207,0.01,1.0,B1,PASS,PASS,VALID
final_control_207,0.01,1.0,B2,FAIL,PASS,VALID
final_control_207,0.01,1.0,B3,PASS,PASS,VALID
final_control_207,0.01,1.0,B4_normal,PASS,PASS,VALID
final_control_208,1e-06,0.0001,B5,PASS,PASS,VALID
final_control_208,1e-06,0.0001,B4,PASS,PASS,VALID
final_control_208,1e-06,0.0001,A_no_geometry,PASS,PASS,VALID
final_control_208,1e-06,0.0001,A_no_torque,PASS,PASS,VALID
final_control_208,1e-06,0.0001,A_binary_unknown_fail,PASS,PASS,VALID
final_control_208,1e-06,0.0001,A_accumulated,PASS,PASS,VALID
final_control_208,1e-06,0.0001,A_net_aggregation,PASS,PASS,VALID
final_control_208,1e-06,0.0001,B0,PASS,PASS,VALID
final_control_208,1e-06,0.0001,B1,PASS,PASS,VALID
final_control_208,1e-06,0.0001,B2,PASS,PASS,VALID
final_control_208,1e-06,0.0001,B3,PASS,PASS,VALID
final_control_208,1e-06,0.0001,B4_normal,PASS,PASS,VALID
final_control_208,1e-05,0.001,B5,PASS,PASS,VALID
final_control_208,1e-05,0.001,B4,PASS,PASS,VALID
final_control_208,1e-05,0.001,A_no_geometry,PASS,PASS,VALID
final_control_208,1e-05,0.001,A_no_torque,PASS,PASS,VALID
final_control_208,1e-05,0.001,A_binary_unknown_fail,PASS,PASS,VALID
final_control_208,1e-05,0.001,A_accumulated,PASS,PASS,VALID
final_control_208,1e-05,0.001,A_net_aggregation,PASS,PASS,VALID
final_control_208,1e-05,0.001,B0,PASS,PASS,VALID
final_control_208,1e-05,0.001,B1,PASS,PASS,VALID
final_control_208,1e-05,0.001,B2,PASS,PASS,VALID
final_control_208,1e-05,0.001,B3,PASS,PASS,VALID
final_control_208,1e-05,0.001,B4_normal,PASS,PASS,VALID
final_control_208,0.0001,0.01,B5,PASS,PASS,VALID
final_control_208,0.0001,0.01,B4,PASS,PASS,VALID
final_control_208,0.0001,0.01,A_no_geometry,PASS,PASS,VALID
final_control_208,0.0001,0.01,A_no_torque,PASS,PASS,VALID
final_control_208,0.0001,0.01,A_binary_unknown_fail,PASS,PASS,VALID
final_control_208,0.0001,0.01,A_accumulated,PASS,PASS,VALID
final_control_208,0.0001,0.01,A_net_aggregation,PASS,PASS,VALID
final_control_208,0.0001,0.01,B0,PASS,PASS,VALID
final_control_208,0.0001,0.01,B1,PASS,PASS,VALID
final_control_208,0.0001,0.01,B2,PASS,PASS,VALID
final_control_208,0.0001,0.01,B3,PASS,PASS,VALID
final_control_208,0.0001,0.01,B4_normal,PASS,PASS,VALID
final_control_208,0.001,0.1,B5,PASS,PASS,VALID
final_control_208,0.001,0.1,B4,PASS,PASS,VALID
final_control_208,0.001,0.1,A_no_geometry,PASS,PASS,VALID
final_control_208,0.001,0.1,A_no_torque,PASS,PASS,VALID
final_control_208,0.001,0.1,A_binary_unknown_fail,PASS,PASS,VALID
final_control_208,0.001,0.1,A_accumulated,PASS,PASS,VALID
final_control_208,0.001,0.1,A_net_aggregation,PASS,PASS,VALID
final_control_208,0.001,0.1,B0,PASS,PASS,VALID
final_control_208,0.001,0.1,B1,PASS,PASS,VALID
final_control_208,0.001,0.1,B2,PASS,PASS,VALID
final_control_208,0.001,0.1,B3,PASS,PASS,VALID
final_control_208,0.001,0.1,B4_normal,PASS,PASS,VALID
final_control_208,0.01,1.0,B5,PASS,PASS,VALID
final_control_208,0.01,1.0,B4,PASS,PASS,VALID
final_control_208,0.01,1.0,A_no_geometry,PASS,PASS,VALID
final_control_208,0.01,1.0,A_no_torque,PASS,PASS,VALID
final_control_208,0.01,1.0,A_binary_unknown_fail,PASS,PASS,VALID
final_control_208,0.01,1.0,A_accumulated,PASS,PASS,VALID
final_control_208,0.01,1.0,A_net_aggregation,PASS,PASS,VALID
final_control_208,0.01,1.0,B0,PASS,PASS,VALID
final_control_208,0.01,1.0,B1,PASS,PASS,VALID
final_control_208,0.01,1.0,B2,PASS,PASS,VALID
final_control_208,0.01,1.0,B3,PASS,PASS,VALID
final_control_208,0.01,1.0,B4_normal,PASS,PASS,VALID
final_control_209,1e-06,0.0001,B5,PASS,PASS,VALID
final_control_209,1e-06,0.0001,B4,PASS,PASS,VALID
final_control_209,1e-06,0.0001,A_no_geometry,PASS,PASS,VALID
final_control_209,1e-06,0.0001,A_no_torque,PASS,PASS,VALID
final_control_209,1e-06,0.0001,A_binary_unknown_fail,PASS,PASS,VALID
final_control_209,1e-06,0.0001,A_accumulated,PASS,PASS,VALID
final_control_209,1e-06,0.0001,A_net_aggregation,PASS,PASS,VALID
final_control_209,1e-06,0.0001,B0,PASS,PASS,VALID
final_control_209,1e-06,0.0001,B1,PASS,PASS,VALID
final_control_209,1e-06,0.0001,B2,FAIL,PASS,VALID
final_control_209,1e-06,0.0001,B3,PASS,PASS,VALID
final_control_209,1e-06,0.0001,B4_normal,PASS,PASS,VALID
final_control_209,1e-05,0.001,B5,PASS,PASS,VALID
final_control_209,1e-05,0.001,B4,PASS,PASS,VALID
final_control_209,1e-05,0.001,A_no_geometry,PASS,PASS,VALID
final_control_209,1e-05,0.001,A_no_torque,PASS,PASS,VALID
final_control_209,1e-05,0.001,A_binary_unknown_fail,PASS,PASS,VALID
final_control_209,1e-05,0.001,A_accumulated,PASS,PASS,VALID
final_control_209,1e-05,0.001,A_net_aggregation,PASS,PASS,VALID
final_control_209,1e-05,0.001,B0,PASS,PASS,VALID
final_control_209,1e-05,0.001,B1,PASS,PASS,VALID
final_control_209,1e-05,0.001,B2,FAIL,PASS,VALID
final_control_209,1e-05,0.001,B3,PASS,PASS,VALID
final_control_209,1e-05,0.001,B4_normal,PASS,PASS,VALID
final_control_209,0.0001,0.01,B5,PASS,PASS,VALID
final_control_209,0.0001,0.01,B4,PASS,PASS,VALID
final_control_209,0.0001,0.01,A_no_geometry,PASS,PASS,VALID
final_control_209,0.0001,0.01,A_no_torque,PASS,PASS,VALID
final_control_209,0.0001,0.01,A_binary_unknown_fail,PASS,PASS,VALID
final_control_209,0.0001,0.01,A_accumulated,PASS,PASS,VALID
final_control_209,0.0001,0.01,A_net_aggregation,PASS,PASS,VALID
final_control_209,0.0001,0.01,B0,PASS,PASS,VALID
final_control_209,0.0001,0.01,B1,PASS,PASS,VALID
final_control_209,0.0001,0.01,B2,FAIL,PASS,VALID
final_control_209,0.0001,0.01,B3,PASS,PASS,VALID
final_control_209,0.0001,0.01,B4_normal,PASS,PASS,VALID
final_control_209,0.001,0.1,B5,PASS,PASS,VALID
final_control_209,0.001,0.1,B4,PASS,PASS,VALID
final_control_209,0.001,0.1,A_no_geometry,PASS,PASS,VALID
final_control_209,0.001,0.1,A_no_torque,PASS,PASS,VALID
final_control_209,0.001,0.1,A_binary_unknown_fail,PASS,PASS,VALID
final_control_209,0.001,0.1,A_accumulated,PASS,PASS,VALID
final_control_209,0.001,0.1,A_net_aggregation,PASS,PASS,VALID
final_control_209,0.001,0.1,B0,PASS,PASS,VALID
final_control_209,0.001,0.1,B1,PASS,PASS,VALID
final_control_209,0.001,0.1,B2,FAIL,PASS,VALID
final_control_209,0.001,0.1,B3,PASS,PASS,VALID
final_control_209,0.001,0.1,B4_normal,PASS,PASS,VALID
final_control_209,0.01,1.0,B5,PASS,PASS,VALID
final_control_209,0.01,1.0,B4,PASS,PASS,VALID
final_control_209,0.01,1.0,A_no_geometry,PASS,PASS,VALID
final_control_209,0.01,1.0,A_no_torque,PASS,PASS,VALID
final_control_209,0.01,1.0,A_binary_unknown_fail,PASS,PASS,VALID
final_control_209,0.01,1.0,A_accumulated,PASS,PASS,VALID
final_control_209,0.01,1.0,A_net_aggregation,PASS,PASS,VALID
final_control_209,0.01,1.0,B0,PASS,PASS,VALID
final_control_209,0.01,1.0,B1,PASS,PASS,VALID
final_control_209,0.01,1.0,B2,FAIL,PASS,VALID
final_control_209,0.01,1.0,B3,PASS,PASS,VALID
final_control_209,0.01,1.0,B4_normal,PASS,PASS,VALID
final_control_210,1e-06,0.0001,B5,FAIL,FAIL,VALID
final_control_210,1e-06,0.0001,B4,FAIL,FAIL,VALID
final_control_210,1e-06,0.0001,A_no_geometry,FAIL,FAIL,VALID
final_control_210,1e-06,0.0001,A_no_torque,FAIL,FAIL,VALID
final_control_210,1e-06,0.0001,A_binary_unknown_fail,FAIL,FAIL,VALID
final_control_210,1e-06,0.0001,A_accumulated,FAIL,FAIL,VALID
final_control_210,1e-06,0.0001,A_net_aggregation,FAIL,FAIL,VALID
final_control_210,1e-06,0.0001,B0,PASS,FAIL,VALID
final_control_210,1e-06,0.0001,B1,PASS,FAIL,VALID
final_control_210,1e-06,0.0001,B2,FAIL,FAIL,VALID
final_control_210,1e-06,0.0001,B3,FAIL,FAIL,VALID
final_control_210,1e-06,0.0001,B4_normal,FAIL,FAIL,VALID
final_control_210,1e-05,0.001,B5,FAIL,FAIL,VALID
final_control_210,1e-05,0.001,B4,FAIL,FAIL,VALID
final_control_210,1e-05,0.001,A_no_geometry,FAIL,FAIL,VALID
final_control_210,1e-05,0.001,A_no_torque,FAIL,FAIL,VALID
final_control_210,1e-05,0.001,A_binary_unknown_fail,FAIL,FAIL,VALID
final_control_210,1e-05,0.001,A_accumulated,FAIL,FAIL,VALID
final_control_210,1e-05,0.001,A_net_aggregation,FAIL,FAIL,VALID
final_control_210,1e-05,0.001,B0,PASS,FAIL,VALID
final_control_210,1e-05,0.001,B1,PASS,FAIL,VALID
final_control_210,1e-05,0.001,B2,FAIL,FAIL,VALID
final_control_210,1e-05,0.001,B3,FAIL,FAIL,VALID
final_control_210,1e-05,0.001,B4_normal,FAIL,FAIL,VALID
final_control_210,0.0001,0.01,B5,FAIL,FAIL,VALID
final_control_210,0.0001,0.01,B4,FAIL,FAIL,VALID
final_control_210,0.0001,0.01,A_no_geometry,FAIL,FAIL,VALID
final_control_210,0.0001,0.01,A_no_torque,FAIL,FAIL,VALID
final_control_210,0.0001,0.01,A_binary_unknown_fail,FAIL,FAIL,VALID
final_control_210,0.0001,0.01,A_accumulated,FAIL,FAIL,VALID
final_control_210,0.0001,0.01,A_net_aggregation,FAIL,FAIL,VALID
final_control_210,0.0001,0.01,B0,PASS,FAIL,VALID
final_control_210,0.0001,0.01,B1,PASS,FAIL,VALID
final_control_210,0.0001,0.01,B2,FAIL,FAIL,VALID
final_control_210,0.0001,0.01,B3,FAIL,FAIL,VALID
final_control_210,0.0001,0.01,B4_normal,FAIL,FAIL,VALID
final_control_210,0.001,0.1,B5,FAIL,FAIL,VALID
final_control_210,0.001,0.1,B4,FAIL,FAIL,VALID
final_control_210,0.001,0.1,A_no_geometry,FAIL,FAIL,VALID
final_control_210,0.001,0.1,A_no_torque,FAIL,FAIL,VALID
final_control_210,0.001,0.1,A_binary_unknown_fail,FAIL,FAIL,VALID
final_control_210,0.001,0.1,A_accumulated,FAIL,FAIL,VALID
final_control_210,0.001,0.1,A_net_aggregation,FAIL,FAIL,VALID
final_control_210,0.001,0.1,B0,PASS,FAIL,VALID
final_control_210,0.001,0.1,B1,PASS,FAIL,VALID
final_control_210,0.001,0.1,B2,FAIL,FAIL,VALID
final_control_210,0.001,0.1,B3,FAIL,FAIL,VALID
final_control_210,0.001,0.1,B4_normal,FAIL,FAIL,VALID
final_control_210,0.01,1.0,B5,FAIL,FAIL,VALID
final_control_210,0.01,1.0,B4,FAIL,FAIL,VALID
final_control_210,0.01,1.0,A_no_geometry,FAIL,FAIL,VALID
final_control_210,0.01,1.0,A_no_torque,FAIL,FAIL,VALID
final_control_210,0.01,1.0,A_binary_unknown_fail,FAIL,FAIL,VALID
final_control_210,0.01,1.0,A_accumulated,FAIL,FAIL,VALID
final_control_210,0.01,1.0,A_net_aggregation,FAIL,FAIL,VALID
final_control_210,0.01,1.0,B0,PASS,FAIL,VALID
final_control_210,0.01,1.0,B1,PASS,FAIL,VALID
final_control_210,0.01,1.0,B2,FAIL,FAIL,VALID
final_control_210,0.01,1.0,B3,FAIL,FAIL,VALID
final_control_210,0.01,1.0,B4_normal,FAIL,FAIL,VALID
final_control_211,1e-06,0.0001,B5,FAIL,FAIL,VALID
final_control_211,1e-06,0.0001,B4,FAIL,FAIL,VALID
final_control_211,1e-06,0.0001,A_no_geometry,FAIL,FAIL,VALID
final_control_211,1e-06,0.0001,A_no_torque,FAIL,FAIL,VALID
final_control_211,1e-06,0.0001,A_binary_unknown_fail,FAIL,FAIL,VALID
final_control_211,1e-06,0.0001,A_accumulated,FAIL,FAIL,VALID
final_control_211,1e-06,0.0001,A_net_aggregation,FAIL,FAIL,VALID
final_control_211,1e-06,0.0001,B0,PASS,FAIL,VALID
final_control_211,1e-06,0.0001,B1,PASS,FAIL,VALID
final_control_211,1e-06,0.0001,B2,FAIL,FAIL,VALID
final_control_211,1e-06,0.0001,B3,FAIL,FAIL,VALID
final_control_211,1e-06,0.0001,B4_normal,FAIL,FAIL,VALID
final_control_211,1e-05,0.001,B5,FAIL,FAIL,VALID
final_control_211,1e-05,0.001,B4,FAIL,FAIL,VALID
final_control_211,1e-05,0.001,A_no_geometry,FAIL,FAIL,VALID
final_control_211,1e-05,0.001,A_no_torque,FAIL,FAIL,VALID
final_control_211,1e-05,0.001,A_binary_unknown_fail,FAIL,FAIL,VALID
final_control_211,1e-05,0.001,A_accumulated,FAIL,FAIL,VALID
final_control_211,1e-05,0.001,A_net_aggregation,FAIL,FAIL,VALID
final_control_211,1e-05,0.001,B0,PASS,FAIL,VALID
final_control_211,1e-05,0.001,B1,PASS,FAIL,VALID
final_control_211,1e-05,0.001,B2,FAIL,FAIL,VALID
final_control_211,1e-05,0.001,B3,FAIL,FAIL,VALID
final_control_211,1e-05,0.001,B4_normal,FAIL,FAIL,VALID
final_control_211,0.0001,0.01,B5,FAIL,FAIL,VALID
final_control_211,0.0001,0.01,B4,FAIL,FAIL,VALID
final_control_211,0.0001,0.01,A_no_geometry,FAIL,FAIL,VALID
final_control_211,0.0001,0.01,A_no_torque,FAIL,FAIL,VALID
final_control_211,0.0001,0.01,A_binary_unknown_fail,FAIL,FAIL,VALID
final_control_211,0.0001,0.01,A_accumulated,FAIL,FAIL,VALID
final_control_211,0.0001,0.01,A_net_aggregation,FAIL,FAIL,VALID
final_control_211,0.0001,0.01,B0,PASS,FAIL,VALID
final_control_211,0.0001,0.01,B1,PASS,FAIL,VALID
final_control_211,0.0001,0.01,B2,FAIL,FAIL,VALID
final_control_211,0.0001,0.01,B3,FAIL,FAIL,VALID
final_control_211,0.0001,0.01,B4_normal,FAIL,FAIL,VALID
final_control_211,0.001,0.1,B5,FAIL,FAIL,VALID
final_control_211,0.001,0.1,B4,FAIL,FAIL,VALID
final_control_211,0.001,0.1,A_no_geometry,FAIL,FAIL,VALID
final_control_211,0.001,0.1,A_no_torque,FAIL,FAIL,VALID
final_control_211,0.001,0.1,A_binary_unknown_fail,FAIL,FAIL,VALID
final_control_211,0.001,0.1,A_accumulated,FAIL,FAIL,VALID
final_control_211,0.001,0.1,A_net_aggregation,FAIL,FAIL,VALID
final_control_211,0.001,0.1,B0,PASS,FAIL,VALID
final_control_211,0.001,0.1,B1,PASS,FAIL,VALID
final_control_211,0.001,0.1,B2,FAIL,FAIL,VALID
final_control_211,0.001,0.1,B3,FAIL,FAIL,VALID
final_control_211,0.001,0.1,B4_normal,FAIL,FAIL,VALID
final_control_211,0.01,1.0,B5,FAIL,FAIL,VALID
final_control_211,0.01,1.0,B4,FAIL,FAIL,VALID
final_control_211,0.01,1.0,A_no_geometry,FAIL,FAIL,VALID
final_control_211,0.01,1.0,A_no_torque,FAIL,FAIL,VALID
final_control_211,0.01,1.0,A_binary_unknown_fail,FAIL,FAIL,VALID
final_control_211,0.01,1.0,A_accumulated,FAIL,FAIL,VALID
final_control_211,0.01,1.0,A_net_aggregation,FAIL,FAIL,VALID
final_control_211,0.01,1.0,B0,PASS,FAIL,VALID
final_control_211,0.01,1.0,B1,PASS,FAIL,VALID
final_control_211,0.01,1.0,B2,FAIL,FAIL,VALID
final_control_211,0.01,1.0,B3,FAIL,FAIL,VALID
final_control_211,0.01,1.0,B4_normal,FAIL,FAIL,VALID
final_control_212,1e-06,0.0001,B5,FAIL,FAIL,VALID
final_control_212,1e-06,0.0001,B4,FAIL,FAIL,VALID
final_control_212,1e-06,0.0001,A_no_geometry,FAIL,FAIL,VALID
final_control_212,1e-06,0.0001,A_no_torque,FAIL,FAIL,VALID
final_control_212,1e-06,0.0001,A_binary_unknown_fail,FAIL,FAIL,VALID
final_control_212,1e-06,0.0001,A_accumulated,FAIL,FAIL,VALID
final_control_212,1e-06,0.0001,A_net_aggregation,FAIL,FAIL,VALID
final_control_212,1e-06,0.0001,B0,PASS,FAIL,VALID
final_control_212,1e-06,0.0001,B1,PASS,FAIL,VALID
final_control_212,1e-06,0.0001,B2,FAIL,FAIL,VALID
final_control_212,1e-06,0.0001,B3,FAIL,FAIL,VALID
final_control_212,1e-06,0.0001,B4_normal,FAIL,FAIL,VALID
final_control_212,1e-05,0.001,B5,FAIL,FAIL,VALID
final_control_212,1e-05,0.001,B4,FAIL,FAIL,VALID
final_control_212,1e-05,0.001,A_no_geometry,FAIL,FAIL,VALID
final_control_212,1e-05,0.001,A_no_torque,FAIL,FAIL,VALID
final_control_212,1e-05,0.001,A_binary_unknown_fail,FAIL,FAIL,VALID
final_control_212,1e-05,0.001,A_accumulated,FAIL,FAIL,VALID
final_control_212,1e-05,0.001,A_net_aggregation,FAIL,FAIL,VALID
final_control_212,1e-05,0.001,B0,PASS,FAIL,VALID
final_control_212,1e-05,0.001,B1,PASS,FAIL,VALID
final_control_212,1e-05,0.001,B2,FAIL,FAIL,VALID
final_control_212,1e-05,0.001,B3,FAIL,FAIL,VALID
final_control_212,1e-05,0.001,B4_normal,FAIL,FAIL,VALID
final_control_212,0.0001,0.01,B5,FAIL,FAIL,VALID
final_control_212,0.0001,0.01,B4,FAIL,FAIL,VALID
final_control_212,0.0001,0.01,A_no_geometry,FAIL,FAIL,VALID
final_control_212,0.0001,0.01,A_no_torque,FAIL,FAIL,VALID
final_control_212,0.0001,0.01,A_binary_unknown_fail,FAIL,FAIL,VALID
final_control_212,0.0001,0.01,A_accumulated,FAIL,FAIL,VALID
final_control_212,0.0001,0.01,A_net_aggregation,FAIL,FAIL,VALID
final_control_212,0.0001,0.01,B0,PASS,FAIL,VALID
final_control_212,0.0001,0.01,B1,PASS,FAIL,VALID
final_control_212,0.0001,0.01,B2,FAIL,FAIL,VALID
final_control_212,0.0001,0.01,B3,FAIL,FAIL,VALID
final_control_212,0.0001,0.01,B4_normal,FAIL,FAIL,VALID
final_control_212,0.001,0.1,B5,FAIL,FAIL,VALID
final_control_212,0.001,0.1,B4,FAIL,FAIL,VALID
final_control_212,0.001,0.1,A_no_geometry,FAIL,FAIL,VALID
final_control_212,0.001,0.1,A_no_torque,FAIL,FAIL,VALID
final_control_212,0.001,0.1,A_binary_unknown_fail,FAIL,FAIL,VALID
final_control_212,0.001,0.1,A_accumulated,FAIL,FAIL,VALID
final_control_212,0.001,0.1,A_net_aggregation,FAIL,FAIL,VALID
final_control_212,0.001,0.1,B0,PASS,FAIL,VALID
final_control_212,0.001,0.1,B1,PASS,FAIL,VALID
final_control_212,0.001,0.1,B2,FAIL,FAIL,VALID
final_control_212,0.001,0.1,B3,FAIL,FAIL,VALID
final_control_212,0.001,0.1,B4_normal,FAIL,FAIL,VALID
final_control_212,0.01,1.0,B5,FAIL,FAIL,VALID
final_control_212,0.01,1.0,B4,FAIL,FAIL,VALID
final_control_212,0.01,1.0,A_no_geometry,FAIL,FAIL,VALID
final_control_212,0.01,1.0,A_no_torque,FAIL,FAIL,VALID
final_control_212,0.01,1.0,A_binary_unknown_fail,FAIL,FAIL,VALID
final_control_212,0.01,1.0,A_accumulated,FAIL,FAIL,VALID
final_control_212,0.01,1.0,A_net_aggregation,INDETERMINATE,FAIL,VALID
final_control_212,0.01,1.0,B0,PASS,FAIL,VALID
final_control_212,0.01,1.0,B1,PASS,FAIL,VALID
final_control_212,0.01,1.0,B2,FAIL,FAIL,VALID
final_control_212,0.01,1.0,B3,FAIL,FAIL,VALID
final_control_212,0.01,1.0,B4_normal,FAIL,FAIL,VALID
final_control_213,1e-06,0.0001,B5,FAIL,FAIL,VALID
final_control_213,1e-06,0.0001,B4,FAIL,FAIL,VALID
final_control_213,1e-06,0.0001,A_no_geometry,FAIL,FAIL,VALID
final_control_213,1e-06,0.0001,A_no_torque,FAIL,FAIL,VALID
final_control_213,1e-06,0.0001,A_binary_unknown_fail,FAIL,FAIL,VALID
final_control_213,1e-06,0.0001,A_accumulated,PASS,FAIL,VALID
final_control_213,1e-06,0.0001,A_net_aggregation,FAIL,FAIL,VALID
final_control_213,1e-06,0.0001,B0,PASS,FAIL,VALID
final_control_213,1e-06,0.0001,B1,FAIL,FAIL,VALID
final_control_213,1e-06,0.0001,B2,FAIL,FAIL,VALID
final_control_213,1e-06,0.0001,B3,FAIL,FAIL,VALID
final_control_213,1e-06,0.0001,B4_normal,FAIL,FAIL,VALID
final_control_213,1e-05,0.001,B5,FAIL,FAIL,VALID
final_control_213,1e-05,0.001,B4,FAIL,FAIL,VALID
final_control_213,1e-05,0.001,A_no_geometry,FAIL,FAIL,VALID
final_control_213,1e-05,0.001,A_no_torque,FAIL,FAIL,VALID
final_control_213,1e-05,0.001,A_binary_unknown_fail,FAIL,FAIL,VALID
final_control_213,1e-05,0.001,A_accumulated,PASS,FAIL,VALID
final_control_213,1e-05,0.001,A_net_aggregation,FAIL,FAIL,VALID
final_control_213,1e-05,0.001,B0,PASS,FAIL,VALID
final_control_213,1e-05,0.001,B1,FAIL,FAIL,VALID
final_control_213,1e-05,0.001,B2,FAIL,FAIL,VALID
final_control_213,1e-05,0.001,B3,FAIL,FAIL,VALID
final_control_213,1e-05,0.001,B4_normal,FAIL,FAIL,VALID
final_control_213,0.0001,0.01,B5,FAIL,FAIL,VALID
final_control_213,0.0001,0.01,B4,FAIL,FAIL,VALID
final_control_213,0.0001,0.01,A_no_geometry,FAIL,FAIL,VALID
final_control_213,0.0001,0.01,A_no_torque,FAIL,FAIL,VALID
final_control_213,0.0001,0.01,A_binary_unknown_fail,FAIL,FAIL,VALID
final_control_213,0.0001,0.01,A_accumulated,PASS,FAIL,VALID
final_control_213,0.0001,0.01,A_net_aggregation,FAIL,FAIL,VALID
final_control_213,0.0001,0.01,B0,PASS,FAIL,VALID
final_control_213,0.0001,0.01,B1,FAIL,FAIL,VALID
final_control_213,0.0001,0.01,B2,FAIL,FAIL,VALID
final_control_213,0.0001,0.01,B3,FAIL,FAIL,VALID
final_control_213,0.0001,0.01,B4_normal,FAIL,FAIL,VALID
final_control_213,0.001,0.1,B5,FAIL,FAIL,VALID
final_control_213,0.001,0.1,B4,FAIL,FAIL,VALID
final_control_213,0.001,0.1,A_no_geometry,FAIL,FAIL,VALID
final_control_213,0.001,0.1,A_no_torque,FAIL,FAIL,VALID
final_control_213,0.001,0.1,A_binary_unknown_fail,FAIL,FAIL,VALID
final_control_213,0.001,0.1,A_accumulated,PASS,FAIL,VALID
final_control_213,0.001,0.1,A_net_aggregation,FAIL,FAIL,VALID
final_control_213,0.001,0.1,B0,PASS,FAIL,VALID
final_control_213,0.001,0.1,B1,FAIL,FAIL,VALID
final_control_213,0.001,0.1,B2,FAIL,FAIL,VALID
final_control_213,0.001,0.1,B3,FAIL,FAIL,VALID
final_control_213,0.001,0.1,B4_normal,FAIL,FAIL,VALID
final_control_213,0.01,1.0,B5,FAIL,FAIL,VALID
final_control_213,0.01,1.0,B4,FAIL,FAIL,VALID
final_control_213,0.01,1.0,A_no_geometry,FAIL,FAIL,VALID
final_control_213,0.01,1.0,A_no_torque,FAIL,FAIL,VALID
final_control_213,0.01,1.0,A_binary_unknown_fail,FAIL,FAIL,VALID
final_control_213,0.01,1.0,A_accumulated,PASS,FAIL,VALID
final_control_213,0.01,1.0,A_net_aggregation,FAIL,FAIL,VALID
final_control_213,0.01,1.0,B0,PASS,FAIL,VALID
final_control_213,0.01,1.0,B1,FAIL,FAIL,VALID
final_control_213,0.01,1.0,B2,FAIL,FAIL,VALID
final_control_213,0.01,1.0,B3,FAIL,FAIL,VALID
final_control_213,0.01,1.0,B4_normal,FAIL,FAIL,VALID
final_control_214,1e-06,0.0001,B5,FAIL,FAIL,VALID
final_control_214,1e-06,0.0001,B4,FAIL,FAIL,VALID
final_control_214,1e-06,0.0001,A_no_geometry,FAIL,FAIL,VALID
final_control_214,1e-06,0.0001,A_no_torque,FAIL,FAIL,VALID
final_control_214,1e-06,0.0001,A_binary_unknown_fail,FAIL,FAIL,VALID
final_control_214,1e-06,0.0001,A_accumulated,FAIL,FAIL,VALID
final_control_214,1e-06,0.0001,A_net_aggregation,FAIL,FAIL,VALID
final_control_214,1e-06,0.0001,B0,FAIL,FAIL,VALID
final_control_214,1e-06,0.0001,B1,FAIL,FAIL,VALID
final_control_214,1e-06,0.0001,B2,FAIL,FAIL,VALID
final_control_214,1e-06,0.0001,B3,FAIL,FAIL,VALID
final_control_214,1e-06,0.0001,B4_normal,FAIL,FAIL,VALID
final_control_214,1e-05,0.001,B5,FAIL,FAIL,VALID
final_control_214,1e-05,0.001,B4,FAIL,FAIL,VALID
final_control_214,1e-05,0.001,A_no_geometry,FAIL,FAIL,VALID
final_control_214,1e-05,0.001,A_no_torque,FAIL,FAIL,VALID
final_control_214,1e-05,0.001,A_binary_unknown_fail,FAIL,FAIL,VALID
final_control_214,1e-05,0.001,A_accumulated,FAIL,FAIL,VALID
final_control_214,1e-05,0.001,A_net_aggregation,FAIL,FAIL,VALID
final_control_214,1e-05,0.001,B0,FAIL,FAIL,VALID
final_control_214,1e-05,0.001,B1,FAIL,FAIL,VALID
final_control_214,1e-05,0.001,B2,FAIL,FAIL,VALID
final_control_214,1e-05,0.001,B3,FAIL,FAIL,VALID
final_control_214,1e-05,0.001,B4_normal,FAIL,FAIL,VALID
final_control_214,0.0001,0.01,B5,FAIL,FAIL,VALID
final_control_214,0.0001,0.01,B4,FAIL,FAIL,VALID
final_control_214,0.0001,0.01,A_no_geometry,FAIL,FAIL,VALID
final_control_214,0.0001,0.01,A_no_torque,FAIL,FAIL,VALID
final_control_214,0.0001,0.01,A_binary_unknown_fail,FAIL,FAIL,VALID
final_control_214,0.0001,0.01,A_accumulated,FAIL,FAIL,VALID
final_control_214,0.0001,0.01,A_net_aggregation,FAIL,FAIL,VALID
final_control_214,0.0001,0.01,B0,FAIL,FAIL,VALID
final_control_214,0.0001,0.01,B1,FAIL,FAIL,VALID
final_control_214,0.0001,0.01,B2,FAIL,FAIL,VALID
final_control_214,0.0001,0.01,B3,FAIL,FAIL,VALID
final_control_214,0.0001,0.01,B4_normal,FAIL,FAIL,VALID
final_control_214,0.001,0.1,B5,FAIL,FAIL,VALID
final_control_214,0.001,0.1,B4,FAIL,FAIL,VALID
final_control_214,0.001,0.1,A_no_geometry,FAIL,FAIL,VALID
final_control_214,0.001,0.1,A_no_torque,FAIL,FAIL,VALID
final_control_214,0.001,0.1,A_binary_unknown_fail,FAIL,FAIL,VALID
final_control_214,0.001,0.1,A_accumulated,FAIL,FAIL,VALID
final_control_214,0.001,0.1,A_net_aggregation,FAIL,FAIL,VALID
final_control_214,0.001,0.1,B0,FAIL,FAIL,VALID
final_control_214,0.001,0.1,B1,FAIL,FAIL,VALID
final_control_214,0.001,0.1,B2,FAIL,FAIL,VALID
final_control_214,0.001,0.1,B3,FAIL,FAIL,VALID
final_control_214,0.001,0.1,B4_normal,FAIL,FAIL,VALID
final_control_214,0.01,1.0,B5,FAIL,FAIL,VALID
final_control_214,0.01,1.0,B4,FAIL,FAIL,VALID
final_control_214,0.01,1.0,A_no_geometry,FAIL,FAIL,VALID
final_control_214,0.01,1.0,A_no_torque,FAIL,FAIL,VALID
final_control_214,0.01,1.0,A_binary_unknown_fail,FAIL,FAIL,VALID
final_control_214,0.01,1.0,A_accumulated,FAIL,FAIL,VALID
final_control_214,0.01,1.0,A_net_aggregation,FAIL,FAIL,VALID
final_control_214,0.01,1.0,B0,FAIL,FAIL,VALID
final_control_214,0.01,1.0,B1,FAIL,FAIL,VALID
final_control_214,0.01,1.0,B2,FAIL,FAIL,VALID
final_control_214,0.01,1.0,B3,FAIL,FAIL,VALID
final_control_214,0.01,1.0,B4_normal,FAIL,FAIL,VALID
final_control_215,1e-06,0.0001,B5,PASS,PASS,VALID
final_control_215,1e-06,0.0001,B4,PASS,PASS,VALID
final_control_215,1e-06,0.0001,A_no_geometry,PASS,PASS,VALID
final_control_215,1e-06,0.0001,A_no_torque,PASS,PASS,VALID
final_control_215,1e-06,0.0001,A_binary_unknown_fail,PASS,PASS,VALID
final_control_215,1e-06,0.0001,A_accumulated,PASS,PASS,VALID
final_control_215,1e-06,0.0001,A_net_aggregation,PASS,PASS,VALID
final_control_215,1e-06,0.0001,B0,PASS,PASS,VALID
final_control_215,1e-06,0.0001,B1,PASS,PASS,VALID
final_control_215,1e-06,0.0001,B2,FAIL,PASS,VALID
final_control_215,1e-06,0.0001,B3,PASS,PASS,VALID
final_control_215,1e-06,0.0001,B4_normal,PASS,PASS,VALID
final_control_215,1e-05,0.001,B5,PASS,PASS,VALID
final_control_215,1e-05,0.001,B4,PASS,PASS,VALID
final_control_215,1e-05,0.001,A_no_geometry,PASS,PASS,VALID
final_control_215,1e-05,0.001,A_no_torque,PASS,PASS,VALID
final_control_215,1e-05,0.001,A_binary_unknown_fail,PASS,PASS,VALID
final_control_215,1e-05,0.001,A_accumulated,PASS,PASS,VALID
final_control_215,1e-05,0.001,A_net_aggregation,PASS,PASS,VALID
final_control_215,1e-05,0.001,B0,PASS,PASS,VALID
final_control_215,1e-05,0.001,B1,PASS,PASS,VALID
final_control_215,1e-05,0.001,B2,FAIL,PASS,VALID
final_control_215,1e-05,0.001,B3,PASS,PASS,VALID
final_control_215,1e-05,0.001,B4_normal,PASS,PASS,VALID
final_control_215,0.0001,0.01,B5,PASS,PASS,VALID
final_control_215,0.0001,0.01,B4,PASS,PASS,VALID
final_control_215,0.0001,0.01,A_no_geometry,PASS,PASS,VALID
final_control_215,0.0001,0.01,A_no_torque,PASS,PASS,VALID
final_control_215,0.0001,0.01,A_binary_unknown_fail,PASS,PASS,VALID
final_control_215,0.0001,0.01,A_accumulated,PASS,PASS,VALID
final_control_215,0.0001,0.01,A_net_aggregation,PASS,PASS,VALID
final_control_215,0.0001,0.01,B0,PASS,PASS,VALID
final_control_215,0.0001,0.01,B1,PASS,PASS,VALID
final_control_215,0.0001,0.01,B2,FAIL,PASS,VALID
final_control_215,0.0001,0.01,B3,PASS,PASS,VALID
final_control_215,0.0001,0.01,B4_normal,PASS,PASS,VALID
final_control_215,0.001,0.1,B5,PASS,PASS,VALID
final_control_215,0.001,0.1,B4,PASS,PASS,VALID
final_control_215,0.001,0.1,A_no_geometry,PASS,PASS,VALID
final_control_215,0.001,0.1,A_no_torque,PASS,PASS,VALID
final_control_215,0.001,0.1,A_binary_unknown_fail,PASS,PASS,VALID
final_control_215,0.001,0.1,A_accumulated,PASS,PASS,VALID
final_control_215,0.001,0.1,A_net_aggregation,PASS,PASS,VALID
final_control_215,0.001,0.1,B0,PASS,PASS,VALID
final_control_215,0.001,0.1,B1,PASS,PASS,VALID
final_control_215,0.001,0.1,B2,FAIL,PASS,VALID
final_control_215,0.001,0.1,B3,PASS,PASS,VALID
final_control_215,0.001,0.1,B4_normal,PASS,PASS,VALID
final_control_215,0.01,1.0,B5,PASS,PASS,VALID
final_control_215,0.01,1.0,B4,PASS,PASS,VALID
final_control_215,0.01,1.0,A_no_geometry,PASS,PASS,VALID
final_control_215,0.01,1.0,A_no_torque,PASS,PASS,VALID
final_control_215,0.01,1.0,A_binary_unknown_fail,PASS,PASS,VALID
final_control_215,0.01,1.0,A_accumulated,PASS,PASS,VALID
final_control_215,0.01,1.0,A_net_aggregation,PASS,PASS,VALID
final_control_215,0.01,1.0,B0,PASS,PASS,VALID
final_control_215,0.01,1.0,B1,PASS,PASS,VALID
final_control_215,0.01,1.0,B2,FAIL,PASS,VALID
final_control_215,0.01,1.0,B3,PASS,PASS,VALID
final_control_215,0.01,1.0,B4_normal,PASS,PASS,VALID
final_control_216,1e-06,0.0001,B5,PASS,PASS,VALID
final_control_216,1e-06,0.0001,B4,PASS,PASS,VALID
final_control_216,1e-06,0.0001,A_no_geometry,PASS,PASS,VALID
final_control_216,1e-06,0.0001,A_no_torque,PASS,PASS,VALID
final_control_216,1e-06,0.0001,A_binary_unknown_fail,PASS,PASS,VALID
final_control_216,1e-06,0.0001,A_accumulated,PASS,PASS,VALID
final_control_216,1e-06,0.0001,A_net_aggregation,PASS,PASS,VALID
final_control_216,1e-06,0.0001,B0,PASS,PASS,VALID
final_control_216,1e-06,0.0001,B1,PASS,PASS,VALID
final_control_216,1e-06,0.0001,B2,PASS,PASS,VALID
final_control_216,1e-06,0.0001,B3,PASS,PASS,VALID
final_control_216,1e-06,0.0001,B4_normal,PASS,PASS,VALID
final_control_216,1e-05,0.001,B5,PASS,PASS,VALID
final_control_216,1e-05,0.001,B4,PASS,PASS,VALID
final_control_216,1e-05,0.001,A_no_geometry,PASS,PASS,VALID
final_control_216,1e-05,0.001,A_no_torque,PASS,PASS,VALID
final_control_216,1e-05,0.001,A_binary_unknown_fail,PASS,PASS,VALID
final_control_216,1e-05,0.001,A_accumulated,PASS,PASS,VALID
final_control_216,1e-05,0.001,A_net_aggregation,PASS,PASS,VALID
final_control_216,1e-05,0.001,B0,PASS,PASS,VALID
final_control_216,1e-05,0.001,B1,PASS,PASS,VALID
final_control_216,1e-05,0.001,B2,PASS,PASS,VALID
final_control_216,1e-05,0.001,B3,PASS,PASS,VALID
final_control_216,1e-05,0.001,B4_normal,PASS,PASS,VALID
final_control_216,0.0001,0.01,B5,PASS,PASS,VALID
final_control_216,0.0001,0.01,B4,PASS,PASS,VALID
final_control_216,0.0001,0.01,A_no_geometry,PASS,PASS,VALID
final_control_216,0.0001,0.01,A_no_torque,PASS,PASS,VALID
final_control_216,0.0001,0.01,A_binary_unknown_fail,PASS,PASS,VALID
final_control_216,0.0001,0.01,A_accumulated,PASS,PASS,VALID
final_control_216,0.0001,0.01,A_net_aggregation,PASS,PASS,VALID
final_control_216,0.0001,0.01,B0,PASS,PASS,VALID
final_control_216,0.0001,0.01,B1,PASS,PASS,VALID
final_control_216,0.0001,0.01,B2,PASS,PASS,VALID
final_control_216,0.0001,0.01,B3,PASS,PASS,VALID
final_control_216,0.0001,0.01,B4_normal,PASS,PASS,VALID
final_control_216,0.001,0.1,B5,PASS,PASS,VALID
final_control_216,0.001,0.1,B4,PASS,PASS,VALID
final_control_216,0.001,0.1,A_no_geometry,PASS,PASS,VALID
final_control_216,0.001,0.1,A_no_torque,PASS,PASS,VALID
final_control_216,0.001,0.1,A_binary_unknown_fail,PASS,PASS,VALID
final_control_216,0.001,0.1,A_accumulated,PASS,PASS,VALID
final_control_216,0.001,0.1,A_net_aggregation,PASS,PASS,VALID
final_control_216,0.001,0.1,B0,PASS,PASS,VALID
final_control_216,0.001,0.1,B1,PASS,PASS,VALID
final_control_216,0.001,0.1,B2,PASS,PASS,VALID
final_control_216,0.001,0.1,B3,PASS,PASS,VALID
final_control_216,0.001,0.1,B4_normal,PASS,PASS,VALID
final_control_216,0.01,1.0,B5,PASS,PASS,VALID
final_control_216,0.01,1.0,B4,PASS,PASS,VALID
final_control_216,0.01,1.0,A_no_geometry,PASS,PASS,VALID
final_control_216,0.01,1.0,A_no_torque,PASS,PASS,VALID
final_control_216,0.01,1.0,A_binary_unknown_fail,PASS,PASS,VALID
final_control_216,0.01,1.0,A_accumulated,PASS,PASS,VALID
final_control_216,0.01,1.0,A_net_aggregation,PASS,PASS,VALID
final_control_216,0.01,1.0,B0,PASS,PASS,VALID
final_control_216,0.01,1.0,B1,PASS,PASS,VALID
final_control_216,0.01,1.0,B2,PASS,PASS,VALID
final_control_216,0.01,1.0,B3,PASS,PASS,VALID
final_control_216,0.01,1.0,B4_normal,PASS,PASS,VALID
final_control_217,1e-06,0.0001,B5,PASS,PASS,VALID
final_control_217,1e-06,0.0001,B4,PASS,PASS,VALID
final_control_217,1e-06,0.0001,A_no_geometry,PASS,PASS,VALID
final_control_217,1e-06,0.0001,A_no_torque,PASS,PASS,VALID
final_control_217,1e-06,0.0001,A_binary_unknown_fail,PASS,PASS,VALID
final_control_217,1e-06,0.0001,A_accumulated,PASS,PASS,VALID
final_control_217,1e-06,0.0001,A_net_aggregation,PASS,PASS,VALID
final_control_217,1e-06,0.0001,B0,PASS,PASS,VALID
final_control_217,1e-06,0.0001,B1,PASS,PASS,VALID
final_control_217,1e-06,0.0001,B2,FAIL,PASS,VALID
final_control_217,1e-06,0.0001,B3,PASS,PASS,VALID
final_control_217,1e-06,0.0001,B4_normal,PASS,PASS,VALID
final_control_217,1e-05,0.001,B5,PASS,PASS,VALID
final_control_217,1e-05,0.001,B4,PASS,PASS,VALID
final_control_217,1e-05,0.001,A_no_geometry,PASS,PASS,VALID
final_control_217,1e-05,0.001,A_no_torque,PASS,PASS,VALID
final_control_217,1e-05,0.001,A_binary_unknown_fail,PASS,PASS,VALID
final_control_217,1e-05,0.001,A_accumulated,PASS,PASS,VALID
final_control_217,1e-05,0.001,A_net_aggregation,PASS,PASS,VALID
final_control_217,1e-05,0.001,B0,PASS,PASS,VALID
final_control_217,1e-05,0.001,B1,PASS,PASS,VALID
final_control_217,1e-05,0.001,B2,FAIL,PASS,VALID
final_control_217,1e-05,0.001,B3,PASS,PASS,VALID
final_control_217,1e-05,0.001,B4_normal,PASS,PASS,VALID
final_control_217,0.0001,0.01,B5,PASS,PASS,VALID
final_control_217,0.0001,0.01,B4,PASS,PASS,VALID
final_control_217,0.0001,0.01,A_no_geometry,PASS,PASS,VALID
final_control_217,0.0001,0.01,A_no_torque,PASS,PASS,VALID
final_control_217,0.0001,0.01,A_binary_unknown_fail,PASS,PASS,VALID
final_control_217,0.0001,0.01,A_accumulated,PASS,PASS,VALID
final_control_217,0.0001,0.01,A_net_aggregation,PASS,PASS,VALID
final_control_217,0.0001,0.01,B0,PASS,PASS,VALID
final_control_217,0.0001,0.01,B1,PASS,PASS,VALID
final_control_217,0.0001,0.01,B2,FAIL,PASS,VALID
final_control_217,0.0001,0.01,B3,PASS,PASS,VALID
final_control_217,0.0001,0.01,B4_normal,PASS,PASS,VALID
final_control_217,0.001,0.1,B5,PASS,PASS,VALID
final_control_217,0.001,0.1,B4,PASS,PASS,VALID
final_control_217,0.001,0.1,A_no_geometry,PASS,PASS,VALID
final_control_217,0.001,0.1,A_no_torque,PASS,PASS,VALID
final_control_217,0.001,0.1,A_binary_unknown_fail,PASS,PASS,VALID
final_control_217,0.001,0.1,A_accumulated,PASS,PASS,VALID
final_control_217,0.001,0.1,A_net_aggregation,PASS,PASS,VALID
final_control_217,0.001,0.1,B0,PASS,PASS,VALID
final_control_217,0.001,0.1,B1,PASS,PASS,VALID
final_control_217,0.001,0.1,B2,FAIL,PASS,VALID
final_control_217,0.001,0.1,B3,PASS,PASS,VALID
final_control_217,0.001,0.1,B4_normal,PASS,PASS,VALID
final_control_217,0.01,1.0,B5,PASS,PASS,VALID
final_control_217,0.01,1.0,B4,PASS,PASS,VALID
final_control_217,0.01,1.0,A_no_geometry,PASS,PASS,VALID
final_control_217,0.01,1.0,A_no_torque,PASS,PASS,VALID
final_control_217,0.01,1.0,A_binary_unknown_fail,PASS,PASS,VALID
final_control_217,0.01,1.0,A_accumulated,PASS,PASS,VALID
final_control_217,0.01,1.0,A_net_aggregation,PASS,PASS,VALID
final_control_217,0.01,1.0,B0,PASS,PASS,VALID
final_control_217,0.01,1.0,B1,PASS,PASS,VALID
final_control_217,0.01,1.0,B2,FAIL,PASS,VALID
final_control_217,0.01,1.0,B3,PASS,PASS,VALID
final_control_217,0.01,1.0,B4_normal,PASS,PASS,VALID
final_control_218,1e-06,0.0001,B5,FAIL,FAIL,VALID
final_control_218,1e-06,0.0001,B4,FAIL,FAIL,VALID
final_control_218,1e-06,0.0001,A_no_geometry,FAIL,FAIL,VALID
final_control_218,1e-06,0.0001,A_no_torque,FAIL,FAIL,VALID
final_control_218,1e-06,0.0001,A_binary_unknown_fail,FAIL,FAIL,VALID
final_control_218,1e-06,0.0001,A_accumulated,FAIL,FAIL,VALID
final_control_218,1e-06,0.0001,A_net_aggregation,FAIL,FAIL,VALID
final_control_218,1e-06,0.0001,B0,PASS,FAIL,VALID
final_control_218,1e-06,0.0001,B1,PASS,FAIL,VALID
final_control_218,1e-06,0.0001,B2,FAIL,FAIL,VALID
final_control_218,1e-06,0.0001,B3,FAIL,FAIL,VALID
final_control_218,1e-06,0.0001,B4_normal,FAIL,FAIL,VALID
final_control_218,1e-05,0.001,B5,FAIL,FAIL,VALID
final_control_218,1e-05,0.001,B4,FAIL,FAIL,VALID
final_control_218,1e-05,0.001,A_no_geometry,FAIL,FAIL,VALID
final_control_218,1e-05,0.001,A_no_torque,FAIL,FAIL,VALID
final_control_218,1e-05,0.001,A_binary_unknown_fail,FAIL,FAIL,VALID
final_control_218,1e-05,0.001,A_accumulated,FAIL,FAIL,VALID
final_control_218,1e-05,0.001,A_net_aggregation,FAIL,FAIL,VALID
final_control_218,1e-05,0.001,B0,PASS,FAIL,VALID
final_control_218,1e-05,0.001,B1,PASS,FAIL,VALID
final_control_218,1e-05,0.001,B2,FAIL,FAIL,VALID
final_control_218,1e-05,0.001,B3,FAIL,FAIL,VALID
final_control_218,1e-05,0.001,B4_normal,FAIL,FAIL,VALID
final_control_218,0.0001,0.01,B5,FAIL,FAIL,VALID
final_control_218,0.0001,0.01,B4,FAIL,FAIL,VALID
final_control_218,0.0001,0.01,A_no_geometry,FAIL,FAIL,VALID
final_control_218,0.0001,0.01,A_no_torque,FAIL,FAIL,VALID
final_control_218,0.0001,0.01,A_binary_unknown_fail,FAIL,FAIL,VALID
final_control_218,0.0001,0.01,A_accumulated,FAIL,FAIL,VALID
final_control_218,0.0001,0.01,A_net_aggregation,FAIL,FAIL,VALID
final_control_218,0.0001,0.01,B0,PASS,FAIL,VALID
final_control_218,0.0001,0.01,B1,PASS,FAIL,VALID
final_control_218,0.0001,0.01,B2,FAIL,FAIL,VALID
final_control_218,0.0001,0.01,B3,FAIL,FAIL,VALID
final_control_218,0.0001,0.01,B4_normal,FAIL,FAIL,VALID
final_control_218,0.001,0.1,B5,FAIL,FAIL,VALID
final_control_218,0.001,0.1,B4,FAIL,FAIL,VALID
final_control_218,0.001,0.1,A_no_geometry,FAIL,FAIL,VALID
final_control_218,0.001,0.1,A_no_torque,FAIL,FAIL,VALID
final_control_218,0.001,0.1,A_binary_unknown_fail,FAIL,FAIL,VALID
final_control_218,0.001,0.1,A_accumulated,FAIL,FAIL,VALID
final_control_218,0.001,0.1,A_net_aggregation,FAIL,FAIL,VALID
final_control_218,0.001,0.1,B0,PASS,FAIL,VALID
final_control_218,0.001,0.1,B1,PASS,FAIL,VALID
final_control_218,0.001,0.1,B2,FAIL,FAIL,VALID
final_control_218,0.001,0.1,B3,FAIL,FAIL,VALID
final_control_218,0.001,0.1,B4_normal,FAIL,FAIL,VALID
final_control_218,0.01,1.0,B5,FAIL,FAIL,VALID
final_control_218,0.01,1.0,B4,FAIL,FAIL,VALID
final_control_218,0.01,1.0,A_no_geometry,FAIL,FAIL,VALID
final_control_218,0.01,1.0,A_no_torque,FAIL,FAIL,VALID
final_control_218,0.01,1.0,A_binary_unknown_fail,FAIL,FAIL,VALID
final_control_218,0.01,1.0,A_accumulated,FAIL,FAIL,VALID
final_control_218,0.01,1.0,A_net_aggregation,FAIL,FAIL,VALID
final_control_218,0.01,1.0,B0,PASS,FAIL,VALID
final_control_218,0.01,1.0,B1,PASS,FAIL,VALID
final_control_218,0.01,1.0,B2,FAIL,FAIL,VALID
final_control_218,0.01,1.0,B3,FAIL,FAIL,VALID
final_control_218,0.01,1.0,B4_normal,FAIL,FAIL,VALID
final_control_219,1e-06,0.0001,B5,FAIL,FAIL,VALID
final_control_219,1e-06,0.0001,B4,FAIL,FAIL,VALID
final_control_219,1e-06,0.0001,A_no_geometry,FAIL,FAIL,VALID
final_control_219,1e-06,0.0001,A_no_torque,FAIL,FAIL,VALID
final_control_219,1e-06,0.0001,A_binary_unknown_fail,FAIL,FAIL,VALID
final_control_219,1e-06,0.0001,A_accumulated,FAIL,FAIL,VALID
final_control_219,1e-06,0.0001,A_net_aggregation,FAIL,FAIL,VALID
final_control_219,1e-06,0.0001,B0,PASS,FAIL,VALID
final_control_219,1e-06,0.0001,B1,PASS,FAIL,VALID
final_control_219,1e-06,0.0001,B2,FAIL,FAIL,VALID
final_control_219,1e-06,0.0001,B3,FAIL,FAIL,VALID
final_control_219,1e-06,0.0001,B4_normal,FAIL,FAIL,VALID
final_control_219,1e-05,0.001,B5,FAIL,FAIL,VALID
final_control_219,1e-05,0.001,B4,FAIL,FAIL,VALID
final_control_219,1e-05,0.001,A_no_geometry,FAIL,FAIL,VALID
final_control_219,1e-05,0.001,A_no_torque,FAIL,FAIL,VALID
final_control_219,1e-05,0.001,A_binary_unknown_fail,FAIL,FAIL,VALID
final_control_219,1e-05,0.001,A_accumulated,FAIL,FAIL,VALID
final_control_219,1e-05,0.001,A_net_aggregation,FAIL,FAIL,VALID
final_control_219,1e-05,0.001,B0,PASS,FAIL,VALID
final_control_219,1e-05,0.001,B1,PASS,FAIL,VALID
final_control_219,1e-05,0.001,B2,FAIL,FAIL,VALID
final_control_219,1e-05,0.001,B3,FAIL,FAIL,VALID
final_control_219,1e-05,0.001,B4_normal,FAIL,FAIL,VALID
final_control_219,0.0001,0.01,B5,FAIL,FAIL,VALID
final_control_219,0.0001,0.01,B4,FAIL,FAIL,VALID
final_control_219,0.0001,0.01,A_no_geometry,FAIL,FAIL,VALID
final_control_219,0.0001,0.01,A_no_torque,FAIL,FAIL,VALID
final_control_219,0.0001,0.01,A_binary_unknown_fail,FAIL,FAIL,VALID
final_control_219,0.0001,0.01,A_accumulated,FAIL,FAIL,VALID
final_control_219,0.0001,0.01,A_net_aggregation,FAIL,FAIL,VALID
final_control_219,0.0001,0.01,B0,PASS,FAIL,VALID
final_control_219,0.0001,0.01,B1,PASS,FAIL,VALID
final_control_219,0.0001,0.01,B2,FAIL,FAIL,VALID
final_control_219,0.0001,0.01,B3,FAIL,FAIL,VALID
final_control_219,0.0001,0.01,B4_normal,FAIL,FAIL,VALID
final_control_219,0.001,0.1,B5,FAIL,FAIL,VALID
final_control_219,0.001,0.1,B4,FAIL,FAIL,VALID
final_control_219,0.001,0.1,A_no_geometry,FAIL,FAIL,VALID
final_control_219,0.001,0.1,A_no_torque,FAIL,FAIL,VALID
final_control_219,0.001,0.1,A_binary_unknown_fail,FAIL,FAIL,VALID
final_control_219,0.001,0.1,A_accumulated,FAIL,FAIL,VALID
final_control_219,0.001,0.1,A_net_aggregation,FAIL,FAIL,VALID
final_control_219,0.001,0.1,B0,PASS,FAIL,VALID
final_control_219,0.001,0.1,B1,PASS,FAIL,VALID
final_control_219,0.001,0.1,B2,FAIL,FAIL,VALID
final_control_219,0.001,0.1,B3,FAIL,FAIL,VALID
final_control_219,0.001,0.1,B4_normal,FAIL,FAIL,VALID
final_control_219,0.01,1.0,B5,FAIL,FAIL,VALID
final_control_219,0.01,1.0,B4,FAIL,FAIL,VALID
final_control_219,0.01,1.0,A_no_geometry,FAIL,FAIL,VALID
final_control_219,0.01,1.0,A_no_torque,FAIL,FAIL,VALID
final_control_219,0.01,1.0,A_binary_unknown_fail,FAIL,FAIL,VALID
final_control_219,0.01,1.0,A_accumulated,FAIL,FAIL,VALID
final_control_219,0.01,1.0,A_net_aggregation,FAIL,FAIL,VALID
final_control_219,0.01,1.0,B0,PASS,FAIL,VALID
final_control_219,0.01,1.0,B1,PASS,FAIL,VALID
final_control_219,0.01,1.0,B2,FAIL,FAIL,VALID
final_control_219,0.01,1.0,B3,FAIL,FAIL,VALID
final_control_219,0.01,1.0,B4_normal,FAIL,FAIL,VALID
final_control_220,1e-06,0.0001,B5,FAIL,FAIL,VALID
final_control_220,1e-06,0.0001,B4,FAIL,FAIL,VALID
final_control_220,1e-06,0.0001,A_no_geometry,FAIL,FAIL,VALID
final_control_220,1e-06,0.0001,A_no_torque,FAIL,FAIL,VALID
final_control_220,1e-06,0.0001,A_binary_unknown_fail,FAIL,FAIL,VALID
final_control_220,1e-06,0.0001,A_accumulated,FAIL,FAIL,VALID
final_control_220,1e-06,0.0001,A_net_aggregation,FAIL,FAIL,VALID
final_control_220,1e-06,0.0001,B0,PASS,FAIL,VALID
final_control_220,1e-06,0.0001,B1,PASS,FAIL,VALID
final_control_220,1e-06,0.0001,B2,FAIL,FAIL,VALID
final_control_220,1e-06,0.0001,B3,FAIL,FAIL,VALID
final_control_220,1e-06,0.0001,B4_normal,FAIL,FAIL,VALID
final_control_220,1e-05,0.001,B5,FAIL,FAIL,VALID
final_control_220,1e-05,0.001,B4,FAIL,FAIL,VALID
final_control_220,1e-05,0.001,A_no_geometry,FAIL,FAIL,VALID
final_control_220,1e-05,0.001,A_no_torque,FAIL,FAIL,VALID
final_control_220,1e-05,0.001,A_binary_unknown_fail,FAIL,FAIL,VALID
final_control_220,1e-05,0.001,A_accumulated,FAIL,FAIL,VALID
final_control_220,1e-05,0.001,A_net_aggregation,FAIL,FAIL,VALID
final_control_220,1e-05,0.001,B0,PASS,FAIL,VALID
final_control_220,1e-05,0.001,B1,PASS,FAIL,VALID
final_control_220,1e-05,0.001,B2,FAIL,FAIL,VALID
final_control_220,1e-05,0.001,B3,FAIL,FAIL,VALID
final_control_220,1e-05,0.001,B4_normal,FAIL,FAIL,VALID
final_control_220,0.0001,0.01,B5,FAIL,FAIL,VALID
final_control_220,0.0001,0.01,B4,FAIL,FAIL,VALID
final_control_220,0.0001,0.01,A_no_geometry,FAIL,FAIL,VALID
final_control_220,0.0001,0.01,A_no_torque,FAIL,FAIL,VALID
final_control_220,0.0001,0.01,A_binary_unknown_fail,FAIL,FAIL,VALID
final_control_220,0.0001,0.01,A_accumulated,FAIL,FAIL,VALID
final_control_220,0.0001,0.01,A_net_aggregation,FAIL,FAIL,VALID
final_control_220,0.0001,0.01,B0,PASS,FAIL,VALID
final_control_220,0.0001,0.01,B1,PASS,FAIL,VALID
final_control_220,0.0001,0.01,B2,FAIL,FAIL,VALID
final_control_220,0.0001,0.01,B3,FAIL,FAIL,VALID
final_control_220,0.0001,0.01,B4_normal,FAIL,FAIL,VALID
final_control_220,0.001,0.1,B5,FAIL,FAIL,VALID
final_control_220,0.001,0.1,B4,FAIL,FAIL,VALID
final_control_220,0.001,0.1,A_no_geometry,FAIL,FAIL,VALID
final_control_220,0.001,0.1,A_no_torque,FAIL,FAIL,VALID
final_control_220,0.001,0.1,A_binary_unknown_fail,FAIL,FAIL,VALID
final_control_220,0.001,0.1,A_accumulated,FAIL,FAIL,VALID
final_control_220,0.001,0.1,A_net_aggregation,FAIL,FAIL,VALID
final_control_220,0.001,0.1,B0,PASS,FAIL,VALID
final_control_220,0.001,0.1,B1,PASS,FAIL,VALID
final_control_220,0.001,0.1,B2,FAIL,FAIL,VALID
final_control_220,0.001,0.1,B3,FAIL,FAIL,VALID
final_control_220,0.001,0.1,B4_normal,FAIL,FAIL,VALID
final_control_220,0.01,1.0,B5,FAIL,FAIL,VALID
final_control_220,0.01,1.0,B4,FAIL,FAIL,VALID
final_control_220,0.01,1.0,A_no_geometry,FAIL,FAIL,VALID
final_control_220,0.01,1.0,A_no_torque,FAIL,FAIL,VALID
final_control_220,0.01,1.0,A_binary_unknown_fail,FAIL,FAIL,VALID
final_control_220,0.01,1.0,A_accumulated,FAIL,FAIL,VALID
final_control_220,0.01,1.0,A_net_aggregation,INDETERMINATE,FAIL,VALID
final_control_220,0.01,1.0,B0,PASS,FAIL,VALID
final_control_220,0.01,1.0,B1,PASS,FAIL,VALID
final_control_220,0.01,1.0,B2,FAIL,FAIL,VALID
final_control_220,0.01,1.0,B3,FAIL,FAIL,VALID
final_control_220,0.01,1.0,B4_normal,FAIL,FAIL,VALID
final_control_221,1e-06,0.0001,B5,FAIL,FAIL,VALID
final_control_221,1e-06,0.0001,B4,FAIL,FAIL,VALID
final_control_221,1e-06,0.0001,A_no_geometry,FAIL,FAIL,VALID
final_control_221,1e-06,0.0001,A_no_torque,FAIL,FAIL,VALID
final_control_221,1e-06,0.0001,A_binary_unknown_fail,FAIL,FAIL,VALID
final_control_221,1e-06,0.0001,A_accumulated,PASS,FAIL,VALID
final_control_221,1e-06,0.0001,A_net_aggregation,FAIL,FAIL,VALID
final_control_221,1e-06,0.0001,B0,PASS,FAIL,VALID
final_control_221,1e-06,0.0001,B1,FAIL,FAIL,VALID
final_control_221,1e-06,0.0001,B2,FAIL,FAIL,VALID
final_control_221,1e-06,0.0001,B3,FAIL,FAIL,VALID
final_control_221,1e-06,0.0001,B4_normal,FAIL,FAIL,VALID
final_control_221,1e-05,0.001,B5,FAIL,FAIL,VALID
final_control_221,1e-05,0.001,B4,FAIL,FAIL,VALID
final_control_221,1e-05,0.001,A_no_geometry,FAIL,FAIL,VALID
final_control_221,1e-05,0.001,A_no_torque,FAIL,FAIL,VALID
final_control_221,1e-05,0.001,A_binary_unknown_fail,FAIL,FAIL,VALID
final_control_221,1e-05,0.001,A_accumulated,PASS,FAIL,VALID
final_control_221,1e-05,0.001,A_net_aggregation,FAIL,FAIL,VALID
final_control_221,1e-05,0.001,B0,PASS,FAIL,VALID
final_control_221,1e-05,0.001,B1,FAIL,FAIL,VALID
final_control_221,1e-05,0.001,B2,FAIL,FAIL,VALID
final_control_221,1e-05,0.001,B3,FAIL,FAIL,VALID
final_control_221,1e-05,0.001,B4_normal,FAIL,FAIL,VALID
final_control_221,0.0001,0.01,B5,FAIL,FAIL,VALID
final_control_221,0.0001,0.01,B4,FAIL,FAIL,VALID
final_control_221,0.0001,0.01,A_no_geometry,FAIL,FAIL,VALID
final_control_221,0.0001,0.01,A_no_torque,FAIL,FAIL,VALID
final_control_221,0.0001,0.01,A_binary_unknown_fail,FAIL,FAIL,VALID
final_control_221,0.0001,0.01,A_accumulated,PASS,FAIL,VALID
final_control_221,0.0001,0.01,A_net_aggregation,FAIL,FAIL,VALID
final_control_221,0.0001,0.01,B0,PASS,FAIL,VALID
final_control_221,0.0001,0.01,B1,FAIL,FAIL,VALID
final_control_221,0.0001,0.01,B2,FAIL,FAIL,VALID
final_control_221,0.0001,0.01,B3,FAIL,FAIL,VALID
final_control_221,0.0001,0.01,B4_normal,FAIL,FAIL,VALID
final_control_221,0.001,0.1,B5,FAIL,FAIL,VALID
final_control_221,0.001,0.1,B4,FAIL,FAIL,VALID
final_control_221,0.001,0.1,A_no_geometry,FAIL,FAIL,VALID
final_control_221,0.001,0.1,A_no_torque,FAIL,FAIL,VALID
final_control_221,0.001,0.1,A_binary_unknown_fail,FAIL,FAIL,VALID
final_control_221,0.001,0.1,A_accumulated,PASS,FAIL,VALID
final_control_221,0.001,0.1,A_net_aggregation,FAIL,FAIL,VALID
final_control_221,0.001,0.1,B0,PASS,FAIL,VALID
final_control_221,0.001,0.1,B1,FAIL,FAIL,VALID
final_control_221,0.001,0.1,B2,FAIL,FAIL,VALID
final_control_221,0.001,0.1,B3,FAIL,FAIL,VALID
final_control_221,0.001,0.1,B4_normal,FAIL,FAIL,VALID
final_control_221,0.01,1.0,B5,FAIL,FAIL,VALID
final_control_221,0.01,1.0,B4,FAIL,FAIL,VALID
final_control_221,0.01,1.0,A_no_geometry,FAIL,FAIL,VALID
final_control_221,0.01,1.0,A_no_torque,FAIL,FAIL,VALID
final_control_221,0.01,1.0,A_binary_unknown_fail,FAIL,FAIL,VALID
final_control_221,0.01,1.0,A_accumulated,PASS,FAIL,VALID
final_control_221,0.01,1.0,A_net_aggregation,FAIL,FAIL,VALID
final_control_221,0.01,1.0,B0,PASS,FAIL,VALID
final_control_221,0.01,1.0,B1,FAIL,FAIL,VALID
final_control_221,0.01,1.0,B2,FAIL,FAIL,VALID
final_control_221,0.01,1.0,B3,FAIL,FAIL,VALID
final_control_221,0.01,1.0,B4_normal,FAIL,FAIL,VALID
final_control_222,1e-06,0.0001,B5,FAIL,FAIL,VALID
final_control_222,1e-06,0.0001,B4,FAIL,FAIL,VALID
final_control_222,1e-06,0.0001,A_no_geometry,FAIL,FAIL,VALID
final_control_222,1e-06,0.0001,A_no_torque,FAIL,FAIL,VALID
final_control_222,1e-06,0.0001,A_binary_unknown_fail,FAIL,FAIL,VALID
final_control_222,1e-06,0.0001,A_accumulated,FAIL,FAIL,VALID
final_control_222,1e-06,0.0001,A_net_aggregation,FAIL,FAIL,VALID
final_control_222,1e-06,0.0001,B0,FAIL,FAIL,VALID
final_control_222,1e-06,0.0001,B1,FAIL,FAIL,VALID
final_control_222,1e-06,0.0001,B2,FAIL,FAIL,VALID
final_control_222,1e-06,0.0001,B3,FAIL,FAIL,VALID
final_control_222,1e-06,0.0001,B4_normal,FAIL,FAIL,VALID
final_control_222,1e-05,0.001,B5,FAIL,FAIL,VALID
final_control_222,1e-05,0.001,B4,FAIL,FAIL,VALID
final_control_222,1e-05,0.001,A_no_geometry,FAIL,FAIL,VALID
final_control_222,1e-05,0.001,A_no_torque,FAIL,FAIL,VALID
final_control_222,1e-05,0.001,A_binary_unknown_fail,FAIL,FAIL,VALID
final_control_222,1e-05,0.001,A_accumulated,FAIL,FAIL,VALID
final_control_222,1e-05,0.001,A_net_aggregation,FAIL,FAIL,VALID
final_control_222,1e-05,0.001,B0,FAIL,FAIL,VALID
final_control_222,1e-05,0.001,B1,FAIL,FAIL,VALID
final_control_222,1e-05,0.001,B2,FAIL,FAIL,VALID
final_control_222,1e-05,0.001,B3,FAIL,FAIL,VALID
final_control_222,1e-05,0.001,B4_normal,FAIL,FAIL,VALID
final_control_222,0.0001,0.01,B5,FAIL,FAIL,VALID
final_control_222,0.0001,0.01,B4,FAIL,FAIL,VALID
final_control_222,0.0001,0.01,A_no_geometry,FAIL,FAIL,VALID
final_control_222,0.0001,0.01,A_no_torque,FAIL,FAIL,VALID
final_control_222,0.0001,0.01,A_binary_unknown_fail,FAIL,FAIL,VALID
final_control_222,0.0001,0.01,A_accumulated,FAIL,FAIL,VALID
final_control_222,0.0001,0.01,A_net_aggregation,FAIL,FAIL,VALID
final_control_222,0.0001,0.01,B0,FAIL,FAIL,VALID
final_control_222,0.0001,0.01,B1,FAIL,FAIL,VALID
final_control_222,0.0001,0.01,B2,FAIL,FAIL,VALID
final_control_222,0.0001,0.01,B3,FAIL,FAIL,VALID
final_control_222,0.0001,0.01,B4_normal,FAIL,FAIL,VALID
final_control_222,0.001,0.1,B5,FAIL,FAIL,VALID
final_control_222,0.001,0.1,B4,FAIL,FAIL,VALID
final_control_222,0.001,0.1,A_no_geometry,FAIL,FAIL,VALID
final_control_222,0.001,0.1,A_no_torque,FAIL,FAIL,VALID
final_control_222,0.001,0.1,A_binary_unknown_fail,FAIL,FAIL,VALID
final_control_222,0.001,0.1,A_accumulated,FAIL,FAIL,VALID
final_control_222,0.001,0.1,A_net_aggregation,FAIL,FAIL,VALID
final_control_222,0.001,0.1,B0,FAIL,FAIL,VALID
final_control_222,0.001,0.1,B1,FAIL,FAIL,VALID
final_control_222,0.001,0.1,B2,FAIL,FAIL,VALID
final_control_222,0.001,0.1,B3,FAIL,FAIL,VALID
final_control_222,0.001,0.1,B4_normal,FAIL,FAIL,VALID
final_control_222,0.01,1.0,B5,FAIL,FAIL,VALID
final_control_222,0.01,1.0,B4,FAIL,FAIL,VALID
final_control_222,0.01,1.0,A_no_geometry,FAIL,FAIL,VALID
final_control_222,0.01,1.0,A_no_torque,FAIL,FAIL,VALID
final_control_222,0.01,1.0,A_binary_unknown_fail,FAIL,FAIL,VALID
final_control_222,0.01,1.0,A_accumulated,FAIL,FAIL,VALID
final_control_222,0.01,1.0,A_net_aggregation,FAIL,FAIL,VALID
final_control_222,0.01,1.0,B0,FAIL,FAIL,VALID
final_control_222,0.01,1.0,B1,FAIL,FAIL,VALID
final_control_222,0.01,1.0,B2,FAIL,FAIL,VALID
final_control_222,0.01,1.0,B3,FAIL,FAIL,VALID
final_control_222,0.01,1.0,B4_normal,FAIL,FAIL,VALID
final_control_223,1e-06,0.0001,B5,PASS,PASS,VALID
final_control_223,1e-06,0.0001,B4,PASS,PASS,VALID
final_control_223,1e-06,0.0001,A_no_geometry,PASS,PASS,VALID
final_control_223,1e-06,0.0001,A_no_torque,PASS,PASS,VALID
final_control_223,1e-06,0.0001,A_binary_unknown_fail,PASS,PASS,VALID
final_control_223,1e-06,0.0001,A_accumulated,PASS,PASS,VALID
final_control_223,1e-06,0.0001,A_net_aggregation,PASS,PASS,VALID
final_control_223,1e-06,0.0001,B0,PASS,PASS,VALID
final_control_223,1e-06,0.0001,B1,PASS,PASS,VALID
final_control_223,1e-06,0.0001,B2,FAIL,PASS,VALID
final_control_223,1e-06,0.0001,B3,PASS,PASS,VALID
final_control_223,1e-06,0.0001,B4_normal,PASS,PASS,VALID
final_control_223,1e-05,0.001,B5,PASS,PASS,VALID
final_control_223,1e-05,0.001,B4,PASS,PASS,VALID
final_control_223,1e-05,0.001,A_no_geometry,PASS,PASS,VALID
final_control_223,1e-05,0.001,A_no_torque,PASS,PASS,VALID
final_control_223,1e-05,0.001,A_binary_unknown_fail,PASS,PASS,VALID
final_control_223,1e-05,0.001,A_accumulated,PASS,PASS,VALID
final_control_223,1e-05,0.001,A_net_aggregation,PASS,PASS,VALID
final_control_223,1e-05,0.001,B0,PASS,PASS,VALID
final_control_223,1e-05,0.001,B1,PASS,PASS,VALID
final_control_223,1e-05,0.001,B2,FAIL,PASS,VALID
final_control_223,1e-05,0.001,B3,PASS,PASS,VALID
final_control_223,1e-05,0.001,B4_normal,PASS,PASS,VALID
final_control_223,0.0001,0.01,B5,PASS,PASS,VALID
final_control_223,0.0001,0.01,B4,PASS,PASS,VALID
final_control_223,0.0001,0.01,A_no_geometry,PASS,PASS,VALID
final_control_223,0.0001,0.01,A_no_torque,PASS,PASS,VALID
final_control_223,0.0001,0.01,A_binary_unknown_fail,PASS,PASS,VALID
final_control_223,0.0001,0.01,A_accumulated,PASS,PASS,VALID
final_control_223,0.0001,0.01,A_net_aggregation,PASS,PASS,VALID
final_control_223,0.0001,0.01,B0,PASS,PASS,VALID
final_control_223,0.0001,0.01,B1,PASS,PASS,VALID
final_control_223,0.0001,0.01,B2,FAIL,PASS,VALID
final_control_223,0.0001,0.01,B3,PASS,PASS,VALID
final_control_223,0.0001,0.01,B4_normal,PASS,PASS,VALID
final_control_223,0.001,0.1,B5,PASS,PASS,VALID
final_control_223,0.001,0.1,B4,PASS,PASS,VALID
final_control_223,0.001,0.1,A_no_geometry,PASS,PASS,VALID
final_control_223,0.001,0.1,A_no_torque,PASS,PASS,VALID
final_control_223,0.001,0.1,A_binary_unknown_fail,PASS,PASS,VALID
final_control_223,0.001,0.1,A_accumulated,PASS,PASS,VALID
final_control_223,0.001,0.1,A_net_aggregation,PASS,PASS,VALID
final_control_223,0.001,0.1,B0,PASS,PASS,VALID
final_control_223,0.001,0.1,B1,PASS,PASS,VALID
final_control_223,0.001,0.1,B2,FAIL,PASS,VALID
final_control_223,0.001,0.1,B3,PASS,PASS,VALID
final_control_223,0.001,0.1,B4_normal,PASS,PASS,VALID
final_control_223,0.01,1.0,B5,PASS,PASS,VALID
final_control_223,0.01,1.0,B4,PASS,PASS,VALID
final_control_223,0.01,1.0,A_no_geometry,PASS,PASS,VALID
final_control_223,0.01,1.0,A_no_torque,PASS,PASS,VALID
final_control_223,0.01,1.0,A_binary_unknown_fail,PASS,PASS,VALID
final_control_223,0.01,1.0,A_accumulated,PASS,PASS,VALID
final_control_223,0.01,1.0,A_net_aggregation,PASS,PASS,VALID
final_control_223,0.01,1.0,B0,PASS,PASS,VALID
final_control_223,0.01,1.0,B1,PASS,PASS,VALID
final_control_223,0.01,1.0,B2,FAIL,PASS,VALID
final_control_223,0.01,1.0,B3,PASS,PASS,VALID
final_control_223,0.01,1.0,B4_normal,PASS,PASS,VALID
final_control_224,1e-06,0.0001,B5,FAIL,FAIL,VALID
final_control_224,1e-06,0.0001,B4,FAIL,FAIL,VALID
final_control_224,1e-06,0.0001,A_no_geometry,FAIL,FAIL,VALID
final_control_224,1e-06,0.0001,A_no_torque,FAIL,FAIL,VALID
final_control_224,1e-06,0.0001,A_binary_unknown_fail,FAIL,FAIL,VALID
final_control_224,1e-06,0.0001,A_accumulated,FAIL,FAIL,VALID
final_control_224,1e-06,0.0001,A_net_aggregation,FAIL,FAIL,VALID
final_control_224,1e-06,0.0001,B0,FAIL,FAIL,VALID
final_control_224,1e-06,0.0001,B1,FAIL,FAIL,VALID
final_control_224,1e-06,0.0001,B2,FAIL,FAIL,VALID
final_control_224,1e-06,0.0001,B3,FAIL,FAIL,VALID
final_control_224,1e-06,0.0001,B4_normal,FAIL,FAIL,VALID
final_control_224,1e-05,0.001,B5,FAIL,FAIL,VALID
final_control_224,1e-05,0.001,B4,FAIL,FAIL,VALID
final_control_224,1e-05,0.001,A_no_geometry,FAIL,FAIL,VALID
final_control_224,1e-05,0.001,A_no_torque,FAIL,FAIL,VALID
final_control_224,1e-05,0.001,A_binary_unknown_fail,FAIL,FAIL,VALID
final_control_224,1e-05,0.001,A_accumulated,FAIL,FAIL,VALID
final_control_224,1e-05,0.001,A_net_aggregation,FAIL,FAIL,VALID
final_control_224,1e-05,0.001,B0,FAIL,FAIL,VALID
final_control_224,1e-05,0.001,B1,FAIL,FAIL,VALID
final_control_224,1e-05,0.001,B2,FAIL,FAIL,VALID
final_control_224,1e-05,0.001,B3,FAIL,FAIL,VALID
final_control_224,1e-05,0.001,B4_normal,FAIL,FAIL,VALID
final_control_224,0.0001,0.01,B5,FAIL,FAIL,VALID
final_control_224,0.0001,0.01,B4,FAIL,FAIL,VALID
final_control_224,0.0001,0.01,A_no_geometry,FAIL,FAIL,VALID
final_control_224,0.0001,0.01,A_no_torque,FAIL,FAIL,VALID
final_control_224,0.0001,0.01,A_binary_unknown_fail,FAIL,FAIL,VALID
final_control_224,0.0001,0.01,A_accumulated,FAIL,FAIL,VALID
final_control_224,0.0001,0.01,A_net_aggregation,FAIL,FAIL,VALID
final_control_224,0.0001,0.01,B0,FAIL,FAIL,VALID
final_control_224,0.0001,0.01,B1,FAIL,FAIL,VALID
final_control_224,0.0001,0.01,B2,FAIL,FAIL,VALID
final_control_224,0.0001,0.01,B3,FAIL,FAIL,VALID
final_control_224,0.0001,0.01,B4_normal,FAIL,FAIL,VALID
final_control_224,0.001,0.1,B5,FAIL,FAIL,VALID
final_control_224,0.001,0.1,B4,FAIL,FAIL,VALID
final_control_224,0.001,0.1,A_no_geometry,FAIL,FAIL,VALID
final_control_224,0.001,0.1,A_no_torque,FAIL,FAIL,VALID
final_control_224,0.001,0.1,A_binary_unknown_fail,FAIL,FAIL,VALID
final_control_224,0.001,0.1,A_accumulated,FAIL,FAIL,VALID
final_control_224,0.001,0.1,A_net_aggregation,FAIL,FAIL,VALID
final_control_224,0.001,0.1,B0,FAIL,FAIL,VALID
final_control_224,0.001,0.1,B1,FAIL,FAIL,VALID
final_control_224,0.001,0.1,B2,FAIL,FAIL,VALID
final_control_224,0.001,0.1,B3,FAIL,FAIL,VALID
final_control_224,0.001,0.1,B4_normal,FAIL,FAIL,VALID
final_control_224,0.01,1.0,B5,FAIL,FAIL,VALID
final_control_224,0.01,1.0,B4,FAIL,FAIL,VALID
final_control_224,0.01,1.0,A_no_geometry,FAIL,FAIL,VALID
final_control_224,0.01,1.0,A_no_torque,FAIL,FAIL,VALID
final_control_224,0.01,1.0,A_binary_unknown_fail,FAIL,FAIL,VALID
final_control_224,0.01,1.0,A_accumulated,FAIL,FAIL,VALID
final_control_224,0.01,1.0,A_net_aggregation,FAIL,FAIL,VALID
final_control_224,0.01,1.0,B0,FAIL,FAIL,VALID
final_control_224,0.01,1.0,B1,FAIL,FAIL,VALID
final_control_224,0.01,1.0,B2,FAIL,FAIL,VALID
final_control_224,0.01,1.0,B3,FAIL,FAIL,VALID
final_control_224,0.01,1.0,B4_normal,FAIL,FAIL,VALID
final_control_225,1e-06,0.0001,B5,PASS,PASS,VALID
final_control_225,1e-06,0.0001,B4,PASS,PASS,VALID
final_control_225,1e-06,0.0001,A_no_geometry,PASS,PASS,VALID
final_control_225,1e-06,0.0001,A_no_torque,PASS,PASS,VALID
final_control_225,1e-06,0.0001,A_binary_unknown_fail,PASS,PASS,VALID
final_control_225,1e-06,0.0001,A_accumulated,PASS,PASS,VALID
final_control_225,1e-06,0.0001,A_net_aggregation,PASS,PASS,VALID
final_control_225,1e-06,0.0001,B0,PASS,PASS,VALID
final_control_225,1e-06,0.0001,B1,PASS,PASS,VALID
final_control_225,1e-06,0.0001,B2,FAIL,PASS,VALID
final_control_225,1e-06,0.0001,B3,PASS,PASS,VALID
final_control_225,1e-06,0.0001,B4_normal,PASS,PASS,VALID
final_control_225,1e-05,0.001,B5,PASS,PASS,VALID
final_control_225,1e-05,0.001,B4,PASS,PASS,VALID
final_control_225,1e-05,0.001,A_no_geometry,PASS,PASS,VALID
final_control_225,1e-05,0.001,A_no_torque,PASS,PASS,VALID
final_control_225,1e-05,0.001,A_binary_unknown_fail,PASS,PASS,VALID
final_control_225,1e-05,0.001,A_accumulated,PASS,PASS,VALID
final_control_225,1e-05,0.001,A_net_aggregation,PASS,PASS,VALID
final_control_225,1e-05,0.001,B0,PASS,PASS,VALID
final_control_225,1e-05,0.001,B1,PASS,PASS,VALID
final_control_225,1e-05,0.001,B2,FAIL,PASS,VALID
final_control_225,1e-05,0.001,B3,PASS,PASS,VALID
final_control_225,1e-05,0.001,B4_normal,PASS,PASS,VALID
final_control_225,0.0001,0.01,B5,PASS,PASS,VALID
final_control_225,0.0001,0.01,B4,PASS,PASS,VALID
final_control_225,0.0001,0.01,A_no_geometry,PASS,PASS,VALID
final_control_225,0.0001,0.01,A_no_torque,PASS,PASS,VALID
final_control_225,0.0001,0.01,A_binary_unknown_fail,PASS,PASS,VALID
final_control_225,0.0001,0.01,A_accumulated,PASS,PASS,VALID
final_control_225,0.0001,0.01,A_net_aggregation,PASS,PASS,VALID
final_control_225,0.0001,0.01,B0,PASS,PASS,VALID
final_control_225,0.0001,0.01,B1,PASS,PASS,VALID
final_control_225,0.0001,0.01,B2,FAIL,PASS,VALID
final_control_225,0.0001,0.01,B3,PASS,PASS,VALID
final_control_225,0.0001,0.01,B4_normal,PASS,PASS,VALID
final_control_225,0.001,0.1,B5,PASS,PASS,VALID
final_control_225,0.001,0.1,B4,PASS,PASS,VALID
final_control_225,0.001,0.1,A_no_geometry,PASS,PASS,VALID
final_control_225,0.001,0.1,A_no_torque,PASS,PASS,VALID
final_control_225,0.001,0.1,A_binary_unknown_fail,PASS,PASS,VALID
final_control_225,0.001,0.1,A_accumulated,PASS,PASS,VALID
final_control_225,0.001,0.1,A_net_aggregation,PASS,PASS,VALID
final_control_225,0.001,0.1,B0,PASS,PASS,VALID
final_control_225,0.001,0.1,B1,PASS,PASS,VALID
final_control_225,0.001,0.1,B2,FAIL,PASS,VALID
final_control_225,0.001,0.1,B3,PASS,PASS,VALID
final_control_225,0.001,0.1,B4_normal,PASS,PASS,VALID
final_control_225,0.01,1.0,B5,PASS,PASS,VALID
final_control_225,0.01,1.0,B4,PASS,PASS,VALID
final_control_225,0.01,1.0,A_no_geometry,PASS,PASS,VALID
final_control_225,0.01,1.0,A_no_torque,PASS,PASS,VALID
final_control_225,0.01,1.0,A_binary_unknown_fail,PASS,PASS,VALID
final_control_225,0.01,1.0,A_accumulated,PASS,PASS,VALID
final_control_225,0.01,1.0,A_net_aggregation,PASS,PASS,VALID
final_control_225,0.01,1.0,B0,PASS,PASS,VALID
final_control_225,0.01,1.0,B1,PASS,PASS,VALID
final_control_225,0.01,1.0,B2,FAIL,PASS,VALID
final_control_225,0.01,1.0,B3,PASS,PASS,VALID
final_control_225,0.01,1.0,B4_normal,PASS,PASS,VALID
final_control_226,1e-06,0.0001,B5,FAIL,FAIL,VALID
final_control_226,1e-06,0.0001,B4,FAIL,FAIL,VALID
final_control_226,1e-06,0.0001,A_no_geometry,FAIL,FAIL,VALID
final_control_226,1e-06,0.0001,A_no_torque,FAIL,FAIL,VALID
final_control_226,1e-06,0.0001,A_binary_unknown_fail,FAIL,FAIL,VALID
final_control_226,1e-06,0.0001,A_accumulated,FAIL,FAIL,VALID
final_control_226,1e-06,0.0001,A_net_aggregation,FAIL,FAIL,VALID
final_control_226,1e-06,0.0001,B0,PASS,FAIL,VALID
final_control_226,1e-06,0.0001,B1,PASS,FAIL,VALID
final_control_226,1e-06,0.0001,B2,FAIL,FAIL,VALID
final_control_226,1e-06,0.0001,B3,FAIL,FAIL,VALID
final_control_226,1e-06,0.0001,B4_normal,FAIL,FAIL,VALID
final_control_226,1e-05,0.001,B5,FAIL,FAIL,VALID
final_control_226,1e-05,0.001,B4,FAIL,FAIL,VALID
final_control_226,1e-05,0.001,A_no_geometry,FAIL,FAIL,VALID
final_control_226,1e-05,0.001,A_no_torque,FAIL,FAIL,VALID
final_control_226,1e-05,0.001,A_binary_unknown_fail,FAIL,FAIL,VALID
final_control_226,1e-05,0.001,A_accumulated,FAIL,FAIL,VALID
final_control_226,1e-05,0.001,A_net_aggregation,FAIL,FAIL,VALID
final_control_226,1e-05,0.001,B0,PASS,FAIL,VALID
final_control_226,1e-05,0.001,B1,PASS,FAIL,VALID
final_control_226,1e-05,0.001,B2,FAIL,FAIL,VALID
final_control_226,1e-05,0.001,B3,FAIL,FAIL,VALID
final_control_226,1e-05,0.001,B4_normal,FAIL,FAIL,VALID
final_control_226,0.0001,0.01,B5,FAIL,FAIL,VALID
final_control_226,0.0001,0.01,B4,FAIL,FAIL,VALID
final_control_226,0.0001,0.01,A_no_geometry,FAIL,FAIL,VALID
final_control_226,0.0001,0.01,A_no_torque,FAIL,FAIL,VALID
final_control_226,0.0001,0.01,A_binary_unknown_fail,FAIL,FAIL,VALID
final_control_226,0.0001,0.01,A_accumulated,FAIL,FAIL,VALID
final_control_226,0.0001,0.01,A_net_aggregation,FAIL,FAIL,VALID
final_control_226,0.0001,0.01,B0,PASS,FAIL,VALID
final_control_226,0.0001,0.01,B1,PASS,FAIL,VALID
final_control_226,0.0001,0.01,B2,FAIL,FAIL,VALID
final_control_226,0.0001,0.01,B3,FAIL,FAIL,VALID
final_control_226,0.0001,0.01,B4_normal,FAIL,FAIL,VALID
final_control_226,0.001,0.1,B5,FAIL,FAIL,VALID
final_control_226,0.001,0.1,B4,FAIL,FAIL,VALID
final_control_226,0.001,0.1,A_no_geometry,FAIL,FAIL,VALID
final_control_226,0.001,0.1,A_no_torque,FAIL,FAIL,VALID
final_control_226,0.001,0.1,A_binary_unknown_fail,FAIL,FAIL,VALID
final_control_226,0.001,0.1,A_accumulated,FAIL,FAIL,VALID
final_control_226,0.001,0.1,A_net_aggregation,FAIL,FAIL,VALID
final_control_226,0.001,0.1,B0,PASS,FAIL,VALID
final_control_226,0.001,0.1,B1,PASS,FAIL,VALID
final_control_226,0.001,0.1,B2,FAIL,FAIL,VALID
final_control_226,0.001,0.1,B3,FAIL,FAIL,VALID
final_control_226,0.001,0.1,B4_normal,FAIL,FAIL,VALID
final_control_226,0.01,1.0,B5,FAIL,FAIL,VALID
final_control_226,0.01,1.0,B4,FAIL,FAIL,VALID
final_control_226,0.01,1.0,A_no_geometry,FAIL,FAIL,VALID
final_control_226,0.01,1.0,A_no_torque,FAIL,FAIL,VALID
final_control_226,0.01,1.0,A_binary_unknown_fail,FAIL,FAIL,VALID
final_control_226,0.01,1.0,A_accumulated,FAIL,FAIL,VALID
final_control_226,0.01,1.0,A_net_aggregation,FAIL,FAIL,VALID
final_control_226,0.01,1.0,B0,PASS,FAIL,VALID
final_control_226,0.01,1.0,B1,PASS,FAIL,VALID
final_control_226,0.01,1.0,B2,FAIL,FAIL,VALID
final_control_226,0.01,1.0,B3,FAIL,FAIL,VALID
final_control_226,0.01,1.0,B4_normal,FAIL,FAIL,VALID
final_control_227,1e-06,0.0001,B5,FAIL,FAIL,VALID
final_control_227,1e-06,0.0001,B4,FAIL,FAIL,VALID
final_control_227,1e-06,0.0001,A_no_geometry,FAIL,FAIL,VALID
final_control_227,1e-06,0.0001,A_no_torque,FAIL,FAIL,VALID
final_control_227,1e-06,0.0001,A_binary_unknown_fail,FAIL,FAIL,VALID
final_control_227,1e-06,0.0001,A_accumulated,FAIL,FAIL,VALID
final_control_227,1e-06,0.0001,A_net_aggregation,FAIL,FAIL,VALID
final_control_227,1e-06,0.0001,B0,PASS,FAIL,VALID
final_control_227,1e-06,0.0001,B1,PASS,FAIL,VALID
final_control_227,1e-06,0.0001,B2,FAIL,FAIL,VALID
final_control_227,1e-06,0.0001,B3,FAIL,FAIL,VALID
final_control_227,1e-06,0.0001,B4_normal,FAIL,FAIL,VALID
final_control_227,1e-05,0.001,B5,FAIL,FAIL,VALID
final_control_227,1e-05,0.001,B4,FAIL,FAIL,VALID
final_control_227,1e-05,0.001,A_no_geometry,FAIL,FAIL,VALID
final_control_227,1e-05,0.001,A_no_torque,FAIL,FAIL,VALID
final_control_227,1e-05,0.001,A_binary_unknown_fail,FAIL,FAIL,VALID
final_control_227,1e-05,0.001,A_accumulated,FAIL,FAIL,VALID
final_control_227,1e-05,0.001,A_net_aggregation,FAIL,FAIL,VALID
final_control_227,1e-05,0.001,B0,PASS,FAIL,VALID
final_control_227,1e-05,0.001,B1,PASS,FAIL,VALID
final_control_227,1e-05,0.001,B2,FAIL,FAIL,VALID
final_control_227,1e-05,0.001,B3,FAIL,FAIL,VALID
final_control_227,1e-05,0.001,B4_normal,FAIL,FAIL,VALID
final_control_227,0.0001,0.01,B5,FAIL,FAIL,VALID
final_control_227,0.0001,0.01,B4,FAIL,FAIL,VALID
final_control_227,0.0001,0.01,A_no_geometry,FAIL,FAIL,VALID
final_control_227,0.0001,0.01,A_no_torque,FAIL,FAIL,VALID
final_control_227,0.0001,0.01,A_binary_unknown_fail,FAIL,FAIL,VALID
final_control_227,0.0001,0.01,A_accumulated,FAIL,FAIL,VALID
final_control_227,0.0001,0.01,A_net_aggregation,FAIL,FAIL,VALID
final_control_227,0.0001,0.01,B0,PASS,FAIL,VALID
final_control_227,0.0001,0.01,B1,PASS,FAIL,VALID
final_control_227,0.0001,0.01,B2,FAIL,FAIL,VALID
final_control_227,0.0001,0.01,B3,FAIL,FAIL,VALID
final_control_227,0.0001,0.01,B4_normal,FAIL,FAIL,VALID
final_control_227,0.001,0.1,B5,FAIL,FAIL,VALID
final_control_227,0.001,0.1,B4,FAIL,FAIL,VALID
final_control_227,0.001,0.1,A_no_geometry,FAIL,FAIL,VALID
final_control_227,0.001,0.1,A_no_torque,FAIL,FAIL,VALID
final_control_227,0.001,0.1,A_binary_unknown_fail,FAIL,FAIL,VALID
final_control_227,0.001,0.1,A_accumulated,FAIL,FAIL,VALID
final_control_227,0.001,0.1,A_net_aggregation,FAIL,FAIL,VALID
final_control_227,0.001,0.1,B0,PASS,FAIL,VALID
final_control_227,0.001,0.1,B1,PASS,FAIL,VALID
final_control_227,0.001,0.1,B2,FAIL,FAIL,VALID
final_control_227,0.001,0.1,B3,FAIL,FAIL,VALID
final_control_227,0.001,0.1,B4_normal,FAIL,FAIL,VALID
final_control_227,0.01,1.0,B5,FAIL,FAIL,VALID
final_control_227,0.01,1.0,B4,FAIL,FAIL,VALID
final_control_227,0.01,1.0,A_no_geometry,FAIL,FAIL,VALID
final_control_227,0.01,1.0,A_no_torque,FAIL,FAIL,VALID
final_control_227,0.01,1.0,A_binary_unknown_fail,FAIL,FAIL,VALID
final_control_227,0.01,1.0,A_accumulated,FAIL,FAIL,VALID
final_control_227,0.01,1.0,A_net_aggregation,FAIL,FAIL,VALID
final_control_227,0.01,1.0,B0,PASS,FAIL,VALID
final_control_227,0.01,1.0,B1,PASS,FAIL,VALID
final_control_227,0.01,1.0,B2,FAIL,FAIL,VALID
final_control_227,0.01,1.0,B3,FAIL,FAIL,VALID
final_control_227,0.01,1.0,B4_normal,FAIL,FAIL,VALID
final_control_228,1e-06,0.0001,B5,FAIL,FAIL,VALID
final_control_228,1e-06,0.0001,B4,FAIL,FAIL,VALID
final_control_228,1e-06,0.0001,A_no_geometry,FAIL,FAIL,VALID
final_control_228,1e-06,0.0001,A_no_torque,FAIL,FAIL,VALID
final_control_228,1e-06,0.0001,A_binary_unknown_fail,FAIL,FAIL,VALID
final_control_228,1e-06,0.0001,A_accumulated,FAIL,FAIL,VALID
final_control_228,1e-06,0.0001,A_net_aggregation,FAIL,FAIL,VALID
final_control_228,1e-06,0.0001,B0,PASS,FAIL,VALID
final_control_228,1e-06,0.0001,B1,PASS,FAIL,VALID
final_control_228,1e-06,0.0001,B2,FAIL,FAIL,VALID
final_control_228,1e-06,0.0001,B3,FAIL,FAIL,VALID
final_control_228,1e-06,0.0001,B4_normal,FAIL,FAIL,VALID
final_control_228,1e-05,0.001,B5,FAIL,FAIL,VALID
final_control_228,1e-05,0.001,B4,FAIL,FAIL,VALID
final_control_228,1e-05,0.001,A_no_geometry,FAIL,FAIL,VALID
final_control_228,1e-05,0.001,A_no_torque,FAIL,FAIL,VALID
final_control_228,1e-05,0.001,A_binary_unknown_fail,FAIL,FAIL,VALID
final_control_228,1e-05,0.001,A_accumulated,FAIL,FAIL,VALID
final_control_228,1e-05,0.001,A_net_aggregation,FAIL,FAIL,VALID
final_control_228,1e-05,0.001,B0,PASS,FAIL,VALID
final_control_228,1e-05,0.001,B1,PASS,FAIL,VALID
final_control_228,1e-05,0.001,B2,FAIL,FAIL,VALID
final_control_228,1e-05,0.001,B3,FAIL,FAIL,VALID
final_control_228,1e-05,0.001,B4_normal,FAIL,FAIL,VALID
final_control_228,0.0001,0.01,B5,FAIL,FAIL,VALID
final_control_228,0.0001,0.01,B4,FAIL,FAIL,VALID
final_control_228,0.0001,0.01,A_no_geometry,FAIL,FAIL,VALID
final_control_228,0.0001,0.01,A_no_torque,FAIL,FAIL,VALID
final_control_228,0.0001,0.01,A_binary_unknown_fail,FAIL,FAIL,VALID
final_control_228,0.0001,0.01,A_accumulated,FAIL,FAIL,VALID
final_control_228,0.0001,0.01,A_net_aggregation,FAIL,FAIL,VALID
final_control_228,0.0001,0.01,B0,PASS,FAIL,VALID
final_control_228,0.0001,0.01,B1,PASS,FAIL,VALID
final_control_228,0.0001,0.01,B2,FAIL,FAIL,VALID
final_control_228,0.0001,0.01,B3,FAIL,FAIL,VALID
final_control_228,0.0001,0.01,B4_normal,FAIL,FAIL,VALID
final_control_228,0.001,0.1,B5,FAIL,FAIL,VALID
final_control_228,0.001,0.1,B4,FAIL,FAIL,VALID
final_control_228,0.001,0.1,A_no_geometry,FAIL,FAIL,VALID
final_control_228,0.001,0.1,A_no_torque,FAIL,FAIL,VALID
final_control_228,0.001,0.1,A_binary_unknown_fail,FAIL,FAIL,VALID
final_control_228,0.001,0.1,A_accumulated,FAIL,FAIL,VALID
final_control_228,0.001,0.1,A_net_aggregation,FAIL,FAIL,VALID
final_control_228,0.001,0.1,B0,PASS,FAIL,VALID
final_control_228,0.001,0.1,B1,PASS,FAIL,VALID
final_control_228,0.001,0.1,B2,FAIL,FAIL,VALID
final_control_228,0.001,0.1,B3,FAIL,FAIL,VALID
final_control_228,0.001,0.1,B4_normal,FAIL,FAIL,VALID
final_control_228,0.01,1.0,B5,FAIL,FAIL,VALID
final_control_228,0.01,1.0,B4,FAIL,FAIL,VALID
final_control_228,0.01,1.0,A_no_geometry,FAIL,FAIL,VALID
final_control_228,0.01,1.0,A_no_torque,FAIL,FAIL,VALID
final_control_228,0.01,1.0,A_binary_unknown_fail,FAIL,FAIL,VALID
final_control_228,0.01,1.0,A_accumulated,FAIL,FAIL,VALID
final_control_228,0.01,1.0,A_net_aggregation,INDETERMINATE,FAIL,VALID
final_control_228,0.01,1.0,B0,PASS,FAIL,VALID
final_control_228,0.01,1.0,B1,PASS,FAIL,VALID
final_control_228,0.01,1.0,B2,FAIL,FAIL,VALID
final_control_228,0.01,1.0,B3,FAIL,FAIL,VALID
final_control_228,0.01,1.0,B4_normal,FAIL,FAIL,VALID
final_control_229,1e-06,0.0001,B5,FAIL,FAIL,VALID
final_control_229,1e-06,0.0001,B4,FAIL,FAIL,VALID
final_control_229,1e-06,0.0001,A_no_geometry,FAIL,FAIL,VALID
final_control_229,1e-06,0.0001,A_no_torque,FAIL,FAIL,VALID
final_control_229,1e-06,0.0001,A_binary_unknown_fail,FAIL,FAIL,VALID
final_control_229,1e-06,0.0001,A_accumulated,PASS,FAIL,VALID
final_control_229,1e-06,0.0001,A_net_aggregation,FAIL,FAIL,VALID
final_control_229,1e-06,0.0001,B0,PASS,FAIL,VALID
final_control_229,1e-06,0.0001,B1,FAIL,FAIL,VALID
final_control_229,1e-06,0.0001,B2,FAIL,FAIL,VALID
final_control_229,1e-06,0.0001,B3,FAIL,FAIL,VALID
final_control_229,1e-06,0.0001,B4_normal,FAIL,FAIL,VALID
final_control_229,1e-05,0.001,B5,FAIL,FAIL,VALID
final_control_229,1e-05,0.001,B4,FAIL,FAIL,VALID
final_control_229,1e-05,0.001,A_no_geometry,FAIL,FAIL,VALID
final_control_229,1e-05,0.001,A_no_torque,FAIL,FAIL,VALID
final_control_229,1e-05,0.001,A_binary_unknown_fail,FAIL,FAIL,VALID
final_control_229,1e-05,0.001,A_accumulated,PASS,FAIL,VALID
final_control_229,1e-05,0.001,A_net_aggregation,FAIL,FAIL,VALID
final_control_229,1e-05,0.001,B0,PASS,FAIL,VALID
final_control_229,1e-05,0.001,B1,FAIL,FAIL,VALID
final_control_229,1e-05,0.001,B2,FAIL,FAIL,VALID
final_control_229,1e-05,0.001,B3,FAIL,FAIL,VALID
final_control_229,1e-05,0.001,B4_normal,FAIL,FAIL,VALID
final_control_229,0.0001,0.01,B5,FAIL,FAIL,VALID
final_control_229,0.0001,0.01,B4,FAIL,FAIL,VALID
final_control_229,0.0001,0.01,A_no_geometry,FAIL,FAIL,VALID
final_control_229,0.0001,0.01,A_no_torque,FAIL,FAIL,VALID
final_control_229,0.0001,0.01,A_binary_unknown_fail,FAIL,FAIL,VALID
final_control_229,0.0001,0.01,A_accumulated,PASS,FAIL,VALID
final_control_229,0.0001,0.01,A_net_aggregation,FAIL,FAIL,VALID
final_control_229,0.0001,0.01,B0,PASS,FAIL,VALID
final_control_229,0.0001,0.01,B1,FAIL,FAIL,VALID
final_control_229,0.0001,0.01,B2,FAIL,FAIL,VALID
final_control_229,0.0001,0.01,B3,FAIL,FAIL,VALID
final_control_229,0.0001,0.01,B4_normal,FAIL,FAIL,VALID
final_control_229,0.001,0.1,B5,FAIL,FAIL,VALID
final_control_229,0.001,0.1,B4,FAIL,FAIL,VALID
final_control_229,0.001,0.1,A_no_geometry,FAIL,FAIL,VALID
final_control_229,0.001,0.1,A_no_torque,FAIL,FAIL,VALID
final_control_229,0.001,0.1,A_binary_unknown_fail,FAIL,FAIL,VALID
final_control_229,0.001,0.1,A_accumulated,PASS,FAIL,VALID
final_control_229,0.001,0.1,A_net_aggregation,FAIL,FAIL,VALID
final_control_229,0.001,0.1,B0,PASS,FAIL,VALID
final_control_229,0.001,0.1,B1,FAIL,FAIL,VALID
final_control_229,0.001,0.1,B2,FAIL,FAIL,VALID
final_control_229,0.001,0.1,B3,FAIL,FAIL,VALID
final_control_229,0.001,0.1,B4_normal,FAIL,FAIL,VALID
final_control_229,0.01,1.0,B5,FAIL,FAIL,VALID
final_control_229,0.01,1.0,B4,FAIL,FAIL,VALID
final_control_229,0.01,1.0,A_no_geometry,FAIL,FAIL,VALID
final_control_229,0.01,1.0,A_no_torque,FAIL,FAIL,VALID
final_control_229,0.01,1.0,A_binary_unknown_fail,FAIL,FAIL,VALID
final_control_229,0.01,1.0,A_accumulated,PASS,FAIL,VALID
final_control_229,0.01,1.0,A_net_aggregation,FAIL,FAIL,VALID
final_control_229,0.01,1.0,B0,PASS,FAIL,VALID
final_control_229,0.01,1.0,B1,FAIL,FAIL,VALID
final_control_229,0.01,1.0,B2,FAIL,FAIL,VALID
final_control_229,0.01,1.0,B3,FAIL,FAIL,VALID
final_control_229,0.01,1.0,B4_normal,FAIL,FAIL,VALID
final_control_230,1e-06,0.0001,B5,FAIL,FAIL,VALID
final_control_230,1e-06,0.0001,B4,FAIL,FAIL,VALID
final_control_230,1e-06,0.0001,A_no_geometry,FAIL,FAIL,VALID
final_control_230,1e-06,0.0001,A_no_torque,FAIL,FAIL,VALID
final_control_230,1e-06,0.0001,A_binary_unknown_fail,FAIL,FAIL,VALID
final_control_230,1e-06,0.0001,A_accumulated,FAIL,FAIL,VALID
final_control_230,1e-06,0.0001,A_net_aggregation,FAIL,FAIL,VALID
final_control_230,1e-06,0.0001,B0,FAIL,FAIL,VALID
final_control_230,1e-06,0.0001,B1,FAIL,FAIL,VALID
final_control_230,1e-06,0.0001,B2,FAIL,FAIL,VALID
final_control_230,1e-06,0.0001,B3,FAIL,FAIL,VALID
final_control_230,1e-06,0.0001,B4_normal,FAIL,FAIL,VALID
final_control_230,1e-05,0.001,B5,FAIL,FAIL,VALID
final_control_230,1e-05,0.001,B4,FAIL,FAIL,VALID
final_control_230,1e-05,0.001,A_no_geometry,FAIL,FAIL,VALID
final_control_230,1e-05,0.001,A_no_torque,FAIL,FAIL,VALID
final_control_230,1e-05,0.001,A_binary_unknown_fail,FAIL,FAIL,VALID
final_control_230,1e-05,0.001,A_accumulated,FAIL,FAIL,VALID
final_control_230,1e-05,0.001,A_net_aggregation,FAIL,FAIL,VALID
final_control_230,1e-05,0.001,B0,FAIL,FAIL,VALID
final_control_230,1e-05,0.001,B1,FAIL,FAIL,VALID
final_control_230,1e-05,0.001,B2,FAIL,FAIL,VALID
final_control_230,1e-05,0.001,B3,FAIL,FAIL,VALID
final_control_230,1e-05,0.001,B4_normal,FAIL,FAIL,VALID
final_control_230,0.0001,0.01,B5,FAIL,FAIL,VALID
final_control_230,0.0001,0.01,B4,FAIL,FAIL,VALID
final_control_230,0.0001,0.01,A_no_geometry,FAIL,FAIL,VALID
final_control_230,0.0001,0.01,A_no_torque,FAIL,FAIL,VALID
final_control_230,0.0001,0.01,A_binary_unknown_fail,FAIL,FAIL,VALID
final_control_230,0.0001,0.01,A_accumulated,FAIL,FAIL,VALID
final_control_230,0.0001,0.01,A_net_aggregation,FAIL,FAIL,VALID
final_control_230,0.0001,0.01,B0,FAIL,FAIL,VALID
final_control_230,0.0001,0.01,B1,FAIL,FAIL,VALID
final_control_230,0.0001,0.01,B2,FAIL,FAIL,VALID
final_control_230,0.0001,0.01,B3,FAIL,FAIL,VALID
final_control_230,0.0001,0.01,B4_normal,FAIL,FAIL,VALID
final_control_230,0.001,0.1,B5,FAIL,FAIL,VALID
final_control_230,0.001,0.1,B4,FAIL,FAIL,VALID
final_control_230,0.001,0.1,A_no_geometry,FAIL,FAIL,VALID
final_control_230,0.001,0.1,A_no_torque,FAIL,FAIL,VALID
final_control_230,0.001,0.1,A_binary_unknown_fail,FAIL,FAIL,VALID
final_control_230,0.001,0.1,A_accumulated,FAIL,FAIL,VALID
final_control_230,0.001,0.1,A_net_aggregation,FAIL,FAIL,VALID
final_control_230,0.001,0.1,B0,FAIL,FAIL,VALID
final_control_230,0.001,0.1,B1,FAIL,FAIL,VALID
final_control_230,0.001,0.1,B2,FAIL,FAIL,VALID
final_control_230,0.001,0.1,B3,FAIL,FAIL,VALID
final_control_230,0.001,0.1,B4_normal,FAIL,FAIL,VALID
final_control_230,0.01,1.0,B5,FAIL,FAIL,VALID
final_control_230,0.01,1.0,B4,FAIL,FAIL,VALID
final_control_230,0.01,1.0,A_no_geometry,FAIL,FAIL,VALID
final_control_230,0.01,1.0,A_no_torque,FAIL,FAIL,VALID
final_control_230,0.01,1.0,A_binary_unknown_fail,FAIL,FAIL,VALID
final_control_230,0.01,1.0,A_accumulated,FAIL,FAIL,VALID
final_control_230,0.01,1.0,A_net_aggregation,FAIL,FAIL,VALID
final_control_230,0.01,1.0,B0,FAIL,FAIL,VALID
final_control_230,0.01,1.0,B1,FAIL,FAIL,VALID
final_control_230,0.01,1.0,B2,FAIL,FAIL,VALID
final_control_230,0.01,1.0,B3,FAIL,FAIL,VALID
final_control_230,0.01,1.0,B4_normal,FAIL,FAIL,VALID
final_control_231,1e-06,0.0001,B5,PASS,PASS,VALID
final_control_231,1e-06,0.0001,B4,PASS,PASS,VALID
final_control_231,1e-06,0.0001,A_no_geometry,PASS,PASS,VALID
final_control_231,1e-06,0.0001,A_no_torque,PASS,PASS,VALID
final_control_231,1e-06,0.0001,A_binary_unknown_fail,PASS,PASS,VALID
final_control_231,1e-06,0.0001,A_accumulated,PASS,PASS,VALID
final_control_231,1e-06,0.0001,A_net_aggregation,PASS,PASS,VALID
final_control_231,1e-06,0.0001,B0,PASS,PASS,VALID
final_control_231,1e-06,0.0001,B1,PASS,PASS,VALID
final_control_231,1e-06,0.0001,B2,FAIL,PASS,VALID
final_control_231,1e-06,0.0001,B3,PASS,PASS,VALID
final_control_231,1e-06,0.0001,B4_normal,PASS,PASS,VALID
final_control_231,1e-05,0.001,B5,PASS,PASS,VALID
final_control_231,1e-05,0.001,B4,PASS,PASS,VALID
final_control_231,1e-05,0.001,A_no_geometry,PASS,PASS,VALID
final_control_231,1e-05,0.001,A_no_torque,PASS,PASS,VALID
final_control_231,1e-05,0.001,A_binary_unknown_fail,PASS,PASS,VALID
final_control_231,1e-05,0.001,A_accumulated,PASS,PASS,VALID
final_control_231,1e-05,0.001,A_net_aggregation,PASS,PASS,VALID
final_control_231,1e-05,0.001,B0,PASS,PASS,VALID
final_control_231,1e-05,0.001,B1,PASS,PASS,VALID
final_control_231,1e-05,0.001,B2,FAIL,PASS,VALID
final_control_231,1e-05,0.001,B3,PASS,PASS,VALID
final_control_231,1e-05,0.001,B4_normal,PASS,PASS,VALID
final_control_231,0.0001,0.01,B5,PASS,PASS,VALID
final_control_231,0.0001,0.01,B4,PASS,PASS,VALID
final_control_231,0.0001,0.01,A_no_geometry,PASS,PASS,VALID
final_control_231,0.0001,0.01,A_no_torque,PASS,PASS,VALID
final_control_231,0.0001,0.01,A_binary_unknown_fail,PASS,PASS,VALID
final_control_231,0.0001,0.01,A_accumulated,PASS,PASS,VALID
final_control_231,0.0001,0.01,A_net_aggregation,PASS,PASS,VALID
final_control_231,0.0001,0.01,B0,PASS,PASS,VALID
final_control_231,0.0001,0.01,B1,PASS,PASS,VALID
final_control_231,0.0001,0.01,B2,FAIL,PASS,VALID
final_control_231,0.0001,0.01,B3,PASS,PASS,VALID
final_control_231,0.0001,0.01,B4_normal,PASS,PASS,VALID
final_control_231,0.001,0.1,B5,PASS,PASS,VALID
final_control_231,0.001,0.1,B4,PASS,PASS,VALID
final_control_231,0.001,0.1,A_no_geometry,PASS,PASS,VALID
final_control_231,0.001,0.1,A_no_torque,PASS,PASS,VALID
final_control_231,0.001,0.1,A_binary_unknown_fail,PASS,PASS,VALID
final_control_231,0.001,0.1,A_accumulated,PASS,PASS,VALID
final_control_231,0.001,0.1,A_net_aggregation,PASS,PASS,VALID
final_control_231,0.001,0.1,B0,PASS,PASS,VALID
final_control_231,0.001,0.1,B1,PASS,PASS,VALID
final_control_231,0.001,0.1,B2,FAIL,PASS,VALID
final_control_231,0.001,0.1,B3,PASS,PASS,VALID
final_control_231,0.001,0.1,B4_normal,PASS,PASS,VALID
final_control_231,0.01,1.0,B5,PASS,PASS,VALID
final_control_231,0.01,1.0,B4,PASS,PASS,VALID
final_control_231,0.01,1.0,A_no_geometry,PASS,PASS,VALID
final_control_231,0.01,1.0,A_no_torque,PASS,PASS,VALID
final_control_231,0.01,1.0,A_binary_unknown_fail,PASS,PASS,VALID
final_control_231,0.01,1.0,A_accumulated,PASS,PASS,VALID
final_control_231,0.01,1.0,A_net_aggregation,PASS,PASS,VALID
final_control_231,0.01,1.0,B0,PASS,PASS,VALID
final_control_231,0.01,1.0,B1,PASS,PASS,VALID
final_control_231,0.01,1.0,B2,FAIL,PASS,VALID
final_control_231,0.01,1.0,B3,PASS,PASS,VALID
final_control_231,0.01,1.0,B4_normal,PASS,PASS,VALID
final_control_232,1e-06,0.0001,B5,PASS,PASS,VALID
final_control_232,1e-06,0.0001,B4,PASS,PASS,VALID
final_control_232,1e-06,0.0001,A_no_geometry,PASS,PASS,VALID
final_control_232,1e-06,0.0001,A_no_torque,PASS,PASS,VALID
final_control_232,1e-06,0.0001,A_binary_unknown_fail,PASS,PASS,VALID
final_control_232,1e-06,0.0001,A_accumulated,PASS,PASS,VALID
final_control_232,1e-06,0.0001,A_net_aggregation,PASS,PASS,VALID
final_control_232,1e-06,0.0001,B0,PASS,PASS,VALID
final_control_232,1e-06,0.0001,B1,PASS,PASS,VALID
final_control_232,1e-06,0.0001,B2,PASS,PASS,VALID
final_control_232,1e-06,0.0001,B3,PASS,PASS,VALID
final_control_232,1e-06,0.0001,B4_normal,PASS,PASS,VALID
final_control_232,1e-05,0.001,B5,PASS,PASS,VALID
final_control_232,1e-05,0.001,B4,PASS,PASS,VALID
final_control_232,1e-05,0.001,A_no_geometry,PASS,PASS,VALID
final_control_232,1e-05,0.001,A_no_torque,PASS,PASS,VALID
final_control_232,1e-05,0.001,A_binary_unknown_fail,PASS,PASS,VALID
final_control_232,1e-05,0.001,A_accumulated,PASS,PASS,VALID
final_control_232,1e-05,0.001,A_net_aggregation,PASS,PASS,VALID
final_control_232,1e-05,0.001,B0,PASS,PASS,VALID
final_control_232,1e-05,0.001,B1,PASS,PASS,VALID
final_control_232,1e-05,0.001,B2,PASS,PASS,VALID
final_control_232,1e-05,0.001,B3,PASS,PASS,VALID
final_control_232,1e-05,0.001,B4_normal,PASS,PASS,VALID
final_control_232,0.0001,0.01,B5,PASS,PASS,VALID
final_control_232,0.0001,0.01,B4,PASS,PASS,VALID
final_control_232,0.0001,0.01,A_no_geometry,PASS,PASS,VALID
final_control_232,0.0001,0.01,A_no_torque,PASS,PASS,VALID
final_control_232,0.0001,0.01,A_binary_unknown_fail,PASS,PASS,VALID
final_control_232,0.0001,0.01,A_accumulated,PASS,PASS,VALID
final_control_232,0.0001,0.01,A_net_aggregation,PASS,PASS,VALID
final_control_232,0.0001,0.01,B0,PASS,PASS,VALID
final_control_232,0.0001,0.01,B1,PASS,PASS,VALID
final_control_232,0.0001,0.01,B2,PASS,PASS,VALID
final_control_232,0.0001,0.01,B3,PASS,PASS,VALID
final_control_232,0.0001,0.01,B4_normal,PASS,PASS,VALID
final_control_232,0.001,0.1,B5,PASS,PASS,VALID
final_control_232,0.001,0.1,B4,PASS,PASS,VALID
final_control_232,0.001,0.1,A_no_geometry,PASS,PASS,VALID
final_control_232,0.001,0.1,A_no_torque,PASS,PASS,VALID
final_control_232,0.001,0.1,A_binary_unknown_fail,PASS,PASS,VALID
final_control_232,0.001,0.1,A_accumulated,PASS,PASS,VALID
final_control_232,0.001,0.1,A_net_aggregation,PASS,PASS,VALID
final_control_232,0.001,0.1,B0,PASS,PASS,VALID
final_control_232,0.001,0.1,B1,PASS,PASS,VALID
final_control_232,0.001,0.1,B2,PASS,PASS,VALID
final_control_232,0.001,0.1,B3,PASS,PASS,VALID
final_control_232,0.001,0.1,B4_normal,PASS,PASS,VALID
final_control_232,0.01,1.0,B5,PASS,PASS,VALID
final_control_232,0.01,1.0,B4,PASS,PASS,VALID
final_control_232,0.01,1.0,A_no_geometry,PASS,PASS,VALID
final_control_232,0.01,1.0,A_no_torque,PASS,PASS,VALID
final_control_232,0.01,1.0,A_binary_unknown_fail,PASS,PASS,VALID
final_control_232,0.01,1.0,A_accumulated,PASS,PASS,VALID
final_control_232,0.01,1.0,A_net_aggregation,PASS,PASS,VALID
final_control_232,0.01,1.0,B0,PASS,PASS,VALID
final_control_232,0.01,1.0,B1,PASS,PASS,VALID
final_control_232,0.01,1.0,B2,PASS,PASS,VALID
final_control_232,0.01,1.0,B3,PASS,PASS,VALID
final_control_232,0.01,1.0,B4_normal,PASS,PASS,VALID
final_control_233,1e-06,0.0001,B5,PASS,PASS,VALID
final_control_233,1e-06,0.0001,B4,PASS,PASS,VALID
final_control_233,1e-06,0.0001,A_no_geometry,PASS,PASS,VALID
final_control_233,1e-06,0.0001,A_no_torque,PASS,PASS,VALID
final_control_233,1e-06,0.0001,A_binary_unknown_fail,PASS,PASS,VALID
final_control_233,1e-06,0.0001,A_accumulated,PASS,PASS,VALID
final_control_233,1e-06,0.0001,A_net_aggregation,PASS,PASS,VALID
final_control_233,1e-06,0.0001,B0,PASS,PASS,VALID
final_control_233,1e-06,0.0001,B1,PASS,PASS,VALID
final_control_233,1e-06,0.0001,B2,FAIL,PASS,VALID
final_control_233,1e-06,0.0001,B3,PASS,PASS,VALID
final_control_233,1e-06,0.0001,B4_normal,PASS,PASS,VALID
final_control_233,1e-05,0.001,B5,PASS,PASS,VALID
final_control_233,1e-05,0.001,B4,PASS,PASS,VALID
final_control_233,1e-05,0.001,A_no_geometry,PASS,PASS,VALID
final_control_233,1e-05,0.001,A_no_torque,PASS,PASS,VALID
final_control_233,1e-05,0.001,A_binary_unknown_fail,PASS,PASS,VALID
final_control_233,1e-05,0.001,A_accumulated,PASS,PASS,VALID
final_control_233,1e-05,0.001,A_net_aggregation,PASS,PASS,VALID
final_control_233,1e-05,0.001,B0,PASS,PASS,VALID
final_control_233,1e-05,0.001,B1,PASS,PASS,VALID
final_control_233,1e-05,0.001,B2,FAIL,PASS,VALID
final_control_233,1e-05,0.001,B3,PASS,PASS,VALID
final_control_233,1e-05,0.001,B4_normal,PASS,PASS,VALID
final_control_233,0.0001,0.01,B5,PASS,PASS,VALID
final_control_233,0.0001,0.01,B4,PASS,PASS,VALID
final_control_233,0.0001,0.01,A_no_geometry,PASS,PASS,VALID
final_control_233,0.0001,0.01,A_no_torque,PASS,PASS,VALID
final_control_233,0.0001,0.01,A_binary_unknown_fail,PASS,PASS,VALID
final_control_233,0.0001,0.01,A_accumulated,PASS,PASS,VALID
final_control_233,0.0001,0.01,A_net_aggregation,PASS,PASS,VALID
final_control_233,0.0001,0.01,B0,PASS,PASS,VALID
final_control_233,0.0001,0.01,B1,PASS,PASS,VALID
final_control_233,0.0001,0.01,B2,FAIL,PASS,VALID
final_control_233,0.0001,0.01,B3,PASS,PASS,VALID
final_control_233,0.0001,0.01,B4_normal,PASS,PASS,VALID
final_control_233,0.001,0.1,B5,PASS,PASS,VALID
final_control_233,0.001,0.1,B4,PASS,PASS,VALID
final_control_233,0.001,0.1,A_no_geometry,PASS,PASS,VALID
final_control_233,0.001,0.1,A_no_torque,PASS,PASS,VALID
final_control_233,0.001,0.1,A_binary_unknown_fail,PASS,PASS,VALID
final_control_233,0.001,0.1,A_accumulated,PASS,PASS,VALID
final_control_233,0.001,0.1,A_net_aggregation,PASS,PASS,VALID
final_control_233,0.001,0.1,B0,PASS,PASS,VALID
final_control_233,0.001,0.1,B1,PASS,PASS,VALID
final_control_233,0.001,0.1,B2,FAIL,PASS,VALID
final_control_233,0.001,0.1,B3,PASS,PASS,VALID
final_control_233,0.001,0.1,B4_normal,PASS,PASS,VALID
final_control_233,0.01,1.0,B5,PASS,PASS,VALID
final_control_233,0.01,1.0,B4,PASS,PASS,VALID
final_control_233,0.01,1.0,A_no_geometry,PASS,PASS,VALID
final_control_233,0.01,1.0,A_no_torque,PASS,PASS,VALID
final_control_233,0.01,1.0,A_binary_unknown_fail,PASS,PASS,VALID
final_control_233,0.01,1.0,A_accumulated,PASS,PASS,VALID
final_control_233,0.01,1.0,A_net_aggregation,PASS,PASS,VALID
final_control_233,0.01,1.0,B0,PASS,PASS,VALID
final_control_233,0.01,1.0,B1,PASS,PASS,VALID
final_control_233,0.01,1.0,B2,FAIL,PASS,VALID
final_control_233,0.01,1.0,B3,PASS,PASS,VALID
final_control_233,0.01,1.0,B4_normal,PASS,PASS,VALID
final_control_234,1e-06,0.0001,B5,FAIL,FAIL,VALID
final_control_234,1e-06,0.0001,B4,FAIL,FAIL,VALID
final_control_234,1e-06,0.0001,A_no_geometry,FAIL,FAIL,VALID
final_control_234,1e-06,0.0001,A_no_torque,FAIL,FAIL,VALID
final_control_234,1e-06,0.0001,A_binary_unknown_fail,FAIL,FAIL,VALID
final_control_234,1e-06,0.0001,A_accumulated,FAIL,FAIL,VALID
final_control_234,1e-06,0.0001,A_net_aggregation,FAIL,FAIL,VALID
final_control_234,1e-06,0.0001,B0,PASS,FAIL,VALID
final_control_234,1e-06,0.0001,B1,PASS,FAIL,VALID
final_control_234,1e-06,0.0001,B2,FAIL,FAIL,VALID
final_control_234,1e-06,0.0001,B3,FAIL,FAIL,VALID
final_control_234,1e-06,0.0001,B4_normal,FAIL,FAIL,VALID
final_control_234,1e-05,0.001,B5,FAIL,FAIL,VALID
final_control_234,1e-05,0.001,B4,FAIL,FAIL,VALID
final_control_234,1e-05,0.001,A_no_geometry,FAIL,FAIL,VALID
final_control_234,1e-05,0.001,A_no_torque,FAIL,FAIL,VALID
final_control_234,1e-05,0.001,A_binary_unknown_fail,FAIL,FAIL,VALID
final_control_234,1e-05,0.001,A_accumulated,FAIL,FAIL,VALID
final_control_234,1e-05,0.001,A_net_aggregation,FAIL,FAIL,VALID
final_control_234,1e-05,0.001,B0,PASS,FAIL,VALID
final_control_234,1e-05,0.001,B1,PASS,FAIL,VALID
final_control_234,1e-05,0.001,B2,FAIL,FAIL,VALID
final_control_234,1e-05,0.001,B3,FAIL,FAIL,VALID
final_control_234,1e-05,0.001,B4_normal,FAIL,FAIL,VALID
final_control_234,0.0001,0.01,B5,FAIL,FAIL,VALID
final_control_234,0.0001,0.01,B4,FAIL,FAIL,VALID
final_control_234,0.0001,0.01,A_no_geometry,FAIL,FAIL,VALID
final_control_234,0.0001,0.01,A_no_torque,FAIL,FAIL,VALID
final_control_234,0.0001,0.01,A_binary_unknown_fail,FAIL,FAIL,VALID
final_control_234,0.0001,0.01,A_accumulated,FAIL,FAIL,VALID
final_control_234,0.0001,0.01,A_net_aggregation,FAIL,FAIL,VALID
final_control_234,0.0001,0.01,B0,PASS,FAIL,VALID
final_control_234,0.0001,0.01,B1,PASS,FAIL,VALID
final_control_234,0.0001,0.01,B2,FAIL,FAIL,VALID
final_control_234,0.0001,0.01,B3,FAIL,FAIL,VALID
final_control_234,0.0001,0.01,B4_normal,FAIL,FAIL,VALID
final_control_234,0.001,0.1,B5,FAIL,FAIL,VALID
final_control_234,0.001,0.1,B4,FAIL,FAIL,VALID
final_control_234,0.001,0.1,A_no_geometry,FAIL,FAIL,VALID
final_control_234,0.001,0.1,A_no_torque,FAIL,FAIL,VALID
final_control_234,0.001,0.1,A_binary_unknown_fail,FAIL,FAIL,VALID
final_control_234,0.001,0.1,A_accumulated,FAIL,FAIL,VALID
final_control_234,0.001,0.1,A_net_aggregation,FAIL,FAIL,VALID
final_control_234,0.001,0.1,B0,PASS,FAIL,VALID
final_control_234,0.001,0.1,B1,PASS,FAIL,VALID
final_control_234,0.001,0.1,B2,FAIL,FAIL,VALID
final_control_234,0.001,0.1,B3,FAIL,FAIL,VALID
final_control_234,0.001,0.1,B4_normal,FAIL,FAIL,VALID
final_control_234,0.01,1.0,B5,FAIL,FAIL,VALID
final_control_234,0.01,1.0,B4,FAIL,FAIL,VALID
final_control_234,0.01,1.0,A_no_geometry,FAIL,FAIL,VALID
final_control_234,0.01,1.0,A_no_torque,FAIL,FAIL,VALID
final_control_234,0.01,1.0,A_binary_unknown_fail,FAIL,FAIL,VALID
final_control_234,0.01,1.0,A_accumulated,FAIL,FAIL,VALID
final_control_234,0.01,1.0,A_net_aggregation,FAIL,FAIL,VALID
final_control_234,0.01,1.0,B0,PASS,FAIL,VALID
final_control_234,0.01,1.0,B1,PASS,FAIL,VALID
final_control_234,0.01,1.0,B2,FAIL,FAIL,VALID
final_control_234,0.01,1.0,B3,FAIL,FAIL,VALID
final_control_234,0.01,1.0,B4_normal,FAIL,FAIL,VALID
final_control_235,1e-06,0.0001,B5,FAIL,FAIL,VALID
final_control_235,1e-06,0.0001,B4,FAIL,FAIL,VALID
final_control_235,1e-06,0.0001,A_no_geometry,FAIL,FAIL,VALID
final_control_235,1e-06,0.0001,A_no_torque,FAIL,FAIL,VALID
final_control_235,1e-06,0.0001,A_binary_unknown_fail,FAIL,FAIL,VALID
final_control_235,1e-06,0.0001,A_accumulated,FAIL,FAIL,VALID
final_control_235,1e-06,0.0001,A_net_aggregation,FAIL,FAIL,VALID
final_control_235,1e-06,0.0001,B0,PASS,FAIL,VALID
final_control_235,1e-06,0.0001,B1,PASS,FAIL,VALID
final_control_235,1e-06,0.0001,B2,FAIL,FAIL,VALID
final_control_235,1e-06,0.0001,B3,FAIL,FAIL,VALID
final_control_235,1e-06,0.0001,B4_normal,FAIL,FAIL,VALID
final_control_235,1e-05,0.001,B5,FAIL,FAIL,VALID
final_control_235,1e-05,0.001,B4,FAIL,FAIL,VALID
final_control_235,1e-05,0.001,A_no_geometry,FAIL,FAIL,VALID
final_control_235,1e-05,0.001,A_no_torque,FAIL,FAIL,VALID
final_control_235,1e-05,0.001,A_binary_unknown_fail,FAIL,FAIL,VALID
final_control_235,1e-05,0.001,A_accumulated,FAIL,FAIL,VALID
final_control_235,1e-05,0.001,A_net_aggregation,FAIL,FAIL,VALID
final_control_235,1e-05,0.001,B0,PASS,FAIL,VALID
final_control_235,1e-05,0.001,B1,PASS,FAIL,VALID
final_control_235,1e-05,0.001,B2,FAIL,FAIL,VALID
final_control_235,1e-05,0.001,B3,FAIL,FAIL,VALID
final_control_235,1e-05,0.001,B4_normal,FAIL,FAIL,VALID
final_control_235,0.0001,0.01,B5,FAIL,FAIL,VALID
final_control_235,0.0001,0.01,B4,FAIL,FAIL,VALID
final_control_235,0.0001,0.01,A_no_geometry,FAIL,FAIL,VALID
final_control_235,0.0001,0.01,A_no_torque,FAIL,FAIL,VALID
final_control_235,0.0001,0.01,A_binary_unknown_fail,FAIL,FAIL,VALID
final_control_235,0.0001,0.01,A_accumulated,FAIL,FAIL,VALID
final_control_235,0.0001,0.01,A_net_aggregation,FAIL,FAIL,VALID
final_control_235,0.0001,0.01,B0,PASS,FAIL,VALID
final_control_235,0.0001,0.01,B1,PASS,FAIL,VALID
final_control_235,0.0001,0.01,B2,FAIL,FAIL,VALID
final_control_235,0.0001,0.01,B3,FAIL,FAIL,VALID
final_control_235,0.0001,0.01,B4_normal,FAIL,FAIL,VALID
final_control_235,0.001,0.1,B5,FAIL,FAIL,VALID
final_control_235,0.001,0.1,B4,FAIL,FAIL,VALID
final_control_235,0.001,0.1,A_no_geometry,FAIL,FAIL,VALID
final_control_235,0.001,0.1,A_no_torque,FAIL,FAIL,VALID
final_control_235,0.001,0.1,A_binary_unknown_fail,FAIL,FAIL,VALID
final_control_235,0.001,0.1,A_accumulated,FAIL,FAIL,VALID
final_control_235,0.001,0.1,A_net_aggregation,FAIL,FAIL,VALID
final_control_235,0.001,0.1,B0,PASS,FAIL,VALID
final_control_235,0.001,0.1,B1,PASS,FAIL,VALID
final_control_235,0.001,0.1,B2,FAIL,FAIL,VALID
final_control_235,0.001,0.1,B3,FAIL,FAIL,VALID
final_control_235,0.001,0.1,B4_normal,FAIL,FAIL,VALID
final_control_235,0.01,1.0,B5,INDETERMINATE,FAIL,VALID
final_control_235,0.01,1.0,B4,INDETERMINATE,FAIL,VALID
final_control_235,0.01,1.0,A_no_geometry,INDETERMINATE,FAIL,VALID
final_control_235,0.01,1.0,A_no_torque,INDETERMINATE,FAIL,VALID
final_control_235,0.01,1.0,A_binary_unknown_fail,FAIL,FAIL,VALID
final_control_235,0.01,1.0,A_accumulated,INDETERMINATE,FAIL,VALID
final_control_235,0.01,1.0,A_net_aggregation,INDETERMINATE,FAIL,VALID
final_control_235,0.01,1.0,B0,PASS,FAIL,VALID
final_control_235,0.01,1.0,B1,PASS,FAIL,VALID
final_control_235,0.01,1.0,B2,FAIL,FAIL,VALID
final_control_235,0.01,1.0,B3,FAIL,FAIL,VALID
final_control_235,0.01,1.0,B4_normal,INDETERMINATE,FAIL,VALID
final_control_236,1e-06,0.0001,B5,FAIL,FAIL,VALID
final_control_236,1e-06,0.0001,B4,FAIL,FAIL,VALID
final_control_236,1e-06,0.0001,A_no_geometry,FAIL,FAIL,VALID
final_control_236,1e-06,0.0001,A_no_torque,FAIL,FAIL,VALID
final_control_236,1e-06,0.0001,A_binary_unknown_fail,FAIL,FAIL,VALID
final_control_236,1e-06,0.0001,A_accumulated,FAIL,FAIL,VALID
final_control_236,1e-06,0.0001,A_net_aggregation,FAIL,FAIL,VALID
final_control_236,1e-06,0.0001,B0,PASS,FAIL,VALID
final_control_236,1e-06,0.0001,B1,PASS,FAIL,VALID
final_control_236,1e-06,0.0001,B2,FAIL,FAIL,VALID
final_control_236,1e-06,0.0001,B3,FAIL,FAIL,VALID
final_control_236,1e-06,0.0001,B4_normal,FAIL,FAIL,VALID
final_control_236,1e-05,0.001,B5,FAIL,FAIL,VALID
final_control_236,1e-05,0.001,B4,FAIL,FAIL,VALID
final_control_236,1e-05,0.001,A_no_geometry,FAIL,FAIL,VALID
final_control_236,1e-05,0.001,A_no_torque,FAIL,FAIL,VALID
final_control_236,1e-05,0.001,A_binary_unknown_fail,FAIL,FAIL,VALID
final_control_236,1e-05,0.001,A_accumulated,FAIL,FAIL,VALID
final_control_236,1e-05,0.001,A_net_aggregation,FAIL,FAIL,VALID
final_control_236,1e-05,0.001,B0,PASS,FAIL,VALID
final_control_236,1e-05,0.001,B1,PASS,FAIL,VALID
final_control_236,1e-05,0.001,B2,FAIL,FAIL,VALID
final_control_236,1e-05,0.001,B3,FAIL,FAIL,VALID
final_control_236,1e-05,0.001,B4_normal,FAIL,FAIL,VALID
final_control_236,0.0001,0.01,B5,FAIL,FAIL,VALID
final_control_236,0.0001,0.01,B4,FAIL,FAIL,VALID
final_control_236,0.0001,0.01,A_no_geometry,FAIL,FAIL,VALID
final_control_236,0.0001,0.01,A_no_torque,FAIL,FAIL,VALID
final_control_236,0.0001,0.01,A_binary_unknown_fail,FAIL,FAIL,VALID
final_control_236,0.0001,0.01,A_accumulated,FAIL,FAIL,VALID
final_control_236,0.0001,0.01,A_net_aggregation,FAIL,FAIL,VALID
final_control_236,0.0001,0.01,B0,PASS,FAIL,VALID
final_control_236,0.0001,0.01,B1,PASS,FAIL,VALID
final_control_236,0.0001,0.01,B2,FAIL,FAIL,VALID
final_control_236,0.0001,0.01,B3,FAIL,FAIL,VALID
final_control_236,0.0001,0.01,B4_normal,FAIL,FAIL,VALID
final_control_236,0.001,0.1,B5,FAIL,FAIL,VALID
final_control_236,0.001,0.1,B4,FAIL,FAIL,VALID
final_control_236,0.001,0.1,A_no_geometry,FAIL,FAIL,VALID
final_control_236,0.001,0.1,A_no_torque,FAIL,FAIL,VALID
final_control_236,0.001,0.1,A_binary_unknown_fail,FAIL,FAIL,VALID
final_control_236,0.001,0.1,A_accumulated,FAIL,FAIL,VALID
final_control_236,0.001,0.1,A_net_aggregation,FAIL,FAIL,VALID
final_control_236,0.001,0.1,B0,PASS,FAIL,VALID
final_control_236,0.001,0.1,B1,PASS,FAIL,VALID
final_control_236,0.001,0.1,B2,FAIL,FAIL,VALID
final_control_236,0.001,0.1,B3,FAIL,FAIL,VALID
final_control_236,0.001,0.1,B4_normal,FAIL,FAIL,VALID
final_control_236,0.01,1.0,B5,FAIL,FAIL,VALID
final_control_236,0.01,1.0,B4,FAIL,FAIL,VALID
final_control_236,0.01,1.0,A_no_geometry,FAIL,FAIL,VALID
final_control_236,0.01,1.0,A_no_torque,FAIL,FAIL,VALID
final_control_236,0.01,1.0,A_binary_unknown_fail,FAIL,FAIL,VALID
final_control_236,0.01,1.0,A_accumulated,FAIL,FAIL,VALID
final_control_236,0.01,1.0,A_net_aggregation,INDETERMINATE,FAIL,VALID
final_control_236,0.01,1.0,B0,PASS,FAIL,VALID
final_control_236,0.01,1.0,B1,PASS,FAIL,VALID
final_control_236,0.01,1.0,B2,FAIL,FAIL,VALID
final_control_236,0.01,1.0,B3,FAIL,FAIL,VALID
final_control_236,0.01,1.0,B4_normal,FAIL,FAIL,VALID
final_control_237,1e-06,0.0001,B5,FAIL,FAIL,VALID
final_control_237,1e-06,0.0001,B4,FAIL,FAIL,VALID
final_control_237,1e-06,0.0001,A_no_geometry,FAIL,FAIL,VALID
final_control_237,1e-06,0.0001,A_no_torque,FAIL,FAIL,VALID
final_control_237,1e-06,0.0001,A_binary_unknown_fail,FAIL,FAIL,VALID
final_control_237,1e-06,0.0001,A_accumulated,PASS,FAIL,VALID
final_control_237,1e-06,0.0001,A_net_aggregation,FAIL,FAIL,VALID
final_control_237,1e-06,0.0001,B0,PASS,FAIL,VALID
final_control_237,1e-06,0.0001,B1,FAIL,FAIL,VALID
final_control_237,1e-06,0.0001,B2,FAIL,FAIL,VALID
final_control_237,1e-06,0.0001,B3,FAIL,FAIL,VALID
final_control_237,1e-06,0.0001,B4_normal,FAIL,FAIL,VALID
final_control_237,1e-05,0.001,B5,FAIL,FAIL,VALID
final_control_237,1e-05,0.001,B4,FAIL,FAIL,VALID
final_control_237,1e-05,0.001,A_no_geometry,FAIL,FAIL,VALID
final_control_237,1e-05,0.001,A_no_torque,FAIL,FAIL,VALID
final_control_237,1e-05,0.001,A_binary_unknown_fail,FAIL,FAIL,VALID
final_control_237,1e-05,0.001,A_accumulated,PASS,FAIL,VALID
final_control_237,1e-05,0.001,A_net_aggregation,FAIL,FAIL,VALID
final_control_237,1e-05,0.001,B0,PASS,FAIL,VALID
final_control_237,1e-05,0.001,B1,FAIL,FAIL,VALID
final_control_237,1e-05,0.001,B2,FAIL,FAIL,VALID
final_control_237,1e-05,0.001,B3,FAIL,FAIL,VALID
final_control_237,1e-05,0.001,B4_normal,FAIL,FAIL,VALID
final_control_237,0.0001,0.01,B5,FAIL,FAIL,VALID
final_control_237,0.0001,0.01,B4,FAIL,FAIL,VALID
final_control_237,0.0001,0.01,A_no_geometry,FAIL,FAIL,VALID
final_control_237,0.0001,0.01,A_no_torque,FAIL,FAIL,VALID
final_control_237,0.0001,0.01,A_binary_unknown_fail,FAIL,FAIL,VALID
final_control_237,0.0001,0.01,A_accumulated,PASS,FAIL,VALID
final_control_237,0.0001,0.01,A_net_aggregation,FAIL,FAIL,VALID
final_control_237,0.0001,0.01,B0,PASS,FAIL,VALID
final_control_237,0.0001,0.01,B1,FAIL,FAIL,VALID
final_control_237,0.0001,0.01,B2,FAIL,FAIL,VALID
final_control_237,0.0001,0.01,B3,FAIL,FAIL,VALID
final_control_237,0.0001,0.01,B4_normal,FAIL,FAIL,VALID
final_control_237,0.001,0.1,B5,FAIL,FAIL,VALID
final_control_237,0.001,0.1,B4,FAIL,FAIL,VALID
final_control_237,0.001,0.1,A_no_geometry,FAIL,FAIL,VALID
final_control_237,0.001,0.1,A_no_torque,FAIL,FAIL,VALID
final_control_237,0.001,0.1,A_binary_unknown_fail,FAIL,FAIL,VALID
final_control_237,0.001,0.1,A_accumulated,PASS,FAIL,VALID
final_control_237,0.001,0.1,A_net_aggregation,FAIL,FAIL,VALID
final_control_237,0.001,0.1,B0,PASS,FAIL,VALID
final_control_237,0.001,0.1,B1,FAIL,FAIL,VALID
final_control_237,0.001,0.1,B2,FAIL,FAIL,VALID
final_control_237,0.001,0.1,B3,FAIL,FAIL,VALID
final_control_237,0.001,0.1,B4_normal,FAIL,FAIL,VALID
final_control_237,0.01,1.0,B5,FAIL,FAIL,VALID
final_control_237,0.01,1.0,B4,FAIL,FAIL,VALID
final_control_237,0.01,1.0,A_no_geometry,FAIL,FAIL,VALID
final_control_237,0.01,1.0,A_no_torque,FAIL,FAIL,VALID
final_control_237,0.01,1.0,A_binary_unknown_fail,FAIL,FAIL,VALID
final_control_237,0.01,1.0,A_accumulated,PASS,FAIL,VALID
final_control_237,0.01,1.0,A_net_aggregation,FAIL,FAIL,VALID
final_control_237,0.01,1.0,B0,PASS,FAIL,VALID
final_control_237,0.01,1.0,B1,FAIL,FAIL,VALID
final_control_237,0.01,1.0,B2,FAIL,FAIL,VALID
final_control_237,0.01,1.0,B3,FAIL,FAIL,VALID
final_control_237,0.01,1.0,B4_normal,FAIL,FAIL,VALID
final_control_238,1e-06,0.0001,B5,FAIL,FAIL,VALID
final_control_238,1e-06,0.0001,B4,FAIL,FAIL,VALID
final_control_238,1e-06,0.0001,A_no_geometry,FAIL,FAIL,VALID
final_control_238,1e-06,0.0001,A_no_torque,FAIL,FAIL,VALID
final_control_238,1e-06,0.0001,A_binary_unknown_fail,FAIL,FAIL,VALID
final_control_238,1e-06,0.0001,A_accumulated,FAIL,FAIL,VALID
final_control_238,1e-06,0.0001,A_net_aggregation,FAIL,FAIL,VALID
final_control_238,1e-06,0.0001,B0,FAIL,FAIL,VALID
final_control_238,1e-06,0.0001,B1,FAIL,FAIL,VALID
final_control_238,1e-06,0.0001,B2,FAIL,FAIL,VALID
final_control_238,1e-06,0.0001,B3,FAIL,FAIL,VALID
final_control_238,1e-06,0.0001,B4_normal,FAIL,FAIL,VALID
final_control_238,1e-05,0.001,B5,FAIL,FAIL,VALID
final_control_238,1e-05,0.001,B4,FAIL,FAIL,VALID
final_control_238,1e-05,0.001,A_no_geometry,FAIL,FAIL,VALID
final_control_238,1e-05,0.001,A_no_torque,FAIL,FAIL,VALID
final_control_238,1e-05,0.001,A_binary_unknown_fail,FAIL,FAIL,VALID
final_control_238,1e-05,0.001,A_accumulated,FAIL,FAIL,VALID
final_control_238,1e-05,0.001,A_net_aggregation,FAIL,FAIL,VALID
final_control_238,1e-05,0.001,B0,FAIL,FAIL,VALID
final_control_238,1e-05,0.001,B1,FAIL,FAIL,VALID
final_control_238,1e-05,0.001,B2,FAIL,FAIL,VALID
final_control_238,1e-05,0.001,B3,FAIL,FAIL,VALID
final_control_238,1e-05,0.001,B4_normal,FAIL,FAIL,VALID
final_control_238,0.0001,0.01,B5,FAIL,FAIL,VALID
final_control_238,0.0001,0.01,B4,FAIL,FAIL,VALID
final_control_238,0.0001,0.01,A_no_geometry,FAIL,FAIL,VALID
final_control_238,0.0001,0.01,A_no_torque,FAIL,FAIL,VALID
final_control_238,0.0001,0.01,A_binary_unknown_fail,FAIL,FAIL,VALID
final_control_238,0.0001,0.01,A_accumulated,FAIL,FAIL,VALID
final_control_238,0.0001,0.01,A_net_aggregation,FAIL,FAIL,VALID
final_control_238,0.0001,0.01,B0,FAIL,FAIL,VALID
final_control_238,0.0001,0.01,B1,FAIL,FAIL,VALID
final_control_238,0.0001,0.01,B2,FAIL,FAIL,VALID
final_control_238,0.0001,0.01,B3,FAIL,FAIL,VALID
final_control_238,0.0001,0.01,B4_normal,FAIL,FAIL,VALID
final_control_238,0.001,0.1,B5,FAIL,FAIL,VALID
final_control_238,0.001,0.1,B4,FAIL,FAIL,VALID
final_control_238,0.001,0.1,A_no_geometry,FAIL,FAIL,VALID
final_control_238,0.001,0.1,A_no_torque,FAIL,FAIL,VALID
final_control_238,0.001,0.1,A_binary_unknown_fail,FAIL,FAIL,VALID
final_control_238,0.001,0.1,A_accumulated,FAIL,FAIL,VALID
final_control_238,0.001,0.1,A_net_aggregation,FAIL,FAIL,VALID
final_control_238,0.001,0.1,B0,FAIL,FAIL,VALID
final_control_238,0.001,0.1,B1,FAIL,FAIL,VALID
final_control_238,0.001,0.1,B2,FAIL,FAIL,VALID
final_control_238,0.001,0.1,B3,FAIL,FAIL,VALID
final_control_238,0.001,0.1,B4_normal,FAIL,FAIL,VALID
final_control_238,0.01,1.0,B5,FAIL,FAIL,VALID
final_control_238,0.01,1.0,B4,FAIL,FAIL,VALID
final_control_238,0.01,1.0,A_no_geometry,FAIL,FAIL,VALID
final_control_238,0.01,1.0,A_no_torque,FAIL,FAIL,VALID
final_control_238,0.01,1.0,A_binary_unknown_fail,FAIL,FAIL,VALID
final_control_238,0.01,1.0,A_accumulated,FAIL,FAIL,VALID
final_control_238,0.01,1.0,A_net_aggregation,FAIL,FAIL,VALID
final_control_238,0.01,1.0,B0,FAIL,FAIL,VALID
final_control_238,0.01,1.0,B1,FAIL,FAIL,VALID
final_control_238,0.01,1.0,B2,FAIL,FAIL,VALID
final_control_238,0.01,1.0,B3,FAIL,FAIL,VALID
final_control_238,0.01,1.0,B4_normal,FAIL,FAIL,VALID
final_control_239,1e-06,0.0001,B5,FAIL,FAIL,VALID
final_control_239,1e-06,0.0001,B4,FAIL,FAIL,VALID
final_control_239,1e-06,0.0001,A_no_geometry,FAIL,FAIL,VALID
final_control_239,1e-06,0.0001,A_no_torque,FAIL,FAIL,VALID
final_control_239,1e-06,0.0001,A_binary_unknown_fail,FAIL,FAIL,VALID
final_control_239,1e-06,0.0001,A_accumulated,FAIL,FAIL,VALID
final_control_239,1e-06,0.0001,A_net_aggregation,FAIL,FAIL,VALID
final_control_239,1e-06,0.0001,B0,PASS,FAIL,VALID
final_control_239,1e-06,0.0001,B1,PASS,FAIL,VALID
final_control_239,1e-06,0.0001,B2,FAIL,FAIL,VALID
final_control_239,1e-06,0.0001,B3,FAIL,FAIL,VALID
final_control_239,1e-06,0.0001,B4_normal,FAIL,FAIL,VALID
final_control_239,1e-05,0.001,B5,FAIL,FAIL,VALID
final_control_239,1e-05,0.001,B4,FAIL,FAIL,VALID
final_control_239,1e-05,0.001,A_no_geometry,FAIL,FAIL,VALID
final_control_239,1e-05,0.001,A_no_torque,FAIL,FAIL,VALID
final_control_239,1e-05,0.001,A_binary_unknown_fail,FAIL,FAIL,VALID
final_control_239,1e-05,0.001,A_accumulated,FAIL,FAIL,VALID
final_control_239,1e-05,0.001,A_net_aggregation,FAIL,FAIL,VALID
final_control_239,1e-05,0.001,B0,PASS,FAIL,VALID
final_control_239,1e-05,0.001,B1,PASS,FAIL,VALID
final_control_239,1e-05,0.001,B2,FAIL,FAIL,VALID
final_control_239,1e-05,0.001,B3,FAIL,FAIL,VALID
final_control_239,1e-05,0.001,B4_normal,FAIL,FAIL,VALID
final_control_239,0.0001,0.01,B5,FAIL,FAIL,VALID
final_control_239,0.0001,0.01,B4,FAIL,FAIL,VALID
final_control_239,0.0001,0.01,A_no_geometry,FAIL,FAIL,VALID
final_control_239,0.0001,0.01,A_no_torque,FAIL,FAIL,VALID
final_control_239,0.0001,0.01,A_binary_unknown_fail,FAIL,FAIL,VALID
final_control_239,0.0001,0.01,A_accumulated,FAIL,FAIL,VALID
final_control_239,0.0001,0.01,A_net_aggregation,FAIL,FAIL,VALID
final_control_239,0.0001,0.01,B0,PASS,FAIL,VALID
final_control_239,0.0001,0.01,B1,PASS,FAIL,VALID
final_control_239,0.0001,0.01,B2,FAIL,FAIL,VALID
final_control_239,0.0001,0.01,B3,FAIL,FAIL,VALID
final_control_239,0.0001,0.01,B4_normal,FAIL,FAIL,VALID
final_control_239,0.001,0.1,B5,FAIL,FAIL,VALID
final_control_239,0.001,0.1,B4,FAIL,FAIL,VALID
final_control_239,0.001,0.1,A_no_geometry,FAIL,FAIL,VALID
final_control_239,0.001,0.1,A_no_torque,FAIL,FAIL,VALID
final_control_239,0.001,0.1,A_binary_unknown_fail,FAIL,FAIL,VALID
final_control_239,0.001,0.1,A_accumulated,FAIL,FAIL,VALID
final_control_239,0.001,0.1,A_net_aggregation,FAIL,FAIL,VALID
final_control_239,0.001,0.1,B0,PASS,FAIL,VALID
final_control_239,0.001,0.1,B1,PASS,FAIL,VALID
final_control_239,0.001,0.1,B2,FAIL,FAIL,VALID
final_control_239,0.001,0.1,B3,FAIL,FAIL,VALID
final_control_239,0.001,0.1,B4_normal,FAIL,FAIL,VALID
final_control_239,0.01,1.0,B5,INDETERMINATE,FAIL,VALID
final_control_239,0.01,1.0,B4,INDETERMINATE,FAIL,VALID
final_control_239,0.01,1.0,A_no_geometry,INDETERMINATE,FAIL,VALID
final_control_239,0.01,1.0,A_no_torque,INDETERMINATE,FAIL,VALID
final_control_239,0.01,1.0,A_binary_unknown_fail,FAIL,FAIL,VALID
final_control_239,0.01,1.0,A_accumulated,INDETERMINATE,FAIL,VALID
final_control_239,0.01,1.0,A_net_aggregation,INDETERMINATE,FAIL,VALID
final_control_239,0.01,1.0,B0,PASS,FAIL,VALID
final_control_239,0.01,1.0,B1,PASS,FAIL,VALID
final_control_239,0.01,1.0,B2,FAIL,FAIL,VALID
final_control_239,0.01,1.0,B3,FAIL,FAIL,VALID
final_control_239,0.01,1.0,B4_normal,INDETERMINATE,FAIL,VALID
