case_id,family,k,method,selected_job,candidate_pool,budget_physics_steps,abstained,future_status,usable,possibly_usable,pool_oracle_usable,empirical_regret
v4_final_bar_random_00,bar_random,1,B0,,"[""5c41f303e09108ba8b43""]",9100,True,ABSTAINED,False,False,False,0
v4_final_bar_random_00,bar_random,1,B1,,"[""5c41f303e09108ba8b43""]",9100,True,ABSTAINED,False,False,False,0
v4_final_bar_random_00,bar_random,1,B2,,"[""5c41f303e09108ba8b43""]",9100,True,ABSTAINED,False,False,False,0
v4_final_bar_random_00,bar_random,1,B3,,"[""5c41f303e09108ba8b43""]",9100,True,ABSTAINED,False,False,False,0
v4_final_bar_random_00,bar_random,1,B4,,"[""5c41f303e09108ba8b43""]",9100,True,ABSTAINED,False,False,False,0
v4_final_bar_random_00,bar_random,1,B4_normal,,"[""5c41f303e09108ba8b43""]",9100,True,ABSTAINED,False,False,False,0
v4_final_bar_random_00,bar_random,1,B5,,"[""5c41f303e09108ba8b43""]",9100,True,ABSTAINED,False,False,False,0
v4_final_bar_random_00,bar_random,3,B0,,"[""5c41f303e09108ba8b43"", ""11e2afdb5fb7fe8f7b3d"", ""f82d0373b5184bb40de1""]",29813,True,ABSTAINED,False,False,False,0
v4_final_bar_random_00,bar_random,3,B1,,"[""5c41f303e09108ba8b43"", ""11e2afdb5fb7fe8f7b3d"", ""f82d0373b5184bb40de1""]",29813,True,ABSTAINED,False,False,False,0
v4_final_bar_random_00,bar_random,3,B2,,"[""5c41f303e09108ba8b43"", ""11e2afdb5fb7fe8f7b3d"", ""f82d0373b5184bb40de1""]",29813,True,ABSTAINED,False,False,False,0
v4_final_bar_random_00,bar_random,3,B3,,"[""5c41f303e09108ba8b43"", ""11e2afdb5fb7fe8f7b3d"", ""f82d0373b5184bb40de1""]",29813,True,ABSTAINED,False,False,False,0
v4_final_bar_random_00,bar_random,3,B4,,"[""5c41f303e09108ba8b43"", ""11e2afdb5fb7fe8f7b3d"", ""f82d0373b5184bb40de1""]",29813,True,ABSTAINED,False,False,False,0
v4_final_bar_random_00,bar_random,3,B4_normal,,"[""5c41f303e09108ba8b43"", ""11e2afdb5fb7fe8f7b3d"", ""f82d0373b5184bb40de1""]",29813,True,ABSTAINED,False,False,False,0
v4_final_bar_random_00,bar_random,3,B5,,"[""5c41f303e09108ba8b43"", ""11e2afdb5fb7fe8f7b3d"", ""f82d0373b5184bb40de1""]",29813,True,ABSTAINED,False,False,False,0
v4_final_bar_random_00,bar_random,6,B0,,"[""5c41f303e09108ba8b43"", ""11e2afdb5fb7fe8f7b3d"", ""f82d0373b5184bb40de1"", ""e2dbaa321c0b5a42abce"", ""bc6cb9d4ef3ec86091c6"", ""1a5695ac11bef751b1b1""]",57113,True,ABSTAINED,False,False,False,0
v4_final_bar_random_00,bar_random,6,B1,,"[""5c41f303e09108ba8b43"", ""11e2afdb5fb7fe8f7b3d"", ""f82d0373b5184bb40de1"", ""e2dbaa321c0b5a42abce"", ""bc6cb9d4ef3ec86091c6"", ""1a5695ac11bef751b1b1""]",57113,True,ABSTAINED,False,False,False,0
v4_final_bar_random_00,bar_random,6,B2,,"[""5c41f303e09108ba8b43"", ""11e2afdb5fb7fe8f7b3d"", ""f82d0373b5184bb40de1"", ""e2dbaa321c0b5a42abce"", ""bc6cb9d4ef3ec86091c6"", ""1a5695ac11bef751b1b1""]",57113,True,ABSTAINED,False,False,False,0
v4_final_bar_random_00,bar_random,6,B3,,"[""5c41f303e09108ba8b43"", ""11e2afdb5fb7fe8f7b3d"", ""f82d0373b5184bb40de1"", ""e2dbaa321c0b5a42abce"", ""bc6cb9d4ef3ec86091c6"", ""1a5695ac11bef751b1b1""]",57113,True,ABSTAINED,False,False,False,0
v4_final_bar_random_00,bar_random,6,B4,,"[""5c41f303e09108ba8b43"", ""11e2afdb5fb7fe8f7b3d"", ""f82d0373b5184bb40de1"", ""e2dbaa321c0b5a42abce"", ""bc6cb9d4ef3ec86091c6"", ""1a5695ac11bef751b1b1""]",57113,True,ABSTAINED,False,False,False,0
v4_final_bar_random_00,bar_random,6,B4_normal,,"[""5c41f303e09108ba8b43"", ""11e2afdb5fb7fe8f7b3d"", ""f82d0373b5184bb40de1"", ""e2dbaa321c0b5a42abce"", ""bc6cb9d4ef3ec86091c6"", ""1a5695ac11bef751b1b1""]",57113,True,ABSTAINED,False,False,False,0
v4_final_bar_random_00,bar_random,6,B5,,"[""5c41f303e09108ba8b43"", ""11e2afdb5fb7fe8f7b3d"", ""f82d0373b5184bb40de1"", ""e2dbaa321c0b5a42abce"", ""bc6cb9d4ef3ec86091c6"", ""1a5695ac11bef751b1b1""]",57113,True,ABSTAINED,False,False,False,0
v4_final_bar_random_01,bar_random,1,B0,,"[""f997c9c2eb684a4b2c2e""]",9100,True,ABSTAINED,False,False,False,0
v4_final_bar_random_01,bar_random,1,B1,,"[""f997c9c2eb684a4b2c2e""]",9100,True,ABSTAINED,False,False,False,0
v4_final_bar_random_01,bar_random,1,B2,,"[""f997c9c2eb684a4b2c2e""]",9100,True,ABSTAINED,False,False,False,0
v4_final_bar_random_01,bar_random,1,B3,,"[""f997c9c2eb684a4b2c2e""]",9100,True,ABSTAINED,False,False,False,0
v4_final_bar_random_01,bar_random,1,B4,,"[""f997c9c2eb684a4b2c2e""]",9100,True,ABSTAINED,False,False,False,0
v4_final_bar_random_01,bar_random,1,B4_normal,,"[""f997c9c2eb684a4b2c2e""]",9100,True,ABSTAINED,False,False,False,0
v4_final_bar_random_01,bar_random,1,B5,,"[""f997c9c2eb684a4b2c2e""]",9100,True,ABSTAINED,False,False,False,0
v4_final_bar_random_01,bar_random,3,B0,,"[""f997c9c2eb684a4b2c2e"", ""0b6e335e44591f90e7d4"", ""0316fd21e4afa71a926f""]",29813,True,ABSTAINED,False,False,False,0
v4_final_bar_random_01,bar_random,3,B1,,"[""f997c9c2eb684a4b2c2e"", ""0b6e335e44591f90e7d4"", ""0316fd21e4afa71a926f""]",29813,True,ABSTAINED,False,False,False,0
v4_final_bar_random_01,bar_random,3,B2,,"[""f997c9c2eb684a4b2c2e"", ""0b6e335e44591f90e7d4"", ""0316fd21e4afa71a926f""]",29813,True,ABSTAINED,False,False,False,0
v4_final_bar_random_01,bar_random,3,B3,,"[""f997c9c2eb684a4b2c2e"", ""0b6e335e44591f90e7d4"", ""0316fd21e4afa71a926f""]",29813,True,ABSTAINED,False,False,False,0
v4_final_bar_random_01,bar_random,3,B4,,"[""f997c9c2eb684a4b2c2e"", ""0b6e335e44591f90e7d4"", ""0316fd21e4afa71a926f""]",29813,True,ABSTAINED,False,False,False,0
v4_final_bar_random_01,bar_random,3,B4_normal,,"[""f997c9c2eb684a4b2c2e"", ""0b6e335e44591f90e7d4"", ""0316fd21e4afa71a926f""]",29813,True,ABSTAINED,False,False,False,0
v4_final_bar_random_01,bar_random,3,B5,,"[""f997c9c2eb684a4b2c2e"", ""0b6e335e44591f90e7d4"", ""0316fd21e4afa71a926f""]",29813,True,ABSTAINED,False,False,False,0
v4_final_bar_random_01,bar_random,6,B0,,"[""f997c9c2eb684a4b2c2e"", ""0b6e335e44591f90e7d4"", ""0316fd21e4afa71a926f"", ""5150bb8bd13d1b8245cd"", ""512d1cbfaf993d4aa87f"", ""3dcfc328abb5b264873c""]",57113,True,ABSTAINED,False,False,False,0
v4_final_bar_random_01,bar_random,6,B1,,"[""f997c9c2eb684a4b2c2e"", ""0b6e335e44591f90e7d4"", ""0316fd21e4afa71a926f"", ""5150bb8bd13d1b8245cd"", ""512d1cbfaf993d4aa87f"", ""3dcfc328abb5b264873c""]",57113,True,ABSTAINED,False,False,False,0
v4_final_bar_random_01,bar_random,6,B2,,"[""f997c9c2eb684a4b2c2e"", ""0b6e335e44591f90e7d4"", ""0316fd21e4afa71a926f"", ""5150bb8bd13d1b8245cd"", ""512d1cbfaf993d4aa87f"", ""3dcfc328abb5b264873c""]",57113,True,ABSTAINED,False,False,False,0
v4_final_bar_random_01,bar_random,6,B3,,"[""f997c9c2eb684a4b2c2e"", ""0b6e335e44591f90e7d4"", ""0316fd21e4afa71a926f"", ""5150bb8bd13d1b8245cd"", ""512d1cbfaf993d4aa87f"", ""3dcfc328abb5b264873c""]",57113,True,ABSTAINED,False,False,False,0
v4_final_bar_random_01,bar_random,6,B4,,"[""f997c9c2eb684a4b2c2e"", ""0b6e335e44591f90e7d4"", ""0316fd21e4afa71a926f"", ""5150bb8bd13d1b8245cd"", ""512d1cbfaf993d4aa87f"", ""3dcfc328abb5b264873c""]",57113,True,ABSTAINED,False,False,False,0
v4_final_bar_random_01,bar_random,6,B4_normal,,"[""f997c9c2eb684a4b2c2e"", ""0b6e335e44591f90e7d4"", ""0316fd21e4afa71a926f"", ""5150bb8bd13d1b8245cd"", ""512d1cbfaf993d4aa87f"", ""3dcfc328abb5b264873c""]",57113,True,ABSTAINED,False,False,False,0
v4_final_bar_random_01,bar_random,6,B5,,"[""f997c9c2eb684a4b2c2e"", ""0b6e335e44591f90e7d4"", ""0316fd21e4afa71a926f"", ""5150bb8bd13d1b8245cd"", ""512d1cbfaf993d4aa87f"", ""3dcfc328abb5b264873c""]",57113,True,ABSTAINED,False,False,False,0
v4_final_bar_random_02,bar_random,1,B0,,"[""44cc7edfffa36ba7ea99""]",9100,True,ABSTAINED,False,False,False,0
v4_final_bar_random_02,bar_random,1,B1,,"[""44cc7edfffa36ba7ea99""]",9100,True,ABSTAINED,False,False,False,0
v4_final_bar_random_02,bar_random,1,B2,,"[""44cc7edfffa36ba7ea99""]",9100,True,ABSTAINED,False,False,False,0
v4_final_bar_random_02,bar_random,1,B3,,"[""44cc7edfffa36ba7ea99""]",9100,True,ABSTAINED,False,False,False,0
v4_final_bar_random_02,bar_random,1,B4,,"[""44cc7edfffa36ba7ea99""]",9100,True,ABSTAINED,False,False,False,0
v4_final_bar_random_02,bar_random,1,B4_normal,,"[""44cc7edfffa36ba7ea99""]",9100,True,ABSTAINED,False,False,False,0
v4_final_bar_random_02,bar_random,1,B5,,"[""44cc7edfffa36ba7ea99""]",9100,True,ABSTAINED,False,False,False,0
v4_final_bar_random_02,bar_random,3,B0,,"[""44cc7edfffa36ba7ea99"", ""569d867db971fc200bb9"", ""988f51dd68a977cd9299""]",29813,True,ABSTAINED,False,False,False,0
v4_final_bar_random_02,bar_random,3,B1,,"[""44cc7edfffa36ba7ea99"", ""569d867db971fc200bb9"", ""988f51dd68a977cd9299""]",29813,True,ABSTAINED,False,False,False,0
v4_final_bar_random_02,bar_random,3,B2,,"[""44cc7edfffa36ba7ea99"", ""569d867db971fc200bb9"", ""988f51dd68a977cd9299""]",29813,True,ABSTAINED,False,False,False,0
v4_final_bar_random_02,bar_random,3,B3,,"[""44cc7edfffa36ba7ea99"", ""569d867db971fc200bb9"", ""988f51dd68a977cd9299""]",29813,True,ABSTAINED,False,False,False,0
v4_final_bar_random_02,bar_random,3,B4,,"[""44cc7edfffa36ba7ea99"", ""569d867db971fc200bb9"", ""988f51dd68a977cd9299""]",29813,True,ABSTAINED,False,False,False,0
v4_final_bar_random_02,bar_random,3,B4_normal,,"[""44cc7edfffa36ba7ea99"", ""569d867db971fc200bb9"", ""988f51dd68a977cd9299""]",29813,True,ABSTAINED,False,False,False,0
v4_final_bar_random_02,bar_random,3,B5,,"[""44cc7edfffa36ba7ea99"", ""569d867db971fc200bb9"", ""988f51dd68a977cd9299""]",29813,True,ABSTAINED,False,False,False,0
v4_final_bar_random_02,bar_random,6,B0,,"[""44cc7edfffa36ba7ea99"", ""569d867db971fc200bb9"", ""988f51dd68a977cd9299"", ""de36935a80a94370d6b4"", ""71671e697c5ef7e1279f"", ""0bf0ab0ce20daa8c6684""]",57113,True,ABSTAINED,False,False,False,0
v4_final_bar_random_02,bar_random,6,B1,,"[""44cc7edfffa36ba7ea99"", ""569d867db971fc200bb9"", ""988f51dd68a977cd9299"", ""de36935a80a94370d6b4"", ""71671e697c5ef7e1279f"", ""0bf0ab0ce20daa8c6684""]",57113,True,ABSTAINED,False,False,False,0
v4_final_bar_random_02,bar_random,6,B2,,"[""44cc7edfffa36ba7ea99"", ""569d867db971fc200bb9"", ""988f51dd68a977cd9299"", ""de36935a80a94370d6b4"", ""71671e697c5ef7e1279f"", ""0bf0ab0ce20daa8c6684""]",57113,True,ABSTAINED,False,False,False,0
v4_final_bar_random_02,bar_random,6,B3,,"[""44cc7edfffa36ba7ea99"", ""569d867db971fc200bb9"", ""988f51dd68a977cd9299"", ""de36935a80a94370d6b4"", ""71671e697c5ef7e1279f"", ""0bf0ab0ce20daa8c6684""]",57113,True,ABSTAINED,False,False,False,0
v4_final_bar_random_02,bar_random,6,B4,,"[""44cc7edfffa36ba7ea99"", ""569d867db971fc200bb9"", ""988f51dd68a977cd9299"", ""de36935a80a94370d6b4"", ""71671e697c5ef7e1279f"", ""0bf0ab0ce20daa8c6684""]",57113,True,ABSTAINED,False,False,False,0
v4_final_bar_random_02,bar_random,6,B4_normal,,"[""44cc7edfffa36ba7ea99"", ""569d867db971fc200bb9"", ""988f51dd68a977cd9299"", ""de36935a80a94370d6b4"", ""71671e697c5ef7e1279f"", ""0bf0ab0ce20daa8c6684""]",57113,True,ABSTAINED,False,False,False,0
v4_final_bar_random_02,bar_random,6,B5,,"[""44cc7edfffa36ba7ea99"", ""569d867db971fc200bb9"", ""988f51dd68a977cd9299"", ""de36935a80a94370d6b4"", ""71671e697c5ef7e1279f"", ""0bf0ab0ce20daa8c6684""]",57113,True,ABSTAINED,False,False,False,0
v4_final_bar_random_03,bar_random,1,B0,,"[""4e3add9e54b881f5628a""]",9100,True,ABSTAINED,False,False,False,0
v4_final_bar_random_03,bar_random,1,B1,,"[""4e3add9e54b881f5628a""]",9100,True,ABSTAINED,False,False,False,0
v4_final_bar_random_03,bar_random,1,B2,,"[""4e3add9e54b881f5628a""]",9100,True,ABSTAINED,False,False,False,0
v4_final_bar_random_03,bar_random,1,B3,,"[""4e3add9e54b881f5628a""]",9100,True,ABSTAINED,False,False,False,0
v4_final_bar_random_03,bar_random,1,B4,,"[""4e3add9e54b881f5628a""]",9100,True,ABSTAINED,False,False,False,0
v4_final_bar_random_03,bar_random,1,B4_normal,,"[""4e3add9e54b881f5628a""]",9100,True,ABSTAINED,False,False,False,0
v4_final_bar_random_03,bar_random,1,B5,,"[""4e3add9e54b881f5628a""]",9100,True,ABSTAINED,False,False,False,0
v4_final_bar_random_03,bar_random,3,B0,,"[""4e3add9e54b881f5628a"", ""72c7ae6cab06f19cbc38"", ""d42d756e4fd976f381b5""]",27300,True,ABSTAINED,False,False,False,0
v4_final_bar_random_03,bar_random,3,B1,,"[""4e3add9e54b881f5628a"", ""72c7ae6cab06f19cbc38"", ""d42d756e4fd976f381b5""]",27300,True,ABSTAINED,False,False,False,0
v4_final_bar_random_03,bar_random,3,B2,,"[""4e3add9e54b881f5628a"", ""72c7ae6cab06f19cbc38"", ""d42d756e4fd976f381b5""]",27300,True,ABSTAINED,False,False,False,0
v4_final_bar_random_03,bar_random,3,B3,,"[""4e3add9e54b881f5628a"", ""72c7ae6cab06f19cbc38"", ""d42d756e4fd976f381b5""]",27300,True,ABSTAINED,False,False,False,0
v4_final_bar_random_03,bar_random,3,B4,,"[""4e3add9e54b881f5628a"", ""72c7ae6cab06f19cbc38"", ""d42d756e4fd976f381b5""]",27300,True,ABSTAINED,False,False,False,0
v4_final_bar_random_03,bar_random,3,B4_normal,,"[""4e3add9e54b881f5628a"", ""72c7ae6cab06f19cbc38"", ""d42d756e4fd976f381b5""]",27300,True,ABSTAINED,False,False,False,0
v4_final_bar_random_03,bar_random,3,B5,,"[""4e3add9e54b881f5628a"", ""72c7ae6cab06f19cbc38"", ""d42d756e4fd976f381b5""]",27300,True,ABSTAINED,False,False,False,0
v4_final_bar_random_03,bar_random,6,B0,,"[""4e3add9e54b881f5628a"", ""72c7ae6cab06f19cbc38"", ""d42d756e4fd976f381b5"", ""352442dbad281e268f0d"", ""56a0d21152e9119932d8"", ""5ffe48c363d4f825837c""]",56927,True,ABSTAINED,False,False,False,0
v4_final_bar_random_03,bar_random,6,B1,,"[""4e3add9e54b881f5628a"", ""72c7ae6cab06f19cbc38"", ""d42d756e4fd976f381b5"", ""352442dbad281e268f0d"", ""56a0d21152e9119932d8"", ""5ffe48c363d4f825837c""]",56927,True,ABSTAINED,False,False,False,0
v4_final_bar_random_03,bar_random,6,B2,,"[""4e3add9e54b881f5628a"", ""72c7ae6cab06f19cbc38"", ""d42d756e4fd976f381b5"", ""352442dbad281e268f0d"", ""56a0d21152e9119932d8"", ""5ffe48c363d4f825837c""]",56927,True,ABSTAINED,False,False,False,0
v4_final_bar_random_03,bar_random,6,B3,,"[""4e3add9e54b881f5628a"", ""72c7ae6cab06f19cbc38"", ""d42d756e4fd976f381b5"", ""352442dbad281e268f0d"", ""56a0d21152e9119932d8"", ""5ffe48c363d4f825837c""]",56927,True,ABSTAINED,False,False,False,0
v4_final_bar_random_03,bar_random,6,B4,,"[""4e3add9e54b881f5628a"", ""72c7ae6cab06f19cbc38"", ""d42d756e4fd976f381b5"", ""352442dbad281e268f0d"", ""56a0d21152e9119932d8"", ""5ffe48c363d4f825837c""]",56927,True,ABSTAINED,False,False,False,0
v4_final_bar_random_03,bar_random,6,B4_normal,,"[""4e3add9e54b881f5628a"", ""72c7ae6cab06f19cbc38"", ""d42d756e4fd976f381b5"", ""352442dbad281e268f0d"", ""56a0d21152e9119932d8"", ""5ffe48c363d4f825837c""]",56927,True,ABSTAINED,False,False,False,0
v4_final_bar_random_03,bar_random,6,B5,,"[""4e3add9e54b881f5628a"", ""72c7ae6cab06f19cbc38"", ""d42d756e4fd976f381b5"", ""352442dbad281e268f0d"", ""56a0d21152e9119932d8"", ""5ffe48c363d4f825837c""]",56927,True,ABSTAINED,False,False,False,0
v4_final_bar_random_04,bar_random,1,B0,,"[""57e0dc8750f0a8835b62""]",9100,True,ABSTAINED,False,False,False,0
v4_final_bar_random_04,bar_random,1,B1,,"[""57e0dc8750f0a8835b62""]",9100,True,ABSTAINED,False,False,False,0
v4_final_bar_random_04,bar_random,1,B2,,"[""57e0dc8750f0a8835b62""]",9100,True,ABSTAINED,False,False,False,0
v4_final_bar_random_04,bar_random,1,B3,,"[""57e0dc8750f0a8835b62""]",9100,True,ABSTAINED,False,False,False,0
v4_final_bar_random_04,bar_random,1,B4,,"[""57e0dc8750f0a8835b62""]",9100,True,ABSTAINED,False,False,False,0
v4_final_bar_random_04,bar_random,1,B4_normal,,"[""57e0dc8750f0a8835b62""]",9100,True,ABSTAINED,False,False,False,0
v4_final_bar_random_04,bar_random,1,B5,,"[""57e0dc8750f0a8835b62""]",9100,True,ABSTAINED,False,False,False,0
v4_final_bar_random_04,bar_random,3,B0,,"[""57e0dc8750f0a8835b62"", ""69deefe49c56cd15282e"", ""5cd8d01d9fc5a31c7957""]",27300,True,ABSTAINED,False,False,False,0
v4_final_bar_random_04,bar_random,3,B1,,"[""57e0dc8750f0a8835b62"", ""69deefe49c56cd15282e"", ""5cd8d01d9fc5a31c7957""]",27300,True,ABSTAINED,False,False,False,0
v4_final_bar_random_04,bar_random,3,B2,,"[""57e0dc8750f0a8835b62"", ""69deefe49c56cd15282e"", ""5cd8d01d9fc5a31c7957""]",27300,True,ABSTAINED,False,False,False,0
v4_final_bar_random_04,bar_random,3,B3,,"[""57e0dc8750f0a8835b62"", ""69deefe49c56cd15282e"", ""5cd8d01d9fc5a31c7957""]",27300,True,ABSTAINED,False,False,False,0
v4_final_bar_random_04,bar_random,3,B4,,"[""57e0dc8750f0a8835b62"", ""69deefe49c56cd15282e"", ""5cd8d01d9fc5a31c7957""]",27300,True,ABSTAINED,False,False,False,0
v4_final_bar_random_04,bar_random,3,B4_normal,,"[""57e0dc8750f0a8835b62"", ""69deefe49c56cd15282e"", ""5cd8d01d9fc5a31c7957""]",27300,True,ABSTAINED,False,False,False,0
v4_final_bar_random_04,bar_random,3,B5,,"[""57e0dc8750f0a8835b62"", ""69deefe49c56cd15282e"", ""5cd8d01d9fc5a31c7957""]",27300,True,ABSTAINED,False,False,False,0
v4_final_bar_random_04,bar_random,6,B0,,"[""57e0dc8750f0a8835b62"", ""69deefe49c56cd15282e"", ""5cd8d01d9fc5a31c7957"", ""5b2160f2a8a112bfd9ce"", ""cb55fc7d025003d22aea"", ""505ea489a9d7095d9bd3""]",54600,True,ABSTAINED,False,False,False,0
v4_final_bar_random_04,bar_random,6,B1,,"[""57e0dc8750f0a8835b62"", ""69deefe49c56cd15282e"", ""5cd8d01d9fc5a31c7957"", ""5b2160f2a8a112bfd9ce"", ""cb55fc7d025003d22aea"", ""505ea489a9d7095d9bd3""]",54600,True,ABSTAINED,False,False,False,0
v4_final_bar_random_04,bar_random,6,B2,,"[""57e0dc8750f0a8835b62"", ""69deefe49c56cd15282e"", ""5cd8d01d9fc5a31c7957"", ""5b2160f2a8a112bfd9ce"", ""cb55fc7d025003d22aea"", ""505ea489a9d7095d9bd3""]",54600,True,ABSTAINED,False,False,False,0
v4_final_bar_random_04,bar_random,6,B3,,"[""57e0dc8750f0a8835b62"", ""69deefe49c56cd15282e"", ""5cd8d01d9fc5a31c7957"", ""5b2160f2a8a112bfd9ce"", ""cb55fc7d025003d22aea"", ""505ea489a9d7095d9bd3""]",54600,True,ABSTAINED,False,False,False,0
v4_final_bar_random_04,bar_random,6,B4,,"[""57e0dc8750f0a8835b62"", ""69deefe49c56cd15282e"", ""5cd8d01d9fc5a31c7957"", ""5b2160f2a8a112bfd9ce"", ""cb55fc7d025003d22aea"", ""505ea489a9d7095d9bd3""]",54600,True,ABSTAINED,False,False,False,0
v4_final_bar_random_04,bar_random,6,B4_normal,,"[""57e0dc8750f0a8835b62"", ""69deefe49c56cd15282e"", ""5cd8d01d9fc5a31c7957"", ""5b2160f2a8a112bfd9ce"", ""cb55fc7d025003d22aea"", ""505ea489a9d7095d9bd3""]",54600,True,ABSTAINED,False,False,False,0
v4_final_bar_random_04,bar_random,6,B5,,"[""57e0dc8750f0a8835b62"", ""69deefe49c56cd15282e"", ""5cd8d01d9fc5a31c7957"", ""5b2160f2a8a112bfd9ce"", ""cb55fc7d025003d22aea"", ""505ea489a9d7095d9bd3""]",54600,True,ABSTAINED,False,False,False,0
v4_final_bar_random_05,bar_random,1,B0,,"[""fc0e6064549dd55a3c8b""]",9100,True,ABSTAINED,False,False,False,0
v4_final_bar_random_05,bar_random,1,B1,,"[""fc0e6064549dd55a3c8b""]",9100,True,ABSTAINED,False,False,False,0
v4_final_bar_random_05,bar_random,1,B2,,"[""fc0e6064549dd55a3c8b""]",9100,True,ABSTAINED,False,False,False,0
v4_final_bar_random_05,bar_random,1,B3,,"[""fc0e6064549dd55a3c8b""]",9100,True,ABSTAINED,False,False,False,0
v4_final_bar_random_05,bar_random,1,B4,,"[""fc0e6064549dd55a3c8b""]",9100,True,ABSTAINED,False,False,False,0
v4_final_bar_random_05,bar_random,1,B4_normal,,"[""fc0e6064549dd55a3c8b""]",9100,True,ABSTAINED,False,False,False,0
v4_final_bar_random_05,bar_random,1,B5,,"[""fc0e6064549dd55a3c8b""]",9100,True,ABSTAINED,False,False,False,0
v4_final_bar_random_05,bar_random,3,B0,,"[""fc0e6064549dd55a3c8b"", ""788322e0681a8b429e15"", ""dd9a02655c65b5cafd3a""]",27300,True,ABSTAINED,False,False,False,0
v4_final_bar_random_05,bar_random,3,B1,,"[""fc0e6064549dd55a3c8b"", ""788322e0681a8b429e15"", ""dd9a02655c65b5cafd3a""]",27300,True,ABSTAINED,False,False,False,0
v4_final_bar_random_05,bar_random,3,B2,,"[""fc0e6064549dd55a3c8b"", ""788322e0681a8b429e15"", ""dd9a02655c65b5cafd3a""]",27300,True,ABSTAINED,False,False,False,0
v4_final_bar_random_05,bar_random,3,B3,,"[""fc0e6064549dd55a3c8b"", ""788322e0681a8b429e15"", ""dd9a02655c65b5cafd3a""]",27300,True,ABSTAINED,False,False,False,0
v4_final_bar_random_05,bar_random,3,B4,,"[""fc0e6064549dd55a3c8b"", ""788322e0681a8b429e15"", ""dd9a02655c65b5cafd3a""]",27300,True,ABSTAINED,False,False,False,0
v4_final_bar_random_05,bar_random,3,B4_normal,,"[""fc0e6064549dd55a3c8b"", ""788322e0681a8b429e15"", ""dd9a02655c65b5cafd3a""]",27300,True,ABSTAINED,False,False,False,0
v4_final_bar_random_05,bar_random,3,B5,,"[""fc0e6064549dd55a3c8b"", ""788322e0681a8b429e15"", ""dd9a02655c65b5cafd3a""]",27300,True,ABSTAINED,False,False,False,0
v4_final_bar_random_05,bar_random,6,B0,,"[""fc0e6064549dd55a3c8b"", ""788322e0681a8b429e15"", ""dd9a02655c65b5cafd3a"", ""d51597a0ff9686b505dd"", ""c267a439cb8fa72a15b3"", ""f0cf7dd6806d0ecdb1da""]",56927,True,ABSTAINED,False,False,False,0
v4_final_bar_random_05,bar_random,6,B1,,"[""fc0e6064549dd55a3c8b"", ""788322e0681a8b429e15"", ""dd9a02655c65b5cafd3a"", ""d51597a0ff9686b505dd"", ""c267a439cb8fa72a15b3"", ""f0cf7dd6806d0ecdb1da""]",56927,True,ABSTAINED,False,False,False,0
v4_final_bar_random_05,bar_random,6,B2,,"[""fc0e6064549dd55a3c8b"", ""788322e0681a8b429e15"", ""dd9a02655c65b5cafd3a"", ""d51597a0ff9686b505dd"", ""c267a439cb8fa72a15b3"", ""f0cf7dd6806d0ecdb1da""]",56927,True,ABSTAINED,False,False,False,0
v4_final_bar_random_05,bar_random,6,B3,,"[""fc0e6064549dd55a3c8b"", ""788322e0681a8b429e15"", ""dd9a02655c65b5cafd3a"", ""d51597a0ff9686b505dd"", ""c267a439cb8fa72a15b3"", ""f0cf7dd6806d0ecdb1da""]",56927,True,ABSTAINED,False,False,False,0
v4_final_bar_random_05,bar_random,6,B4,,"[""fc0e6064549dd55a3c8b"", ""788322e0681a8b429e15"", ""dd9a02655c65b5cafd3a"", ""d51597a0ff9686b505dd"", ""c267a439cb8fa72a15b3"", ""f0cf7dd6806d0ecdb1da""]",56927,True,ABSTAINED,False,False,False,0
v4_final_bar_random_05,bar_random,6,B4_normal,,"[""fc0e6064549dd55a3c8b"", ""788322e0681a8b429e15"", ""dd9a02655c65b5cafd3a"", ""d51597a0ff9686b505dd"", ""c267a439cb8fa72a15b3"", ""f0cf7dd6806d0ecdb1da""]",56927,True,ABSTAINED,False,False,False,0
v4_final_bar_random_05,bar_random,6,B5,,"[""fc0e6064549dd55a3c8b"", ""788322e0681a8b429e15"", ""dd9a02655c65b5cafd3a"", ""d51597a0ff9686b505dd"", ""c267a439cb8fa72a15b3"", ""f0cf7dd6806d0ecdb1da""]",56927,True,ABSTAINED,False,False,False,0
v4_final_bar_random_06,bar_random,1,B0,,"[""4c414f8f2dd82bfacd94""]",9100,True,ABSTAINED,False,False,False,0
v4_final_bar_random_06,bar_random,1,B1,,"[""4c414f8f2dd82bfacd94""]",9100,True,ABSTAINED,False,False,False,0
v4_final_bar_random_06,bar_random,1,B2,,"[""4c414f8f2dd82bfacd94""]",9100,True,ABSTAINED,False,False,False,0
v4_final_bar_random_06,bar_random,1,B3,,"[""4c414f8f2dd82bfacd94""]",9100,True,ABSTAINED,False,False,False,0
v4_final_bar_random_06,bar_random,1,B4,,"[""4c414f8f2dd82bfacd94""]",9100,True,ABSTAINED,False,False,False,0
v4_final_bar_random_06,bar_random,1,B4_normal,,"[""4c414f8f2dd82bfacd94""]",9100,True,ABSTAINED,False,False,False,0
v4_final_bar_random_06,bar_random,1,B5,,"[""4c414f8f2dd82bfacd94""]",9100,True,ABSTAINED,False,False,False,0
v4_final_bar_random_06,bar_random,3,B0,,"[""4c414f8f2dd82bfacd94"", ""32f21043b3b3df0e4bed"", ""fb1067c7caf855b7488e""]",27300,True,ABSTAINED,False,False,False,0
v4_final_bar_random_06,bar_random,3,B1,,"[""4c414f8f2dd82bfacd94"", ""32f21043b3b3df0e4bed"", ""fb1067c7caf855b7488e""]",27300,True,ABSTAINED,False,False,False,0
v4_final_bar_random_06,bar_random,3,B2,,"[""4c414f8f2dd82bfacd94"", ""32f21043b3b3df0e4bed"", ""fb1067c7caf855b7488e""]",27300,True,ABSTAINED,False,False,False,0
v4_final_bar_random_06,bar_random,3,B3,,"[""4c414f8f2dd82bfacd94"", ""32f21043b3b3df0e4bed"", ""fb1067c7caf855b7488e""]",27300,True,ABSTAINED,False,False,False,0
v4_final_bar_random_06,bar_random,3,B4,,"[""4c414f8f2dd82bfacd94"", ""32f21043b3b3df0e4bed"", ""fb1067c7caf855b7488e""]",27300,True,ABSTAINED,False,False,False,0
v4_final_bar_random_06,bar_random,3,B4_normal,,"[""4c414f8f2dd82bfacd94"", ""32f21043b3b3df0e4bed"", ""fb1067c7caf855b7488e""]",27300,True,ABSTAINED,False,False,False,0
v4_final_bar_random_06,bar_random,3,B5,,"[""4c414f8f2dd82bfacd94"", ""32f21043b3b3df0e4bed"", ""fb1067c7caf855b7488e""]",27300,True,ABSTAINED,False,False,False,0
v4_final_bar_random_06,bar_random,6,B0,,"[""4c414f8f2dd82bfacd94"", ""32f21043b3b3df0e4bed"", ""fb1067c7caf855b7488e"", ""e8819bdab491fae04f8d"", ""dea6f86b8a6c2456cc70"", ""626e6db7445ab8a7b881""]",57113,True,ABSTAINED,False,False,False,0
v4_final_bar_random_06,bar_random,6,B1,,"[""4c414f8f2dd82bfacd94"", ""32f21043b3b3df0e4bed"", ""fb1067c7caf855b7488e"", ""e8819bdab491fae04f8d"", ""dea6f86b8a6c2456cc70"", ""626e6db7445ab8a7b881""]",57113,True,ABSTAINED,False,False,False,0
v4_final_bar_random_06,bar_random,6,B2,,"[""4c414f8f2dd82bfacd94"", ""32f21043b3b3df0e4bed"", ""fb1067c7caf855b7488e"", ""e8819bdab491fae04f8d"", ""dea6f86b8a6c2456cc70"", ""626e6db7445ab8a7b881""]",57113,True,ABSTAINED,False,False,False,0
v4_final_bar_random_06,bar_random,6,B3,,"[""4c414f8f2dd82bfacd94"", ""32f21043b3b3df0e4bed"", ""fb1067c7caf855b7488e"", ""e8819bdab491fae04f8d"", ""dea6f86b8a6c2456cc70"", ""626e6db7445ab8a7b881""]",57113,True,ABSTAINED,False,False,False,0
v4_final_bar_random_06,bar_random,6,B4,,"[""4c414f8f2dd82bfacd94"", ""32f21043b3b3df0e4bed"", ""fb1067c7caf855b7488e"", ""e8819bdab491fae04f8d"", ""dea6f86b8a6c2456cc70"", ""626e6db7445ab8a7b881""]",57113,True,ABSTAINED,False,False,False,0
v4_final_bar_random_06,bar_random,6,B4_normal,,"[""4c414f8f2dd82bfacd94"", ""32f21043b3b3df0e4bed"", ""fb1067c7caf855b7488e"", ""e8819bdab491fae04f8d"", ""dea6f86b8a6c2456cc70"", ""626e6db7445ab8a7b881""]",57113,True,ABSTAINED,False,False,False,0
v4_final_bar_random_06,bar_random,6,B5,,"[""4c414f8f2dd82bfacd94"", ""32f21043b3b3df0e4bed"", ""fb1067c7caf855b7488e"", ""e8819bdab491fae04f8d"", ""dea6f86b8a6c2456cc70"", ""626e6db7445ab8a7b881""]",57113,True,ABSTAINED,False,False,False,0
v4_final_bar_random_07,bar_random,1,B0,595247b5dc3dfd480049,"[""595247b5dc3dfd480049""]",9100,False,VALID,False,False,False,0
v4_final_bar_random_07,bar_random,1,B1,595247b5dc3dfd480049,"[""595247b5dc3dfd480049""]",9100,False,VALID,False,False,False,0
v4_final_bar_random_07,bar_random,1,B2,,"[""595247b5dc3dfd480049""]",9100,True,ABSTAINED,False,False,False,0
v4_final_bar_random_07,bar_random,1,B3,,"[""595247b5dc3dfd480049""]",9100,True,ABSTAINED,False,False,False,0
v4_final_bar_random_07,bar_random,1,B4,,"[""595247b5dc3dfd480049""]",9100,True,ABSTAINED,False,False,False,0
v4_final_bar_random_07,bar_random,1,B4_normal,,"[""595247b5dc3dfd480049""]",9100,True,ABSTAINED,False,False,False,0
v4_final_bar_random_07,bar_random,1,B5,,"[""595247b5dc3dfd480049""]",9100,True,ABSTAINED,False,False,False,0
v4_final_bar_random_07,bar_random,3,B0,595247b5dc3dfd480049,"[""595247b5dc3dfd480049"", ""e1969ec2f0eb72a6e08b"", ""f4b188536528b99d3907""]",27300,False,VALID,False,False,False,0
v4_final_bar_random_07,bar_random,3,B1,595247b5dc3dfd480049,"[""595247b5dc3dfd480049"", ""e1969ec2f0eb72a6e08b"", ""f4b188536528b99d3907""]",27300,False,VALID,False,False,False,0
v4_final_bar_random_07,bar_random,3,B2,,"[""595247b5dc3dfd480049"", ""e1969ec2f0eb72a6e08b"", ""f4b188536528b99d3907""]",27300,True,ABSTAINED,False,False,False,0
v4_final_bar_random_07,bar_random,3,B3,,"[""595247b5dc3dfd480049"", ""e1969ec2f0eb72a6e08b"", ""f4b188536528b99d3907""]",27300,True,ABSTAINED,False,False,False,0
v4_final_bar_random_07,bar_random,3,B4,,"[""595247b5dc3dfd480049"", ""e1969ec2f0eb72a6e08b"", ""f4b188536528b99d3907""]",27300,True,ABSTAINED,False,False,False,0
v4_final_bar_random_07,bar_random,3,B4_normal,,"[""595247b5dc3dfd480049"", ""e1969ec2f0eb72a6e08b"", ""f4b188536528b99d3907""]",27300,True,ABSTAINED,False,False,False,0
v4_final_bar_random_07,bar_random,3,B5,,"[""595247b5dc3dfd480049"", ""e1969ec2f0eb72a6e08b"", ""f4b188536528b99d3907""]",27300,True,ABSTAINED,False,False,False,0
v4_final_bar_random_07,bar_random,6,B0,595247b5dc3dfd480049,"[""595247b5dc3dfd480049"", ""e1969ec2f0eb72a6e08b"", ""f4b188536528b99d3907"", ""3f85ded4ae3c9d9947b3"", ""b22f3b9032e71d470328"", ""a44184f78220a20b5c4b""]",56910,False,VALID,False,False,False,0
v4_final_bar_random_07,bar_random,6,B1,595247b5dc3dfd480049,"[""595247b5dc3dfd480049"", ""e1969ec2f0eb72a6e08b"", ""f4b188536528b99d3907"", ""3f85ded4ae3c9d9947b3"", ""b22f3b9032e71d470328"", ""a44184f78220a20b5c4b""]",56910,False,VALID,False,False,False,0
v4_final_bar_random_07,bar_random,6,B2,,"[""595247b5dc3dfd480049"", ""e1969ec2f0eb72a6e08b"", ""f4b188536528b99d3907"", ""3f85ded4ae3c9d9947b3"", ""b22f3b9032e71d470328"", ""a44184f78220a20b5c4b""]",56910,True,ABSTAINED,False,False,False,0
v4_final_bar_random_07,bar_random,6,B3,,"[""595247b5dc3dfd480049"", ""e1969ec2f0eb72a6e08b"", ""f4b188536528b99d3907"", ""3f85ded4ae3c9d9947b3"", ""b22f3b9032e71d470328"", ""a44184f78220a20b5c4b""]",56910,True,ABSTAINED,False,False,False,0
v4_final_bar_random_07,bar_random,6,B4,,"[""595247b5dc3dfd480049"", ""e1969ec2f0eb72a6e08b"", ""f4b188536528b99d3907"", ""3f85ded4ae3c9d9947b3"", ""b22f3b9032e71d470328"", ""a44184f78220a20b5c4b""]",56910,True,ABSTAINED,False,False,False,0
v4_final_bar_random_07,bar_random,6,B4_normal,,"[""595247b5dc3dfd480049"", ""e1969ec2f0eb72a6e08b"", ""f4b188536528b99d3907"", ""3f85ded4ae3c9d9947b3"", ""b22f3b9032e71d470328"", ""a44184f78220a20b5c4b""]",56910,True,ABSTAINED,False,False,False,0
v4_final_bar_random_07,bar_random,6,B5,,"[""595247b5dc3dfd480049"", ""e1969ec2f0eb72a6e08b"", ""f4b188536528b99d3907"", ""3f85ded4ae3c9d9947b3"", ""b22f3b9032e71d470328"", ""a44184f78220a20b5c4b""]",56910,True,ABSTAINED,False,False,False,0
v4_final_bar_random_08,bar_random,1,B0,,"[""0ed11cc6c9ab844f0823""]",9100,True,ABSTAINED,False,False,False,0
v4_final_bar_random_08,bar_random,1,B1,,"[""0ed11cc6c9ab844f0823""]",9100,True,ABSTAINED,False,False,False,0
v4_final_bar_random_08,bar_random,1,B2,,"[""0ed11cc6c9ab844f0823""]",9100,True,ABSTAINED,False,False,False,0
v4_final_bar_random_08,bar_random,1,B3,,"[""0ed11cc6c9ab844f0823""]",9100,True,ABSTAINED,False,False,False,0
v4_final_bar_random_08,bar_random,1,B4,,"[""0ed11cc6c9ab844f0823""]",9100,True,ABSTAINED,False,False,False,0
v4_final_bar_random_08,bar_random,1,B4_normal,,"[""0ed11cc6c9ab844f0823""]",9100,True,ABSTAINED,False,False,False,0
v4_final_bar_random_08,bar_random,1,B5,,"[""0ed11cc6c9ab844f0823""]",9100,True,ABSTAINED,False,False,False,0
v4_final_bar_random_08,bar_random,3,B0,,"[""0ed11cc6c9ab844f0823"", ""41c2fe52de2fc34b218c"", ""e8d9466a1c66d0cc43c8""]",27300,True,ABSTAINED,False,False,False,0
v4_final_bar_random_08,bar_random,3,B1,,"[""0ed11cc6c9ab844f0823"", ""41c2fe52de2fc34b218c"", ""e8d9466a1c66d0cc43c8""]",27300,True,ABSTAINED,False,False,False,0
v4_final_bar_random_08,bar_random,3,B2,,"[""0ed11cc6c9ab844f0823"", ""41c2fe52de2fc34b218c"", ""e8d9466a1c66d0cc43c8""]",27300,True,ABSTAINED,False,False,False,0
v4_final_bar_random_08,bar_random,3,B3,,"[""0ed11cc6c9ab844f0823"", ""41c2fe52de2fc34b218c"", ""e8d9466a1c66d0cc43c8""]",27300,True,ABSTAINED,False,False,False,0
v4_final_bar_random_08,bar_random,3,B4,,"[""0ed11cc6c9ab844f0823"", ""41c2fe52de2fc34b218c"", ""e8d9466a1c66d0cc43c8""]",27300,True,ABSTAINED,False,False,False,0
v4_final_bar_random_08,bar_random,3,B4_normal,,"[""0ed11cc6c9ab844f0823"", ""41c2fe52de2fc34b218c"", ""e8d9466a1c66d0cc43c8""]",27300,True,ABSTAINED,False,False,False,0
v4_final_bar_random_08,bar_random,3,B5,,"[""0ed11cc6c9ab844f0823"", ""41c2fe52de2fc34b218c"", ""e8d9466a1c66d0cc43c8""]",27300,True,ABSTAINED,False,False,False,0
v4_final_bar_random_08,bar_random,6,B0,,"[""0ed11cc6c9ab844f0823"", ""41c2fe52de2fc34b218c"", ""e8d9466a1c66d0cc43c8"", ""af247b7935ee5542064d"", ""b4a32e2a522bd781c801"", ""b78c50623e336205d8fc""]",56927,True,ABSTAINED,False,False,False,0
v4_final_bar_random_08,bar_random,6,B1,,"[""0ed11cc6c9ab844f0823"", ""41c2fe52de2fc34b218c"", ""e8d9466a1c66d0cc43c8"", ""af247b7935ee5542064d"", ""b4a32e2a522bd781c801"", ""b78c50623e336205d8fc""]",56927,True,ABSTAINED,False,False,False,0
v4_final_bar_random_08,bar_random,6,B2,,"[""0ed11cc6c9ab844f0823"", ""41c2fe52de2fc34b218c"", ""e8d9466a1c66d0cc43c8"", ""af247b7935ee5542064d"", ""b4a32e2a522bd781c801"", ""b78c50623e336205d8fc""]",56927,True,ABSTAINED,False,False,False,0
v4_final_bar_random_08,bar_random,6,B3,,"[""0ed11cc6c9ab844f0823"", ""41c2fe52de2fc34b218c"", ""e8d9466a1c66d0cc43c8"", ""af247b7935ee5542064d"", ""b4a32e2a522bd781c801"", ""b78c50623e336205d8fc""]",56927,True,ABSTAINED,False,False,False,0
v4_final_bar_random_08,bar_random,6,B4,,"[""0ed11cc6c9ab844f0823"", ""41c2fe52de2fc34b218c"", ""e8d9466a1c66d0cc43c8"", ""af247b7935ee5542064d"", ""b4a32e2a522bd781c801"", ""b78c50623e336205d8fc""]",56927,True,ABSTAINED,False,False,False,0
v4_final_bar_random_08,bar_random,6,B4_normal,,"[""0ed11cc6c9ab844f0823"", ""41c2fe52de2fc34b218c"", ""e8d9466a1c66d0cc43c8"", ""af247b7935ee5542064d"", ""b4a32e2a522bd781c801"", ""b78c50623e336205d8fc""]",56927,True,ABSTAINED,False,False,False,0
v4_final_bar_random_08,bar_random,6,B5,,"[""0ed11cc6c9ab844f0823"", ""41c2fe52de2fc34b218c"", ""e8d9466a1c66d0cc43c8"", ""af247b7935ee5542064d"", ""b4a32e2a522bd781c801"", ""b78c50623e336205d8fc""]",56927,True,ABSTAINED,False,False,False,0
v4_final_bar_random_09,bar_random,1,B0,873b16cfdb78f887a889,"[""873b16cfdb78f887a889""]",9100,False,VALID,False,False,False,0
v4_final_bar_random_09,bar_random,1,B1,873b16cfdb78f887a889,"[""873b16cfdb78f887a889""]",9100,False,VALID,False,False,False,0
v4_final_bar_random_09,bar_random,1,B2,,"[""873b16cfdb78f887a889""]",9100,True,ABSTAINED,False,False,False,0
v4_final_bar_random_09,bar_random,1,B3,,"[""873b16cfdb78f887a889""]",9100,True,ABSTAINED,False,False,False,0
v4_final_bar_random_09,bar_random,1,B4,,"[""873b16cfdb78f887a889""]",9100,True,ABSTAINED,False,False,False,0
v4_final_bar_random_09,bar_random,1,B4_normal,,"[""873b16cfdb78f887a889""]",9100,True,ABSTAINED,False,False,False,0
v4_final_bar_random_09,bar_random,1,B5,,"[""873b16cfdb78f887a889""]",9100,True,ABSTAINED,False,False,False,0
v4_final_bar_random_09,bar_random,3,B0,873b16cfdb78f887a889,"[""873b16cfdb78f887a889"", ""792b692214297cb98baf"", ""b1bc955c14395952f877""]",27300,False,VALID,False,False,False,0
v4_final_bar_random_09,bar_random,3,B1,873b16cfdb78f887a889,"[""873b16cfdb78f887a889"", ""792b692214297cb98baf"", ""b1bc955c14395952f877""]",27300,False,VALID,False,False,False,0
v4_final_bar_random_09,bar_random,3,B2,,"[""873b16cfdb78f887a889"", ""792b692214297cb98baf"", ""b1bc955c14395952f877""]",27300,True,ABSTAINED,False,False,False,0
v4_final_bar_random_09,bar_random,3,B3,,"[""873b16cfdb78f887a889"", ""792b692214297cb98baf"", ""b1bc955c14395952f877""]",27300,True,ABSTAINED,False,False,False,0
v4_final_bar_random_09,bar_random,3,B4,,"[""873b16cfdb78f887a889"", ""792b692214297cb98baf"", ""b1bc955c14395952f877""]",27300,True,ABSTAINED,False,False,False,0
v4_final_bar_random_09,bar_random,3,B4_normal,,"[""873b16cfdb78f887a889"", ""792b692214297cb98baf"", ""b1bc955c14395952f877""]",27300,True,ABSTAINED,False,False,False,0
v4_final_bar_random_09,bar_random,3,B5,,"[""873b16cfdb78f887a889"", ""792b692214297cb98baf"", ""b1bc955c14395952f877""]",27300,True,ABSTAINED,False,False,False,0
v4_final_bar_random_09,bar_random,6,B0,873b16cfdb78f887a889,"[""873b16cfdb78f887a889"", ""792b692214297cb98baf"", ""b1bc955c14395952f877"", ""ae199c932c9bbaf819a2"", ""c5985c26d2cbd0267eaf"", ""7018d209e8856ec6905a""]",56927,False,VALID,False,False,False,0
v4_final_bar_random_09,bar_random,6,B1,873b16cfdb78f887a889,"[""873b16cfdb78f887a889"", ""792b692214297cb98baf"", ""b1bc955c14395952f877"", ""ae199c932c9bbaf819a2"", ""c5985c26d2cbd0267eaf"", ""7018d209e8856ec6905a""]",56927,False,VALID,False,False,False,0
v4_final_bar_random_09,bar_random,6,B2,,"[""873b16cfdb78f887a889"", ""792b692214297cb98baf"", ""b1bc955c14395952f877"", ""ae199c932c9bbaf819a2"", ""c5985c26d2cbd0267eaf"", ""7018d209e8856ec6905a""]",56927,True,ABSTAINED,False,False,False,0
v4_final_bar_random_09,bar_random,6,B3,,"[""873b16cfdb78f887a889"", ""792b692214297cb98baf"", ""b1bc955c14395952f877"", ""ae199c932c9bbaf819a2"", ""c5985c26d2cbd0267eaf"", ""7018d209e8856ec6905a""]",56927,True,ABSTAINED,False,False,False,0
v4_final_bar_random_09,bar_random,6,B4,,"[""873b16cfdb78f887a889"", ""792b692214297cb98baf"", ""b1bc955c14395952f877"", ""ae199c932c9bbaf819a2"", ""c5985c26d2cbd0267eaf"", ""7018d209e8856ec6905a""]",56927,True,ABSTAINED,False,False,False,0
v4_final_bar_random_09,bar_random,6,B4_normal,,"[""873b16cfdb78f887a889"", ""792b692214297cb98baf"", ""b1bc955c14395952f877"", ""ae199c932c9bbaf819a2"", ""c5985c26d2cbd0267eaf"", ""7018d209e8856ec6905a""]",56927,True,ABSTAINED,False,False,False,0
v4_final_bar_random_09,bar_random,6,B5,,"[""873b16cfdb78f887a889"", ""792b692214297cb98baf"", ""b1bc955c14395952f877"", ""ae199c932c9bbaf819a2"", ""c5985c26d2cbd0267eaf"", ""7018d209e8856ec6905a""]",56927,True,ABSTAINED,False,False,False,0
v4_final_bar_random_10,bar_random,1,B0,,"[""8d32d8117d665d37df5b""]",9100,True,ABSTAINED,False,False,False,0
v4_final_bar_random_10,bar_random,1,B1,,"[""8d32d8117d665d37df5b""]",9100,True,ABSTAINED,False,False,False,0
v4_final_bar_random_10,bar_random,1,B2,,"[""8d32d8117d665d37df5b""]",9100,True,ABSTAINED,False,False,False,0
v4_final_bar_random_10,bar_random,1,B3,,"[""8d32d8117d665d37df5b""]",9100,True,ABSTAINED,False,False,False,0
v4_final_bar_random_10,bar_random,1,B4,,"[""8d32d8117d665d37df5b""]",9100,True,ABSTAINED,False,False,False,0
v4_final_bar_random_10,bar_random,1,B4_normal,,"[""8d32d8117d665d37df5b""]",9100,True,ABSTAINED,False,False,False,0
v4_final_bar_random_10,bar_random,1,B5,,"[""8d32d8117d665d37df5b""]",9100,True,ABSTAINED,False,False,False,0
v4_final_bar_random_10,bar_random,3,B0,,"[""8d32d8117d665d37df5b"", ""23b4d50fc5013a715a3d"", ""59476758da60f9c8c555""]",27300,True,ABSTAINED,False,False,False,0
v4_final_bar_random_10,bar_random,3,B1,,"[""8d32d8117d665d37df5b"", ""23b4d50fc5013a715a3d"", ""59476758da60f9c8c555""]",27300,True,ABSTAINED,False,False,False,0
v4_final_bar_random_10,bar_random,3,B2,,"[""8d32d8117d665d37df5b"", ""23b4d50fc5013a715a3d"", ""59476758da60f9c8c555""]",27300,True,ABSTAINED,False,False,False,0
v4_final_bar_random_10,bar_random,3,B3,,"[""8d32d8117d665d37df5b"", ""23b4d50fc5013a715a3d"", ""59476758da60f9c8c555""]",27300,True,ABSTAINED,False,False,False,0
v4_final_bar_random_10,bar_random,3,B4,,"[""8d32d8117d665d37df5b"", ""23b4d50fc5013a715a3d"", ""59476758da60f9c8c555""]",27300,True,ABSTAINED,False,False,False,0
v4_final_bar_random_10,bar_random,3,B4_normal,,"[""8d32d8117d665d37df5b"", ""23b4d50fc5013a715a3d"", ""59476758da60f9c8c555""]",27300,True,ABSTAINED,False,False,False,0
v4_final_bar_random_10,bar_random,3,B5,,"[""8d32d8117d665d37df5b"", ""23b4d50fc5013a715a3d"", ""59476758da60f9c8c555""]",27300,True,ABSTAINED,False,False,False,0
v4_final_bar_random_10,bar_random,6,B0,,"[""8d32d8117d665d37df5b"", ""23b4d50fc5013a715a3d"", ""59476758da60f9c8c555"", ""d15a7153dc011badd724"", ""b40d90664efae04c1726"", ""828d0b7a90a12db881f2""]",56927,True,ABSTAINED,False,False,False,0
v4_final_bar_random_10,bar_random,6,B1,,"[""8d32d8117d665d37df5b"", ""23b4d50fc5013a715a3d"", ""59476758da60f9c8c555"", ""d15a7153dc011badd724"", ""b40d90664efae04c1726"", ""828d0b7a90a12db881f2""]",56927,True,ABSTAINED,False,False,False,0
v4_final_bar_random_10,bar_random,6,B2,,"[""8d32d8117d665d37df5b"", ""23b4d50fc5013a715a3d"", ""59476758da60f9c8c555"", ""d15a7153dc011badd724"", ""b40d90664efae04c1726"", ""828d0b7a90a12db881f2""]",56927,True,ABSTAINED,False,False,False,0
v4_final_bar_random_10,bar_random,6,B3,,"[""8d32d8117d665d37df5b"", ""23b4d50fc5013a715a3d"", ""59476758da60f9c8c555"", ""d15a7153dc011badd724"", ""b40d90664efae04c1726"", ""828d0b7a90a12db881f2""]",56927,True,ABSTAINED,False,False,False,0
v4_final_bar_random_10,bar_random,6,B4,,"[""8d32d8117d665d37df5b"", ""23b4d50fc5013a715a3d"", ""59476758da60f9c8c555"", ""d15a7153dc011badd724"", ""b40d90664efae04c1726"", ""828d0b7a90a12db881f2""]",56927,True,ABSTAINED,False,False,False,0
v4_final_bar_random_10,bar_random,6,B4_normal,,"[""8d32d8117d665d37df5b"", ""23b4d50fc5013a715a3d"", ""59476758da60f9c8c555"", ""d15a7153dc011badd724"", ""b40d90664efae04c1726"", ""828d0b7a90a12db881f2""]",56927,True,ABSTAINED,False,False,False,0
v4_final_bar_random_10,bar_random,6,B5,,"[""8d32d8117d665d37df5b"", ""23b4d50fc5013a715a3d"", ""59476758da60f9c8c555"", ""d15a7153dc011badd724"", ""b40d90664efae04c1726"", ""828d0b7a90a12db881f2""]",56927,True,ABSTAINED,False,False,False,0
v4_final_bar_random_11,bar_random,1,B0,,"[""c8cb961f5c9388b4f75a""]",9100,True,ABSTAINED,False,False,False,0
v4_final_bar_random_11,bar_random,1,B1,,"[""c8cb961f5c9388b4f75a""]",9100,True,ABSTAINED,False,False,False,0
v4_final_bar_random_11,bar_random,1,B2,,"[""c8cb961f5c9388b4f75a""]",9100,True,ABSTAINED,False,False,False,0
v4_final_bar_random_11,bar_random,1,B3,,"[""c8cb961f5c9388b4f75a""]",9100,True,ABSTAINED,False,False,False,0
v4_final_bar_random_11,bar_random,1,B4,,"[""c8cb961f5c9388b4f75a""]",9100,True,ABSTAINED,False,False,False,0
v4_final_bar_random_11,bar_random,1,B4_normal,,"[""c8cb961f5c9388b4f75a""]",9100,True,ABSTAINED,False,False,False,0
v4_final_bar_random_11,bar_random,1,B5,,"[""c8cb961f5c9388b4f75a""]",9100,True,ABSTAINED,False,False,False,0
v4_final_bar_random_11,bar_random,3,B0,,"[""c8cb961f5c9388b4f75a"", ""4da8e640eccd57b5483e"", ""6dff473bcef4a7e1c193""]",29813,True,ABSTAINED,False,False,False,0
v4_final_bar_random_11,bar_random,3,B1,,"[""c8cb961f5c9388b4f75a"", ""4da8e640eccd57b5483e"", ""6dff473bcef4a7e1c193""]",29813,True,ABSTAINED,False,False,False,0
v4_final_bar_random_11,bar_random,3,B2,,"[""c8cb961f5c9388b4f75a"", ""4da8e640eccd57b5483e"", ""6dff473bcef4a7e1c193""]",29813,True,ABSTAINED,False,False,False,0
v4_final_bar_random_11,bar_random,3,B3,,"[""c8cb961f5c9388b4f75a"", ""4da8e640eccd57b5483e"", ""6dff473bcef4a7e1c193""]",29813,True,ABSTAINED,False,False,False,0
v4_final_bar_random_11,bar_random,3,B4,,"[""c8cb961f5c9388b4f75a"", ""4da8e640eccd57b5483e"", ""6dff473bcef4a7e1c193""]",29813,True,ABSTAINED,False,False,False,0
v4_final_bar_random_11,bar_random,3,B4_normal,,"[""c8cb961f5c9388b4f75a"", ""4da8e640eccd57b5483e"", ""6dff473bcef4a7e1c193""]",29813,True,ABSTAINED,False,False,False,0
v4_final_bar_random_11,bar_random,3,B5,,"[""c8cb961f5c9388b4f75a"", ""4da8e640eccd57b5483e"", ""6dff473bcef4a7e1c193""]",29813,True,ABSTAINED,False,False,False,0
v4_final_bar_random_11,bar_random,6,B0,,"[""c8cb961f5c9388b4f75a"", ""4da8e640eccd57b5483e"", ""6dff473bcef4a7e1c193"", ""300412bb86d87909df35"", ""34d35fa6e791a04e4e6b"", ""93ffeca03a0907ca1d34""]",57113,True,ABSTAINED,False,False,False,0
v4_final_bar_random_11,bar_random,6,B1,,"[""c8cb961f5c9388b4f75a"", ""4da8e640eccd57b5483e"", ""6dff473bcef4a7e1c193"", ""300412bb86d87909df35"", ""34d35fa6e791a04e4e6b"", ""93ffeca03a0907ca1d34""]",57113,True,ABSTAINED,False,False,False,0
v4_final_bar_random_11,bar_random,6,B2,,"[""c8cb961f5c9388b4f75a"", ""4da8e640eccd57b5483e"", ""6dff473bcef4a7e1c193"", ""300412bb86d87909df35"", ""34d35fa6e791a04e4e6b"", ""93ffeca03a0907ca1d34""]",57113,True,ABSTAINED,False,False,False,0
v4_final_bar_random_11,bar_random,6,B3,,"[""c8cb961f5c9388b4f75a"", ""4da8e640eccd57b5483e"", ""6dff473bcef4a7e1c193"", ""300412bb86d87909df35"", ""34d35fa6e791a04e4e6b"", ""93ffeca03a0907ca1d34""]",57113,True,ABSTAINED,False,False,False,0
v4_final_bar_random_11,bar_random,6,B4,,"[""c8cb961f5c9388b4f75a"", ""4da8e640eccd57b5483e"", ""6dff473bcef4a7e1c193"", ""300412bb86d87909df35"", ""34d35fa6e791a04e4e6b"", ""93ffeca03a0907ca1d34""]",57113,True,ABSTAINED,False,False,False,0
v4_final_bar_random_11,bar_random,6,B4_normal,,"[""c8cb961f5c9388b4f75a"", ""4da8e640eccd57b5483e"", ""6dff473bcef4a7e1c193"", ""300412bb86d87909df35"", ""34d35fa6e791a04e4e6b"", ""93ffeca03a0907ca1d34""]",57113,True,ABSTAINED,False,False,False,0
v4_final_bar_random_11,bar_random,6,B5,,"[""c8cb961f5c9388b4f75a"", ""4da8e640eccd57b5483e"", ""6dff473bcef4a7e1c193"", ""300412bb86d87909df35"", ""34d35fa6e791a04e4e6b"", ""93ffeca03a0907ca1d34""]",57113,True,ABSTAINED,False,False,False,0
v4_final_bar_random_12,bar_random,1,B0,,"[""32b4851cf28286df43c0""]",9100,True,ABSTAINED,False,False,False,0
v4_final_bar_random_12,bar_random,1,B1,,"[""32b4851cf28286df43c0""]",9100,True,ABSTAINED,False,False,False,0
v4_final_bar_random_12,bar_random,1,B2,,"[""32b4851cf28286df43c0""]",9100,True,ABSTAINED,False,False,False,0
v4_final_bar_random_12,bar_random,1,B3,,"[""32b4851cf28286df43c0""]",9100,True,ABSTAINED,False,False,False,0
v4_final_bar_random_12,bar_random,1,B4,,"[""32b4851cf28286df43c0""]",9100,True,ABSTAINED,False,False,False,0
v4_final_bar_random_12,bar_random,1,B4_normal,,"[""32b4851cf28286df43c0""]",9100,True,ABSTAINED,False,False,False,0
v4_final_bar_random_12,bar_random,1,B5,,"[""32b4851cf28286df43c0""]",9100,True,ABSTAINED,False,False,False,0
v4_final_bar_random_12,bar_random,3,B0,,"[""32b4851cf28286df43c0"", ""0c4ec2002d473988db10"", ""2584f948499ff28af237""]",27300,True,ABSTAINED,False,False,False,0
v4_final_bar_random_12,bar_random,3,B1,,"[""32b4851cf28286df43c0"", ""0c4ec2002d473988db10"", ""2584f948499ff28af237""]",27300,True,ABSTAINED,False,False,False,0
v4_final_bar_random_12,bar_random,3,B2,,"[""32b4851cf28286df43c0"", ""0c4ec2002d473988db10"", ""2584f948499ff28af237""]",27300,True,ABSTAINED,False,False,False,0
v4_final_bar_random_12,bar_random,3,B3,,"[""32b4851cf28286df43c0"", ""0c4ec2002d473988db10"", ""2584f948499ff28af237""]",27300,True,ABSTAINED,False,False,False,0
v4_final_bar_random_12,bar_random,3,B4,,"[""32b4851cf28286df43c0"", ""0c4ec2002d473988db10"", ""2584f948499ff28af237""]",27300,True,ABSTAINED,False,False,False,0
v4_final_bar_random_12,bar_random,3,B4_normal,,"[""32b4851cf28286df43c0"", ""0c4ec2002d473988db10"", ""2584f948499ff28af237""]",27300,True,ABSTAINED,False,False,False,0
v4_final_bar_random_12,bar_random,3,B5,,"[""32b4851cf28286df43c0"", ""0c4ec2002d473988db10"", ""2584f948499ff28af237""]",27300,True,ABSTAINED,False,False,False,0
v4_final_bar_random_12,bar_random,6,B0,,"[""32b4851cf28286df43c0"", ""0c4ec2002d473988db10"", ""2584f948499ff28af237"", ""cd983b74dd93408e0f82"", ""b782d4c8f5b0f9fc3a5e"", ""38f6d8725308def9d8a9""]",54810,True,ABSTAINED,False,False,False,0
v4_final_bar_random_12,bar_random,6,B1,,"[""32b4851cf28286df43c0"", ""0c4ec2002d473988db10"", ""2584f948499ff28af237"", ""cd983b74dd93408e0f82"", ""b782d4c8f5b0f9fc3a5e"", ""38f6d8725308def9d8a9""]",54810,True,ABSTAINED,False,False,False,0
v4_final_bar_random_12,bar_random,6,B2,,"[""32b4851cf28286df43c0"", ""0c4ec2002d473988db10"", ""2584f948499ff28af237"", ""cd983b74dd93408e0f82"", ""b782d4c8f5b0f9fc3a5e"", ""38f6d8725308def9d8a9""]",54810,True,ABSTAINED,False,False,False,0
v4_final_bar_random_12,bar_random,6,B3,,"[""32b4851cf28286df43c0"", ""0c4ec2002d473988db10"", ""2584f948499ff28af237"", ""cd983b74dd93408e0f82"", ""b782d4c8f5b0f9fc3a5e"", ""38f6d8725308def9d8a9""]",54810,True,ABSTAINED,False,False,False,0
v4_final_bar_random_12,bar_random,6,B4,,"[""32b4851cf28286df43c0"", ""0c4ec2002d473988db10"", ""2584f948499ff28af237"", ""cd983b74dd93408e0f82"", ""b782d4c8f5b0f9fc3a5e"", ""38f6d8725308def9d8a9""]",54810,True,ABSTAINED,False,False,False,0
v4_final_bar_random_12,bar_random,6,B4_normal,,"[""32b4851cf28286df43c0"", ""0c4ec2002d473988db10"", ""2584f948499ff28af237"", ""cd983b74dd93408e0f82"", ""b782d4c8f5b0f9fc3a5e"", ""38f6d8725308def9d8a9""]",54810,True,ABSTAINED,False,False,False,0
v4_final_bar_random_12,bar_random,6,B5,,"[""32b4851cf28286df43c0"", ""0c4ec2002d473988db10"", ""2584f948499ff28af237"", ""cd983b74dd93408e0f82"", ""b782d4c8f5b0f9fc3a5e"", ""38f6d8725308def9d8a9""]",54810,True,ABSTAINED,False,False,False,0
v4_final_bar_random_13,bar_random,1,B0,,"[""8fbfbbc8eac55bcea641""]",9100,True,ABSTAINED,False,False,False,0
v4_final_bar_random_13,bar_random,1,B1,,"[""8fbfbbc8eac55bcea641""]",9100,True,ABSTAINED,False,False,False,0
v4_final_bar_random_13,bar_random,1,B2,,"[""8fbfbbc8eac55bcea641""]",9100,True,ABSTAINED,False,False,False,0
v4_final_bar_random_13,bar_random,1,B3,,"[""8fbfbbc8eac55bcea641""]",9100,True,ABSTAINED,False,False,False,0
v4_final_bar_random_13,bar_random,1,B4,,"[""8fbfbbc8eac55bcea641""]",9100,True,ABSTAINED,False,False,False,0
v4_final_bar_random_13,bar_random,1,B4_normal,,"[""8fbfbbc8eac55bcea641""]",9100,True,ABSTAINED,False,False,False,0
v4_final_bar_random_13,bar_random,1,B5,,"[""8fbfbbc8eac55bcea641""]",9100,True,ABSTAINED,False,False,False,0
v4_final_bar_random_13,bar_random,3,B0,,"[""8fbfbbc8eac55bcea641"", ""c8be4308ce008de66af9"", ""66cb844539257407af65""]",27300,True,ABSTAINED,False,False,False,0
v4_final_bar_random_13,bar_random,3,B1,,"[""8fbfbbc8eac55bcea641"", ""c8be4308ce008de66af9"", ""66cb844539257407af65""]",27300,True,ABSTAINED,False,False,False,0
v4_final_bar_random_13,bar_random,3,B2,,"[""8fbfbbc8eac55bcea641"", ""c8be4308ce008de66af9"", ""66cb844539257407af65""]",27300,True,ABSTAINED,False,False,False,0
v4_final_bar_random_13,bar_random,3,B3,,"[""8fbfbbc8eac55bcea641"", ""c8be4308ce008de66af9"", ""66cb844539257407af65""]",27300,True,ABSTAINED,False,False,False,0
v4_final_bar_random_13,bar_random,3,B4,,"[""8fbfbbc8eac55bcea641"", ""c8be4308ce008de66af9"", ""66cb844539257407af65""]",27300,True,ABSTAINED,False,False,False,0
v4_final_bar_random_13,bar_random,3,B4_normal,,"[""8fbfbbc8eac55bcea641"", ""c8be4308ce008de66af9"", ""66cb844539257407af65""]",27300,True,ABSTAINED,False,False,False,0
v4_final_bar_random_13,bar_random,3,B5,,"[""8fbfbbc8eac55bcea641"", ""c8be4308ce008de66af9"", ""66cb844539257407af65""]",27300,True,ABSTAINED,False,False,False,0
v4_final_bar_random_13,bar_random,6,B0,,"[""8fbfbbc8eac55bcea641"", ""c8be4308ce008de66af9"", ""66cb844539257407af65"", ""b03be2d236501e2d1005"", ""1c6a3e6013a7bc0fd0c2"", ""125ef0ed89575f52e7ab""]",56927,True,ABSTAINED,False,False,False,0
v4_final_bar_random_13,bar_random,6,B1,,"[""8fbfbbc8eac55bcea641"", ""c8be4308ce008de66af9"", ""66cb844539257407af65"", ""b03be2d236501e2d1005"", ""1c6a3e6013a7bc0fd0c2"", ""125ef0ed89575f52e7ab""]",56927,True,ABSTAINED,False,False,False,0
v4_final_bar_random_13,bar_random,6,B2,,"[""8fbfbbc8eac55bcea641"", ""c8be4308ce008de66af9"", ""66cb844539257407af65"", ""b03be2d236501e2d1005"", ""1c6a3e6013a7bc0fd0c2"", ""125ef0ed89575f52e7ab""]",56927,True,ABSTAINED,False,False,False,0
v4_final_bar_random_13,bar_random,6,B3,,"[""8fbfbbc8eac55bcea641"", ""c8be4308ce008de66af9"", ""66cb844539257407af65"", ""b03be2d236501e2d1005"", ""1c6a3e6013a7bc0fd0c2"", ""125ef0ed89575f52e7ab""]",56927,True,ABSTAINED,False,False,False,0
v4_final_bar_random_13,bar_random,6,B4,,"[""8fbfbbc8eac55bcea641"", ""c8be4308ce008de66af9"", ""66cb844539257407af65"", ""b03be2d236501e2d1005"", ""1c6a3e6013a7bc0fd0c2"", ""125ef0ed89575f52e7ab""]",56927,True,ABSTAINED,False,False,False,0
v4_final_bar_random_13,bar_random,6,B4_normal,,"[""8fbfbbc8eac55bcea641"", ""c8be4308ce008de66af9"", ""66cb844539257407af65"", ""b03be2d236501e2d1005"", ""1c6a3e6013a7bc0fd0c2"", ""125ef0ed89575f52e7ab""]",56927,True,ABSTAINED,False,False,False,0
v4_final_bar_random_13,bar_random,6,B5,,"[""8fbfbbc8eac55bcea641"", ""c8be4308ce008de66af9"", ""66cb844539257407af65"", ""b03be2d236501e2d1005"", ""1c6a3e6013a7bc0fd0c2"", ""125ef0ed89575f52e7ab""]",56927,True,ABSTAINED,False,False,False,0
v4_final_bar_random_14,bar_random,1,B0,,"[""cc7e7cb6d6f5105f98b1""]",9100,True,ABSTAINED,False,False,False,0
v4_final_bar_random_14,bar_random,1,B1,,"[""cc7e7cb6d6f5105f98b1""]",9100,True,ABSTAINED,False,False,False,0
v4_final_bar_random_14,bar_random,1,B2,,"[""cc7e7cb6d6f5105f98b1""]",9100,True,ABSTAINED,False,False,False,0
v4_final_bar_random_14,bar_random,1,B3,,"[""cc7e7cb6d6f5105f98b1""]",9100,True,ABSTAINED,False,False,False,0
v4_final_bar_random_14,bar_random,1,B4,,"[""cc7e7cb6d6f5105f98b1""]",9100,True,ABSTAINED,False,False,False,0
v4_final_bar_random_14,bar_random,1,B4_normal,,"[""cc7e7cb6d6f5105f98b1""]",9100,True,ABSTAINED,False,False,False,0
v4_final_bar_random_14,bar_random,1,B5,,"[""cc7e7cb6d6f5105f98b1""]",9100,True,ABSTAINED,False,False,False,0
v4_final_bar_random_14,bar_random,3,B0,,"[""cc7e7cb6d6f5105f98b1"", ""1e606ece1955d7019339"", ""81697ccaefef0d4892bb""]",27300,True,ABSTAINED,False,False,False,0
v4_final_bar_random_14,bar_random,3,B1,,"[""cc7e7cb6d6f5105f98b1"", ""1e606ece1955d7019339"", ""81697ccaefef0d4892bb""]",27300,True,ABSTAINED,False,False,False,0
v4_final_bar_random_14,bar_random,3,B2,,"[""cc7e7cb6d6f5105f98b1"", ""1e606ece1955d7019339"", ""81697ccaefef0d4892bb""]",27300,True,ABSTAINED,False,False,False,0
v4_final_bar_random_14,bar_random,3,B3,,"[""cc7e7cb6d6f5105f98b1"", ""1e606ece1955d7019339"", ""81697ccaefef0d4892bb""]",27300,True,ABSTAINED,False,False,False,0
v4_final_bar_random_14,bar_random,3,B4,,"[""cc7e7cb6d6f5105f98b1"", ""1e606ece1955d7019339"", ""81697ccaefef0d4892bb""]",27300,True,ABSTAINED,False,False,False,0
v4_final_bar_random_14,bar_random,3,B4_normal,,"[""cc7e7cb6d6f5105f98b1"", ""1e606ece1955d7019339"", ""81697ccaefef0d4892bb""]",27300,True,ABSTAINED,False,False,False,0
v4_final_bar_random_14,bar_random,3,B5,,"[""cc7e7cb6d6f5105f98b1"", ""1e606ece1955d7019339"", ""81697ccaefef0d4892bb""]",27300,True,ABSTAINED,False,False,False,0
v4_final_bar_random_14,bar_random,6,B0,,"[""cc7e7cb6d6f5105f98b1"", ""1e606ece1955d7019339"", ""81697ccaefef0d4892bb"", ""ab6d04384d4180cd8143"", ""2161506a0bac3a9a545d"", ""ff20585f06448bdc65ef""]",54600,True,ABSTAINED,False,False,False,0
v4_final_bar_random_14,bar_random,6,B1,,"[""cc7e7cb6d6f5105f98b1"", ""1e606ece1955d7019339"", ""81697ccaefef0d4892bb"", ""ab6d04384d4180cd8143"", ""2161506a0bac3a9a545d"", ""ff20585f06448bdc65ef""]",54600,True,ABSTAINED,False,False,False,0
v4_final_bar_random_14,bar_random,6,B2,,"[""cc7e7cb6d6f5105f98b1"", ""1e606ece1955d7019339"", ""81697ccaefef0d4892bb"", ""ab6d04384d4180cd8143"", ""2161506a0bac3a9a545d"", ""ff20585f06448bdc65ef""]",54600,True,ABSTAINED,False,False,False,0
v4_final_bar_random_14,bar_random,6,B3,,"[""cc7e7cb6d6f5105f98b1"", ""1e606ece1955d7019339"", ""81697ccaefef0d4892bb"", ""ab6d04384d4180cd8143"", ""2161506a0bac3a9a545d"", ""ff20585f06448bdc65ef""]",54600,True,ABSTAINED,False,False,False,0
v4_final_bar_random_14,bar_random,6,B4,,"[""cc7e7cb6d6f5105f98b1"", ""1e606ece1955d7019339"", ""81697ccaefef0d4892bb"", ""ab6d04384d4180cd8143"", ""2161506a0bac3a9a545d"", ""ff20585f06448bdc65ef""]",54600,True,ABSTAINED,False,False,False,0
v4_final_bar_random_14,bar_random,6,B4_normal,,"[""cc7e7cb6d6f5105f98b1"", ""1e606ece1955d7019339"", ""81697ccaefef0d4892bb"", ""ab6d04384d4180cd8143"", ""2161506a0bac3a9a545d"", ""ff20585f06448bdc65ef""]",54600,True,ABSTAINED,False,False,False,0
v4_final_bar_random_14,bar_random,6,B5,,"[""cc7e7cb6d6f5105f98b1"", ""1e606ece1955d7019339"", ""81697ccaefef0d4892bb"", ""ab6d04384d4180cd8143"", ""2161506a0bac3a9a545d"", ""ff20585f06448bdc65ef""]",54600,True,ABSTAINED,False,False,False,0
v4_final_bar_random_15,bar_random,1,B0,,"[""190ee42e0e43fe90c407""]",9100,True,ABSTAINED,False,False,False,0
v4_final_bar_random_15,bar_random,1,B1,,"[""190ee42e0e43fe90c407""]",9100,True,ABSTAINED,False,False,False,0
v4_final_bar_random_15,bar_random,1,B2,,"[""190ee42e0e43fe90c407""]",9100,True,ABSTAINED,False,False,False,0
v4_final_bar_random_15,bar_random,1,B3,,"[""190ee42e0e43fe90c407""]",9100,True,ABSTAINED,False,False,False,0
v4_final_bar_random_15,bar_random,1,B4,,"[""190ee42e0e43fe90c407""]",9100,True,ABSTAINED,False,False,False,0
v4_final_bar_random_15,bar_random,1,B4_normal,,"[""190ee42e0e43fe90c407""]",9100,True,ABSTAINED,False,False,False,0
v4_final_bar_random_15,bar_random,1,B5,,"[""190ee42e0e43fe90c407""]",9100,True,ABSTAINED,False,False,False,0
v4_final_bar_random_15,bar_random,3,B0,,"[""190ee42e0e43fe90c407"", ""39e94189a10d15816754"", ""a1870bf888b7e6948596""]",27300,True,ABSTAINED,False,False,False,0
v4_final_bar_random_15,bar_random,3,B1,,"[""190ee42e0e43fe90c407"", ""39e94189a10d15816754"", ""a1870bf888b7e6948596""]",27300,True,ABSTAINED,False,False,False,0
v4_final_bar_random_15,bar_random,3,B2,,"[""190ee42e0e43fe90c407"", ""39e94189a10d15816754"", ""a1870bf888b7e6948596""]",27300,True,ABSTAINED,False,False,False,0
v4_final_bar_random_15,bar_random,3,B3,,"[""190ee42e0e43fe90c407"", ""39e94189a10d15816754"", ""a1870bf888b7e6948596""]",27300,True,ABSTAINED,False,False,False,0
v4_final_bar_random_15,bar_random,3,B4,,"[""190ee42e0e43fe90c407"", ""39e94189a10d15816754"", ""a1870bf888b7e6948596""]",27300,True,ABSTAINED,False,False,False,0
v4_final_bar_random_15,bar_random,3,B4_normal,,"[""190ee42e0e43fe90c407"", ""39e94189a10d15816754"", ""a1870bf888b7e6948596""]",27300,True,ABSTAINED,False,False,False,0
v4_final_bar_random_15,bar_random,3,B5,,"[""190ee42e0e43fe90c407"", ""39e94189a10d15816754"", ""a1870bf888b7e6948596""]",27300,True,ABSTAINED,False,False,False,0
v4_final_bar_random_15,bar_random,6,B0,,"[""190ee42e0e43fe90c407"", ""39e94189a10d15816754"", ""a1870bf888b7e6948596"", ""e2152e1a04f52a724d64"", ""da3bb9b054e61eab90af"", ""99b9a944e91960a7662d""]",54600,True,ABSTAINED,False,False,False,0
v4_final_bar_random_15,bar_random,6,B1,,"[""190ee42e0e43fe90c407"", ""39e94189a10d15816754"", ""a1870bf888b7e6948596"", ""e2152e1a04f52a724d64"", ""da3bb9b054e61eab90af"", ""99b9a944e91960a7662d""]",54600,True,ABSTAINED,False,False,False,0
v4_final_bar_random_15,bar_random,6,B2,,"[""190ee42e0e43fe90c407"", ""39e94189a10d15816754"", ""a1870bf888b7e6948596"", ""e2152e1a04f52a724d64"", ""da3bb9b054e61eab90af"", ""99b9a944e91960a7662d""]",54600,True,ABSTAINED,False,False,False,0
v4_final_bar_random_15,bar_random,6,B3,,"[""190ee42e0e43fe90c407"", ""39e94189a10d15816754"", ""a1870bf888b7e6948596"", ""e2152e1a04f52a724d64"", ""da3bb9b054e61eab90af"", ""99b9a944e91960a7662d""]",54600,True,ABSTAINED,False,False,False,0
v4_final_bar_random_15,bar_random,6,B4,,"[""190ee42e0e43fe90c407"", ""39e94189a10d15816754"", ""a1870bf888b7e6948596"", ""e2152e1a04f52a724d64"", ""da3bb9b054e61eab90af"", ""99b9a944e91960a7662d""]",54600,True,ABSTAINED,False,False,False,0
v4_final_bar_random_15,bar_random,6,B4_normal,,"[""190ee42e0e43fe90c407"", ""39e94189a10d15816754"", ""a1870bf888b7e6948596"", ""e2152e1a04f52a724d64"", ""da3bb9b054e61eab90af"", ""99b9a944e91960a7662d""]",54600,True,ABSTAINED,False,False,False,0
v4_final_bar_random_15,bar_random,6,B5,,"[""190ee42e0e43fe90c407"", ""39e94189a10d15816754"", ""a1870bf888b7e6948596"", ""e2152e1a04f52a724d64"", ""da3bb9b054e61eab90af"", ""99b9a944e91960a7662d""]",54600,True,ABSTAINED,False,False,False,0
v4_final_bar_random_16,bar_random,1,B0,,"[""aabe87a756c160064924""]",9100,True,ABSTAINED,False,False,False,0
v4_final_bar_random_16,bar_random,1,B1,,"[""aabe87a756c160064924""]",9100,True,ABSTAINED,False,False,False,0
v4_final_bar_random_16,bar_random,1,B2,,"[""aabe87a756c160064924""]",9100,True,ABSTAINED,False,False,False,0
v4_final_bar_random_16,bar_random,1,B3,,"[""aabe87a756c160064924""]",9100,True,ABSTAINED,False,False,False,0
v4_final_bar_random_16,bar_random,1,B4,,"[""aabe87a756c160064924""]",9100,True,ABSTAINED,False,False,False,0
v4_final_bar_random_16,bar_random,1,B4_normal,,"[""aabe87a756c160064924""]",9100,True,ABSTAINED,False,False,False,0
v4_final_bar_random_16,bar_random,1,B5,,"[""aabe87a756c160064924""]",9100,True,ABSTAINED,False,False,False,0
v4_final_bar_random_16,bar_random,3,B0,,"[""aabe87a756c160064924"", ""9afc18055bffdc31e9e7"", ""7029c4ba7e3cc29cff9f""]",27300,True,ABSTAINED,False,False,False,0
v4_final_bar_random_16,bar_random,3,B1,,"[""aabe87a756c160064924"", ""9afc18055bffdc31e9e7"", ""7029c4ba7e3cc29cff9f""]",27300,True,ABSTAINED,False,False,False,0
v4_final_bar_random_16,bar_random,3,B2,,"[""aabe87a756c160064924"", ""9afc18055bffdc31e9e7"", ""7029c4ba7e3cc29cff9f""]",27300,True,ABSTAINED,False,False,False,0
v4_final_bar_random_16,bar_random,3,B3,,"[""aabe87a756c160064924"", ""9afc18055bffdc31e9e7"", ""7029c4ba7e3cc29cff9f""]",27300,True,ABSTAINED,False,False,False,0
v4_final_bar_random_16,bar_random,3,B4,,"[""aabe87a756c160064924"", ""9afc18055bffdc31e9e7"", ""7029c4ba7e3cc29cff9f""]",27300,True,ABSTAINED,False,False,False,0
v4_final_bar_random_16,bar_random,3,B4_normal,,"[""aabe87a756c160064924"", ""9afc18055bffdc31e9e7"", ""7029c4ba7e3cc29cff9f""]",27300,True,ABSTAINED,False,False,False,0
v4_final_bar_random_16,bar_random,3,B5,,"[""aabe87a756c160064924"", ""9afc18055bffdc31e9e7"", ""7029c4ba7e3cc29cff9f""]",27300,True,ABSTAINED,False,False,False,0
v4_final_bar_random_16,bar_random,6,B0,,"[""aabe87a756c160064924"", ""9afc18055bffdc31e9e7"", ""7029c4ba7e3cc29cff9f"", ""c8236ab97c8aeb9269a6"", ""6f68b660ff0b53b29a72"", ""8276b2e0a206cf1b0090""]",56927,True,ABSTAINED,False,False,False,0
v4_final_bar_random_16,bar_random,6,B1,,"[""aabe87a756c160064924"", ""9afc18055bffdc31e9e7"", ""7029c4ba7e3cc29cff9f"", ""c8236ab97c8aeb9269a6"", ""6f68b660ff0b53b29a72"", ""8276b2e0a206cf1b0090""]",56927,True,ABSTAINED,False,False,False,0
v4_final_bar_random_16,bar_random,6,B2,,"[""aabe87a756c160064924"", ""9afc18055bffdc31e9e7"", ""7029c4ba7e3cc29cff9f"", ""c8236ab97c8aeb9269a6"", ""6f68b660ff0b53b29a72"", ""8276b2e0a206cf1b0090""]",56927,True,ABSTAINED,False,False,False,0
v4_final_bar_random_16,bar_random,6,B3,,"[""aabe87a756c160064924"", ""9afc18055bffdc31e9e7"", ""7029c4ba7e3cc29cff9f"", ""c8236ab97c8aeb9269a6"", ""6f68b660ff0b53b29a72"", ""8276b2e0a206cf1b0090""]",56927,True,ABSTAINED,False,False,False,0
v4_final_bar_random_16,bar_random,6,B4,,"[""aabe87a756c160064924"", ""9afc18055bffdc31e9e7"", ""7029c4ba7e3cc29cff9f"", ""c8236ab97c8aeb9269a6"", ""6f68b660ff0b53b29a72"", ""8276b2e0a206cf1b0090""]",56927,True,ABSTAINED,False,False,False,0
v4_final_bar_random_16,bar_random,6,B4_normal,,"[""aabe87a756c160064924"", ""9afc18055bffdc31e9e7"", ""7029c4ba7e3cc29cff9f"", ""c8236ab97c8aeb9269a6"", ""6f68b660ff0b53b29a72"", ""8276b2e0a206cf1b0090""]",56927,True,ABSTAINED,False,False,False,0
v4_final_bar_random_16,bar_random,6,B5,,"[""aabe87a756c160064924"", ""9afc18055bffdc31e9e7"", ""7029c4ba7e3cc29cff9f"", ""c8236ab97c8aeb9269a6"", ""6f68b660ff0b53b29a72"", ""8276b2e0a206cf1b0090""]",56927,True,ABSTAINED,False,False,False,0
v4_final_bar_random_17,bar_random,1,B0,,"[""d62584e24cc7bbf473bf""]",9100,True,ABSTAINED,False,False,False,0
v4_final_bar_random_17,bar_random,1,B1,,"[""d62584e24cc7bbf473bf""]",9100,True,ABSTAINED,False,False,False,0
v4_final_bar_random_17,bar_random,1,B2,,"[""d62584e24cc7bbf473bf""]",9100,True,ABSTAINED,False,False,False,0
v4_final_bar_random_17,bar_random,1,B3,,"[""d62584e24cc7bbf473bf""]",9100,True,ABSTAINED,False,False,False,0
v4_final_bar_random_17,bar_random,1,B4,,"[""d62584e24cc7bbf473bf""]",9100,True,ABSTAINED,False,False,False,0
v4_final_bar_random_17,bar_random,1,B4_normal,,"[""d62584e24cc7bbf473bf""]",9100,True,ABSTAINED,False,False,False,0
v4_final_bar_random_17,bar_random,1,B5,,"[""d62584e24cc7bbf473bf""]",9100,True,ABSTAINED,False,False,False,0
v4_final_bar_random_17,bar_random,3,B0,8f0082dcd303f67eaed7,"[""d62584e24cc7bbf473bf"", ""a8c23f4e413b7a5af402"", ""8f0082dcd303f67eaed7""]",27300,False,VALID,False,False,False,0
v4_final_bar_random_17,bar_random,3,B1,8f0082dcd303f67eaed7,"[""d62584e24cc7bbf473bf"", ""a8c23f4e413b7a5af402"", ""8f0082dcd303f67eaed7""]",27300,False,VALID,False,False,False,0
v4_final_bar_random_17,bar_random,3,B2,,"[""d62584e24cc7bbf473bf"", ""a8c23f4e413b7a5af402"", ""8f0082dcd303f67eaed7""]",27300,True,ABSTAINED,False,False,False,0
v4_final_bar_random_17,bar_random,3,B3,,"[""d62584e24cc7bbf473bf"", ""a8c23f4e413b7a5af402"", ""8f0082dcd303f67eaed7""]",27300,True,ABSTAINED,False,False,False,0
v4_final_bar_random_17,bar_random,3,B4,,"[""d62584e24cc7bbf473bf"", ""a8c23f4e413b7a5af402"", ""8f0082dcd303f67eaed7""]",27300,True,ABSTAINED,False,False,False,0
v4_final_bar_random_17,bar_random,3,B4_normal,,"[""d62584e24cc7bbf473bf"", ""a8c23f4e413b7a5af402"", ""8f0082dcd303f67eaed7""]",27300,True,ABSTAINED,False,False,False,0
v4_final_bar_random_17,bar_random,3,B5,,"[""d62584e24cc7bbf473bf"", ""a8c23f4e413b7a5af402"", ""8f0082dcd303f67eaed7""]",27300,True,ABSTAINED,False,False,False,0
v4_final_bar_random_17,bar_random,6,B0,8f0082dcd303f67eaed7,"[""d62584e24cc7bbf473bf"", ""a8c23f4e413b7a5af402"", ""8f0082dcd303f67eaed7"", ""343a198bc26630d631a8"", ""8050e1052836c9df48f9"", ""9d967f700b9422a5be4f""]",56927,False,VALID,False,False,False,0
v4_final_bar_random_17,bar_random,6,B1,8f0082dcd303f67eaed7,"[""d62584e24cc7bbf473bf"", ""a8c23f4e413b7a5af402"", ""8f0082dcd303f67eaed7"", ""343a198bc26630d631a8"", ""8050e1052836c9df48f9"", ""9d967f700b9422a5be4f""]",56927,False,VALID,False,False,False,0
v4_final_bar_random_17,bar_random,6,B2,,"[""d62584e24cc7bbf473bf"", ""a8c23f4e413b7a5af402"", ""8f0082dcd303f67eaed7"", ""343a198bc26630d631a8"", ""8050e1052836c9df48f9"", ""9d967f700b9422a5be4f""]",56927,True,ABSTAINED,False,False,False,0
v4_final_bar_random_17,bar_random,6,B3,,"[""d62584e24cc7bbf473bf"", ""a8c23f4e413b7a5af402"", ""8f0082dcd303f67eaed7"", ""343a198bc26630d631a8"", ""8050e1052836c9df48f9"", ""9d967f700b9422a5be4f""]",56927,True,ABSTAINED,False,False,False,0
v4_final_bar_random_17,bar_random,6,B4,,"[""d62584e24cc7bbf473bf"", ""a8c23f4e413b7a5af402"", ""8f0082dcd303f67eaed7"", ""343a198bc26630d631a8"", ""8050e1052836c9df48f9"", ""9d967f700b9422a5be4f""]",56927,True,ABSTAINED,False,False,False,0
v4_final_bar_random_17,bar_random,6,B4_normal,,"[""d62584e24cc7bbf473bf"", ""a8c23f4e413b7a5af402"", ""8f0082dcd303f67eaed7"", ""343a198bc26630d631a8"", ""8050e1052836c9df48f9"", ""9d967f700b9422a5be4f""]",56927,True,ABSTAINED,False,False,False,0
v4_final_bar_random_17,bar_random,6,B5,,"[""d62584e24cc7bbf473bf"", ""a8c23f4e413b7a5af402"", ""8f0082dcd303f67eaed7"", ""343a198bc26630d631a8"", ""8050e1052836c9df48f9"", ""9d967f700b9422a5be4f""]",56927,True,ABSTAINED,False,False,False,0
v4_final_bar_random_18,bar_random,1,B0,,"[""ceca1d5d9d70938260bd""]",9100,True,ABSTAINED,False,False,False,0
v4_final_bar_random_18,bar_random,1,B1,,"[""ceca1d5d9d70938260bd""]",9100,True,ABSTAINED,False,False,False,0
v4_final_bar_random_18,bar_random,1,B2,,"[""ceca1d5d9d70938260bd""]",9100,True,ABSTAINED,False,False,False,0
v4_final_bar_random_18,bar_random,1,B3,,"[""ceca1d5d9d70938260bd""]",9100,True,ABSTAINED,False,False,False,0
v4_final_bar_random_18,bar_random,1,B4,,"[""ceca1d5d9d70938260bd""]",9100,True,ABSTAINED,False,False,False,0
v4_final_bar_random_18,bar_random,1,B4_normal,,"[""ceca1d5d9d70938260bd""]",9100,True,ABSTAINED,False,False,False,0
v4_final_bar_random_18,bar_random,1,B5,,"[""ceca1d5d9d70938260bd""]",9100,True,ABSTAINED,False,False,False,0
v4_final_bar_random_18,bar_random,3,B0,,"[""ceca1d5d9d70938260bd"", ""dbc3d68dc0a150ff43d6"", ""1f137d61702e288a847c""]",27300,True,ABSTAINED,False,False,False,0
v4_final_bar_random_18,bar_random,3,B1,,"[""ceca1d5d9d70938260bd"", ""dbc3d68dc0a150ff43d6"", ""1f137d61702e288a847c""]",27300,True,ABSTAINED,False,False,False,0
v4_final_bar_random_18,bar_random,3,B2,,"[""ceca1d5d9d70938260bd"", ""dbc3d68dc0a150ff43d6"", ""1f137d61702e288a847c""]",27300,True,ABSTAINED,False,False,False,0
v4_final_bar_random_18,bar_random,3,B3,,"[""ceca1d5d9d70938260bd"", ""dbc3d68dc0a150ff43d6"", ""1f137d61702e288a847c""]",27300,True,ABSTAINED,False,False,False,0
v4_final_bar_random_18,bar_random,3,B4,,"[""ceca1d5d9d70938260bd"", ""dbc3d68dc0a150ff43d6"", ""1f137d61702e288a847c""]",27300,True,ABSTAINED,False,False,False,0
v4_final_bar_random_18,bar_random,3,B4_normal,,"[""ceca1d5d9d70938260bd"", ""dbc3d68dc0a150ff43d6"", ""1f137d61702e288a847c""]",27300,True,ABSTAINED,False,False,False,0
v4_final_bar_random_18,bar_random,3,B5,,"[""ceca1d5d9d70938260bd"", ""dbc3d68dc0a150ff43d6"", ""1f137d61702e288a847c""]",27300,True,ABSTAINED,False,False,False,0
v4_final_bar_random_18,bar_random,6,B0,,"[""ceca1d5d9d70938260bd"", ""dbc3d68dc0a150ff43d6"", ""1f137d61702e288a847c"", ""35de2b032bdd42870e97"", ""ee1ad396cf99de5b41c3"", ""31523764241a13ca4025""]",57113,True,ABSTAINED,False,False,False,0
v4_final_bar_random_18,bar_random,6,B1,,"[""ceca1d5d9d70938260bd"", ""dbc3d68dc0a150ff43d6"", ""1f137d61702e288a847c"", ""35de2b032bdd42870e97"", ""ee1ad396cf99de5b41c3"", ""31523764241a13ca4025""]",57113,True,ABSTAINED,False,False,False,0
v4_final_bar_random_18,bar_random,6,B2,,"[""ceca1d5d9d70938260bd"", ""dbc3d68dc0a150ff43d6"", ""1f137d61702e288a847c"", ""35de2b032bdd42870e97"", ""ee1ad396cf99de5b41c3"", ""31523764241a13ca4025""]",57113,True,ABSTAINED,False,False,False,0
v4_final_bar_random_18,bar_random,6,B3,,"[""ceca1d5d9d70938260bd"", ""dbc3d68dc0a150ff43d6"", ""1f137d61702e288a847c"", ""35de2b032bdd42870e97"", ""ee1ad396cf99de5b41c3"", ""31523764241a13ca4025""]",57113,True,ABSTAINED,False,False,False,0
v4_final_bar_random_18,bar_random,6,B4,,"[""ceca1d5d9d70938260bd"", ""dbc3d68dc0a150ff43d6"", ""1f137d61702e288a847c"", ""35de2b032bdd42870e97"", ""ee1ad396cf99de5b41c3"", ""31523764241a13ca4025""]",57113,True,ABSTAINED,False,False,False,0
v4_final_bar_random_18,bar_random,6,B4_normal,,"[""ceca1d5d9d70938260bd"", ""dbc3d68dc0a150ff43d6"", ""1f137d61702e288a847c"", ""35de2b032bdd42870e97"", ""ee1ad396cf99de5b41c3"", ""31523764241a13ca4025""]",57113,True,ABSTAINED,False,False,False,0
v4_final_bar_random_18,bar_random,6,B5,,"[""ceca1d5d9d70938260bd"", ""dbc3d68dc0a150ff43d6"", ""1f137d61702e288a847c"", ""35de2b032bdd42870e97"", ""ee1ad396cf99de5b41c3"", ""31523764241a13ca4025""]",57113,True,ABSTAINED,False,False,False,0
v4_final_bar_random_19,bar_random,1,B0,,"[""083ced56d4980c857b51""]",9100,True,ABSTAINED,False,False,False,0
v4_final_bar_random_19,bar_random,1,B1,,"[""083ced56d4980c857b51""]",9100,True,ABSTAINED,False,False,False,0
v4_final_bar_random_19,bar_random,1,B2,,"[""083ced56d4980c857b51""]",9100,True,ABSTAINED,False,False,False,0
v4_final_bar_random_19,bar_random,1,B3,,"[""083ced56d4980c857b51""]",9100,True,ABSTAINED,False,False,False,0
v4_final_bar_random_19,bar_random,1,B4,,"[""083ced56d4980c857b51""]",9100,True,ABSTAINED,False,False,False,0
v4_final_bar_random_19,bar_random,1,B4_normal,,"[""083ced56d4980c857b51""]",9100,True,ABSTAINED,False,False,False,0
v4_final_bar_random_19,bar_random,1,B5,,"[""083ced56d4980c857b51""]",9100,True,ABSTAINED,False,False,False,0
v4_final_bar_random_19,bar_random,3,B0,4ce33c3c01b0d7bc7b0b,"[""083ced56d4980c857b51"", ""4ce33c3c01b0d7bc7b0b"", ""ae4ec12b119bb7f8dbe2""]",27300,False,VALID,False,False,False,0
v4_final_bar_random_19,bar_random,3,B1,4ce33c3c01b0d7bc7b0b,"[""083ced56d4980c857b51"", ""4ce33c3c01b0d7bc7b0b"", ""ae4ec12b119bb7f8dbe2""]",27300,False,VALID,False,False,False,0
v4_final_bar_random_19,bar_random,3,B2,,"[""083ced56d4980c857b51"", ""4ce33c3c01b0d7bc7b0b"", ""ae4ec12b119bb7f8dbe2""]",27300,True,ABSTAINED,False,False,False,0
v4_final_bar_random_19,bar_random,3,B3,,"[""083ced56d4980c857b51"", ""4ce33c3c01b0d7bc7b0b"", ""ae4ec12b119bb7f8dbe2""]",27300,True,ABSTAINED,False,False,False,0
v4_final_bar_random_19,bar_random,3,B4,,"[""083ced56d4980c857b51"", ""4ce33c3c01b0d7bc7b0b"", ""ae4ec12b119bb7f8dbe2""]",27300,True,ABSTAINED,False,False,False,0
v4_final_bar_random_19,bar_random,3,B4_normal,,"[""083ced56d4980c857b51"", ""4ce33c3c01b0d7bc7b0b"", ""ae4ec12b119bb7f8dbe2""]",27300,True,ABSTAINED,False,False,False,0
v4_final_bar_random_19,bar_random,3,B5,,"[""083ced56d4980c857b51"", ""4ce33c3c01b0d7bc7b0b"", ""ae4ec12b119bb7f8dbe2""]",27300,True,ABSTAINED,False,False,False,0
v4_final_bar_random_19,bar_random,6,B0,4ce33c3c01b0d7bc7b0b,"[""083ced56d4980c857b51"", ""4ce33c3c01b0d7bc7b0b"", ""ae4ec12b119bb7f8dbe2"", ""93478cbc4c2a734e7d98"", ""cc8f5ea2814893fff55a"", ""abb9845d5cb7dd937169""]",54810,False,VALID,False,False,False,0
v4_final_bar_random_19,bar_random,6,B1,4ce33c3c01b0d7bc7b0b,"[""083ced56d4980c857b51"", ""4ce33c3c01b0d7bc7b0b"", ""ae4ec12b119bb7f8dbe2"", ""93478cbc4c2a734e7d98"", ""cc8f5ea2814893fff55a"", ""abb9845d5cb7dd937169""]",54810,False,VALID,False,False,False,0
v4_final_bar_random_19,bar_random,6,B2,,"[""083ced56d4980c857b51"", ""4ce33c3c01b0d7bc7b0b"", ""ae4ec12b119bb7f8dbe2"", ""93478cbc4c2a734e7d98"", ""cc8f5ea2814893fff55a"", ""abb9845d5cb7dd937169""]",54810,True,ABSTAINED,False,False,False,0
v4_final_bar_random_19,bar_random,6,B3,,"[""083ced56d4980c857b51"", ""4ce33c3c01b0d7bc7b0b"", ""ae4ec12b119bb7f8dbe2"", ""93478cbc4c2a734e7d98"", ""cc8f5ea2814893fff55a"", ""abb9845d5cb7dd937169""]",54810,True,ABSTAINED,False,False,False,0
v4_final_bar_random_19,bar_random,6,B4,,"[""083ced56d4980c857b51"", ""4ce33c3c01b0d7bc7b0b"", ""ae4ec12b119bb7f8dbe2"", ""93478cbc4c2a734e7d98"", ""cc8f5ea2814893fff55a"", ""abb9845d5cb7dd937169""]",54810,True,ABSTAINED,False,False,False,0
v4_final_bar_random_19,bar_random,6,B4_normal,,"[""083ced56d4980c857b51"", ""4ce33c3c01b0d7bc7b0b"", ""ae4ec12b119bb7f8dbe2"", ""93478cbc4c2a734e7d98"", ""cc8f5ea2814893fff55a"", ""abb9845d5cb7dd937169""]",54810,True,ABSTAINED,False,False,False,0
v4_final_bar_random_19,bar_random,6,B5,,"[""083ced56d4980c857b51"", ""4ce33c3c01b0d7bc7b0b"", ""ae4ec12b119bb7f8dbe2"", ""93478cbc4c2a734e7d98"", ""cc8f5ea2814893fff55a"", ""abb9845d5cb7dd937169""]",54810,True,ABSTAINED,False,False,False,0
v4_final_capsule_random_00,capsule_random,1,B0,,"[""80590442b2a33738ca12""]",9100,True,ABSTAINED,False,False,False,0
v4_final_capsule_random_00,capsule_random,1,B1,,"[""80590442b2a33738ca12""]",9100,True,ABSTAINED,False,False,False,0
v4_final_capsule_random_00,capsule_random,1,B2,,"[""80590442b2a33738ca12""]",9100,True,ABSTAINED,False,False,False,0
v4_final_capsule_random_00,capsule_random,1,B3,,"[""80590442b2a33738ca12""]",9100,True,ABSTAINED,False,False,False,0
v4_final_capsule_random_00,capsule_random,1,B4,,"[""80590442b2a33738ca12""]",9100,True,ABSTAINED,False,False,False,0
v4_final_capsule_random_00,capsule_random,1,B4_normal,,"[""80590442b2a33738ca12""]",9100,True,ABSTAINED,False,False,False,0
v4_final_capsule_random_00,capsule_random,1,B5,,"[""80590442b2a33738ca12""]",9100,True,ABSTAINED,False,False,False,0
v4_final_capsule_random_00,capsule_random,3,B0,,"[""80590442b2a33738ca12"", ""199c3742e33c6c2af307"", ""4b30e8d8b7781261b833""]",27300,True,ABSTAINED,False,False,True,1
v4_final_capsule_random_00,capsule_random,3,B1,,"[""80590442b2a33738ca12"", ""199c3742e33c6c2af307"", ""4b30e8d8b7781261b833""]",27300,True,ABSTAINED,False,False,True,1
v4_final_capsule_random_00,capsule_random,3,B2,,"[""80590442b2a33738ca12"", ""199c3742e33c6c2af307"", ""4b30e8d8b7781261b833""]",27300,True,ABSTAINED,False,False,True,1
v4_final_capsule_random_00,capsule_random,3,B3,,"[""80590442b2a33738ca12"", ""199c3742e33c6c2af307"", ""4b30e8d8b7781261b833""]",27300,True,ABSTAINED,False,False,True,1
v4_final_capsule_random_00,capsule_random,3,B4,,"[""80590442b2a33738ca12"", ""199c3742e33c6c2af307"", ""4b30e8d8b7781261b833""]",27300,True,ABSTAINED,False,False,True,1
v4_final_capsule_random_00,capsule_random,3,B4_normal,,"[""80590442b2a33738ca12"", ""199c3742e33c6c2af307"", ""4b30e8d8b7781261b833""]",27300,True,ABSTAINED,False,False,True,1
v4_final_capsule_random_00,capsule_random,3,B5,,"[""80590442b2a33738ca12"", ""199c3742e33c6c2af307"", ""4b30e8d8b7781261b833""]",27300,True,ABSTAINED,False,False,True,1
v4_final_capsule_random_00,capsule_random,6,B0,,"[""80590442b2a33738ca12"", ""199c3742e33c6c2af307"", ""4b30e8d8b7781261b833"", ""a86e4a2cf54aa94559df"", ""2ccc931c6180f9331fff"", ""f372b7ab2f1515433140""]",54600,True,ABSTAINED,False,False,True,1
v4_final_capsule_random_00,capsule_random,6,B1,,"[""80590442b2a33738ca12"", ""199c3742e33c6c2af307"", ""4b30e8d8b7781261b833"", ""a86e4a2cf54aa94559df"", ""2ccc931c6180f9331fff"", ""f372b7ab2f1515433140""]",54600,True,ABSTAINED,False,False,True,1
v4_final_capsule_random_00,capsule_random,6,B2,,"[""80590442b2a33738ca12"", ""199c3742e33c6c2af307"", ""4b30e8d8b7781261b833"", ""a86e4a2cf54aa94559df"", ""2ccc931c6180f9331fff"", ""f372b7ab2f1515433140""]",54600,True,ABSTAINED,False,False,True,1
v4_final_capsule_random_00,capsule_random,6,B3,,"[""80590442b2a33738ca12"", ""199c3742e33c6c2af307"", ""4b30e8d8b7781261b833"", ""a86e4a2cf54aa94559df"", ""2ccc931c6180f9331fff"", ""f372b7ab2f1515433140""]",54600,True,ABSTAINED,False,False,True,1
v4_final_capsule_random_00,capsule_random,6,B4,,"[""80590442b2a33738ca12"", ""199c3742e33c6c2af307"", ""4b30e8d8b7781261b833"", ""a86e4a2cf54aa94559df"", ""2ccc931c6180f9331fff"", ""f372b7ab2f1515433140""]",54600,True,ABSTAINED,False,False,True,1
v4_final_capsule_random_00,capsule_random,6,B4_normal,,"[""80590442b2a33738ca12"", ""199c3742e33c6c2af307"", ""4b30e8d8b7781261b833"", ""a86e4a2cf54aa94559df"", ""2ccc931c6180f9331fff"", ""f372b7ab2f1515433140""]",54600,True,ABSTAINED,False,False,True,1
v4_final_capsule_random_00,capsule_random,6,B5,,"[""80590442b2a33738ca12"", ""199c3742e33c6c2af307"", ""4b30e8d8b7781261b833"", ""a86e4a2cf54aa94559df"", ""2ccc931c6180f9331fff"", ""f372b7ab2f1515433140""]",54600,True,ABSTAINED,False,False,True,1
v4_final_capsule_random_01,capsule_random,1,B0,,"[""b7c00543338fad81f136""]",9630,True,ABSTAINED,False,False,False,0
v4_final_capsule_random_01,capsule_random,1,B1,,"[""b7c00543338fad81f136""]",9630,True,ABSTAINED,False,False,False,0
v4_final_capsule_random_01,capsule_random,1,B2,,"[""b7c00543338fad81f136""]",9630,True,ABSTAINED,False,False,False,0
v4_final_capsule_random_01,capsule_random,1,B3,,"[""b7c00543338fad81f136""]",9630,True,ABSTAINED,False,False,False,0
v4_final_capsule_random_01,capsule_random,1,B4,,"[""b7c00543338fad81f136""]",9630,True,ABSTAINED,False,False,False,0
v4_final_capsule_random_01,capsule_random,1,B4_normal,,"[""b7c00543338fad81f136""]",9630,True,ABSTAINED,False,False,False,0
v4_final_capsule_random_01,capsule_random,1,B5,,"[""b7c00543338fad81f136""]",9630,True,ABSTAINED,False,False,False,0
v4_final_capsule_random_01,capsule_random,3,B0,,"[""b7c00543338fad81f136"", ""87424becb3e33e24d75c"", ""959a40ef33ff2932f8da""]",28700,True,ABSTAINED,False,False,False,0
v4_final_capsule_random_01,capsule_random,3,B1,,"[""b7c00543338fad81f136"", ""87424becb3e33e24d75c"", ""959a40ef33ff2932f8da""]",28700,True,ABSTAINED,False,False,False,0
v4_final_capsule_random_01,capsule_random,3,B2,,"[""b7c00543338fad81f136"", ""87424becb3e33e24d75c"", ""959a40ef33ff2932f8da""]",28700,True,ABSTAINED,False,False,False,0
v4_final_capsule_random_01,capsule_random,3,B3,,"[""b7c00543338fad81f136"", ""87424becb3e33e24d75c"", ""959a40ef33ff2932f8da""]",28700,True,ABSTAINED,False,False,False,0
v4_final_capsule_random_01,capsule_random,3,B4,,"[""b7c00543338fad81f136"", ""87424becb3e33e24d75c"", ""959a40ef33ff2932f8da""]",28700,True,ABSTAINED,False,False,False,0
v4_final_capsule_random_01,capsule_random,3,B4_normal,,"[""b7c00543338fad81f136"", ""87424becb3e33e24d75c"", ""959a40ef33ff2932f8da""]",28700,True,ABSTAINED,False,False,False,0
v4_final_capsule_random_01,capsule_random,3,B5,,"[""b7c00543338fad81f136"", ""87424becb3e33e24d75c"", ""959a40ef33ff2932f8da""]",28700,True,ABSTAINED,False,False,False,0
v4_final_capsule_random_01,capsule_random,6,B0,,"[""b7c00543338fad81f136"", ""87424becb3e33e24d75c"", ""959a40ef33ff2932f8da"", ""751462eecfcda201008f"", ""9e8d33b5233d91ba7e96"", ""2c302c58eab462eb20cc""]",56870,True,ABSTAINED,False,False,False,0
v4_final_capsule_random_01,capsule_random,6,B1,,"[""b7c00543338fad81f136"", ""87424becb3e33e24d75c"", ""959a40ef33ff2932f8da"", ""751462eecfcda201008f"", ""9e8d33b5233d91ba7e96"", ""2c302c58eab462eb20cc""]",56870,True,ABSTAINED,False,False,False,0
v4_final_capsule_random_01,capsule_random,6,B2,,"[""b7c00543338fad81f136"", ""87424becb3e33e24d75c"", ""959a40ef33ff2932f8da"", ""751462eecfcda201008f"", ""9e8d33b5233d91ba7e96"", ""2c302c58eab462eb20cc""]",56870,True,ABSTAINED,False,False,False,0
v4_final_capsule_random_01,capsule_random,6,B3,,"[""b7c00543338fad81f136"", ""87424becb3e33e24d75c"", ""959a40ef33ff2932f8da"", ""751462eecfcda201008f"", ""9e8d33b5233d91ba7e96"", ""2c302c58eab462eb20cc""]",56870,True,ABSTAINED,False,False,False,0
v4_final_capsule_random_01,capsule_random,6,B4,,"[""b7c00543338fad81f136"", ""87424becb3e33e24d75c"", ""959a40ef33ff2932f8da"", ""751462eecfcda201008f"", ""9e8d33b5233d91ba7e96"", ""2c302c58eab462eb20cc""]",56870,True,ABSTAINED,False,False,False,0
v4_final_capsule_random_01,capsule_random,6,B4_normal,,"[""b7c00543338fad81f136"", ""87424becb3e33e24d75c"", ""959a40ef33ff2932f8da"", ""751462eecfcda201008f"", ""9e8d33b5233d91ba7e96"", ""2c302c58eab462eb20cc""]",56870,True,ABSTAINED,False,False,False,0
v4_final_capsule_random_01,capsule_random,6,B5,,"[""b7c00543338fad81f136"", ""87424becb3e33e24d75c"", ""959a40ef33ff2932f8da"", ""751462eecfcda201008f"", ""9e8d33b5233d91ba7e96"", ""2c302c58eab462eb20cc""]",56870,True,ABSTAINED,False,False,False,0
v4_final_capsule_random_02,capsule_random,1,B0,,"[""2857a8b32da6cc7a0725""]",9100,True,ABSTAINED,False,False,False,0
v4_final_capsule_random_02,capsule_random,1,B1,,"[""2857a8b32da6cc7a0725""]",9100,True,ABSTAINED,False,False,False,0
v4_final_capsule_random_02,capsule_random,1,B2,,"[""2857a8b32da6cc7a0725""]",9100,True,ABSTAINED,False,False,False,0
v4_final_capsule_random_02,capsule_random,1,B3,,"[""2857a8b32da6cc7a0725""]",9100,True,ABSTAINED,False,False,False,0
v4_final_capsule_random_02,capsule_random,1,B4,,"[""2857a8b32da6cc7a0725""]",9100,True,ABSTAINED,False,False,False,0
v4_final_capsule_random_02,capsule_random,1,B4_normal,,"[""2857a8b32da6cc7a0725""]",9100,True,ABSTAINED,False,False,False,0
v4_final_capsule_random_02,capsule_random,1,B5,,"[""2857a8b32da6cc7a0725""]",9100,True,ABSTAINED,False,False,False,0
v4_final_capsule_random_02,capsule_random,3,B0,,"[""2857a8b32da6cc7a0725"", ""a60e9c0f6186ccf92ce6"", ""d1444fc0e46687e528f9""]",27300,True,ABSTAINED,False,False,False,0
v4_final_capsule_random_02,capsule_random,3,B1,,"[""2857a8b32da6cc7a0725"", ""a60e9c0f6186ccf92ce6"", ""d1444fc0e46687e528f9""]",27300,True,ABSTAINED,False,False,False,0
v4_final_capsule_random_02,capsule_random,3,B2,,"[""2857a8b32da6cc7a0725"", ""a60e9c0f6186ccf92ce6"", ""d1444fc0e46687e528f9""]",27300,True,ABSTAINED,False,False,False,0
v4_final_capsule_random_02,capsule_random,3,B3,,"[""2857a8b32da6cc7a0725"", ""a60e9c0f6186ccf92ce6"", ""d1444fc0e46687e528f9""]",27300,True,ABSTAINED,False,False,False,0
v4_final_capsule_random_02,capsule_random,3,B4,,"[""2857a8b32da6cc7a0725"", ""a60e9c0f6186ccf92ce6"", ""d1444fc0e46687e528f9""]",27300,True,ABSTAINED,False,False,False,0
v4_final_capsule_random_02,capsule_random,3,B4_normal,,"[""2857a8b32da6cc7a0725"", ""a60e9c0f6186ccf92ce6"", ""d1444fc0e46687e528f9""]",27300,True,ABSTAINED,False,False,False,0
v4_final_capsule_random_02,capsule_random,3,B5,,"[""2857a8b32da6cc7a0725"", ""a60e9c0f6186ccf92ce6"", ""d1444fc0e46687e528f9""]",27300,True,ABSTAINED,False,False,False,0
v4_final_capsule_random_02,capsule_random,6,B0,,"[""2857a8b32da6cc7a0725"", ""a60e9c0f6186ccf92ce6"", ""d1444fc0e46687e528f9"", ""489911f7cb10bbe7a208"", ""2cc716ec3e0d047f8220"", ""81c0e3df4846128c7cc9""]",55130,True,ABSTAINED,False,False,True,1
v4_final_capsule_random_02,capsule_random,6,B1,,"[""2857a8b32da6cc7a0725"", ""a60e9c0f6186ccf92ce6"", ""d1444fc0e46687e528f9"", ""489911f7cb10bbe7a208"", ""2cc716ec3e0d047f8220"", ""81c0e3df4846128c7cc9""]",55130,True,ABSTAINED,False,False,True,1
v4_final_capsule_random_02,capsule_random,6,B2,,"[""2857a8b32da6cc7a0725"", ""a60e9c0f6186ccf92ce6"", ""d1444fc0e46687e528f9"", ""489911f7cb10bbe7a208"", ""2cc716ec3e0d047f8220"", ""81c0e3df4846128c7cc9""]",55130,True,ABSTAINED,False,False,True,1
v4_final_capsule_random_02,capsule_random,6,B3,,"[""2857a8b32da6cc7a0725"", ""a60e9c0f6186ccf92ce6"", ""d1444fc0e46687e528f9"", ""489911f7cb10bbe7a208"", ""2cc716ec3e0d047f8220"", ""81c0e3df4846128c7cc9""]",55130,True,ABSTAINED,False,False,True,1
v4_final_capsule_random_02,capsule_random,6,B4,,"[""2857a8b32da6cc7a0725"", ""a60e9c0f6186ccf92ce6"", ""d1444fc0e46687e528f9"", ""489911f7cb10bbe7a208"", ""2cc716ec3e0d047f8220"", ""81c0e3df4846128c7cc9""]",55130,True,ABSTAINED,False,False,True,1
v4_final_capsule_random_02,capsule_random,6,B4_normal,,"[""2857a8b32da6cc7a0725"", ""a60e9c0f6186ccf92ce6"", ""d1444fc0e46687e528f9"", ""489911f7cb10bbe7a208"", ""2cc716ec3e0d047f8220"", ""81c0e3df4846128c7cc9""]",55130,True,ABSTAINED,False,False,True,1
v4_final_capsule_random_02,capsule_random,6,B5,,"[""2857a8b32da6cc7a0725"", ""a60e9c0f6186ccf92ce6"", ""d1444fc0e46687e528f9"", ""489911f7cb10bbe7a208"", ""2cc716ec3e0d047f8220"", ""81c0e3df4846128c7cc9""]",55130,True,ABSTAINED,False,False,True,1
v4_final_capsule_random_03,capsule_random,1,B0,,"[""721211c8a7d82a1f35f6""]",9100,True,ABSTAINED,False,False,False,0
v4_final_capsule_random_03,capsule_random,1,B1,,"[""721211c8a7d82a1f35f6""]",9100,True,ABSTAINED,False,False,False,0
v4_final_capsule_random_03,capsule_random,1,B2,,"[""721211c8a7d82a1f35f6""]",9100,True,ABSTAINED,False,False,False,0
v4_final_capsule_random_03,capsule_random,1,B3,,"[""721211c8a7d82a1f35f6""]",9100,True,ABSTAINED,False,False,False,0
v4_final_capsule_random_03,capsule_random,1,B4,,"[""721211c8a7d82a1f35f6""]",9100,True,ABSTAINED,False,False,False,0
v4_final_capsule_random_03,capsule_random,1,B4_normal,,"[""721211c8a7d82a1f35f6""]",9100,True,ABSTAINED,False,False,False,0
v4_final_capsule_random_03,capsule_random,1,B5,,"[""721211c8a7d82a1f35f6""]",9100,True,ABSTAINED,False,False,False,0
v4_final_capsule_random_03,capsule_random,3,B0,,"[""721211c8a7d82a1f35f6"", ""e703520d4b254292a8b5"", ""f9b0aa83dc5c4fef45bc""]",27830,True,ABSTAINED,False,False,False,0
v4_final_capsule_random_03,capsule_random,3,B1,,"[""721211c8a7d82a1f35f6"", ""e703520d4b254292a8b5"", ""f9b0aa83dc5c4fef45bc""]",27830,True,ABSTAINED,False,False,False,0
v4_final_capsule_random_03,capsule_random,3,B2,,"[""721211c8a7d82a1f35f6"", ""e703520d4b254292a8b5"", ""f9b0aa83dc5c4fef45bc""]",27830,True,ABSTAINED,False,False,False,0
v4_final_capsule_random_03,capsule_random,3,B3,,"[""721211c8a7d82a1f35f6"", ""e703520d4b254292a8b5"", ""f9b0aa83dc5c4fef45bc""]",27830,True,ABSTAINED,False,False,False,0
v4_final_capsule_random_03,capsule_random,3,B4,,"[""721211c8a7d82a1f35f6"", ""e703520d4b254292a8b5"", ""f9b0aa83dc5c4fef45bc""]",27830,True,ABSTAINED,False,False,False,0
v4_final_capsule_random_03,capsule_random,3,B4_normal,,"[""721211c8a7d82a1f35f6"", ""e703520d4b254292a8b5"", ""f9b0aa83dc5c4fef45bc""]",27830,True,ABSTAINED,False,False,False,0
v4_final_capsule_random_03,capsule_random,3,B5,,"[""721211c8a7d82a1f35f6"", ""e703520d4b254292a8b5"", ""f9b0aa83dc5c4fef45bc""]",27830,True,ABSTAINED,False,False,False,0
v4_final_capsule_random_03,capsule_random,6,B0,,"[""721211c8a7d82a1f35f6"", ""e703520d4b254292a8b5"", ""f9b0aa83dc5c4fef45bc"", ""656dfea022cc9363dd1f"", ""ef69b0f4832a3a1667a0"", ""925f3aa16e34481e3037""]",55130,True,ABSTAINED,False,False,False,0
v4_final_capsule_random_03,capsule_random,6,B1,,"[""721211c8a7d82a1f35f6"", ""e703520d4b254292a8b5"", ""f9b0aa83dc5c4fef45bc"", ""656dfea022cc9363dd1f"", ""ef69b0f4832a3a1667a0"", ""925f3aa16e34481e3037""]",55130,True,ABSTAINED,False,False,False,0
v4_final_capsule_random_03,capsule_random,6,B2,,"[""721211c8a7d82a1f35f6"", ""e703520d4b254292a8b5"", ""f9b0aa83dc5c4fef45bc"", ""656dfea022cc9363dd1f"", ""ef69b0f4832a3a1667a0"", ""925f3aa16e34481e3037""]",55130,True,ABSTAINED,False,False,False,0
v4_final_capsule_random_03,capsule_random,6,B3,,"[""721211c8a7d82a1f35f6"", ""e703520d4b254292a8b5"", ""f9b0aa83dc5c4fef45bc"", ""656dfea022cc9363dd1f"", ""ef69b0f4832a3a1667a0"", ""925f3aa16e34481e3037""]",55130,True,ABSTAINED,False,False,False,0
v4_final_capsule_random_03,capsule_random,6,B4,,"[""721211c8a7d82a1f35f6"", ""e703520d4b254292a8b5"", ""f9b0aa83dc5c4fef45bc"", ""656dfea022cc9363dd1f"", ""ef69b0f4832a3a1667a0"", ""925f3aa16e34481e3037""]",55130,True,ABSTAINED,False,False,False,0
v4_final_capsule_random_03,capsule_random,6,B4_normal,,"[""721211c8a7d82a1f35f6"", ""e703520d4b254292a8b5"", ""f9b0aa83dc5c4fef45bc"", ""656dfea022cc9363dd1f"", ""ef69b0f4832a3a1667a0"", ""925f3aa16e34481e3037""]",55130,True,ABSTAINED,False,False,False,0
v4_final_capsule_random_03,capsule_random,6,B5,,"[""721211c8a7d82a1f35f6"", ""e703520d4b254292a8b5"", ""f9b0aa83dc5c4fef45bc"", ""656dfea022cc9363dd1f"", ""ef69b0f4832a3a1667a0"", ""925f3aa16e34481e3037""]",55130,True,ABSTAINED,False,False,False,0
v4_final_capsule_random_04,capsule_random,1,B0,,"[""33514045fccc9fb986d9""]",9100,True,ABSTAINED,False,False,False,0
v4_final_capsule_random_04,capsule_random,1,B1,,"[""33514045fccc9fb986d9""]",9100,True,ABSTAINED,False,False,False,0
v4_final_capsule_random_04,capsule_random,1,B2,,"[""33514045fccc9fb986d9""]",9100,True,ABSTAINED,False,False,False,0
v4_final_capsule_random_04,capsule_random,1,B3,,"[""33514045fccc9fb986d9""]",9100,True,ABSTAINED,False,False,False,0
v4_final_capsule_random_04,capsule_random,1,B4,,"[""33514045fccc9fb986d9""]",9100,True,ABSTAINED,False,False,False,0
v4_final_capsule_random_04,capsule_random,1,B4_normal,,"[""33514045fccc9fb986d9""]",9100,True,ABSTAINED,False,False,False,0
v4_final_capsule_random_04,capsule_random,1,B5,,"[""33514045fccc9fb986d9""]",9100,True,ABSTAINED,False,False,False,0
v4_final_capsule_random_04,capsule_random,3,B0,,"[""33514045fccc9fb986d9"", ""a259daedba512b30b432"", ""2155712b8ff6e30852e5""]",27830,True,ABSTAINED,False,False,False,0
v4_final_capsule_random_04,capsule_random,3,B1,,"[""33514045fccc9fb986d9"", ""a259daedba512b30b432"", ""2155712b8ff6e30852e5""]",27830,True,ABSTAINED,False,False,False,0
v4_final_capsule_random_04,capsule_random,3,B2,,"[""33514045fccc9fb986d9"", ""a259daedba512b30b432"", ""2155712b8ff6e30852e5""]",27830,True,ABSTAINED,False,False,False,0
v4_final_capsule_random_04,capsule_random,3,B3,,"[""33514045fccc9fb986d9"", ""a259daedba512b30b432"", ""2155712b8ff6e30852e5""]",27830,True,ABSTAINED,False,False,False,0
v4_final_capsule_random_04,capsule_random,3,B4,,"[""33514045fccc9fb986d9"", ""a259daedba512b30b432"", ""2155712b8ff6e30852e5""]",27830,True,ABSTAINED,False,False,False,0
v4_final_capsule_random_04,capsule_random,3,B4_normal,,"[""33514045fccc9fb986d9"", ""a259daedba512b30b432"", ""2155712b8ff6e30852e5""]",27830,True,ABSTAINED,False,False,False,0
v4_final_capsule_random_04,capsule_random,3,B5,,"[""33514045fccc9fb986d9"", ""a259daedba512b30b432"", ""2155712b8ff6e30852e5""]",27830,True,ABSTAINED,False,False,False,0
v4_final_capsule_random_04,capsule_random,6,B0,,"[""33514045fccc9fb986d9"", ""a259daedba512b30b432"", ""2155712b8ff6e30852e5"", ""e6b6e9a2a8dacd03d466"", ""cd5d38eca20f0e4c03c5"", ""89edda6078061518357d""]",55130,True,ABSTAINED,False,False,False,0
v4_final_capsule_random_04,capsule_random,6,B1,,"[""33514045fccc9fb986d9"", ""a259daedba512b30b432"", ""2155712b8ff6e30852e5"", ""e6b6e9a2a8dacd03d466"", ""cd5d38eca20f0e4c03c5"", ""89edda6078061518357d""]",55130,True,ABSTAINED,False,False,False,0
v4_final_capsule_random_04,capsule_random,6,B2,,"[""33514045fccc9fb986d9"", ""a259daedba512b30b432"", ""2155712b8ff6e30852e5"", ""e6b6e9a2a8dacd03d466"", ""cd5d38eca20f0e4c03c5"", ""89edda6078061518357d""]",55130,True,ABSTAINED,False,False,False,0
v4_final_capsule_random_04,capsule_random,6,B3,,"[""33514045fccc9fb986d9"", ""a259daedba512b30b432"", ""2155712b8ff6e30852e5"", ""e6b6e9a2a8dacd03d466"", ""cd5d38eca20f0e4c03c5"", ""89edda6078061518357d""]",55130,True,ABSTAINED,False,False,False,0
v4_final_capsule_random_04,capsule_random,6,B4,,"[""33514045fccc9fb986d9"", ""a259daedba512b30b432"", ""2155712b8ff6e30852e5"", ""e6b6e9a2a8dacd03d466"", ""cd5d38eca20f0e4c03c5"", ""89edda6078061518357d""]",55130,True,ABSTAINED,False,False,False,0
v4_final_capsule_random_04,capsule_random,6,B4_normal,,"[""33514045fccc9fb986d9"", ""a259daedba512b30b432"", ""2155712b8ff6e30852e5"", ""e6b6e9a2a8dacd03d466"", ""cd5d38eca20f0e4c03c5"", ""89edda6078061518357d""]",55130,True,ABSTAINED,False,False,False,0
v4_final_capsule_random_04,capsule_random,6,B5,,"[""33514045fccc9fb986d9"", ""a259daedba512b30b432"", ""2155712b8ff6e30852e5"", ""e6b6e9a2a8dacd03d466"", ""cd5d38eca20f0e4c03c5"", ""89edda6078061518357d""]",55130,True,ABSTAINED,False,False,False,0
v4_final_capsule_random_05,capsule_random,1,B0,,"[""807c521d3ef797bf3026""]",9100,True,ABSTAINED,False,False,False,0
v4_final_capsule_random_05,capsule_random,1,B1,,"[""807c521d3ef797bf3026""]",9100,True,ABSTAINED,False,False,False,0
v4_final_capsule_random_05,capsule_random,1,B2,,"[""807c521d3ef797bf3026""]",9100,True,ABSTAINED,False,False,False,0
v4_final_capsule_random_05,capsule_random,1,B3,,"[""807c521d3ef797bf3026""]",9100,True,ABSTAINED,False,False,False,0
v4_final_capsule_random_05,capsule_random,1,B4,,"[""807c521d3ef797bf3026""]",9100,True,ABSTAINED,False,False,False,0
v4_final_capsule_random_05,capsule_random,1,B4_normal,,"[""807c521d3ef797bf3026""]",9100,True,ABSTAINED,False,False,False,0
v4_final_capsule_random_05,capsule_random,1,B5,,"[""807c521d3ef797bf3026""]",9100,True,ABSTAINED,False,False,False,0
v4_final_capsule_random_05,capsule_random,3,B0,,"[""807c521d3ef797bf3026"", ""00111e8db2929ddfb215"", ""fddb27ce601363145dcf""]",27830,True,ABSTAINED,False,False,False,0
v4_final_capsule_random_05,capsule_random,3,B1,,"[""807c521d3ef797bf3026"", ""00111e8db2929ddfb215"", ""fddb27ce601363145dcf""]",27830,True,ABSTAINED,False,False,False,0
v4_final_capsule_random_05,capsule_random,3,B2,,"[""807c521d3ef797bf3026"", ""00111e8db2929ddfb215"", ""fddb27ce601363145dcf""]",27830,True,ABSTAINED,False,False,False,0
v4_final_capsule_random_05,capsule_random,3,B3,,"[""807c521d3ef797bf3026"", ""00111e8db2929ddfb215"", ""fddb27ce601363145dcf""]",27830,True,ABSTAINED,False,False,False,0
v4_final_capsule_random_05,capsule_random,3,B4,,"[""807c521d3ef797bf3026"", ""00111e8db2929ddfb215"", ""fddb27ce601363145dcf""]",27830,True,ABSTAINED,False,False,False,0
v4_final_capsule_random_05,capsule_random,3,B4_normal,,"[""807c521d3ef797bf3026"", ""00111e8db2929ddfb215"", ""fddb27ce601363145dcf""]",27830,True,ABSTAINED,False,False,False,0
v4_final_capsule_random_05,capsule_random,3,B5,,"[""807c521d3ef797bf3026"", ""00111e8db2929ddfb215"", ""fddb27ce601363145dcf""]",27830,True,ABSTAINED,False,False,False,0
v4_final_capsule_random_05,capsule_random,6,B0,,"[""807c521d3ef797bf3026"", ""00111e8db2929ddfb215"", ""fddb27ce601363145dcf"", ""498ed43669f5ea01bb39"", ""e182ebd96ba135fae558"", ""4fb76f72ace14efd5ad0""]",56000,True,ABSTAINED,False,False,False,0
v4_final_capsule_random_05,capsule_random,6,B1,,"[""807c521d3ef797bf3026"", ""00111e8db2929ddfb215"", ""fddb27ce601363145dcf"", ""498ed43669f5ea01bb39"", ""e182ebd96ba135fae558"", ""4fb76f72ace14efd5ad0""]",56000,True,ABSTAINED,False,False,False,0
v4_final_capsule_random_05,capsule_random,6,B2,,"[""807c521d3ef797bf3026"", ""00111e8db2929ddfb215"", ""fddb27ce601363145dcf"", ""498ed43669f5ea01bb39"", ""e182ebd96ba135fae558"", ""4fb76f72ace14efd5ad0""]",56000,True,ABSTAINED,False,False,False,0
v4_final_capsule_random_05,capsule_random,6,B3,,"[""807c521d3ef797bf3026"", ""00111e8db2929ddfb215"", ""fddb27ce601363145dcf"", ""498ed43669f5ea01bb39"", ""e182ebd96ba135fae558"", ""4fb76f72ace14efd5ad0""]",56000,True,ABSTAINED,False,False,False,0
v4_final_capsule_random_05,capsule_random,6,B4,,"[""807c521d3ef797bf3026"", ""00111e8db2929ddfb215"", ""fddb27ce601363145dcf"", ""498ed43669f5ea01bb39"", ""e182ebd96ba135fae558"", ""4fb76f72ace14efd5ad0""]",56000,True,ABSTAINED,False,False,False,0
v4_final_capsule_random_05,capsule_random,6,B4_normal,,"[""807c521d3ef797bf3026"", ""00111e8db2929ddfb215"", ""fddb27ce601363145dcf"", ""498ed43669f5ea01bb39"", ""e182ebd96ba135fae558"", ""4fb76f72ace14efd5ad0""]",56000,True,ABSTAINED,False,False,False,0
v4_final_capsule_random_05,capsule_random,6,B5,,"[""807c521d3ef797bf3026"", ""00111e8db2929ddfb215"", ""fddb27ce601363145dcf"", ""498ed43669f5ea01bb39"", ""e182ebd96ba135fae558"", ""4fb76f72ace14efd5ad0""]",56000,True,ABSTAINED,False,False,False,0
v4_final_capsule_random_06,capsule_random,1,B0,,"[""d67a447b759fa25d1d97""]",9970,True,ABSTAINED,False,False,False,0
v4_final_capsule_random_06,capsule_random,1,B1,,"[""d67a447b759fa25d1d97""]",9970,True,ABSTAINED,False,False,False,0
v4_final_capsule_random_06,capsule_random,1,B2,,"[""d67a447b759fa25d1d97""]",9970,True,ABSTAINED,False,False,False,0
v4_final_capsule_random_06,capsule_random,1,B3,,"[""d67a447b759fa25d1d97""]",9970,True,ABSTAINED,False,False,False,0
v4_final_capsule_random_06,capsule_random,1,B4,,"[""d67a447b759fa25d1d97""]",9970,True,ABSTAINED,False,False,False,0
v4_final_capsule_random_06,capsule_random,1,B4_normal,,"[""d67a447b759fa25d1d97""]",9970,True,ABSTAINED,False,False,False,0
v4_final_capsule_random_06,capsule_random,1,B5,,"[""d67a447b759fa25d1d97""]",9970,True,ABSTAINED,False,False,False,0
v4_final_capsule_random_06,capsule_random,3,B0,,"[""d67a447b759fa25d1d97"", ""9255ebc5abc1e562147a"", ""5c489334820d37f957ae""]",28170,True,ABSTAINED,False,False,True,1
v4_final_capsule_random_06,capsule_random,3,B1,,"[""d67a447b759fa25d1d97"", ""9255ebc5abc1e562147a"", ""5c489334820d37f957ae""]",28170,True,ABSTAINED,False,False,True,1
v4_final_capsule_random_06,capsule_random,3,B2,,"[""d67a447b759fa25d1d97"", ""9255ebc5abc1e562147a"", ""5c489334820d37f957ae""]",28170,True,ABSTAINED,False,False,True,1
v4_final_capsule_random_06,capsule_random,3,B3,,"[""d67a447b759fa25d1d97"", ""9255ebc5abc1e562147a"", ""5c489334820d37f957ae""]",28170,True,ABSTAINED,False,False,True,1
v4_final_capsule_random_06,capsule_random,3,B4,,"[""d67a447b759fa25d1d97"", ""9255ebc5abc1e562147a"", ""5c489334820d37f957ae""]",28170,True,ABSTAINED,False,False,True,1
v4_final_capsule_random_06,capsule_random,3,B4_normal,,"[""d67a447b759fa25d1d97"", ""9255ebc5abc1e562147a"", ""5c489334820d37f957ae""]",28170,True,ABSTAINED,False,False,True,1
v4_final_capsule_random_06,capsule_random,3,B5,,"[""d67a447b759fa25d1d97"", ""9255ebc5abc1e562147a"", ""5c489334820d37f957ae""]",28170,True,ABSTAINED,False,False,True,1
v4_final_capsule_random_06,capsule_random,6,B0,,"[""d67a447b759fa25d1d97"", ""9255ebc5abc1e562147a"", ""5c489334820d37f957ae"", ""f6baebe48ccb57f7ca60"", ""8d5e61e90f78fc86365f"", ""fca3c58e4a580aa4307e""]",56340,True,ABSTAINED,False,False,True,1
v4_final_capsule_random_06,capsule_random,6,B1,,"[""d67a447b759fa25d1d97"", ""9255ebc5abc1e562147a"", ""5c489334820d37f957ae"", ""f6baebe48ccb57f7ca60"", ""8d5e61e90f78fc86365f"", ""fca3c58e4a580aa4307e""]",56340,True,ABSTAINED,False,False,True,1
v4_final_capsule_random_06,capsule_random,6,B2,,"[""d67a447b759fa25d1d97"", ""9255ebc5abc1e562147a"", ""5c489334820d37f957ae"", ""f6baebe48ccb57f7ca60"", ""8d5e61e90f78fc86365f"", ""fca3c58e4a580aa4307e""]",56340,True,ABSTAINED,False,False,True,1
v4_final_capsule_random_06,capsule_random,6,B3,,"[""d67a447b759fa25d1d97"", ""9255ebc5abc1e562147a"", ""5c489334820d37f957ae"", ""f6baebe48ccb57f7ca60"", ""8d5e61e90f78fc86365f"", ""fca3c58e4a580aa4307e""]",56340,True,ABSTAINED,False,False,True,1
v4_final_capsule_random_06,capsule_random,6,B4,,"[""d67a447b759fa25d1d97"", ""9255ebc5abc1e562147a"", ""5c489334820d37f957ae"", ""f6baebe48ccb57f7ca60"", ""8d5e61e90f78fc86365f"", ""fca3c58e4a580aa4307e""]",56340,True,ABSTAINED,False,False,True,1
v4_final_capsule_random_06,capsule_random,6,B4_normal,,"[""d67a447b759fa25d1d97"", ""9255ebc5abc1e562147a"", ""5c489334820d37f957ae"", ""f6baebe48ccb57f7ca60"", ""8d5e61e90f78fc86365f"", ""fca3c58e4a580aa4307e""]",56340,True,ABSTAINED,False,False,True,1
v4_final_capsule_random_06,capsule_random,6,B5,,"[""d67a447b759fa25d1d97"", ""9255ebc5abc1e562147a"", ""5c489334820d37f957ae"", ""f6baebe48ccb57f7ca60"", ""8d5e61e90f78fc86365f"", ""fca3c58e4a580aa4307e""]",56340,True,ABSTAINED,False,False,True,1
v4_final_capsule_random_07,capsule_random,1,B0,,"[""ea81b8b26de175d210a3""]",9100,True,ABSTAINED,False,False,False,0
v4_final_capsule_random_07,capsule_random,1,B1,,"[""ea81b8b26de175d210a3""]",9100,True,ABSTAINED,False,False,False,0
v4_final_capsule_random_07,capsule_random,1,B2,,"[""ea81b8b26de175d210a3""]",9100,True,ABSTAINED,False,False,False,0
v4_final_capsule_random_07,capsule_random,1,B3,,"[""ea81b8b26de175d210a3""]",9100,True,ABSTAINED,False,False,False,0
v4_final_capsule_random_07,capsule_random,1,B4,,"[""ea81b8b26de175d210a3""]",9100,True,ABSTAINED,False,False,False,0
v4_final_capsule_random_07,capsule_random,1,B4_normal,,"[""ea81b8b26de175d210a3""]",9100,True,ABSTAINED,False,False,False,0
v4_final_capsule_random_07,capsule_random,1,B5,,"[""ea81b8b26de175d210a3""]",9100,True,ABSTAINED,False,False,False,0
v4_final_capsule_random_07,capsule_random,3,B0,,"[""ea81b8b26de175d210a3"", ""8431a9065fd9147dcafa"", ""94d13776b96c814d4d48""]",27300,True,ABSTAINED,False,False,False,0
v4_final_capsule_random_07,capsule_random,3,B1,,"[""ea81b8b26de175d210a3"", ""8431a9065fd9147dcafa"", ""94d13776b96c814d4d48""]",27300,True,ABSTAINED,False,False,False,0
v4_final_capsule_random_07,capsule_random,3,B2,,"[""ea81b8b26de175d210a3"", ""8431a9065fd9147dcafa"", ""94d13776b96c814d4d48""]",27300,True,ABSTAINED,False,False,False,0
v4_final_capsule_random_07,capsule_random,3,B3,,"[""ea81b8b26de175d210a3"", ""8431a9065fd9147dcafa"", ""94d13776b96c814d4d48""]",27300,True,ABSTAINED,False,False,False,0
v4_final_capsule_random_07,capsule_random,3,B4,,"[""ea81b8b26de175d210a3"", ""8431a9065fd9147dcafa"", ""94d13776b96c814d4d48""]",27300,True,ABSTAINED,False,False,False,0
v4_final_capsule_random_07,capsule_random,3,B4_normal,,"[""ea81b8b26de175d210a3"", ""8431a9065fd9147dcafa"", ""94d13776b96c814d4d48""]",27300,True,ABSTAINED,False,False,False,0
v4_final_capsule_random_07,capsule_random,3,B5,,"[""ea81b8b26de175d210a3"", ""8431a9065fd9147dcafa"", ""94d13776b96c814d4d48""]",27300,True,ABSTAINED,False,False,False,0
v4_final_capsule_random_07,capsule_random,6,B0,,"[""ea81b8b26de175d210a3"", ""8431a9065fd9147dcafa"", ""94d13776b96c814d4d48"", ""07de83ea8b1d3cc8193c"", ""b12d3008f9d4e7d43fd6"", ""567bed22d597ab0a4664""]",54600,True,ABSTAINED,False,False,True,1
v4_final_capsule_random_07,capsule_random,6,B1,,"[""ea81b8b26de175d210a3"", ""8431a9065fd9147dcafa"", ""94d13776b96c814d4d48"", ""07de83ea8b1d3cc8193c"", ""b12d3008f9d4e7d43fd6"", ""567bed22d597ab0a4664""]",54600,True,ABSTAINED,False,False,True,1
v4_final_capsule_random_07,capsule_random,6,B2,,"[""ea81b8b26de175d210a3"", ""8431a9065fd9147dcafa"", ""94d13776b96c814d4d48"", ""07de83ea8b1d3cc8193c"", ""b12d3008f9d4e7d43fd6"", ""567bed22d597ab0a4664""]",54600,True,ABSTAINED,False,False,True,1
v4_final_capsule_random_07,capsule_random,6,B3,,"[""ea81b8b26de175d210a3"", ""8431a9065fd9147dcafa"", ""94d13776b96c814d4d48"", ""07de83ea8b1d3cc8193c"", ""b12d3008f9d4e7d43fd6"", ""567bed22d597ab0a4664""]",54600,True,ABSTAINED,False,False,True,1
v4_final_capsule_random_07,capsule_random,6,B4,,"[""ea81b8b26de175d210a3"", ""8431a9065fd9147dcafa"", ""94d13776b96c814d4d48"", ""07de83ea8b1d3cc8193c"", ""b12d3008f9d4e7d43fd6"", ""567bed22d597ab0a4664""]",54600,True,ABSTAINED,False,False,True,1
v4_final_capsule_random_07,capsule_random,6,B4_normal,,"[""ea81b8b26de175d210a3"", ""8431a9065fd9147dcafa"", ""94d13776b96c814d4d48"", ""07de83ea8b1d3cc8193c"", ""b12d3008f9d4e7d43fd6"", ""567bed22d597ab0a4664""]",54600,True,ABSTAINED,False,False,True,1
v4_final_capsule_random_07,capsule_random,6,B5,,"[""ea81b8b26de175d210a3"", ""8431a9065fd9147dcafa"", ""94d13776b96c814d4d48"", ""07de83ea8b1d3cc8193c"", ""b12d3008f9d4e7d43fd6"", ""567bed22d597ab0a4664""]",54600,True,ABSTAINED,False,False,True,1
v4_final_capsule_random_08,capsule_random,1,B0,,"[""23bc24034579058266dc""]",9970,True,ABSTAINED,False,False,False,0
v4_final_capsule_random_08,capsule_random,1,B1,,"[""23bc24034579058266dc""]",9970,True,ABSTAINED,False,False,False,0
v4_final_capsule_random_08,capsule_random,1,B2,,"[""23bc24034579058266dc""]",9970,True,ABSTAINED,False,False,False,0
v4_final_capsule_random_08,capsule_random,1,B3,,"[""23bc24034579058266dc""]",9970,True,ABSTAINED,False,False,False,0
v4_final_capsule_random_08,capsule_random,1,B4,,"[""23bc24034579058266dc""]",9970,True,ABSTAINED,False,False,False,0
v4_final_capsule_random_08,capsule_random,1,B4_normal,,"[""23bc24034579058266dc""]",9970,True,ABSTAINED,False,False,False,0
v4_final_capsule_random_08,capsule_random,1,B5,,"[""23bc24034579058266dc""]",9970,True,ABSTAINED,False,False,False,0
v4_final_capsule_random_08,capsule_random,3,B0,,"[""23bc24034579058266dc"", ""fa68446e2f1c60f252c9"", ""dc7987bfe1dd5e3bd672""]",28170,True,ABSTAINED,False,False,False,0
v4_final_capsule_random_08,capsule_random,3,B1,,"[""23bc24034579058266dc"", ""fa68446e2f1c60f252c9"", ""dc7987bfe1dd5e3bd672""]",28170,True,ABSTAINED,False,False,False,0
v4_final_capsule_random_08,capsule_random,3,B2,,"[""23bc24034579058266dc"", ""fa68446e2f1c60f252c9"", ""dc7987bfe1dd5e3bd672""]",28170,True,ABSTAINED,False,False,False,0
v4_final_capsule_random_08,capsule_random,3,B3,,"[""23bc24034579058266dc"", ""fa68446e2f1c60f252c9"", ""dc7987bfe1dd5e3bd672""]",28170,True,ABSTAINED,False,False,False,0
v4_final_capsule_random_08,capsule_random,3,B4,,"[""23bc24034579058266dc"", ""fa68446e2f1c60f252c9"", ""dc7987bfe1dd5e3bd672""]",28170,True,ABSTAINED,False,False,False,0
v4_final_capsule_random_08,capsule_random,3,B4_normal,,"[""23bc24034579058266dc"", ""fa68446e2f1c60f252c9"", ""dc7987bfe1dd5e3bd672""]",28170,True,ABSTAINED,False,False,False,0
v4_final_capsule_random_08,capsule_random,3,B5,,"[""23bc24034579058266dc"", ""fa68446e2f1c60f252c9"", ""dc7987bfe1dd5e3bd672""]",28170,True,ABSTAINED,False,False,False,0
v4_final_capsule_random_08,capsule_random,6,B0,,"[""23bc24034579058266dc"", ""fa68446e2f1c60f252c9"", ""dc7987bfe1dd5e3bd672"", ""23f1f82bd4328bfad9d9"", ""5bb74e886e573d70753d"", ""17455511289f817c0ff8""]",57740,True,ABSTAINED,False,False,False,0
v4_final_capsule_random_08,capsule_random,6,B1,,"[""23bc24034579058266dc"", ""fa68446e2f1c60f252c9"", ""dc7987bfe1dd5e3bd672"", ""23f1f82bd4328bfad9d9"", ""5bb74e886e573d70753d"", ""17455511289f817c0ff8""]",57740,True,ABSTAINED,False,False,False,0
v4_final_capsule_random_08,capsule_random,6,B2,,"[""23bc24034579058266dc"", ""fa68446e2f1c60f252c9"", ""dc7987bfe1dd5e3bd672"", ""23f1f82bd4328bfad9d9"", ""5bb74e886e573d70753d"", ""17455511289f817c0ff8""]",57740,True,ABSTAINED,False,False,False,0
v4_final_capsule_random_08,capsule_random,6,B3,,"[""23bc24034579058266dc"", ""fa68446e2f1c60f252c9"", ""dc7987bfe1dd5e3bd672"", ""23f1f82bd4328bfad9d9"", ""5bb74e886e573d70753d"", ""17455511289f817c0ff8""]",57740,True,ABSTAINED,False,False,False,0
v4_final_capsule_random_08,capsule_random,6,B4,,"[""23bc24034579058266dc"", ""fa68446e2f1c60f252c9"", ""dc7987bfe1dd5e3bd672"", ""23f1f82bd4328bfad9d9"", ""5bb74e886e573d70753d"", ""17455511289f817c0ff8""]",57740,True,ABSTAINED,False,False,False,0
v4_final_capsule_random_08,capsule_random,6,B4_normal,,"[""23bc24034579058266dc"", ""fa68446e2f1c60f252c9"", ""dc7987bfe1dd5e3bd672"", ""23f1f82bd4328bfad9d9"", ""5bb74e886e573d70753d"", ""17455511289f817c0ff8""]",57740,True,ABSTAINED,False,False,False,0
v4_final_capsule_random_08,capsule_random,6,B5,,"[""23bc24034579058266dc"", ""fa68446e2f1c60f252c9"", ""dc7987bfe1dd5e3bd672"", ""23f1f82bd4328bfad9d9"", ""5bb74e886e573d70753d"", ""17455511289f817c0ff8""]",57740,True,ABSTAINED,False,False,False,0
v4_final_capsule_random_09,capsule_random,1,B0,,"[""64f60229a007eb4d6d7b""]",9100,True,ABSTAINED,False,False,True,1
v4_final_capsule_random_09,capsule_random,1,B1,,"[""64f60229a007eb4d6d7b""]",9100,True,ABSTAINED,False,False,True,1
v4_final_capsule_random_09,capsule_random,1,B2,,"[""64f60229a007eb4d6d7b""]",9100,True,ABSTAINED,False,False,True,1
v4_final_capsule_random_09,capsule_random,1,B3,,"[""64f60229a007eb4d6d7b""]",9100,True,ABSTAINED,False,False,True,1
v4_final_capsule_random_09,capsule_random,1,B4,,"[""64f60229a007eb4d6d7b""]",9100,True,ABSTAINED,False,False,True,1
v4_final_capsule_random_09,capsule_random,1,B4_normal,,"[""64f60229a007eb4d6d7b""]",9100,True,ABSTAINED,False,False,True,1
v4_final_capsule_random_09,capsule_random,1,B5,,"[""64f60229a007eb4d6d7b""]",9100,True,ABSTAINED,False,False,True,1
v4_final_capsule_random_09,capsule_random,3,B0,,"[""64f60229a007eb4d6d7b"", ""1119b1349edf2974b60c"", ""cfd0adf33f5883302954""]",27300,True,ABSTAINED,False,False,True,1
v4_final_capsule_random_09,capsule_random,3,B1,,"[""64f60229a007eb4d6d7b"", ""1119b1349edf2974b60c"", ""cfd0adf33f5883302954""]",27300,True,ABSTAINED,False,False,True,1
v4_final_capsule_random_09,capsule_random,3,B2,,"[""64f60229a007eb4d6d7b"", ""1119b1349edf2974b60c"", ""cfd0adf33f5883302954""]",27300,True,ABSTAINED,False,False,True,1
v4_final_capsule_random_09,capsule_random,3,B3,,"[""64f60229a007eb4d6d7b"", ""1119b1349edf2974b60c"", ""cfd0adf33f5883302954""]",27300,True,ABSTAINED,False,False,True,1
v4_final_capsule_random_09,capsule_random,3,B4,,"[""64f60229a007eb4d6d7b"", ""1119b1349edf2974b60c"", ""cfd0adf33f5883302954""]",27300,True,ABSTAINED,False,False,True,1
v4_final_capsule_random_09,capsule_random,3,B4_normal,,"[""64f60229a007eb4d6d7b"", ""1119b1349edf2974b60c"", ""cfd0adf33f5883302954""]",27300,True,ABSTAINED,False,False,True,1
v4_final_capsule_random_09,capsule_random,3,B5,,"[""64f60229a007eb4d6d7b"", ""1119b1349edf2974b60c"", ""cfd0adf33f5883302954""]",27300,True,ABSTAINED,False,False,True,1
v4_final_capsule_random_09,capsule_random,6,B0,,"[""64f60229a007eb4d6d7b"", ""1119b1349edf2974b60c"", ""cfd0adf33f5883302954"", ""55470f368dbe1cda1c17"", ""6ff9a161cdf80143d0f2"", ""6791b7405eedc40556a9""]",54600,True,ABSTAINED,False,False,True,1
v4_final_capsule_random_09,capsule_random,6,B1,,"[""64f60229a007eb4d6d7b"", ""1119b1349edf2974b60c"", ""cfd0adf33f5883302954"", ""55470f368dbe1cda1c17"", ""6ff9a161cdf80143d0f2"", ""6791b7405eedc40556a9""]",54600,True,ABSTAINED,False,False,True,1
v4_final_capsule_random_09,capsule_random,6,B2,,"[""64f60229a007eb4d6d7b"", ""1119b1349edf2974b60c"", ""cfd0adf33f5883302954"", ""55470f368dbe1cda1c17"", ""6ff9a161cdf80143d0f2"", ""6791b7405eedc40556a9""]",54600,True,ABSTAINED,False,False,True,1
v4_final_capsule_random_09,capsule_random,6,B3,,"[""64f60229a007eb4d6d7b"", ""1119b1349edf2974b60c"", ""cfd0adf33f5883302954"", ""55470f368dbe1cda1c17"", ""6ff9a161cdf80143d0f2"", ""6791b7405eedc40556a9""]",54600,True,ABSTAINED,False,False,True,1
v4_final_capsule_random_09,capsule_random,6,B4,,"[""64f60229a007eb4d6d7b"", ""1119b1349edf2974b60c"", ""cfd0adf33f5883302954"", ""55470f368dbe1cda1c17"", ""6ff9a161cdf80143d0f2"", ""6791b7405eedc40556a9""]",54600,True,ABSTAINED,False,False,True,1
v4_final_capsule_random_09,capsule_random,6,B4_normal,,"[""64f60229a007eb4d6d7b"", ""1119b1349edf2974b60c"", ""cfd0adf33f5883302954"", ""55470f368dbe1cda1c17"", ""6ff9a161cdf80143d0f2"", ""6791b7405eedc40556a9""]",54600,True,ABSTAINED,False,False,True,1
v4_final_capsule_random_09,capsule_random,6,B5,,"[""64f60229a007eb4d6d7b"", ""1119b1349edf2974b60c"", ""cfd0adf33f5883302954"", ""55470f368dbe1cda1c17"", ""6ff9a161cdf80143d0f2"", ""6791b7405eedc40556a9""]",54600,True,ABSTAINED,False,False,True,1
v4_final_capsule_random_10,capsule_random,1,B0,,"[""dc12bff4bc10422a4787""]",9630,True,ABSTAINED,False,False,False,0
v4_final_capsule_random_10,capsule_random,1,B1,,"[""dc12bff4bc10422a4787""]",9630,True,ABSTAINED,False,False,False,0
v4_final_capsule_random_10,capsule_random,1,B2,,"[""dc12bff4bc10422a4787""]",9630,True,ABSTAINED,False,False,False,0
v4_final_capsule_random_10,capsule_random,1,B3,,"[""dc12bff4bc10422a4787""]",9630,True,ABSTAINED,False,False,False,0
v4_final_capsule_random_10,capsule_random,1,B4,,"[""dc12bff4bc10422a4787""]",9630,True,ABSTAINED,False,False,False,0
v4_final_capsule_random_10,capsule_random,1,B4_normal,,"[""dc12bff4bc10422a4787""]",9630,True,ABSTAINED,False,False,False,0
v4_final_capsule_random_10,capsule_random,1,B5,,"[""dc12bff4bc10422a4787""]",9630,True,ABSTAINED,False,False,False,0
v4_final_capsule_random_10,capsule_random,3,B0,,"[""dc12bff4bc10422a4787"", ""ef9cd34587d729cd0875"", ""9d96cc2efcb0265238a9""]",28700,True,ABSTAINED,False,False,False,0
v4_final_capsule_random_10,capsule_random,3,B1,,"[""dc12bff4bc10422a4787"", ""ef9cd34587d729cd0875"", ""9d96cc2efcb0265238a9""]",28700,True,ABSTAINED,False,False,False,0
v4_final_capsule_random_10,capsule_random,3,B2,,"[""dc12bff4bc10422a4787"", ""ef9cd34587d729cd0875"", ""9d96cc2efcb0265238a9""]",28700,True,ABSTAINED,False,False,False,0
v4_final_capsule_random_10,capsule_random,3,B3,,"[""dc12bff4bc10422a4787"", ""ef9cd34587d729cd0875"", ""9d96cc2efcb0265238a9""]",28700,True,ABSTAINED,False,False,False,0
v4_final_capsule_random_10,capsule_random,3,B4,,"[""dc12bff4bc10422a4787"", ""ef9cd34587d729cd0875"", ""9d96cc2efcb0265238a9""]",28700,True,ABSTAINED,False,False,False,0
v4_final_capsule_random_10,capsule_random,3,B4_normal,,"[""dc12bff4bc10422a4787"", ""ef9cd34587d729cd0875"", ""9d96cc2efcb0265238a9""]",28700,True,ABSTAINED,False,False,False,0
v4_final_capsule_random_10,capsule_random,3,B5,,"[""dc12bff4bc10422a4787"", ""ef9cd34587d729cd0875"", ""9d96cc2efcb0265238a9""]",28700,True,ABSTAINED,False,False,False,0
v4_final_capsule_random_10,capsule_random,6,B0,,"[""dc12bff4bc10422a4787"", ""ef9cd34587d729cd0875"", ""9d96cc2efcb0265238a9"", ""63f4678246830b265cc5"", ""7fc4660676f60d06b987"", ""9a37f447c8786478fa72""]",57740,True,ABSTAINED,False,False,False,0
v4_final_capsule_random_10,capsule_random,6,B1,,"[""dc12bff4bc10422a4787"", ""ef9cd34587d729cd0875"", ""9d96cc2efcb0265238a9"", ""63f4678246830b265cc5"", ""7fc4660676f60d06b987"", ""9a37f447c8786478fa72""]",57740,True,ABSTAINED,False,False,False,0
v4_final_capsule_random_10,capsule_random,6,B2,,"[""dc12bff4bc10422a4787"", ""ef9cd34587d729cd0875"", ""9d96cc2efcb0265238a9"", ""63f4678246830b265cc5"", ""7fc4660676f60d06b987"", ""9a37f447c8786478fa72""]",57740,True,ABSTAINED,False,False,False,0
v4_final_capsule_random_10,capsule_random,6,B3,,"[""dc12bff4bc10422a4787"", ""ef9cd34587d729cd0875"", ""9d96cc2efcb0265238a9"", ""63f4678246830b265cc5"", ""7fc4660676f60d06b987"", ""9a37f447c8786478fa72""]",57740,True,ABSTAINED,False,False,False,0
v4_final_capsule_random_10,capsule_random,6,B4,,"[""dc12bff4bc10422a4787"", ""ef9cd34587d729cd0875"", ""9d96cc2efcb0265238a9"", ""63f4678246830b265cc5"", ""7fc4660676f60d06b987"", ""9a37f447c8786478fa72""]",57740,True,ABSTAINED,False,False,False,0
v4_final_capsule_random_10,capsule_random,6,B4_normal,,"[""dc12bff4bc10422a4787"", ""ef9cd34587d729cd0875"", ""9d96cc2efcb0265238a9"", ""63f4678246830b265cc5"", ""7fc4660676f60d06b987"", ""9a37f447c8786478fa72""]",57740,True,ABSTAINED,False,False,False,0
v4_final_capsule_random_10,capsule_random,6,B5,,"[""dc12bff4bc10422a4787"", ""ef9cd34587d729cd0875"", ""9d96cc2efcb0265238a9"", ""63f4678246830b265cc5"", ""7fc4660676f60d06b987"", ""9a37f447c8786478fa72""]",57740,True,ABSTAINED,False,False,False,0
v4_final_capsule_random_11,capsule_random,1,B0,,"[""e03fdfd8480222213244""]",9630,True,ABSTAINED,False,False,False,0
v4_final_capsule_random_11,capsule_random,1,B1,,"[""e03fdfd8480222213244""]",9630,True,ABSTAINED,False,False,False,0
v4_final_capsule_random_11,capsule_random,1,B2,,"[""e03fdfd8480222213244""]",9630,True,ABSTAINED,False,False,False,0
v4_final_capsule_random_11,capsule_random,1,B3,,"[""e03fdfd8480222213244""]",9630,True,ABSTAINED,False,False,False,0
v4_final_capsule_random_11,capsule_random,1,B4,,"[""e03fdfd8480222213244""]",9630,True,ABSTAINED,False,False,False,0
v4_final_capsule_random_11,capsule_random,1,B4_normal,,"[""e03fdfd8480222213244""]",9630,True,ABSTAINED,False,False,False,0
v4_final_capsule_random_11,capsule_random,1,B5,,"[""e03fdfd8480222213244""]",9630,True,ABSTAINED,False,False,False,0
v4_final_capsule_random_11,capsule_random,3,B0,,"[""e03fdfd8480222213244"", ""4f94405b7b10adb5c9b6"", ""2b45e7eb2346a8109917""]",28700,True,ABSTAINED,False,False,True,1
v4_final_capsule_random_11,capsule_random,3,B1,,"[""e03fdfd8480222213244"", ""4f94405b7b10adb5c9b6"", ""2b45e7eb2346a8109917""]",28700,True,ABSTAINED,False,False,True,1
v4_final_capsule_random_11,capsule_random,3,B2,,"[""e03fdfd8480222213244"", ""4f94405b7b10adb5c9b6"", ""2b45e7eb2346a8109917""]",28700,True,ABSTAINED,False,False,True,1
v4_final_capsule_random_11,capsule_random,3,B3,,"[""e03fdfd8480222213244"", ""4f94405b7b10adb5c9b6"", ""2b45e7eb2346a8109917""]",28700,True,ABSTAINED,False,False,True,1
v4_final_capsule_random_11,capsule_random,3,B4,,"[""e03fdfd8480222213244"", ""4f94405b7b10adb5c9b6"", ""2b45e7eb2346a8109917""]",28700,True,ABSTAINED,False,False,True,1
v4_final_capsule_random_11,capsule_random,3,B4_normal,,"[""e03fdfd8480222213244"", ""4f94405b7b10adb5c9b6"", ""2b45e7eb2346a8109917""]",28700,True,ABSTAINED,False,False,True,1
v4_final_capsule_random_11,capsule_random,3,B5,,"[""e03fdfd8480222213244"", ""4f94405b7b10adb5c9b6"", ""2b45e7eb2346a8109917""]",28700,True,ABSTAINED,False,False,True,1
v4_final_capsule_random_11,capsule_random,6,B0,,"[""e03fdfd8480222213244"", ""4f94405b7b10adb5c9b6"", ""2b45e7eb2346a8109917"", ""24a25e8d694ec1588575"", ""467462435d2d7e74b2b1"", ""07e4e26577ac0efc0135""]",56870,True,ABSTAINED,False,False,True,1
v4_final_capsule_random_11,capsule_random,6,B1,,"[""e03fdfd8480222213244"", ""4f94405b7b10adb5c9b6"", ""2b45e7eb2346a8109917"", ""24a25e8d694ec1588575"", ""467462435d2d7e74b2b1"", ""07e4e26577ac0efc0135""]",56870,True,ABSTAINED,False,False,True,1
v4_final_capsule_random_11,capsule_random,6,B2,,"[""e03fdfd8480222213244"", ""4f94405b7b10adb5c9b6"", ""2b45e7eb2346a8109917"", ""24a25e8d694ec1588575"", ""467462435d2d7e74b2b1"", ""07e4e26577ac0efc0135""]",56870,True,ABSTAINED,False,False,True,1
v4_final_capsule_random_11,capsule_random,6,B3,,"[""e03fdfd8480222213244"", ""4f94405b7b10adb5c9b6"", ""2b45e7eb2346a8109917"", ""24a25e8d694ec1588575"", ""467462435d2d7e74b2b1"", ""07e4e26577ac0efc0135""]",56870,True,ABSTAINED,False,False,True,1
v4_final_capsule_random_11,capsule_random,6,B4,,"[""e03fdfd8480222213244"", ""4f94405b7b10adb5c9b6"", ""2b45e7eb2346a8109917"", ""24a25e8d694ec1588575"", ""467462435d2d7e74b2b1"", ""07e4e26577ac0efc0135""]",56870,True,ABSTAINED,False,False,True,1
v4_final_capsule_random_11,capsule_random,6,B4_normal,,"[""e03fdfd8480222213244"", ""4f94405b7b10adb5c9b6"", ""2b45e7eb2346a8109917"", ""24a25e8d694ec1588575"", ""467462435d2d7e74b2b1"", ""07e4e26577ac0efc0135""]",56870,True,ABSTAINED,False,False,True,1
v4_final_capsule_random_11,capsule_random,6,B5,,"[""e03fdfd8480222213244"", ""4f94405b7b10adb5c9b6"", ""2b45e7eb2346a8109917"", ""24a25e8d694ec1588575"", ""467462435d2d7e74b2b1"", ""07e4e26577ac0efc0135""]",56870,True,ABSTAINED,False,False,True,1
v4_final_capsule_random_12,capsule_random,1,B0,,"[""2cea89b9a1e9d39e2fa4""]",9100,True,ABSTAINED,False,False,False,0
v4_final_capsule_random_12,capsule_random,1,B1,,"[""2cea89b9a1e9d39e2fa4""]",9100,True,ABSTAINED,False,False,False,0
v4_final_capsule_random_12,capsule_random,1,B2,,"[""2cea89b9a1e9d39e2fa4""]",9100,True,ABSTAINED,False,False,False,0
v4_final_capsule_random_12,capsule_random,1,B3,,"[""2cea89b9a1e9d39e2fa4""]",9100,True,ABSTAINED,False,False,False,0
v4_final_capsule_random_12,capsule_random,1,B4,,"[""2cea89b9a1e9d39e2fa4""]",9100,True,ABSTAINED,False,False,False,0
v4_final_capsule_random_12,capsule_random,1,B4_normal,,"[""2cea89b9a1e9d39e2fa4""]",9100,True,ABSTAINED,False,False,False,0
v4_final_capsule_random_12,capsule_random,1,B5,,"[""2cea89b9a1e9d39e2fa4""]",9100,True,ABSTAINED,False,False,False,0
v4_final_capsule_random_12,capsule_random,3,B0,,"[""2cea89b9a1e9d39e2fa4"", ""938b021b9c46971c72c2"", ""9c3d6b361b1a089efc82""]",27300,True,ABSTAINED,False,False,True,1
v4_final_capsule_random_12,capsule_random,3,B1,,"[""2cea89b9a1e9d39e2fa4"", ""938b021b9c46971c72c2"", ""9c3d6b361b1a089efc82""]",27300,True,ABSTAINED,False,False,True,1
v4_final_capsule_random_12,capsule_random,3,B2,,"[""2cea89b9a1e9d39e2fa4"", ""938b021b9c46971c72c2"", ""9c3d6b361b1a089efc82""]",27300,True,ABSTAINED,False,False,True,1
v4_final_capsule_random_12,capsule_random,3,B3,,"[""2cea89b9a1e9d39e2fa4"", ""938b021b9c46971c72c2"", ""9c3d6b361b1a089efc82""]",27300,True,ABSTAINED,False,False,True,1
v4_final_capsule_random_12,capsule_random,3,B4,,"[""2cea89b9a1e9d39e2fa4"", ""938b021b9c46971c72c2"", ""9c3d6b361b1a089efc82""]",27300,True,ABSTAINED,False,False,True,1
v4_final_capsule_random_12,capsule_random,3,B4_normal,,"[""2cea89b9a1e9d39e2fa4"", ""938b021b9c46971c72c2"", ""9c3d6b361b1a089efc82""]",27300,True,ABSTAINED,False,False,True,1
v4_final_capsule_random_12,capsule_random,3,B5,,"[""2cea89b9a1e9d39e2fa4"", ""938b021b9c46971c72c2"", ""9c3d6b361b1a089efc82""]",27300,True,ABSTAINED,False,False,True,1
v4_final_capsule_random_12,capsule_random,6,B0,,"[""2cea89b9a1e9d39e2fa4"", ""938b021b9c46971c72c2"", ""9c3d6b361b1a089efc82"", ""34925c995de93ae88dcd"", ""fb39866317665f21a6b7"", ""842032f70c2dbd49e417""]",56340,True,ABSTAINED,False,False,True,1
v4_final_capsule_random_12,capsule_random,6,B1,,"[""2cea89b9a1e9d39e2fa4"", ""938b021b9c46971c72c2"", ""9c3d6b361b1a089efc82"", ""34925c995de93ae88dcd"", ""fb39866317665f21a6b7"", ""842032f70c2dbd49e417""]",56340,True,ABSTAINED,False,False,True,1
v4_final_capsule_random_12,capsule_random,6,B2,,"[""2cea89b9a1e9d39e2fa4"", ""938b021b9c46971c72c2"", ""9c3d6b361b1a089efc82"", ""34925c995de93ae88dcd"", ""fb39866317665f21a6b7"", ""842032f70c2dbd49e417""]",56340,True,ABSTAINED,False,False,True,1
v4_final_capsule_random_12,capsule_random,6,B3,,"[""2cea89b9a1e9d39e2fa4"", ""938b021b9c46971c72c2"", ""9c3d6b361b1a089efc82"", ""34925c995de93ae88dcd"", ""fb39866317665f21a6b7"", ""842032f70c2dbd49e417""]",56340,True,ABSTAINED,False,False,True,1
v4_final_capsule_random_12,capsule_random,6,B4,,"[""2cea89b9a1e9d39e2fa4"", ""938b021b9c46971c72c2"", ""9c3d6b361b1a089efc82"", ""34925c995de93ae88dcd"", ""fb39866317665f21a6b7"", ""842032f70c2dbd49e417""]",56340,True,ABSTAINED,False,False,True,1
v4_final_capsule_random_12,capsule_random,6,B4_normal,,"[""2cea89b9a1e9d39e2fa4"", ""938b021b9c46971c72c2"", ""9c3d6b361b1a089efc82"", ""34925c995de93ae88dcd"", ""fb39866317665f21a6b7"", ""842032f70c2dbd49e417""]",56340,True,ABSTAINED,False,False,True,1
v4_final_capsule_random_12,capsule_random,6,B5,,"[""2cea89b9a1e9d39e2fa4"", ""938b021b9c46971c72c2"", ""9c3d6b361b1a089efc82"", ""34925c995de93ae88dcd"", ""fb39866317665f21a6b7"", ""842032f70c2dbd49e417""]",56340,True,ABSTAINED,False,False,True,1
v4_final_capsule_random_13,capsule_random,1,B0,,"[""ea9853ba3d3886c20f6a""]",9970,True,ABSTAINED,False,False,False,0
v4_final_capsule_random_13,capsule_random,1,B1,,"[""ea9853ba3d3886c20f6a""]",9970,True,ABSTAINED,False,False,False,0
v4_final_capsule_random_13,capsule_random,1,B2,,"[""ea9853ba3d3886c20f6a""]",9970,True,ABSTAINED,False,False,False,0
v4_final_capsule_random_13,capsule_random,1,B3,,"[""ea9853ba3d3886c20f6a""]",9970,True,ABSTAINED,False,False,False,0
v4_final_capsule_random_13,capsule_random,1,B4,,"[""ea9853ba3d3886c20f6a""]",9970,True,ABSTAINED,False,False,False,0
v4_final_capsule_random_13,capsule_random,1,B4_normal,,"[""ea9853ba3d3886c20f6a""]",9970,True,ABSTAINED,False,False,False,0
v4_final_capsule_random_13,capsule_random,1,B5,,"[""ea9853ba3d3886c20f6a""]",9970,True,ABSTAINED,False,False,False,0
v4_final_capsule_random_13,capsule_random,3,B0,,"[""ea9853ba3d3886c20f6a"", ""81af7fd3c6ac19ebcad4"", ""4dae20cc09518ede685b""]",29570,True,ABSTAINED,False,False,False,0
v4_final_capsule_random_13,capsule_random,3,B1,,"[""ea9853ba3d3886c20f6a"", ""81af7fd3c6ac19ebcad4"", ""4dae20cc09518ede685b""]",29570,True,ABSTAINED,False,False,False,0
v4_final_capsule_random_13,capsule_random,3,B2,,"[""ea9853ba3d3886c20f6a"", ""81af7fd3c6ac19ebcad4"", ""4dae20cc09518ede685b""]",29570,True,ABSTAINED,False,False,False,0
v4_final_capsule_random_13,capsule_random,3,B3,,"[""ea9853ba3d3886c20f6a"", ""81af7fd3c6ac19ebcad4"", ""4dae20cc09518ede685b""]",29570,True,ABSTAINED,False,False,False,0
v4_final_capsule_random_13,capsule_random,3,B4,,"[""ea9853ba3d3886c20f6a"", ""81af7fd3c6ac19ebcad4"", ""4dae20cc09518ede685b""]",29570,True,ABSTAINED,False,False,False,0
v4_final_capsule_random_13,capsule_random,3,B4_normal,,"[""ea9853ba3d3886c20f6a"", ""81af7fd3c6ac19ebcad4"", ""4dae20cc09518ede685b""]",29570,True,ABSTAINED,False,False,False,0
v4_final_capsule_random_13,capsule_random,3,B5,,"[""ea9853ba3d3886c20f6a"", ""81af7fd3c6ac19ebcad4"", ""4dae20cc09518ede685b""]",29570,True,ABSTAINED,False,False,False,0
v4_final_capsule_random_13,capsule_random,6,B0,,"[""ea9853ba3d3886c20f6a"", ""81af7fd3c6ac19ebcad4"", ""4dae20cc09518ede685b"", ""b3393af6e5e00fb386ba"", ""2f13e86492adb36c30fe"", ""960fb1a01f65f5f37f0e""]",57740,True,ABSTAINED,False,False,False,0
v4_final_capsule_random_13,capsule_random,6,B1,,"[""ea9853ba3d3886c20f6a"", ""81af7fd3c6ac19ebcad4"", ""4dae20cc09518ede685b"", ""b3393af6e5e00fb386ba"", ""2f13e86492adb36c30fe"", ""960fb1a01f65f5f37f0e""]",57740,True,ABSTAINED,False,False,False,0
v4_final_capsule_random_13,capsule_random,6,B2,,"[""ea9853ba3d3886c20f6a"", ""81af7fd3c6ac19ebcad4"", ""4dae20cc09518ede685b"", ""b3393af6e5e00fb386ba"", ""2f13e86492adb36c30fe"", ""960fb1a01f65f5f37f0e""]",57740,True,ABSTAINED,False,False,False,0
v4_final_capsule_random_13,capsule_random,6,B3,,"[""ea9853ba3d3886c20f6a"", ""81af7fd3c6ac19ebcad4"", ""4dae20cc09518ede685b"", ""b3393af6e5e00fb386ba"", ""2f13e86492adb36c30fe"", ""960fb1a01f65f5f37f0e""]",57740,True,ABSTAINED,False,False,False,0
v4_final_capsule_random_13,capsule_random,6,B4,,"[""ea9853ba3d3886c20f6a"", ""81af7fd3c6ac19ebcad4"", ""4dae20cc09518ede685b"", ""b3393af6e5e00fb386ba"", ""2f13e86492adb36c30fe"", ""960fb1a01f65f5f37f0e""]",57740,True,ABSTAINED,False,False,False,0
v4_final_capsule_random_13,capsule_random,6,B4_normal,,"[""ea9853ba3d3886c20f6a"", ""81af7fd3c6ac19ebcad4"", ""4dae20cc09518ede685b"", ""b3393af6e5e00fb386ba"", ""2f13e86492adb36c30fe"", ""960fb1a01f65f5f37f0e""]",57740,True,ABSTAINED,False,False,False,0
v4_final_capsule_random_13,capsule_random,6,B5,,"[""ea9853ba3d3886c20f6a"", ""81af7fd3c6ac19ebcad4"", ""4dae20cc09518ede685b"", ""b3393af6e5e00fb386ba"", ""2f13e86492adb36c30fe"", ""960fb1a01f65f5f37f0e""]",57740,True,ABSTAINED,False,False,False,0
v4_final_capsule_random_14,capsule_random,1,B0,,"[""651bcbabf88698745957""]",9970,True,ABSTAINED,False,False,False,0
v4_final_capsule_random_14,capsule_random,1,B1,,"[""651bcbabf88698745957""]",9970,True,ABSTAINED,False,False,False,0
v4_final_capsule_random_14,capsule_random,1,B2,,"[""651bcbabf88698745957""]",9970,True,ABSTAINED,False,False,False,0
v4_final_capsule_random_14,capsule_random,1,B3,,"[""651bcbabf88698745957""]",9970,True,ABSTAINED,False,False,False,0
v4_final_capsule_random_14,capsule_random,1,B4,,"[""651bcbabf88698745957""]",9970,True,ABSTAINED,False,False,False,0
v4_final_capsule_random_14,capsule_random,1,B4_normal,,"[""651bcbabf88698745957""]",9970,True,ABSTAINED,False,False,False,0
v4_final_capsule_random_14,capsule_random,1,B5,,"[""651bcbabf88698745957""]",9970,True,ABSTAINED,False,False,False,0
v4_final_capsule_random_14,capsule_random,3,B0,,"[""651bcbabf88698745957"", ""c519be63f95e236fa397"", ""6be7e89c7ca10155dcd9""]",29570,True,ABSTAINED,False,False,False,0
v4_final_capsule_random_14,capsule_random,3,B1,,"[""651bcbabf88698745957"", ""c519be63f95e236fa397"", ""6be7e89c7ca10155dcd9""]",29570,True,ABSTAINED,False,False,False,0
v4_final_capsule_random_14,capsule_random,3,B2,,"[""651bcbabf88698745957"", ""c519be63f95e236fa397"", ""6be7e89c7ca10155dcd9""]",29570,True,ABSTAINED,False,False,False,0
v4_final_capsule_random_14,capsule_random,3,B3,,"[""651bcbabf88698745957"", ""c519be63f95e236fa397"", ""6be7e89c7ca10155dcd9""]",29570,True,ABSTAINED,False,False,False,0
v4_final_capsule_random_14,capsule_random,3,B4,,"[""651bcbabf88698745957"", ""c519be63f95e236fa397"", ""6be7e89c7ca10155dcd9""]",29570,True,ABSTAINED,False,False,False,0
v4_final_capsule_random_14,capsule_random,3,B4_normal,,"[""651bcbabf88698745957"", ""c519be63f95e236fa397"", ""6be7e89c7ca10155dcd9""]",29570,True,ABSTAINED,False,False,False,0
v4_final_capsule_random_14,capsule_random,3,B5,,"[""651bcbabf88698745957"", ""c519be63f95e236fa397"", ""6be7e89c7ca10155dcd9""]",29570,True,ABSTAINED,False,False,False,0
v4_final_capsule_random_14,capsule_random,6,B0,,"[""651bcbabf88698745957"", ""c519be63f95e236fa397"", ""6be7e89c7ca10155dcd9"", ""54ffad9eeba37319dce2"", ""81df73892ae56bfaf88c"", ""5ecaf8914608e56ec074""]",57740,True,ABSTAINED,False,False,True,1
v4_final_capsule_random_14,capsule_random,6,B1,,"[""651bcbabf88698745957"", ""c519be63f95e236fa397"", ""6be7e89c7ca10155dcd9"", ""54ffad9eeba37319dce2"", ""81df73892ae56bfaf88c"", ""5ecaf8914608e56ec074""]",57740,True,ABSTAINED,False,False,True,1
v4_final_capsule_random_14,capsule_random,6,B2,,"[""651bcbabf88698745957"", ""c519be63f95e236fa397"", ""6be7e89c7ca10155dcd9"", ""54ffad9eeba37319dce2"", ""81df73892ae56bfaf88c"", ""5ecaf8914608e56ec074""]",57740,True,ABSTAINED,False,False,True,1
v4_final_capsule_random_14,capsule_random,6,B3,,"[""651bcbabf88698745957"", ""c519be63f95e236fa397"", ""6be7e89c7ca10155dcd9"", ""54ffad9eeba37319dce2"", ""81df73892ae56bfaf88c"", ""5ecaf8914608e56ec074""]",57740,True,ABSTAINED,False,False,True,1
v4_final_capsule_random_14,capsule_random,6,B4,,"[""651bcbabf88698745957"", ""c519be63f95e236fa397"", ""6be7e89c7ca10155dcd9"", ""54ffad9eeba37319dce2"", ""81df73892ae56bfaf88c"", ""5ecaf8914608e56ec074""]",57740,True,ABSTAINED,False,False,True,1
v4_final_capsule_random_14,capsule_random,6,B4_normal,,"[""651bcbabf88698745957"", ""c519be63f95e236fa397"", ""6be7e89c7ca10155dcd9"", ""54ffad9eeba37319dce2"", ""81df73892ae56bfaf88c"", ""5ecaf8914608e56ec074""]",57740,True,ABSTAINED,False,False,True,1
v4_final_capsule_random_14,capsule_random,6,B5,,"[""651bcbabf88698745957"", ""c519be63f95e236fa397"", ""6be7e89c7ca10155dcd9"", ""54ffad9eeba37319dce2"", ""81df73892ae56bfaf88c"", ""5ecaf8914608e56ec074""]",57740,True,ABSTAINED,False,False,True,1
v4_final_capsule_random_15,capsule_random,1,B0,,"[""8967d2ffcddef877c28c""]",9100,True,ABSTAINED,False,False,True,1
v4_final_capsule_random_15,capsule_random,1,B1,,"[""8967d2ffcddef877c28c""]",9100,True,ABSTAINED,False,False,True,1
v4_final_capsule_random_15,capsule_random,1,B2,,"[""8967d2ffcddef877c28c""]",9100,True,ABSTAINED,False,False,True,1
v4_final_capsule_random_15,capsule_random,1,B3,,"[""8967d2ffcddef877c28c""]",9100,True,ABSTAINED,False,False,True,1
v4_final_capsule_random_15,capsule_random,1,B4,,"[""8967d2ffcddef877c28c""]",9100,True,ABSTAINED,False,False,True,1
v4_final_capsule_random_15,capsule_random,1,B4_normal,,"[""8967d2ffcddef877c28c""]",9100,True,ABSTAINED,False,False,True,1
v4_final_capsule_random_15,capsule_random,1,B5,,"[""8967d2ffcddef877c28c""]",9100,True,ABSTAINED,False,False,True,1
v4_final_capsule_random_15,capsule_random,3,B0,,"[""8967d2ffcddef877c28c"", ""e2411fea966e40e31c3c"", ""8f0361347e74214315f3""]",27300,True,ABSTAINED,False,False,True,1
v4_final_capsule_random_15,capsule_random,3,B1,,"[""8967d2ffcddef877c28c"", ""e2411fea966e40e31c3c"", ""8f0361347e74214315f3""]",27300,True,ABSTAINED,False,False,True,1
v4_final_capsule_random_15,capsule_random,3,B2,,"[""8967d2ffcddef877c28c"", ""e2411fea966e40e31c3c"", ""8f0361347e74214315f3""]",27300,True,ABSTAINED,False,False,True,1
v4_final_capsule_random_15,capsule_random,3,B3,,"[""8967d2ffcddef877c28c"", ""e2411fea966e40e31c3c"", ""8f0361347e74214315f3""]",27300,True,ABSTAINED,False,False,True,1
v4_final_capsule_random_15,capsule_random,3,B4,,"[""8967d2ffcddef877c28c"", ""e2411fea966e40e31c3c"", ""8f0361347e74214315f3""]",27300,True,ABSTAINED,False,False,True,1
v4_final_capsule_random_15,capsule_random,3,B4_normal,,"[""8967d2ffcddef877c28c"", ""e2411fea966e40e31c3c"", ""8f0361347e74214315f3""]",27300,True,ABSTAINED,False,False,True,1
v4_final_capsule_random_15,capsule_random,3,B5,,"[""8967d2ffcddef877c28c"", ""e2411fea966e40e31c3c"", ""8f0361347e74214315f3""]",27300,True,ABSTAINED,False,False,True,1
v4_final_capsule_random_15,capsule_random,6,B0,,"[""8967d2ffcddef877c28c"", ""e2411fea966e40e31c3c"", ""8f0361347e74214315f3"", ""7866ddc959c6b5009a2e"", ""dfbf96e708806254a618"", ""168411235e4f8f7bc39c""]",55470,True,ABSTAINED,False,False,True,1
v4_final_capsule_random_15,capsule_random,6,B1,,"[""8967d2ffcddef877c28c"", ""e2411fea966e40e31c3c"", ""8f0361347e74214315f3"", ""7866ddc959c6b5009a2e"", ""dfbf96e708806254a618"", ""168411235e4f8f7bc39c""]",55470,True,ABSTAINED,False,False,True,1
v4_final_capsule_random_15,capsule_random,6,B2,,"[""8967d2ffcddef877c28c"", ""e2411fea966e40e31c3c"", ""8f0361347e74214315f3"", ""7866ddc959c6b5009a2e"", ""dfbf96e708806254a618"", ""168411235e4f8f7bc39c""]",55470,True,ABSTAINED,False,False,True,1
v4_final_capsule_random_15,capsule_random,6,B3,,"[""8967d2ffcddef877c28c"", ""e2411fea966e40e31c3c"", ""8f0361347e74214315f3"", ""7866ddc959c6b5009a2e"", ""dfbf96e708806254a618"", ""168411235e4f8f7bc39c""]",55470,True,ABSTAINED,False,False,True,1
v4_final_capsule_random_15,capsule_random,6,B4,,"[""8967d2ffcddef877c28c"", ""e2411fea966e40e31c3c"", ""8f0361347e74214315f3"", ""7866ddc959c6b5009a2e"", ""dfbf96e708806254a618"", ""168411235e4f8f7bc39c""]",55470,True,ABSTAINED,False,False,True,1
v4_final_capsule_random_15,capsule_random,6,B4_normal,,"[""8967d2ffcddef877c28c"", ""e2411fea966e40e31c3c"", ""8f0361347e74214315f3"", ""7866ddc959c6b5009a2e"", ""dfbf96e708806254a618"", ""168411235e4f8f7bc39c""]",55470,True,ABSTAINED,False,False,True,1
v4_final_capsule_random_15,capsule_random,6,B5,,"[""8967d2ffcddef877c28c"", ""e2411fea966e40e31c3c"", ""8f0361347e74214315f3"", ""7866ddc959c6b5009a2e"", ""dfbf96e708806254a618"", ""168411235e4f8f7bc39c""]",55470,True,ABSTAINED,False,False,True,1
v4_final_capsule_random_16,capsule_random,1,B0,,"[""a6cc9f4a4193c9cc9a50""]",9970,True,ABSTAINED,False,False,False,0
v4_final_capsule_random_16,capsule_random,1,B1,,"[""a6cc9f4a4193c9cc9a50""]",9970,True,ABSTAINED,False,False,False,0
v4_final_capsule_random_16,capsule_random,1,B2,,"[""a6cc9f4a4193c9cc9a50""]",9970,True,ABSTAINED,False,False,False,0
v4_final_capsule_random_16,capsule_random,1,B3,,"[""a6cc9f4a4193c9cc9a50""]",9970,True,ABSTAINED,False,False,False,0
v4_final_capsule_random_16,capsule_random,1,B4,,"[""a6cc9f4a4193c9cc9a50""]",9970,True,ABSTAINED,False,False,False,0
v4_final_capsule_random_16,capsule_random,1,B4_normal,,"[""a6cc9f4a4193c9cc9a50""]",9970,True,ABSTAINED,False,False,False,0
v4_final_capsule_random_16,capsule_random,1,B5,,"[""a6cc9f4a4193c9cc9a50""]",9970,True,ABSTAINED,False,False,False,0
v4_final_capsule_random_16,capsule_random,3,B0,,"[""a6cc9f4a4193c9cc9a50"", ""6a72074beeec8e256588"", ""b44174701cd1efe859bf""]",29910,True,ABSTAINED,False,False,False,0
v4_final_capsule_random_16,capsule_random,3,B1,,"[""a6cc9f4a4193c9cc9a50"", ""6a72074beeec8e256588"", ""b44174701cd1efe859bf""]",29910,True,ABSTAINED,False,False,False,0
v4_final_capsule_random_16,capsule_random,3,B2,,"[""a6cc9f4a4193c9cc9a50"", ""6a72074beeec8e256588"", ""b44174701cd1efe859bf""]",29910,True,ABSTAINED,False,False,False,0
v4_final_capsule_random_16,capsule_random,3,B3,,"[""a6cc9f4a4193c9cc9a50"", ""6a72074beeec8e256588"", ""b44174701cd1efe859bf""]",29910,True,ABSTAINED,False,False,False,0
v4_final_capsule_random_16,capsule_random,3,B4,,"[""a6cc9f4a4193c9cc9a50"", ""6a72074beeec8e256588"", ""b44174701cd1efe859bf""]",29910,True,ABSTAINED,False,False,False,0
v4_final_capsule_random_16,capsule_random,3,B4_normal,,"[""a6cc9f4a4193c9cc9a50"", ""6a72074beeec8e256588"", ""b44174701cd1efe859bf""]",29910,True,ABSTAINED,False,False,False,0
v4_final_capsule_random_16,capsule_random,3,B5,,"[""a6cc9f4a4193c9cc9a50"", ""6a72074beeec8e256588"", ""b44174701cd1efe859bf""]",29910,True,ABSTAINED,False,False,False,0
v4_final_capsule_random_16,capsule_random,6,B0,,"[""a6cc9f4a4193c9cc9a50"", ""6a72074beeec8e256588"", ""b44174701cd1efe859bf"", ""fea9db4c45fcda8b282a"", ""56e41f4f7ddbe12287bd"", ""6800521f2bd7490d95ff""]",57740,True,ABSTAINED,False,False,False,0
v4_final_capsule_random_16,capsule_random,6,B1,,"[""a6cc9f4a4193c9cc9a50"", ""6a72074beeec8e256588"", ""b44174701cd1efe859bf"", ""fea9db4c45fcda8b282a"", ""56e41f4f7ddbe12287bd"", ""6800521f2bd7490d95ff""]",57740,True,ABSTAINED,False,False,False,0
v4_final_capsule_random_16,capsule_random,6,B2,,"[""a6cc9f4a4193c9cc9a50"", ""6a72074beeec8e256588"", ""b44174701cd1efe859bf"", ""fea9db4c45fcda8b282a"", ""56e41f4f7ddbe12287bd"", ""6800521f2bd7490d95ff""]",57740,True,ABSTAINED,False,False,False,0
v4_final_capsule_random_16,capsule_random,6,B3,,"[""a6cc9f4a4193c9cc9a50"", ""6a72074beeec8e256588"", ""b44174701cd1efe859bf"", ""fea9db4c45fcda8b282a"", ""56e41f4f7ddbe12287bd"", ""6800521f2bd7490d95ff""]",57740,True,ABSTAINED,False,False,False,0
v4_final_capsule_random_16,capsule_random,6,B4,,"[""a6cc9f4a4193c9cc9a50"", ""6a72074beeec8e256588"", ""b44174701cd1efe859bf"", ""fea9db4c45fcda8b282a"", ""56e41f4f7ddbe12287bd"", ""6800521f2bd7490d95ff""]",57740,True,ABSTAINED,False,False,False,0
v4_final_capsule_random_16,capsule_random,6,B4_normal,,"[""a6cc9f4a4193c9cc9a50"", ""6a72074beeec8e256588"", ""b44174701cd1efe859bf"", ""fea9db4c45fcda8b282a"", ""56e41f4f7ddbe12287bd"", ""6800521f2bd7490d95ff""]",57740,True,ABSTAINED,False,False,False,0
v4_final_capsule_random_16,capsule_random,6,B5,,"[""a6cc9f4a4193c9cc9a50"", ""6a72074beeec8e256588"", ""b44174701cd1efe859bf"", ""fea9db4c45fcda8b282a"", ""56e41f4f7ddbe12287bd"", ""6800521f2bd7490d95ff""]",57740,True,ABSTAINED,False,False,False,0
v4_final_capsule_random_17,capsule_random,1,B0,,"[""477e200641b0a11fed62""]",9100,True,ABSTAINED,False,False,False,0
v4_final_capsule_random_17,capsule_random,1,B1,,"[""477e200641b0a11fed62""]",9100,True,ABSTAINED,False,False,False,0
v4_final_capsule_random_17,capsule_random,1,B2,,"[""477e200641b0a11fed62""]",9100,True,ABSTAINED,False,False,False,0
v4_final_capsule_random_17,capsule_random,1,B3,,"[""477e200641b0a11fed62""]",9100,True,ABSTAINED,False,False,False,0
v4_final_capsule_random_17,capsule_random,1,B4,,"[""477e200641b0a11fed62""]",9100,True,ABSTAINED,False,False,False,0
v4_final_capsule_random_17,capsule_random,1,B4_normal,,"[""477e200641b0a11fed62""]",9100,True,ABSTAINED,False,False,False,0
v4_final_capsule_random_17,capsule_random,1,B5,,"[""477e200641b0a11fed62""]",9100,True,ABSTAINED,False,False,False,0
v4_final_capsule_random_17,capsule_random,3,B0,,"[""477e200641b0a11fed62"", ""cfaae4c74d8f1a9c6f4d"", ""5944e35531af8746dc52""]",27830,True,ABSTAINED,False,False,False,0
v4_final_capsule_random_17,capsule_random,3,B1,,"[""477e200641b0a11fed62"", ""cfaae4c74d8f1a9c6f4d"", ""5944e35531af8746dc52""]",27830,True,ABSTAINED,False,False,False,0
v4_final_capsule_random_17,capsule_random,3,B2,,"[""477e200641b0a11fed62"", ""cfaae4c74d8f1a9c6f4d"", ""5944e35531af8746dc52""]",27830,True,ABSTAINED,False,False,False,0
v4_final_capsule_random_17,capsule_random,3,B3,,"[""477e200641b0a11fed62"", ""cfaae4c74d8f1a9c6f4d"", ""5944e35531af8746dc52""]",27830,True,ABSTAINED,False,False,False,0
v4_final_capsule_random_17,capsule_random,3,B4,,"[""477e200641b0a11fed62"", ""cfaae4c74d8f1a9c6f4d"", ""5944e35531af8746dc52""]",27830,True,ABSTAINED,False,False,False,0
v4_final_capsule_random_17,capsule_random,3,B4_normal,,"[""477e200641b0a11fed62"", ""cfaae4c74d8f1a9c6f4d"", ""5944e35531af8746dc52""]",27830,True,ABSTAINED,False,False,False,0
v4_final_capsule_random_17,capsule_random,3,B5,,"[""477e200641b0a11fed62"", ""cfaae4c74d8f1a9c6f4d"", ""5944e35531af8746dc52""]",27830,True,ABSTAINED,False,False,False,0
v4_final_capsule_random_17,capsule_random,6,B0,,"[""477e200641b0a11fed62"", ""cfaae4c74d8f1a9c6f4d"", ""5944e35531af8746dc52"", ""6845dbae6119b179fdb3"", ""aa310166bb927d6cbd66"", ""0fe2c6b8be7f66bcdd48""]",56000,True,ABSTAINED,False,False,True,1
v4_final_capsule_random_17,capsule_random,6,B1,,"[""477e200641b0a11fed62"", ""cfaae4c74d8f1a9c6f4d"", ""5944e35531af8746dc52"", ""6845dbae6119b179fdb3"", ""aa310166bb927d6cbd66"", ""0fe2c6b8be7f66bcdd48""]",56000,True,ABSTAINED,False,False,True,1
v4_final_capsule_random_17,capsule_random,6,B2,,"[""477e200641b0a11fed62"", ""cfaae4c74d8f1a9c6f4d"", ""5944e35531af8746dc52"", ""6845dbae6119b179fdb3"", ""aa310166bb927d6cbd66"", ""0fe2c6b8be7f66bcdd48""]",56000,True,ABSTAINED,False,False,True,1
v4_final_capsule_random_17,capsule_random,6,B3,,"[""477e200641b0a11fed62"", ""cfaae4c74d8f1a9c6f4d"", ""5944e35531af8746dc52"", ""6845dbae6119b179fdb3"", ""aa310166bb927d6cbd66"", ""0fe2c6b8be7f66bcdd48""]",56000,True,ABSTAINED,False,False,True,1
v4_final_capsule_random_17,capsule_random,6,B4,,"[""477e200641b0a11fed62"", ""cfaae4c74d8f1a9c6f4d"", ""5944e35531af8746dc52"", ""6845dbae6119b179fdb3"", ""aa310166bb927d6cbd66"", ""0fe2c6b8be7f66bcdd48""]",56000,True,ABSTAINED,False,False,True,1
v4_final_capsule_random_17,capsule_random,6,B4_normal,,"[""477e200641b0a11fed62"", ""cfaae4c74d8f1a9c6f4d"", ""5944e35531af8746dc52"", ""6845dbae6119b179fdb3"", ""aa310166bb927d6cbd66"", ""0fe2c6b8be7f66bcdd48""]",56000,True,ABSTAINED,False,False,True,1
v4_final_capsule_random_17,capsule_random,6,B5,,"[""477e200641b0a11fed62"", ""cfaae4c74d8f1a9c6f4d"", ""5944e35531af8746dc52"", ""6845dbae6119b179fdb3"", ""aa310166bb927d6cbd66"", ""0fe2c6b8be7f66bcdd48""]",56000,True,ABSTAINED,False,False,True,1
v4_final_capsule_random_18,capsule_random,1,B0,,"[""6281ca49138498de308f""]",9630,True,ABSTAINED,False,False,False,0
v4_final_capsule_random_18,capsule_random,1,B1,,"[""6281ca49138498de308f""]",9630,True,ABSTAINED,False,False,False,0
v4_final_capsule_random_18,capsule_random,1,B2,,"[""6281ca49138498de308f""]",9630,True,ABSTAINED,False,False,False,0
v4_final_capsule_random_18,capsule_random,1,B3,,"[""6281ca49138498de308f""]",9630,True,ABSTAINED,False,False,False,0
v4_final_capsule_random_18,capsule_random,1,B4,,"[""6281ca49138498de308f""]",9630,True,ABSTAINED,False,False,False,0
v4_final_capsule_random_18,capsule_random,1,B4_normal,,"[""6281ca49138498de308f""]",9630,True,ABSTAINED,False,False,False,0
v4_final_capsule_random_18,capsule_random,1,B5,,"[""6281ca49138498de308f""]",9630,True,ABSTAINED,False,False,False,0
v4_final_capsule_random_18,capsule_random,3,B0,,"[""6281ca49138498de308f"", ""730ee3705000afad3535"", ""09a4b55e8f6cb8f50642""]",28700,True,ABSTAINED,False,False,True,1
v4_final_capsule_random_18,capsule_random,3,B1,,"[""6281ca49138498de308f"", ""730ee3705000afad3535"", ""09a4b55e8f6cb8f50642""]",28700,True,ABSTAINED,False,False,True,1
v4_final_capsule_random_18,capsule_random,3,B2,,"[""6281ca49138498de308f"", ""730ee3705000afad3535"", ""09a4b55e8f6cb8f50642""]",28700,True,ABSTAINED,False,False,True,1
v4_final_capsule_random_18,capsule_random,3,B3,,"[""6281ca49138498de308f"", ""730ee3705000afad3535"", ""09a4b55e8f6cb8f50642""]",28700,True,ABSTAINED,False,False,True,1
v4_final_capsule_random_18,capsule_random,3,B4,,"[""6281ca49138498de308f"", ""730ee3705000afad3535"", ""09a4b55e8f6cb8f50642""]",28700,True,ABSTAINED,False,False,True,1
v4_final_capsule_random_18,capsule_random,3,B4_normal,,"[""6281ca49138498de308f"", ""730ee3705000afad3535"", ""09a4b55e8f6cb8f50642""]",28700,True,ABSTAINED,False,False,True,1
v4_final_capsule_random_18,capsule_random,3,B5,,"[""6281ca49138498de308f"", ""730ee3705000afad3535"", ""09a4b55e8f6cb8f50642""]",28700,True,ABSTAINED,False,False,True,1
v4_final_capsule_random_18,capsule_random,6,B0,,"[""6281ca49138498de308f"", ""730ee3705000afad3535"", ""09a4b55e8f6cb8f50642"", ""95d9df3af911ca4d7592"", ""cf7888ab2a613ee32075"", ""e83241a47520d7b1de79""]",56870,True,ABSTAINED,False,False,True,1
v4_final_capsule_random_18,capsule_random,6,B1,,"[""6281ca49138498de308f"", ""730ee3705000afad3535"", ""09a4b55e8f6cb8f50642"", ""95d9df3af911ca4d7592"", ""cf7888ab2a613ee32075"", ""e83241a47520d7b1de79""]",56870,True,ABSTAINED,False,False,True,1
v4_final_capsule_random_18,capsule_random,6,B2,,"[""6281ca49138498de308f"", ""730ee3705000afad3535"", ""09a4b55e8f6cb8f50642"", ""95d9df3af911ca4d7592"", ""cf7888ab2a613ee32075"", ""e83241a47520d7b1de79""]",56870,True,ABSTAINED,False,False,True,1
v4_final_capsule_random_18,capsule_random,6,B3,,"[""6281ca49138498de308f"", ""730ee3705000afad3535"", ""09a4b55e8f6cb8f50642"", ""95d9df3af911ca4d7592"", ""cf7888ab2a613ee32075"", ""e83241a47520d7b1de79""]",56870,True,ABSTAINED,False,False,True,1
v4_final_capsule_random_18,capsule_random,6,B4,,"[""6281ca49138498de308f"", ""730ee3705000afad3535"", ""09a4b55e8f6cb8f50642"", ""95d9df3af911ca4d7592"", ""cf7888ab2a613ee32075"", ""e83241a47520d7b1de79""]",56870,True,ABSTAINED,False,False,True,1
v4_final_capsule_random_18,capsule_random,6,B4_normal,,"[""6281ca49138498de308f"", ""730ee3705000afad3535"", ""09a4b55e8f6cb8f50642"", ""95d9df3af911ca4d7592"", ""cf7888ab2a613ee32075"", ""e83241a47520d7b1de79""]",56870,True,ABSTAINED,False,False,True,1
v4_final_capsule_random_18,capsule_random,6,B5,,"[""6281ca49138498de308f"", ""730ee3705000afad3535"", ""09a4b55e8f6cb8f50642"", ""95d9df3af911ca4d7592"", ""cf7888ab2a613ee32075"", ""e83241a47520d7b1de79""]",56870,True,ABSTAINED,False,False,True,1
v4_final_capsule_random_19,capsule_random,1,B0,,"[""76ae75f517fca7fb73c0""]",9100,True,ABSTAINED,False,False,False,0
v4_final_capsule_random_19,capsule_random,1,B1,,"[""76ae75f517fca7fb73c0""]",9100,True,ABSTAINED,False,False,False,0
v4_final_capsule_random_19,capsule_random,1,B2,,"[""76ae75f517fca7fb73c0""]",9100,True,ABSTAINED,False,False,False,0
v4_final_capsule_random_19,capsule_random,1,B3,,"[""76ae75f517fca7fb73c0""]",9100,True,ABSTAINED,False,False,False,0
v4_final_capsule_random_19,capsule_random,1,B4,,"[""76ae75f517fca7fb73c0""]",9100,True,ABSTAINED,False,False,False,0
v4_final_capsule_random_19,capsule_random,1,B4_normal,,"[""76ae75f517fca7fb73c0""]",9100,True,ABSTAINED,False,False,False,0
v4_final_capsule_random_19,capsule_random,1,B5,,"[""76ae75f517fca7fb73c0""]",9100,True,ABSTAINED,False,False,False,0
v4_final_capsule_random_19,capsule_random,3,B0,,"[""76ae75f517fca7fb73c0"", ""acdc6b5995585a47595c"", ""70f6900f61938b37a96b""]",27830,True,ABSTAINED,False,False,False,0
v4_final_capsule_random_19,capsule_random,3,B1,,"[""76ae75f517fca7fb73c0"", ""acdc6b5995585a47595c"", ""70f6900f61938b37a96b""]",27830,True,ABSTAINED,False,False,False,0
v4_final_capsule_random_19,capsule_random,3,B2,,"[""76ae75f517fca7fb73c0"", ""acdc6b5995585a47595c"", ""70f6900f61938b37a96b""]",27830,True,ABSTAINED,False,False,False,0
v4_final_capsule_random_19,capsule_random,3,B3,,"[""76ae75f517fca7fb73c0"", ""acdc6b5995585a47595c"", ""70f6900f61938b37a96b""]",27830,True,ABSTAINED,False,False,False,0
v4_final_capsule_random_19,capsule_random,3,B4,,"[""76ae75f517fca7fb73c0"", ""acdc6b5995585a47595c"", ""70f6900f61938b37a96b""]",27830,True,ABSTAINED,False,False,False,0
v4_final_capsule_random_19,capsule_random,3,B4_normal,,"[""76ae75f517fca7fb73c0"", ""acdc6b5995585a47595c"", ""70f6900f61938b37a96b""]",27830,True,ABSTAINED,False,False,False,0
v4_final_capsule_random_19,capsule_random,3,B5,,"[""76ae75f517fca7fb73c0"", ""acdc6b5995585a47595c"", ""70f6900f61938b37a96b""]",27830,True,ABSTAINED,False,False,False,0
v4_final_capsule_random_19,capsule_random,6,B0,,"[""76ae75f517fca7fb73c0"", ""acdc6b5995585a47595c"", ""70f6900f61938b37a96b"", ""29764b351ee93f86071e"", ""c859e6aacb2e3b8c4883"", ""d39f0d6a40bb1b7aa705""]",56000,True,ABSTAINED,False,False,True,1
v4_final_capsule_random_19,capsule_random,6,B1,,"[""76ae75f517fca7fb73c0"", ""acdc6b5995585a47595c"", ""70f6900f61938b37a96b"", ""29764b351ee93f86071e"", ""c859e6aacb2e3b8c4883"", ""d39f0d6a40bb1b7aa705""]",56000,True,ABSTAINED,False,False,True,1
v4_final_capsule_random_19,capsule_random,6,B2,,"[""76ae75f517fca7fb73c0"", ""acdc6b5995585a47595c"", ""70f6900f61938b37a96b"", ""29764b351ee93f86071e"", ""c859e6aacb2e3b8c4883"", ""d39f0d6a40bb1b7aa705""]",56000,True,ABSTAINED,False,False,True,1
v4_final_capsule_random_19,capsule_random,6,B3,,"[""76ae75f517fca7fb73c0"", ""acdc6b5995585a47595c"", ""70f6900f61938b37a96b"", ""29764b351ee93f86071e"", ""c859e6aacb2e3b8c4883"", ""d39f0d6a40bb1b7aa705""]",56000,True,ABSTAINED,False,False,True,1
v4_final_capsule_random_19,capsule_random,6,B4,,"[""76ae75f517fca7fb73c0"", ""acdc6b5995585a47595c"", ""70f6900f61938b37a96b"", ""29764b351ee93f86071e"", ""c859e6aacb2e3b8c4883"", ""d39f0d6a40bb1b7aa705""]",56000,True,ABSTAINED,False,False,True,1
v4_final_capsule_random_19,capsule_random,6,B4_normal,,"[""76ae75f517fca7fb73c0"", ""acdc6b5995585a47595c"", ""70f6900f61938b37a96b"", ""29764b351ee93f86071e"", ""c859e6aacb2e3b8c4883"", ""d39f0d6a40bb1b7aa705""]",56000,True,ABSTAINED,False,False,True,1
v4_final_capsule_random_19,capsule_random,6,B5,,"[""76ae75f517fca7fb73c0"", ""acdc6b5995585a47595c"", ""70f6900f61938b37a96b"", ""29764b351ee93f86071e"", ""c859e6aacb2e3b8c4883"", ""d39f0d6a40bb1b7aa705""]",56000,True,ABSTAINED,False,False,True,1
v4_final_cube_random_00,cube_random,1,B0,,"[""8a986a3f490ce2a26d51""]",15200,True,ABSTAINED,False,False,False,0
v4_final_cube_random_00,cube_random,1,B1,,"[""8a986a3f490ce2a26d51""]",15200,True,ABSTAINED,False,False,False,0
v4_final_cube_random_00,cube_random,1,B2,,"[""8a986a3f490ce2a26d51""]",15200,True,ABSTAINED,False,False,False,0
v4_final_cube_random_00,cube_random,1,B3,,"[""8a986a3f490ce2a26d51""]",15200,True,ABSTAINED,False,False,False,0
v4_final_cube_random_00,cube_random,1,B4,,"[""8a986a3f490ce2a26d51""]",15200,True,ABSTAINED,False,False,False,0
v4_final_cube_random_00,cube_random,1,B4_normal,,"[""8a986a3f490ce2a26d51""]",15200,True,ABSTAINED,False,False,False,0
v4_final_cube_random_00,cube_random,1,B5,,"[""8a986a3f490ce2a26d51""]",15200,True,ABSTAINED,False,False,False,0
v4_final_cube_random_00,cube_random,3,B0,,"[""8a986a3f490ce2a26d51"", ""e9bc2be7f4b3173eadcd"", ""fb3f7efc81a788d7e41d""]",45800,True,ABSTAINED,False,False,False,0
v4_final_cube_random_00,cube_random,3,B1,,"[""8a986a3f490ce2a26d51"", ""e9bc2be7f4b3173eadcd"", ""fb3f7efc81a788d7e41d""]",45800,True,ABSTAINED,False,False,False,0
v4_final_cube_random_00,cube_random,3,B2,,"[""8a986a3f490ce2a26d51"", ""e9bc2be7f4b3173eadcd"", ""fb3f7efc81a788d7e41d""]",45800,True,ABSTAINED,False,False,False,0
v4_final_cube_random_00,cube_random,3,B3,,"[""8a986a3f490ce2a26d51"", ""e9bc2be7f4b3173eadcd"", ""fb3f7efc81a788d7e41d""]",45800,True,ABSTAINED,False,False,False,0
v4_final_cube_random_00,cube_random,3,B4,,"[""8a986a3f490ce2a26d51"", ""e9bc2be7f4b3173eadcd"", ""fb3f7efc81a788d7e41d""]",45800,True,ABSTAINED,False,False,False,0
v4_final_cube_random_00,cube_random,3,B4_normal,,"[""8a986a3f490ce2a26d51"", ""e9bc2be7f4b3173eadcd"", ""fb3f7efc81a788d7e41d""]",45800,True,ABSTAINED,False,False,False,0
v4_final_cube_random_00,cube_random,3,B5,,"[""8a986a3f490ce2a26d51"", ""e9bc2be7f4b3173eadcd"", ""fb3f7efc81a788d7e41d""]",45800,True,ABSTAINED,False,False,False,0
v4_final_cube_random_00,cube_random,6,B0,616d4e7d63101f67d658,"[""8a986a3f490ce2a26d51"", ""e9bc2be7f4b3173eadcd"", ""fb3f7efc81a788d7e41d"", ""8b6c09eec51b72891425"", ""616d4e7d63101f67d658"", ""16e690a49a436b6a3224""]",92300,False,VALID,False,False,False,0
v4_final_cube_random_00,cube_random,6,B1,616d4e7d63101f67d658,"[""8a986a3f490ce2a26d51"", ""e9bc2be7f4b3173eadcd"", ""fb3f7efc81a788d7e41d"", ""8b6c09eec51b72891425"", ""616d4e7d63101f67d658"", ""16e690a49a436b6a3224""]",92300,False,VALID,False,False,False,0
v4_final_cube_random_00,cube_random,6,B2,,"[""8a986a3f490ce2a26d51"", ""e9bc2be7f4b3173eadcd"", ""fb3f7efc81a788d7e41d"", ""8b6c09eec51b72891425"", ""616d4e7d63101f67d658"", ""16e690a49a436b6a3224""]",92300,True,ABSTAINED,False,False,False,0
v4_final_cube_random_00,cube_random,6,B3,,"[""8a986a3f490ce2a26d51"", ""e9bc2be7f4b3173eadcd"", ""fb3f7efc81a788d7e41d"", ""8b6c09eec51b72891425"", ""616d4e7d63101f67d658"", ""16e690a49a436b6a3224""]",92300,True,ABSTAINED,False,False,False,0
v4_final_cube_random_00,cube_random,6,B4,,"[""8a986a3f490ce2a26d51"", ""e9bc2be7f4b3173eadcd"", ""fb3f7efc81a788d7e41d"", ""8b6c09eec51b72891425"", ""616d4e7d63101f67d658"", ""16e690a49a436b6a3224""]",92300,True,ABSTAINED,False,False,False,0
v4_final_cube_random_00,cube_random,6,B4_normal,,"[""8a986a3f490ce2a26d51"", ""e9bc2be7f4b3173eadcd"", ""fb3f7efc81a788d7e41d"", ""8b6c09eec51b72891425"", ""616d4e7d63101f67d658"", ""16e690a49a436b6a3224""]",92300,True,ABSTAINED,False,False,False,0
v4_final_cube_random_00,cube_random,6,B5,,"[""8a986a3f490ce2a26d51"", ""e9bc2be7f4b3173eadcd"", ""fb3f7efc81a788d7e41d"", ""8b6c09eec51b72891425"", ""616d4e7d63101f67d658"", ""16e690a49a436b6a3224""]",92300,True,ABSTAINED,False,False,False,0
v4_final_cube_random_01,cube_random,1,B0,,"[""cd8789e2a1a70510c995""]",15200,True,ABSTAINED,False,False,False,0
v4_final_cube_random_01,cube_random,1,B1,,"[""cd8789e2a1a70510c995""]",15200,True,ABSTAINED,False,False,False,0
v4_final_cube_random_01,cube_random,1,B2,,"[""cd8789e2a1a70510c995""]",15200,True,ABSTAINED,False,False,False,0
v4_final_cube_random_01,cube_random,1,B3,,"[""cd8789e2a1a70510c995""]",15200,True,ABSTAINED,False,False,False,0
v4_final_cube_random_01,cube_random,1,B4,,"[""cd8789e2a1a70510c995""]",15200,True,ABSTAINED,False,False,False,0
v4_final_cube_random_01,cube_random,1,B4_normal,,"[""cd8789e2a1a70510c995""]",15200,True,ABSTAINED,False,False,False,0
v4_final_cube_random_01,cube_random,1,B5,,"[""cd8789e2a1a70510c995""]",15200,True,ABSTAINED,False,False,False,0
v4_final_cube_random_01,cube_random,3,B0,,"[""cd8789e2a1a70510c995"", ""e148407040e4a9ea9807"", ""badca89c99214ed71975""]",45800,True,ABSTAINED,False,False,False,0
v4_final_cube_random_01,cube_random,3,B1,,"[""cd8789e2a1a70510c995"", ""e148407040e4a9ea9807"", ""badca89c99214ed71975""]",45800,True,ABSTAINED,False,False,False,0
v4_final_cube_random_01,cube_random,3,B2,,"[""cd8789e2a1a70510c995"", ""e148407040e4a9ea9807"", ""badca89c99214ed71975""]",45800,True,ABSTAINED,False,False,False,0
v4_final_cube_random_01,cube_random,3,B3,,"[""cd8789e2a1a70510c995"", ""e148407040e4a9ea9807"", ""badca89c99214ed71975""]",45800,True,ABSTAINED,False,False,False,0
v4_final_cube_random_01,cube_random,3,B4,,"[""cd8789e2a1a70510c995"", ""e148407040e4a9ea9807"", ""badca89c99214ed71975""]",45800,True,ABSTAINED,False,False,False,0
v4_final_cube_random_01,cube_random,3,B4_normal,,"[""cd8789e2a1a70510c995"", ""e148407040e4a9ea9807"", ""badca89c99214ed71975""]",45800,True,ABSTAINED,False,False,False,0
v4_final_cube_random_01,cube_random,3,B5,,"[""cd8789e2a1a70510c995"", ""e148407040e4a9ea9807"", ""badca89c99214ed71975""]",45800,True,ABSTAINED,False,False,False,0
v4_final_cube_random_01,cube_random,6,B0,,"[""cd8789e2a1a70510c995"", ""e148407040e4a9ea9807"", ""badca89c99214ed71975"", ""c4fd205bccfa5236658a"", ""3c7bd6ea24fa8508537f"", ""ac9b4dce8567f9a65fb5""]",92300,True,ABSTAINED,False,False,False,0
v4_final_cube_random_01,cube_random,6,B1,,"[""cd8789e2a1a70510c995"", ""e148407040e4a9ea9807"", ""badca89c99214ed71975"", ""c4fd205bccfa5236658a"", ""3c7bd6ea24fa8508537f"", ""ac9b4dce8567f9a65fb5""]",92300,True,ABSTAINED,False,False,False,0
v4_final_cube_random_01,cube_random,6,B2,,"[""cd8789e2a1a70510c995"", ""e148407040e4a9ea9807"", ""badca89c99214ed71975"", ""c4fd205bccfa5236658a"", ""3c7bd6ea24fa8508537f"", ""ac9b4dce8567f9a65fb5""]",92300,True,ABSTAINED,False,False,False,0
v4_final_cube_random_01,cube_random,6,B3,,"[""cd8789e2a1a70510c995"", ""e148407040e4a9ea9807"", ""badca89c99214ed71975"", ""c4fd205bccfa5236658a"", ""3c7bd6ea24fa8508537f"", ""ac9b4dce8567f9a65fb5""]",92300,True,ABSTAINED,False,False,False,0
v4_final_cube_random_01,cube_random,6,B4,,"[""cd8789e2a1a70510c995"", ""e148407040e4a9ea9807"", ""badca89c99214ed71975"", ""c4fd205bccfa5236658a"", ""3c7bd6ea24fa8508537f"", ""ac9b4dce8567f9a65fb5""]",92300,True,ABSTAINED,False,False,False,0
v4_final_cube_random_01,cube_random,6,B4_normal,,"[""cd8789e2a1a70510c995"", ""e148407040e4a9ea9807"", ""badca89c99214ed71975"", ""c4fd205bccfa5236658a"", ""3c7bd6ea24fa8508537f"", ""ac9b4dce8567f9a65fb5""]",92300,True,ABSTAINED,False,False,False,0
v4_final_cube_random_01,cube_random,6,B5,,"[""cd8789e2a1a70510c995"", ""e148407040e4a9ea9807"", ""badca89c99214ed71975"", ""c4fd205bccfa5236658a"", ""3c7bd6ea24fa8508537f"", ""ac9b4dce8567f9a65fb5""]",92300,True,ABSTAINED,False,False,False,0
v4_final_cube_random_02,cube_random,1,B0,,"[""6605255cc204e66d33a0""]",15200,True,ABSTAINED,False,False,True,1
v4_final_cube_random_02,cube_random,1,B1,,"[""6605255cc204e66d33a0""]",15200,True,ABSTAINED,False,False,True,1
v4_final_cube_random_02,cube_random,1,B2,,"[""6605255cc204e66d33a0""]",15200,True,ABSTAINED,False,False,True,1
v4_final_cube_random_02,cube_random,1,B3,,"[""6605255cc204e66d33a0""]",15200,True,ABSTAINED,False,False,True,1
v4_final_cube_random_02,cube_random,1,B4,,"[""6605255cc204e66d33a0""]",15200,True,ABSTAINED,False,False,True,1
v4_final_cube_random_02,cube_random,1,B4_normal,,"[""6605255cc204e66d33a0""]",15200,True,ABSTAINED,False,False,True,1
v4_final_cube_random_02,cube_random,1,B5,,"[""6605255cc204e66d33a0""]",15200,True,ABSTAINED,False,False,True,1
v4_final_cube_random_02,cube_random,3,B0,b7372a89423b1602c314,"[""6605255cc204e66d33a0"", ""b7372a89423b1602c314"", ""b6d2050e27664d529719""]",45800,False,VALID,True,True,True,0
v4_final_cube_random_02,cube_random,3,B1,b7372a89423b1602c314,"[""6605255cc204e66d33a0"", ""b7372a89423b1602c314"", ""b6d2050e27664d529719""]",45800,False,VALID,True,True,True,0
v4_final_cube_random_02,cube_random,3,B2,,"[""6605255cc204e66d33a0"", ""b7372a89423b1602c314"", ""b6d2050e27664d529719""]",45800,True,ABSTAINED,False,False,True,1
v4_final_cube_random_02,cube_random,3,B3,,"[""6605255cc204e66d33a0"", ""b7372a89423b1602c314"", ""b6d2050e27664d529719""]",45800,True,ABSTAINED,False,False,True,1
v4_final_cube_random_02,cube_random,3,B4,,"[""6605255cc204e66d33a0"", ""b7372a89423b1602c314"", ""b6d2050e27664d529719""]",45800,True,ABSTAINED,False,False,True,1
v4_final_cube_random_02,cube_random,3,B4_normal,,"[""6605255cc204e66d33a0"", ""b7372a89423b1602c314"", ""b6d2050e27664d529719""]",45800,True,ABSTAINED,False,False,True,1
v4_final_cube_random_02,cube_random,3,B5,,"[""6605255cc204e66d33a0"", ""b7372a89423b1602c314"", ""b6d2050e27664d529719""]",45800,True,ABSTAINED,False,False,True,1
v4_final_cube_random_02,cube_random,6,B0,b7372a89423b1602c314,"[""6605255cc204e66d33a0"", ""b7372a89423b1602c314"", ""b6d2050e27664d529719"", ""ddeffee6a3d9093cbb19"", ""b478fd5b88d2748bd99a"", ""26df9c982cc093c02f75""]",92300,False,VALID,True,True,True,0
v4_final_cube_random_02,cube_random,6,B1,b7372a89423b1602c314,"[""6605255cc204e66d33a0"", ""b7372a89423b1602c314"", ""b6d2050e27664d529719"", ""ddeffee6a3d9093cbb19"", ""b478fd5b88d2748bd99a"", ""26df9c982cc093c02f75""]",92300,False,VALID,True,True,True,0
v4_final_cube_random_02,cube_random,6,B2,,"[""6605255cc204e66d33a0"", ""b7372a89423b1602c314"", ""b6d2050e27664d529719"", ""ddeffee6a3d9093cbb19"", ""b478fd5b88d2748bd99a"", ""26df9c982cc093c02f75""]",92300,True,ABSTAINED,False,False,True,1
v4_final_cube_random_02,cube_random,6,B3,,"[""6605255cc204e66d33a0"", ""b7372a89423b1602c314"", ""b6d2050e27664d529719"", ""ddeffee6a3d9093cbb19"", ""b478fd5b88d2748bd99a"", ""26df9c982cc093c02f75""]",92300,True,ABSTAINED,False,False,True,1
v4_final_cube_random_02,cube_random,6,B4,,"[""6605255cc204e66d33a0"", ""b7372a89423b1602c314"", ""b6d2050e27664d529719"", ""ddeffee6a3d9093cbb19"", ""b478fd5b88d2748bd99a"", ""26df9c982cc093c02f75""]",92300,True,ABSTAINED,False,False,True,1
v4_final_cube_random_02,cube_random,6,B4_normal,,"[""6605255cc204e66d33a0"", ""b7372a89423b1602c314"", ""b6d2050e27664d529719"", ""ddeffee6a3d9093cbb19"", ""b478fd5b88d2748bd99a"", ""26df9c982cc093c02f75""]",92300,True,ABSTAINED,False,False,True,1
v4_final_cube_random_02,cube_random,6,B5,,"[""6605255cc204e66d33a0"", ""b7372a89423b1602c314"", ""b6d2050e27664d529719"", ""ddeffee6a3d9093cbb19"", ""b478fd5b88d2748bd99a"", ""26df9c982cc093c02f75""]",92300,True,ABSTAINED,False,False,True,1
v4_final_cube_random_03,cube_random,1,B0,8108a1bc789f4a903007,"[""8108a1bc789f4a903007""]",15200,False,VALID,False,False,False,0
v4_final_cube_random_03,cube_random,1,B1,8108a1bc789f4a903007,"[""8108a1bc789f4a903007""]",15200,False,VALID,False,False,False,0
v4_final_cube_random_03,cube_random,1,B2,,"[""8108a1bc789f4a903007""]",15200,True,ABSTAINED,False,False,False,0
v4_final_cube_random_03,cube_random,1,B3,,"[""8108a1bc789f4a903007""]",15200,True,ABSTAINED,False,False,False,0
v4_final_cube_random_03,cube_random,1,B4,,"[""8108a1bc789f4a903007""]",15200,True,ABSTAINED,False,False,False,0
v4_final_cube_random_03,cube_random,1,B4_normal,,"[""8108a1bc789f4a903007""]",15200,True,ABSTAINED,False,False,False,0
v4_final_cube_random_03,cube_random,1,B5,,"[""8108a1bc789f4a903007""]",15200,True,ABSTAINED,False,False,False,0
v4_final_cube_random_03,cube_random,3,B0,8108a1bc789f4a903007,"[""8108a1bc789f4a903007"", ""ed0a621c0d26e4f5a82c"", ""d598f58a8723623f993c""]",45800,False,VALID,False,False,False,0
v4_final_cube_random_03,cube_random,3,B1,8108a1bc789f4a903007,"[""8108a1bc789f4a903007"", ""ed0a621c0d26e4f5a82c"", ""d598f58a8723623f993c""]",45800,False,VALID,False,False,False,0
v4_final_cube_random_03,cube_random,3,B2,,"[""8108a1bc789f4a903007"", ""ed0a621c0d26e4f5a82c"", ""d598f58a8723623f993c""]",45800,True,ABSTAINED,False,False,False,0
v4_final_cube_random_03,cube_random,3,B3,,"[""8108a1bc789f4a903007"", ""ed0a621c0d26e4f5a82c"", ""d598f58a8723623f993c""]",45800,True,ABSTAINED,False,False,False,0
v4_final_cube_random_03,cube_random,3,B4,,"[""8108a1bc789f4a903007"", ""ed0a621c0d26e4f5a82c"", ""d598f58a8723623f993c""]",45800,True,ABSTAINED,False,False,False,0
v4_final_cube_random_03,cube_random,3,B4_normal,,"[""8108a1bc789f4a903007"", ""ed0a621c0d26e4f5a82c"", ""d598f58a8723623f993c""]",45800,True,ABSTAINED,False,False,False,0
v4_final_cube_random_03,cube_random,3,B5,,"[""8108a1bc789f4a903007"", ""ed0a621c0d26e4f5a82c"", ""d598f58a8723623f993c""]",45800,True,ABSTAINED,False,False,False,0
v4_final_cube_random_03,cube_random,6,B0,8108a1bc789f4a903007,"[""8108a1bc789f4a903007"", ""ed0a621c0d26e4f5a82c"", ""d598f58a8723623f993c"", ""6207f3e78923f52d790d"", ""0cbfb2e8787cd9a7ce81"", ""7532d578b95516d91704""]",92300,False,VALID,False,False,False,0
v4_final_cube_random_03,cube_random,6,B1,8108a1bc789f4a903007,"[""8108a1bc789f4a903007"", ""ed0a621c0d26e4f5a82c"", ""d598f58a8723623f993c"", ""6207f3e78923f52d790d"", ""0cbfb2e8787cd9a7ce81"", ""7532d578b95516d91704""]",92300,False,VALID,False,False,False,0
v4_final_cube_random_03,cube_random,6,B2,,"[""8108a1bc789f4a903007"", ""ed0a621c0d26e4f5a82c"", ""d598f58a8723623f993c"", ""6207f3e78923f52d790d"", ""0cbfb2e8787cd9a7ce81"", ""7532d578b95516d91704""]",92300,True,ABSTAINED,False,False,False,0
v4_final_cube_random_03,cube_random,6,B3,,"[""8108a1bc789f4a903007"", ""ed0a621c0d26e4f5a82c"", ""d598f58a8723623f993c"", ""6207f3e78923f52d790d"", ""0cbfb2e8787cd9a7ce81"", ""7532d578b95516d91704""]",92300,True,ABSTAINED,False,False,False,0
v4_final_cube_random_03,cube_random,6,B4,,"[""8108a1bc789f4a903007"", ""ed0a621c0d26e4f5a82c"", ""d598f58a8723623f993c"", ""6207f3e78923f52d790d"", ""0cbfb2e8787cd9a7ce81"", ""7532d578b95516d91704""]",92300,True,ABSTAINED,False,False,False,0
v4_final_cube_random_03,cube_random,6,B4_normal,,"[""8108a1bc789f4a903007"", ""ed0a621c0d26e4f5a82c"", ""d598f58a8723623f993c"", ""6207f3e78923f52d790d"", ""0cbfb2e8787cd9a7ce81"", ""7532d578b95516d91704""]",92300,True,ABSTAINED,False,False,False,0
v4_final_cube_random_03,cube_random,6,B5,,"[""8108a1bc789f4a903007"", ""ed0a621c0d26e4f5a82c"", ""d598f58a8723623f993c"", ""6207f3e78923f52d790d"", ""0cbfb2e8787cd9a7ce81"", ""7532d578b95516d91704""]",92300,True,ABSTAINED,False,False,False,0
v4_final_cube_random_04,cube_random,1,B0,dd274ad611a924393bb2,"[""dd274ad611a924393bb2""]",15200,False,VALID,False,False,False,0
v4_final_cube_random_04,cube_random,1,B1,dd274ad611a924393bb2,"[""dd274ad611a924393bb2""]",15200,False,VALID,False,False,False,0
v4_final_cube_random_04,cube_random,1,B2,,"[""dd274ad611a924393bb2""]",15200,True,ABSTAINED,False,False,False,0
v4_final_cube_random_04,cube_random,1,B3,,"[""dd274ad611a924393bb2""]",15200,True,ABSTAINED,False,False,False,0
v4_final_cube_random_04,cube_random,1,B4,,"[""dd274ad611a924393bb2""]",15200,True,ABSTAINED,False,False,False,0
v4_final_cube_random_04,cube_random,1,B4_normal,,"[""dd274ad611a924393bb2""]",15200,True,ABSTAINED,False,False,False,0
v4_final_cube_random_04,cube_random,1,B5,,"[""dd274ad611a924393bb2""]",15200,True,ABSTAINED,False,False,False,0
v4_final_cube_random_04,cube_random,3,B0,dd274ad611a924393bb2,"[""dd274ad611a924393bb2"", ""346dfc455d0975498638"", ""410d42bbec8d9aca2669""]",45800,False,VALID,False,False,False,0
v4_final_cube_random_04,cube_random,3,B1,dd274ad611a924393bb2,"[""dd274ad611a924393bb2"", ""346dfc455d0975498638"", ""410d42bbec8d9aca2669""]",45800,False,VALID,False,False,False,0
v4_final_cube_random_04,cube_random,3,B2,,"[""dd274ad611a924393bb2"", ""346dfc455d0975498638"", ""410d42bbec8d9aca2669""]",45800,True,ABSTAINED,False,False,False,0
v4_final_cube_random_04,cube_random,3,B3,,"[""dd274ad611a924393bb2"", ""346dfc455d0975498638"", ""410d42bbec8d9aca2669""]",45800,True,ABSTAINED,False,False,False,0
v4_final_cube_random_04,cube_random,3,B4,,"[""dd274ad611a924393bb2"", ""346dfc455d0975498638"", ""410d42bbec8d9aca2669""]",45800,True,ABSTAINED,False,False,False,0
v4_final_cube_random_04,cube_random,3,B4_normal,,"[""dd274ad611a924393bb2"", ""346dfc455d0975498638"", ""410d42bbec8d9aca2669""]",45800,True,ABSTAINED,False,False,False,0
v4_final_cube_random_04,cube_random,3,B5,,"[""dd274ad611a924393bb2"", ""346dfc455d0975498638"", ""410d42bbec8d9aca2669""]",45800,True,ABSTAINED,False,False,False,0
v4_final_cube_random_04,cube_random,6,B0,dd274ad611a924393bb2,"[""dd274ad611a924393bb2"", ""346dfc455d0975498638"", ""410d42bbec8d9aca2669"", ""f2d9913299acfefa7136"", ""ac306ca4a01865423867"", ""eb08d7ae902cdb515bdc""]",92300,False,VALID,False,False,False,0
v4_final_cube_random_04,cube_random,6,B1,dd274ad611a924393bb2,"[""dd274ad611a924393bb2"", ""346dfc455d0975498638"", ""410d42bbec8d9aca2669"", ""f2d9913299acfefa7136"", ""ac306ca4a01865423867"", ""eb08d7ae902cdb515bdc""]",92300,False,VALID,False,False,False,0
v4_final_cube_random_04,cube_random,6,B2,,"[""dd274ad611a924393bb2"", ""346dfc455d0975498638"", ""410d42bbec8d9aca2669"", ""f2d9913299acfefa7136"", ""ac306ca4a01865423867"", ""eb08d7ae902cdb515bdc""]",92300,True,ABSTAINED,False,False,False,0
v4_final_cube_random_04,cube_random,6,B3,,"[""dd274ad611a924393bb2"", ""346dfc455d0975498638"", ""410d42bbec8d9aca2669"", ""f2d9913299acfefa7136"", ""ac306ca4a01865423867"", ""eb08d7ae902cdb515bdc""]",92300,True,ABSTAINED,False,False,False,0
v4_final_cube_random_04,cube_random,6,B4,,"[""dd274ad611a924393bb2"", ""346dfc455d0975498638"", ""410d42bbec8d9aca2669"", ""f2d9913299acfefa7136"", ""ac306ca4a01865423867"", ""eb08d7ae902cdb515bdc""]",92300,True,ABSTAINED,False,False,False,0
v4_final_cube_random_04,cube_random,6,B4_normal,,"[""dd274ad611a924393bb2"", ""346dfc455d0975498638"", ""410d42bbec8d9aca2669"", ""f2d9913299acfefa7136"", ""ac306ca4a01865423867"", ""eb08d7ae902cdb515bdc""]",92300,True,ABSTAINED,False,False,False,0
v4_final_cube_random_04,cube_random,6,B5,,"[""dd274ad611a924393bb2"", ""346dfc455d0975498638"", ""410d42bbec8d9aca2669"", ""f2d9913299acfefa7136"", ""ac306ca4a01865423867"", ""eb08d7ae902cdb515bdc""]",92300,True,ABSTAINED,False,False,False,0
v4_final_cube_random_05,cube_random,1,B0,f7b948188a6bf57d5fc3,"[""f7b948188a6bf57d5fc3""]",15200,False,VALID,False,False,False,0
v4_final_cube_random_05,cube_random,1,B1,f7b948188a6bf57d5fc3,"[""f7b948188a6bf57d5fc3""]",15200,False,VALID,False,False,False,0
v4_final_cube_random_05,cube_random,1,B2,,"[""f7b948188a6bf57d5fc3""]",15200,True,ABSTAINED,False,False,False,0
v4_final_cube_random_05,cube_random,1,B3,,"[""f7b948188a6bf57d5fc3""]",15200,True,ABSTAINED,False,False,False,0
v4_final_cube_random_05,cube_random,1,B4,,"[""f7b948188a6bf57d5fc3""]",15200,True,ABSTAINED,False,False,False,0
v4_final_cube_random_05,cube_random,1,B4_normal,,"[""f7b948188a6bf57d5fc3""]",15200,True,ABSTAINED,False,False,False,0
v4_final_cube_random_05,cube_random,1,B5,,"[""f7b948188a6bf57d5fc3""]",15200,True,ABSTAINED,False,False,False,0
v4_final_cube_random_05,cube_random,3,B0,f7b948188a6bf57d5fc3,"[""f7b948188a6bf57d5fc3"", ""e69100346bca78243a37"", ""f86ce96ffee20256cf41""]",45800,False,VALID,False,False,False,0
v4_final_cube_random_05,cube_random,3,B1,f7b948188a6bf57d5fc3,"[""f7b948188a6bf57d5fc3"", ""e69100346bca78243a37"", ""f86ce96ffee20256cf41""]",45800,False,VALID,False,False,False,0
v4_final_cube_random_05,cube_random,3,B2,,"[""f7b948188a6bf57d5fc3"", ""e69100346bca78243a37"", ""f86ce96ffee20256cf41""]",45800,True,ABSTAINED,False,False,False,0
v4_final_cube_random_05,cube_random,3,B3,,"[""f7b948188a6bf57d5fc3"", ""e69100346bca78243a37"", ""f86ce96ffee20256cf41""]",45800,True,ABSTAINED,False,False,False,0
v4_final_cube_random_05,cube_random,3,B4,,"[""f7b948188a6bf57d5fc3"", ""e69100346bca78243a37"", ""f86ce96ffee20256cf41""]",45800,True,ABSTAINED,False,False,False,0
v4_final_cube_random_05,cube_random,3,B4_normal,,"[""f7b948188a6bf57d5fc3"", ""e69100346bca78243a37"", ""f86ce96ffee20256cf41""]",45800,True,ABSTAINED,False,False,False,0
v4_final_cube_random_05,cube_random,3,B5,,"[""f7b948188a6bf57d5fc3"", ""e69100346bca78243a37"", ""f86ce96ffee20256cf41""]",45800,True,ABSTAINED,False,False,False,0
v4_final_cube_random_05,cube_random,6,B0,f7b948188a6bf57d5fc3,"[""f7b948188a6bf57d5fc3"", ""e69100346bca78243a37"", ""f86ce96ffee20256cf41"", ""0d5532befeb84a33e720"", ""6a9ed5c450b45d05bfcd"", ""b0cc933b4dc0f23f22d6""]",92300,False,VALID,False,False,False,0
v4_final_cube_random_05,cube_random,6,B1,f7b948188a6bf57d5fc3,"[""f7b948188a6bf57d5fc3"", ""e69100346bca78243a37"", ""f86ce96ffee20256cf41"", ""0d5532befeb84a33e720"", ""6a9ed5c450b45d05bfcd"", ""b0cc933b4dc0f23f22d6""]",92300,False,VALID,False,False,False,0
v4_final_cube_random_05,cube_random,6,B2,,"[""f7b948188a6bf57d5fc3"", ""e69100346bca78243a37"", ""f86ce96ffee20256cf41"", ""0d5532befeb84a33e720"", ""6a9ed5c450b45d05bfcd"", ""b0cc933b4dc0f23f22d6""]",92300,True,ABSTAINED,False,False,False,0
v4_final_cube_random_05,cube_random,6,B3,,"[""f7b948188a6bf57d5fc3"", ""e69100346bca78243a37"", ""f86ce96ffee20256cf41"", ""0d5532befeb84a33e720"", ""6a9ed5c450b45d05bfcd"", ""b0cc933b4dc0f23f22d6""]",92300,True,ABSTAINED,False,False,False,0
v4_final_cube_random_05,cube_random,6,B4,,"[""f7b948188a6bf57d5fc3"", ""e69100346bca78243a37"", ""f86ce96ffee20256cf41"", ""0d5532befeb84a33e720"", ""6a9ed5c450b45d05bfcd"", ""b0cc933b4dc0f23f22d6""]",92300,True,ABSTAINED,False,False,False,0
v4_final_cube_random_05,cube_random,6,B4_normal,,"[""f7b948188a6bf57d5fc3"", ""e69100346bca78243a37"", ""f86ce96ffee20256cf41"", ""0d5532befeb84a33e720"", ""6a9ed5c450b45d05bfcd"", ""b0cc933b4dc0f23f22d6""]",92300,True,ABSTAINED,False,False,False,0
v4_final_cube_random_05,cube_random,6,B5,,"[""f7b948188a6bf57d5fc3"", ""e69100346bca78243a37"", ""f86ce96ffee20256cf41"", ""0d5532befeb84a33e720"", ""6a9ed5c450b45d05bfcd"", ""b0cc933b4dc0f23f22d6""]",92300,True,ABSTAINED,False,False,False,0
v4_final_cube_random_06,cube_random,1,B0,,"[""292f6e1bdb913f5f7215""]",15200,True,ABSTAINED,False,False,True,1
v4_final_cube_random_06,cube_random,1,B1,,"[""292f6e1bdb913f5f7215""]",15200,True,ABSTAINED,False,False,True,1
v4_final_cube_random_06,cube_random,1,B2,,"[""292f6e1bdb913f5f7215""]",15200,True,ABSTAINED,False,False,True,1
v4_final_cube_random_06,cube_random,1,B3,,"[""292f6e1bdb913f5f7215""]",15200,True,ABSTAINED,False,False,True,1
v4_final_cube_random_06,cube_random,1,B4,,"[""292f6e1bdb913f5f7215""]",15200,True,ABSTAINED,False,False,True,1
v4_final_cube_random_06,cube_random,1,B4_normal,,"[""292f6e1bdb913f5f7215""]",15200,True,ABSTAINED,False,False,True,1
v4_final_cube_random_06,cube_random,1,B5,,"[""292f6e1bdb913f5f7215""]",15200,True,ABSTAINED,False,False,True,1
v4_final_cube_random_06,cube_random,3,B0,1c579f248139c85cb667,"[""292f6e1bdb913f5f7215"", ""1c579f248139c85cb667"", ""0dc7fc3c1d369ffa91f0""]",45800,False,VALID,True,True,True,0
v4_final_cube_random_06,cube_random,3,B1,1c579f248139c85cb667,"[""292f6e1bdb913f5f7215"", ""1c579f248139c85cb667"", ""0dc7fc3c1d369ffa91f0""]",45800,False,VALID,True,True,True,0
v4_final_cube_random_06,cube_random,3,B2,,"[""292f6e1bdb913f5f7215"", ""1c579f248139c85cb667"", ""0dc7fc3c1d369ffa91f0""]",45800,True,ABSTAINED,False,False,True,1
v4_final_cube_random_06,cube_random,3,B3,,"[""292f6e1bdb913f5f7215"", ""1c579f248139c85cb667"", ""0dc7fc3c1d369ffa91f0""]",45800,True,ABSTAINED,False,False,True,1
v4_final_cube_random_06,cube_random,3,B4,,"[""292f6e1bdb913f5f7215"", ""1c579f248139c85cb667"", ""0dc7fc3c1d369ffa91f0""]",45800,True,ABSTAINED,False,False,True,1
v4_final_cube_random_06,cube_random,3,B4_normal,,"[""292f6e1bdb913f5f7215"", ""1c579f248139c85cb667"", ""0dc7fc3c1d369ffa91f0""]",45800,True,ABSTAINED,False,False,True,1
v4_final_cube_random_06,cube_random,3,B5,,"[""292f6e1bdb913f5f7215"", ""1c579f248139c85cb667"", ""0dc7fc3c1d369ffa91f0""]",45800,True,ABSTAINED,False,False,True,1
v4_final_cube_random_06,cube_random,6,B0,1c579f248139c85cb667,"[""292f6e1bdb913f5f7215"", ""1c579f248139c85cb667"", ""0dc7fc3c1d369ffa91f0"", ""97b23f4fd8043eebf881"", ""4653c72cacbd21f0c7f9"", ""9c444474f9ca12770b5b""]",92300,False,VALID,True,True,True,0
v4_final_cube_random_06,cube_random,6,B1,1c579f248139c85cb667,"[""292f6e1bdb913f5f7215"", ""1c579f248139c85cb667"", ""0dc7fc3c1d369ffa91f0"", ""97b23f4fd8043eebf881"", ""4653c72cacbd21f0c7f9"", ""9c444474f9ca12770b5b""]",92300,False,VALID,True,True,True,0
v4_final_cube_random_06,cube_random,6,B2,,"[""292f6e1bdb913f5f7215"", ""1c579f248139c85cb667"", ""0dc7fc3c1d369ffa91f0"", ""97b23f4fd8043eebf881"", ""4653c72cacbd21f0c7f9"", ""9c444474f9ca12770b5b""]",92300,True,ABSTAINED,False,False,True,1
v4_final_cube_random_06,cube_random,6,B3,,"[""292f6e1bdb913f5f7215"", ""1c579f248139c85cb667"", ""0dc7fc3c1d369ffa91f0"", ""97b23f4fd8043eebf881"", ""4653c72cacbd21f0c7f9"", ""9c444474f9ca12770b5b""]",92300,True,ABSTAINED,False,False,True,1
v4_final_cube_random_06,cube_random,6,B4,,"[""292f6e1bdb913f5f7215"", ""1c579f248139c85cb667"", ""0dc7fc3c1d369ffa91f0"", ""97b23f4fd8043eebf881"", ""4653c72cacbd21f0c7f9"", ""9c444474f9ca12770b5b""]",92300,True,ABSTAINED,False,False,True,1
v4_final_cube_random_06,cube_random,6,B4_normal,,"[""292f6e1bdb913f5f7215"", ""1c579f248139c85cb667"", ""0dc7fc3c1d369ffa91f0"", ""97b23f4fd8043eebf881"", ""4653c72cacbd21f0c7f9"", ""9c444474f9ca12770b5b""]",92300,True,ABSTAINED,False,False,True,1
v4_final_cube_random_06,cube_random,6,B5,,"[""292f6e1bdb913f5f7215"", ""1c579f248139c85cb667"", ""0dc7fc3c1d369ffa91f0"", ""97b23f4fd8043eebf881"", ""4653c72cacbd21f0c7f9"", ""9c444474f9ca12770b5b""]",92300,True,ABSTAINED,False,False,True,1
v4_final_cube_random_07,cube_random,1,B0,,"[""a0dd8781be9424fdeadf""]",15200,True,ABSTAINED,False,False,True,1
v4_final_cube_random_07,cube_random,1,B1,,"[""a0dd8781be9424fdeadf""]",15200,True,ABSTAINED,False,False,True,1
v4_final_cube_random_07,cube_random,1,B2,,"[""a0dd8781be9424fdeadf""]",15200,True,ABSTAINED,False,False,True,1
v4_final_cube_random_07,cube_random,1,B3,,"[""a0dd8781be9424fdeadf""]",15200,True,ABSTAINED,False,False,True,1
v4_final_cube_random_07,cube_random,1,B4,,"[""a0dd8781be9424fdeadf""]",15200,True,ABSTAINED,False,False,True,1
v4_final_cube_random_07,cube_random,1,B4_normal,,"[""a0dd8781be9424fdeadf""]",15200,True,ABSTAINED,False,False,True,1
v4_final_cube_random_07,cube_random,1,B5,,"[""a0dd8781be9424fdeadf""]",15200,True,ABSTAINED,False,False,True,1
v4_final_cube_random_07,cube_random,3,B0,,"[""a0dd8781be9424fdeadf"", ""f1ebb5edcda122d08f91"", ""5b6b92cce1f3c96c9a7f""]",45800,True,ABSTAINED,False,False,True,1
v4_final_cube_random_07,cube_random,3,B1,,"[""a0dd8781be9424fdeadf"", ""f1ebb5edcda122d08f91"", ""5b6b92cce1f3c96c9a7f""]",45800,True,ABSTAINED,False,False,True,1
v4_final_cube_random_07,cube_random,3,B2,,"[""a0dd8781be9424fdeadf"", ""f1ebb5edcda122d08f91"", ""5b6b92cce1f3c96c9a7f""]",45800,True,ABSTAINED,False,False,True,1
v4_final_cube_random_07,cube_random,3,B3,,"[""a0dd8781be9424fdeadf"", ""f1ebb5edcda122d08f91"", ""5b6b92cce1f3c96c9a7f""]",45800,True,ABSTAINED,False,False,True,1
v4_final_cube_random_07,cube_random,3,B4,,"[""a0dd8781be9424fdeadf"", ""f1ebb5edcda122d08f91"", ""5b6b92cce1f3c96c9a7f""]",45800,True,ABSTAINED,False,False,True,1
v4_final_cube_random_07,cube_random,3,B4_normal,,"[""a0dd8781be9424fdeadf"", ""f1ebb5edcda122d08f91"", ""5b6b92cce1f3c96c9a7f""]",45800,True,ABSTAINED,False,False,True,1
v4_final_cube_random_07,cube_random,3,B5,,"[""a0dd8781be9424fdeadf"", ""f1ebb5edcda122d08f91"", ""5b6b92cce1f3c96c9a7f""]",45800,True,ABSTAINED,False,False,True,1
v4_final_cube_random_07,cube_random,6,B0,,"[""a0dd8781be9424fdeadf"", ""f1ebb5edcda122d08f91"", ""5b6b92cce1f3c96c9a7f"", ""7252729f784982c5a4ee"", ""d0dab7cb9598eef84c7c"", ""8f7d248b906eef72be84""]",92300,True,ABSTAINED,False,False,True,1
v4_final_cube_random_07,cube_random,6,B1,,"[""a0dd8781be9424fdeadf"", ""f1ebb5edcda122d08f91"", ""5b6b92cce1f3c96c9a7f"", ""7252729f784982c5a4ee"", ""d0dab7cb9598eef84c7c"", ""8f7d248b906eef72be84""]",92300,True,ABSTAINED,False,False,True,1
v4_final_cube_random_07,cube_random,6,B2,,"[""a0dd8781be9424fdeadf"", ""f1ebb5edcda122d08f91"", ""5b6b92cce1f3c96c9a7f"", ""7252729f784982c5a4ee"", ""d0dab7cb9598eef84c7c"", ""8f7d248b906eef72be84""]",92300,True,ABSTAINED,False,False,True,1
v4_final_cube_random_07,cube_random,6,B3,,"[""a0dd8781be9424fdeadf"", ""f1ebb5edcda122d08f91"", ""5b6b92cce1f3c96c9a7f"", ""7252729f784982c5a4ee"", ""d0dab7cb9598eef84c7c"", ""8f7d248b906eef72be84""]",92300,True,ABSTAINED,False,False,True,1
v4_final_cube_random_07,cube_random,6,B4,,"[""a0dd8781be9424fdeadf"", ""f1ebb5edcda122d08f91"", ""5b6b92cce1f3c96c9a7f"", ""7252729f784982c5a4ee"", ""d0dab7cb9598eef84c7c"", ""8f7d248b906eef72be84""]",92300,True,ABSTAINED,False,False,True,1
v4_final_cube_random_07,cube_random,6,B4_normal,,"[""a0dd8781be9424fdeadf"", ""f1ebb5edcda122d08f91"", ""5b6b92cce1f3c96c9a7f"", ""7252729f784982c5a4ee"", ""d0dab7cb9598eef84c7c"", ""8f7d248b906eef72be84""]",92300,True,ABSTAINED,False,False,True,1
v4_final_cube_random_07,cube_random,6,B5,,"[""a0dd8781be9424fdeadf"", ""f1ebb5edcda122d08f91"", ""5b6b92cce1f3c96c9a7f"", ""7252729f784982c5a4ee"", ""d0dab7cb9598eef84c7c"", ""8f7d248b906eef72be84""]",92300,True,ABSTAINED,False,False,True,1
v4_final_cube_random_08,cube_random,1,B0,,"[""cd710d2453dbc9af7356""]",15200,True,ABSTAINED,False,False,False,0
v4_final_cube_random_08,cube_random,1,B1,,"[""cd710d2453dbc9af7356""]",15200,True,ABSTAINED,False,False,False,0
v4_final_cube_random_08,cube_random,1,B2,,"[""cd710d2453dbc9af7356""]",15200,True,ABSTAINED,False,False,False,0
v4_final_cube_random_08,cube_random,1,B3,,"[""cd710d2453dbc9af7356""]",15200,True,ABSTAINED,False,False,False,0
v4_final_cube_random_08,cube_random,1,B4,,"[""cd710d2453dbc9af7356""]",15200,True,ABSTAINED,False,False,False,0
v4_final_cube_random_08,cube_random,1,B4_normal,,"[""cd710d2453dbc9af7356""]",15200,True,ABSTAINED,False,False,False,0
v4_final_cube_random_08,cube_random,1,B5,,"[""cd710d2453dbc9af7356""]",15200,True,ABSTAINED,False,False,False,0
v4_final_cube_random_08,cube_random,3,B0,72941793a14c66a891cd,"[""cd710d2453dbc9af7356"", ""72941793a14c66a891cd"", ""2c66a1c9bca886b5a39a""]",45800,False,VALID,True,True,True,0
v4_final_cube_random_08,cube_random,3,B1,72941793a14c66a891cd,"[""cd710d2453dbc9af7356"", ""72941793a14c66a891cd"", ""2c66a1c9bca886b5a39a""]",45800,False,VALID,True,True,True,0
v4_final_cube_random_08,cube_random,3,B2,,"[""cd710d2453dbc9af7356"", ""72941793a14c66a891cd"", ""2c66a1c9bca886b5a39a""]",45800,True,ABSTAINED,False,False,True,1
v4_final_cube_random_08,cube_random,3,B3,,"[""cd710d2453dbc9af7356"", ""72941793a14c66a891cd"", ""2c66a1c9bca886b5a39a""]",45800,True,ABSTAINED,False,False,True,1
v4_final_cube_random_08,cube_random,3,B4,,"[""cd710d2453dbc9af7356"", ""72941793a14c66a891cd"", ""2c66a1c9bca886b5a39a""]",45800,True,ABSTAINED,False,False,True,1
v4_final_cube_random_08,cube_random,3,B4_normal,,"[""cd710d2453dbc9af7356"", ""72941793a14c66a891cd"", ""2c66a1c9bca886b5a39a""]",45800,True,ABSTAINED,False,False,True,1
v4_final_cube_random_08,cube_random,3,B5,,"[""cd710d2453dbc9af7356"", ""72941793a14c66a891cd"", ""2c66a1c9bca886b5a39a""]",45800,True,ABSTAINED,False,False,True,1
v4_final_cube_random_08,cube_random,6,B0,72941793a14c66a891cd,"[""cd710d2453dbc9af7356"", ""72941793a14c66a891cd"", ""2c66a1c9bca886b5a39a"", ""23ed2c96558811bf280a"", ""79482d8c22635ddaa7d5"", ""1dfdc874099325bb9612""]",92300,False,VALID,True,True,True,0
v4_final_cube_random_08,cube_random,6,B1,72941793a14c66a891cd,"[""cd710d2453dbc9af7356"", ""72941793a14c66a891cd"", ""2c66a1c9bca886b5a39a"", ""23ed2c96558811bf280a"", ""79482d8c22635ddaa7d5"", ""1dfdc874099325bb9612""]",92300,False,VALID,True,True,True,0
v4_final_cube_random_08,cube_random,6,B2,,"[""cd710d2453dbc9af7356"", ""72941793a14c66a891cd"", ""2c66a1c9bca886b5a39a"", ""23ed2c96558811bf280a"", ""79482d8c22635ddaa7d5"", ""1dfdc874099325bb9612""]",92300,True,ABSTAINED,False,False,True,1
v4_final_cube_random_08,cube_random,6,B3,,"[""cd710d2453dbc9af7356"", ""72941793a14c66a891cd"", ""2c66a1c9bca886b5a39a"", ""23ed2c96558811bf280a"", ""79482d8c22635ddaa7d5"", ""1dfdc874099325bb9612""]",92300,True,ABSTAINED,False,False,True,1
v4_final_cube_random_08,cube_random,6,B4,,"[""cd710d2453dbc9af7356"", ""72941793a14c66a891cd"", ""2c66a1c9bca886b5a39a"", ""23ed2c96558811bf280a"", ""79482d8c22635ddaa7d5"", ""1dfdc874099325bb9612""]",92300,True,ABSTAINED,False,False,True,1
v4_final_cube_random_08,cube_random,6,B4_normal,,"[""cd710d2453dbc9af7356"", ""72941793a14c66a891cd"", ""2c66a1c9bca886b5a39a"", ""23ed2c96558811bf280a"", ""79482d8c22635ddaa7d5"", ""1dfdc874099325bb9612""]",92300,True,ABSTAINED,False,False,True,1
v4_final_cube_random_08,cube_random,6,B5,,"[""cd710d2453dbc9af7356"", ""72941793a14c66a891cd"", ""2c66a1c9bca886b5a39a"", ""23ed2c96558811bf280a"", ""79482d8c22635ddaa7d5"", ""1dfdc874099325bb9612""]",92300,True,ABSTAINED,False,False,True,1
v4_final_cube_random_09,cube_random,1,B0,,"[""acf1b9eb596b5139343e""]",15200,True,ABSTAINED,False,False,False,0
v4_final_cube_random_09,cube_random,1,B1,,"[""acf1b9eb596b5139343e""]",15200,True,ABSTAINED,False,False,False,0
v4_final_cube_random_09,cube_random,1,B2,,"[""acf1b9eb596b5139343e""]",15200,True,ABSTAINED,False,False,False,0
v4_final_cube_random_09,cube_random,1,B3,,"[""acf1b9eb596b5139343e""]",15200,True,ABSTAINED,False,False,False,0
v4_final_cube_random_09,cube_random,1,B4,,"[""acf1b9eb596b5139343e""]",15200,True,ABSTAINED,False,False,False,0
v4_final_cube_random_09,cube_random,1,B4_normal,,"[""acf1b9eb596b5139343e""]",15200,True,ABSTAINED,False,False,False,0
v4_final_cube_random_09,cube_random,1,B5,,"[""acf1b9eb596b5139343e""]",15200,True,ABSTAINED,False,False,False,0
v4_final_cube_random_09,cube_random,3,B0,53a8f12ed956f015a865,"[""acf1b9eb596b5139343e"", ""53a8f12ed956f015a865"", ""d98028b9f633f82229f4""]",45800,False,VALID,False,False,True,1
v4_final_cube_random_09,cube_random,3,B1,53a8f12ed956f015a865,"[""acf1b9eb596b5139343e"", ""53a8f12ed956f015a865"", ""d98028b9f633f82229f4""]",45800,False,VALID,False,False,True,1
v4_final_cube_random_09,cube_random,3,B2,,"[""acf1b9eb596b5139343e"", ""53a8f12ed956f015a865"", ""d98028b9f633f82229f4""]",45800,True,ABSTAINED,False,False,True,1
v4_final_cube_random_09,cube_random,3,B3,,"[""acf1b9eb596b5139343e"", ""53a8f12ed956f015a865"", ""d98028b9f633f82229f4""]",45800,True,ABSTAINED,False,False,True,1
v4_final_cube_random_09,cube_random,3,B4,,"[""acf1b9eb596b5139343e"", ""53a8f12ed956f015a865"", ""d98028b9f633f82229f4""]",45800,True,ABSTAINED,False,False,True,1
v4_final_cube_random_09,cube_random,3,B4_normal,,"[""acf1b9eb596b5139343e"", ""53a8f12ed956f015a865"", ""d98028b9f633f82229f4""]",45800,True,ABSTAINED,False,False,True,1
v4_final_cube_random_09,cube_random,3,B5,,"[""acf1b9eb596b5139343e"", ""53a8f12ed956f015a865"", ""d98028b9f633f82229f4""]",45800,True,ABSTAINED,False,False,True,1
v4_final_cube_random_09,cube_random,6,B0,53a8f12ed956f015a865,"[""acf1b9eb596b5139343e"", ""53a8f12ed956f015a865"", ""d98028b9f633f82229f4"", ""df2d603cbe4b9598ffc3"", ""b787c49ac0abb20f86d8"", ""c5550dcbebff9b7fdc25""]",92300,False,VALID,False,False,True,1
v4_final_cube_random_09,cube_random,6,B1,53a8f12ed956f015a865,"[""acf1b9eb596b5139343e"", ""53a8f12ed956f015a865"", ""d98028b9f633f82229f4"", ""df2d603cbe4b9598ffc3"", ""b787c49ac0abb20f86d8"", ""c5550dcbebff9b7fdc25""]",92300,False,VALID,False,False,True,1
v4_final_cube_random_09,cube_random,6,B2,,"[""acf1b9eb596b5139343e"", ""53a8f12ed956f015a865"", ""d98028b9f633f82229f4"", ""df2d603cbe4b9598ffc3"", ""b787c49ac0abb20f86d8"", ""c5550dcbebff9b7fdc25""]",92300,True,ABSTAINED,False,False,True,1
v4_final_cube_random_09,cube_random,6,B3,,"[""acf1b9eb596b5139343e"", ""53a8f12ed956f015a865"", ""d98028b9f633f82229f4"", ""df2d603cbe4b9598ffc3"", ""b787c49ac0abb20f86d8"", ""c5550dcbebff9b7fdc25""]",92300,True,ABSTAINED,False,False,True,1
v4_final_cube_random_09,cube_random,6,B4,,"[""acf1b9eb596b5139343e"", ""53a8f12ed956f015a865"", ""d98028b9f633f82229f4"", ""df2d603cbe4b9598ffc3"", ""b787c49ac0abb20f86d8"", ""c5550dcbebff9b7fdc25""]",92300,True,ABSTAINED,False,False,True,1
v4_final_cube_random_09,cube_random,6,B4_normal,,"[""acf1b9eb596b5139343e"", ""53a8f12ed956f015a865"", ""d98028b9f633f82229f4"", ""df2d603cbe4b9598ffc3"", ""b787c49ac0abb20f86d8"", ""c5550dcbebff9b7fdc25""]",92300,True,ABSTAINED,False,False,True,1
v4_final_cube_random_09,cube_random,6,B5,,"[""acf1b9eb596b5139343e"", ""53a8f12ed956f015a865"", ""d98028b9f633f82229f4"", ""df2d603cbe4b9598ffc3"", ""b787c49ac0abb20f86d8"", ""c5550dcbebff9b7fdc25""]",92300,True,ABSTAINED,False,False,True,1
v4_final_cube_random_10,cube_random,1,B0,ddbb8f260781e2846efb,"[""ddbb8f260781e2846efb""]",15200,False,VALID,False,False,False,0
v4_final_cube_random_10,cube_random,1,B1,,"[""ddbb8f260781e2846efb""]",15200,True,ABSTAINED,False,False,False,0
v4_final_cube_random_10,cube_random,1,B2,,"[""ddbb8f260781e2846efb""]",15200,True,ABSTAINED,False,False,False,0
v4_final_cube_random_10,cube_random,1,B3,,"[""ddbb8f260781e2846efb""]",15200,True,ABSTAINED,False,False,False,0
v4_final_cube_random_10,cube_random,1,B4,,"[""ddbb8f260781e2846efb""]",15200,True,ABSTAINED,False,False,False,0
v4_final_cube_random_10,cube_random,1,B4_normal,,"[""ddbb8f260781e2846efb""]",15200,True,ABSTAINED,False,False,False,0
v4_final_cube_random_10,cube_random,1,B5,,"[""ddbb8f260781e2846efb""]",15200,True,ABSTAINED,False,False,False,0
v4_final_cube_random_10,cube_random,3,B0,ddbb8f260781e2846efb,"[""ddbb8f260781e2846efb"", ""c05d348c0add0df54f1e"", ""b6264956474da23c3612""]",45800,False,VALID,False,False,False,0
v4_final_cube_random_10,cube_random,3,B1,,"[""ddbb8f260781e2846efb"", ""c05d348c0add0df54f1e"", ""b6264956474da23c3612""]",45800,True,ABSTAINED,False,False,False,0
v4_final_cube_random_10,cube_random,3,B2,,"[""ddbb8f260781e2846efb"", ""c05d348c0add0df54f1e"", ""b6264956474da23c3612""]",45800,True,ABSTAINED,False,False,False,0
v4_final_cube_random_10,cube_random,3,B3,,"[""ddbb8f260781e2846efb"", ""c05d348c0add0df54f1e"", ""b6264956474da23c3612""]",45800,True,ABSTAINED,False,False,False,0
v4_final_cube_random_10,cube_random,3,B4,,"[""ddbb8f260781e2846efb"", ""c05d348c0add0df54f1e"", ""b6264956474da23c3612""]",45800,True,ABSTAINED,False,False,False,0
v4_final_cube_random_10,cube_random,3,B4_normal,,"[""ddbb8f260781e2846efb"", ""c05d348c0add0df54f1e"", ""b6264956474da23c3612""]",45800,True,ABSTAINED,False,False,False,0
v4_final_cube_random_10,cube_random,3,B5,,"[""ddbb8f260781e2846efb"", ""c05d348c0add0df54f1e"", ""b6264956474da23c3612""]",45800,True,ABSTAINED,False,False,False,0
v4_final_cube_random_10,cube_random,6,B0,ddbb8f260781e2846efb,"[""ddbb8f260781e2846efb"", ""c05d348c0add0df54f1e"", ""b6264956474da23c3612"", ""467f83b883d37d8045aa"", ""b7504dfeab4468065435"", ""be169773e8c8fed0484a""]",92300,False,VALID,False,False,False,0
v4_final_cube_random_10,cube_random,6,B1,,"[""ddbb8f260781e2846efb"", ""c05d348c0add0df54f1e"", ""b6264956474da23c3612"", ""467f83b883d37d8045aa"", ""b7504dfeab4468065435"", ""be169773e8c8fed0484a""]",92300,True,ABSTAINED,False,False,False,0
v4_final_cube_random_10,cube_random,6,B2,,"[""ddbb8f260781e2846efb"", ""c05d348c0add0df54f1e"", ""b6264956474da23c3612"", ""467f83b883d37d8045aa"", ""b7504dfeab4468065435"", ""be169773e8c8fed0484a""]",92300,True,ABSTAINED,False,False,False,0
v4_final_cube_random_10,cube_random,6,B3,,"[""ddbb8f260781e2846efb"", ""c05d348c0add0df54f1e"", ""b6264956474da23c3612"", ""467f83b883d37d8045aa"", ""b7504dfeab4468065435"", ""be169773e8c8fed0484a""]",92300,True,ABSTAINED,False,False,False,0
v4_final_cube_random_10,cube_random,6,B4,,"[""ddbb8f260781e2846efb"", ""c05d348c0add0df54f1e"", ""b6264956474da23c3612"", ""467f83b883d37d8045aa"", ""b7504dfeab4468065435"", ""be169773e8c8fed0484a""]",92300,True,ABSTAINED,False,False,False,0
v4_final_cube_random_10,cube_random,6,B4_normal,,"[""ddbb8f260781e2846efb"", ""c05d348c0add0df54f1e"", ""b6264956474da23c3612"", ""467f83b883d37d8045aa"", ""b7504dfeab4468065435"", ""be169773e8c8fed0484a""]",92300,True,ABSTAINED,False,False,False,0
v4_final_cube_random_10,cube_random,6,B5,,"[""ddbb8f260781e2846efb"", ""c05d348c0add0df54f1e"", ""b6264956474da23c3612"", ""467f83b883d37d8045aa"", ""b7504dfeab4468065435"", ""be169773e8c8fed0484a""]",92300,True,ABSTAINED,False,False,False,0
v4_final_cube_random_11,cube_random,1,B0,,"[""e8cb1606079e4eb57c4e""]",15200,True,ABSTAINED,False,False,False,0
v4_final_cube_random_11,cube_random,1,B1,,"[""e8cb1606079e4eb57c4e""]",15200,True,ABSTAINED,False,False,False,0
v4_final_cube_random_11,cube_random,1,B2,,"[""e8cb1606079e4eb57c4e""]",15200,True,ABSTAINED,False,False,False,0
v4_final_cube_random_11,cube_random,1,B3,,"[""e8cb1606079e4eb57c4e""]",15200,True,ABSTAINED,False,False,False,0
v4_final_cube_random_11,cube_random,1,B4,,"[""e8cb1606079e4eb57c4e""]",15200,True,ABSTAINED,False,False,False,0
v4_final_cube_random_11,cube_random,1,B4_normal,,"[""e8cb1606079e4eb57c4e""]",15200,True,ABSTAINED,False,False,False,0
v4_final_cube_random_11,cube_random,1,B5,,"[""e8cb1606079e4eb57c4e""]",15200,True,ABSTAINED,False,False,False,0
v4_final_cube_random_11,cube_random,3,B0,,"[""e8cb1606079e4eb57c4e"", ""9653143d1b11817d8e27"", ""928b186f606f93333143""]",45800,True,ABSTAINED,False,False,False,0
v4_final_cube_random_11,cube_random,3,B1,,"[""e8cb1606079e4eb57c4e"", ""9653143d1b11817d8e27"", ""928b186f606f93333143""]",45800,True,ABSTAINED,False,False,False,0
v4_final_cube_random_11,cube_random,3,B2,,"[""e8cb1606079e4eb57c4e"", ""9653143d1b11817d8e27"", ""928b186f606f93333143""]",45800,True,ABSTAINED,False,False,False,0
v4_final_cube_random_11,cube_random,3,B3,,"[""e8cb1606079e4eb57c4e"", ""9653143d1b11817d8e27"", ""928b186f606f93333143""]",45800,True,ABSTAINED,False,False,False,0
v4_final_cube_random_11,cube_random,3,B4,,"[""e8cb1606079e4eb57c4e"", ""9653143d1b11817d8e27"", ""928b186f606f93333143""]",45800,True,ABSTAINED,False,False,False,0
v4_final_cube_random_11,cube_random,3,B4_normal,,"[""e8cb1606079e4eb57c4e"", ""9653143d1b11817d8e27"", ""928b186f606f93333143""]",45800,True,ABSTAINED,False,False,False,0
v4_final_cube_random_11,cube_random,3,B5,,"[""e8cb1606079e4eb57c4e"", ""9653143d1b11817d8e27"", ""928b186f606f93333143""]",45800,True,ABSTAINED,False,False,False,0
v4_final_cube_random_11,cube_random,6,B0,,"[""e8cb1606079e4eb57c4e"", ""9653143d1b11817d8e27"", ""928b186f606f93333143"", ""cafde0341f3d3a2542bf"", ""5a8d045fdad127a5cc7f"", ""edd28520159a91c98cd2""]",92300,True,ABSTAINED,False,False,False,0
v4_final_cube_random_11,cube_random,6,B1,,"[""e8cb1606079e4eb57c4e"", ""9653143d1b11817d8e27"", ""928b186f606f93333143"", ""cafde0341f3d3a2542bf"", ""5a8d045fdad127a5cc7f"", ""edd28520159a91c98cd2""]",92300,True,ABSTAINED,False,False,False,0
v4_final_cube_random_11,cube_random,6,B2,,"[""e8cb1606079e4eb57c4e"", ""9653143d1b11817d8e27"", ""928b186f606f93333143"", ""cafde0341f3d3a2542bf"", ""5a8d045fdad127a5cc7f"", ""edd28520159a91c98cd2""]",92300,True,ABSTAINED,False,False,False,0
v4_final_cube_random_11,cube_random,6,B3,,"[""e8cb1606079e4eb57c4e"", ""9653143d1b11817d8e27"", ""928b186f606f93333143"", ""cafde0341f3d3a2542bf"", ""5a8d045fdad127a5cc7f"", ""edd28520159a91c98cd2""]",92300,True,ABSTAINED,False,False,False,0
v4_final_cube_random_11,cube_random,6,B4,,"[""e8cb1606079e4eb57c4e"", ""9653143d1b11817d8e27"", ""928b186f606f93333143"", ""cafde0341f3d3a2542bf"", ""5a8d045fdad127a5cc7f"", ""edd28520159a91c98cd2""]",92300,True,ABSTAINED,False,False,False,0
v4_final_cube_random_11,cube_random,6,B4_normal,,"[""e8cb1606079e4eb57c4e"", ""9653143d1b11817d8e27"", ""928b186f606f93333143"", ""cafde0341f3d3a2542bf"", ""5a8d045fdad127a5cc7f"", ""edd28520159a91c98cd2""]",92300,True,ABSTAINED,False,False,False,0
v4_final_cube_random_11,cube_random,6,B5,,"[""e8cb1606079e4eb57c4e"", ""9653143d1b11817d8e27"", ""928b186f606f93333143"", ""cafde0341f3d3a2542bf"", ""5a8d045fdad127a5cc7f"", ""edd28520159a91c98cd2""]",92300,True,ABSTAINED,False,False,False,0
v4_final_cube_random_12,cube_random,1,B0,,"[""3543128e97157d5d563d""]",15200,True,ABSTAINED,False,False,True,1
v4_final_cube_random_12,cube_random,1,B1,,"[""3543128e97157d5d563d""]",15200,True,ABSTAINED,False,False,True,1
v4_final_cube_random_12,cube_random,1,B2,,"[""3543128e97157d5d563d""]",15200,True,ABSTAINED,False,False,True,1
v4_final_cube_random_12,cube_random,1,B3,,"[""3543128e97157d5d563d""]",15200,True,ABSTAINED,False,False,True,1
v4_final_cube_random_12,cube_random,1,B4,,"[""3543128e97157d5d563d""]",15200,True,ABSTAINED,False,False,True,1
v4_final_cube_random_12,cube_random,1,B4_normal,,"[""3543128e97157d5d563d""]",15200,True,ABSTAINED,False,False,True,1
v4_final_cube_random_12,cube_random,1,B5,,"[""3543128e97157d5d563d""]",15200,True,ABSTAINED,False,False,True,1
v4_final_cube_random_12,cube_random,3,B0,,"[""3543128e97157d5d563d"", ""626398cec6e889380254"", ""6d0bd99f6bcf2045ffee""]",45800,True,ABSTAINED,False,False,True,1
v4_final_cube_random_12,cube_random,3,B1,,"[""3543128e97157d5d563d"", ""626398cec6e889380254"", ""6d0bd99f6bcf2045ffee""]",45800,True,ABSTAINED,False,False,True,1
v4_final_cube_random_12,cube_random,3,B2,,"[""3543128e97157d5d563d"", ""626398cec6e889380254"", ""6d0bd99f6bcf2045ffee""]",45800,True,ABSTAINED,False,False,True,1
v4_final_cube_random_12,cube_random,3,B3,,"[""3543128e97157d5d563d"", ""626398cec6e889380254"", ""6d0bd99f6bcf2045ffee""]",45800,True,ABSTAINED,False,False,True,1
v4_final_cube_random_12,cube_random,3,B4,,"[""3543128e97157d5d563d"", ""626398cec6e889380254"", ""6d0bd99f6bcf2045ffee""]",45800,True,ABSTAINED,False,False,True,1
v4_final_cube_random_12,cube_random,3,B4_normal,,"[""3543128e97157d5d563d"", ""626398cec6e889380254"", ""6d0bd99f6bcf2045ffee""]",45800,True,ABSTAINED,False,False,True,1
v4_final_cube_random_12,cube_random,3,B5,,"[""3543128e97157d5d563d"", ""626398cec6e889380254"", ""6d0bd99f6bcf2045ffee""]",45800,True,ABSTAINED,False,False,True,1
v4_final_cube_random_12,cube_random,6,B0,,"[""3543128e97157d5d563d"", ""626398cec6e889380254"", ""6d0bd99f6bcf2045ffee"", ""958582c32bc149f4855f"", ""4bf3df28e645cf205793"", ""735e7d47f4329e6b8852""]",92300,True,ABSTAINED,False,False,True,1
v4_final_cube_random_12,cube_random,6,B1,,"[""3543128e97157d5d563d"", ""626398cec6e889380254"", ""6d0bd99f6bcf2045ffee"", ""958582c32bc149f4855f"", ""4bf3df28e645cf205793"", ""735e7d47f4329e6b8852""]",92300,True,ABSTAINED,False,False,True,1
v4_final_cube_random_12,cube_random,6,B2,,"[""3543128e97157d5d563d"", ""626398cec6e889380254"", ""6d0bd99f6bcf2045ffee"", ""958582c32bc149f4855f"", ""4bf3df28e645cf205793"", ""735e7d47f4329e6b8852""]",92300,True,ABSTAINED,False,False,True,1
v4_final_cube_random_12,cube_random,6,B3,,"[""3543128e97157d5d563d"", ""626398cec6e889380254"", ""6d0bd99f6bcf2045ffee"", ""958582c32bc149f4855f"", ""4bf3df28e645cf205793"", ""735e7d47f4329e6b8852""]",92300,True,ABSTAINED,False,False,True,1
v4_final_cube_random_12,cube_random,6,B4,,"[""3543128e97157d5d563d"", ""626398cec6e889380254"", ""6d0bd99f6bcf2045ffee"", ""958582c32bc149f4855f"", ""4bf3df28e645cf205793"", ""735e7d47f4329e6b8852""]",92300,True,ABSTAINED,False,False,True,1
v4_final_cube_random_12,cube_random,6,B4_normal,,"[""3543128e97157d5d563d"", ""626398cec6e889380254"", ""6d0bd99f6bcf2045ffee"", ""958582c32bc149f4855f"", ""4bf3df28e645cf205793"", ""735e7d47f4329e6b8852""]",92300,True,ABSTAINED,False,False,True,1
v4_final_cube_random_12,cube_random,6,B5,,"[""3543128e97157d5d563d"", ""626398cec6e889380254"", ""6d0bd99f6bcf2045ffee"", ""958582c32bc149f4855f"", ""4bf3df28e645cf205793"", ""735e7d47f4329e6b8852""]",92300,True,ABSTAINED,False,False,True,1
v4_final_cube_random_13,cube_random,1,B0,,"[""4e72c5f3c1c5cac54202""]",15200,True,ABSTAINED,False,False,False,0
v4_final_cube_random_13,cube_random,1,B1,,"[""4e72c5f3c1c5cac54202""]",15200,True,ABSTAINED,False,False,False,0
v4_final_cube_random_13,cube_random,1,B2,,"[""4e72c5f3c1c5cac54202""]",15200,True,ABSTAINED,False,False,False,0
v4_final_cube_random_13,cube_random,1,B3,,"[""4e72c5f3c1c5cac54202""]",15200,True,ABSTAINED,False,False,False,0
v4_final_cube_random_13,cube_random,1,B4,,"[""4e72c5f3c1c5cac54202""]",15200,True,ABSTAINED,False,False,False,0
v4_final_cube_random_13,cube_random,1,B4_normal,,"[""4e72c5f3c1c5cac54202""]",15200,True,ABSTAINED,False,False,False,0
v4_final_cube_random_13,cube_random,1,B5,,"[""4e72c5f3c1c5cac54202""]",15200,True,ABSTAINED,False,False,False,0
v4_final_cube_random_13,cube_random,3,B0,3a6808eef6a0016d40ef,"[""4e72c5f3c1c5cac54202"", ""3a6808eef6a0016d40ef"", ""7205438e34d429efaf04""]",45800,False,VALID,True,True,True,0
v4_final_cube_random_13,cube_random,3,B1,3a6808eef6a0016d40ef,"[""4e72c5f3c1c5cac54202"", ""3a6808eef6a0016d40ef"", ""7205438e34d429efaf04""]",45800,False,VALID,True,True,True,0
v4_final_cube_random_13,cube_random,3,B2,,"[""4e72c5f3c1c5cac54202"", ""3a6808eef6a0016d40ef"", ""7205438e34d429efaf04""]",45800,True,ABSTAINED,False,False,True,1
v4_final_cube_random_13,cube_random,3,B3,,"[""4e72c5f3c1c5cac54202"", ""3a6808eef6a0016d40ef"", ""7205438e34d429efaf04""]",45800,True,ABSTAINED,False,False,True,1
v4_final_cube_random_13,cube_random,3,B4,,"[""4e72c5f3c1c5cac54202"", ""3a6808eef6a0016d40ef"", ""7205438e34d429efaf04""]",45800,True,ABSTAINED,False,False,True,1
v4_final_cube_random_13,cube_random,3,B4_normal,,"[""4e72c5f3c1c5cac54202"", ""3a6808eef6a0016d40ef"", ""7205438e34d429efaf04""]",45800,True,ABSTAINED,False,False,True,1
v4_final_cube_random_13,cube_random,3,B5,,"[""4e72c5f3c1c5cac54202"", ""3a6808eef6a0016d40ef"", ""7205438e34d429efaf04""]",45800,True,ABSTAINED,False,False,True,1
v4_final_cube_random_13,cube_random,6,B0,3a6808eef6a0016d40ef,"[""4e72c5f3c1c5cac54202"", ""3a6808eef6a0016d40ef"", ""7205438e34d429efaf04"", ""e6b6aee31dfc7d965db5"", ""d9779b0fa136edd00e7b"", ""71c4edf49fe3dd628f0f""]",92300,False,VALID,True,True,True,0
v4_final_cube_random_13,cube_random,6,B1,3a6808eef6a0016d40ef,"[""4e72c5f3c1c5cac54202"", ""3a6808eef6a0016d40ef"", ""7205438e34d429efaf04"", ""e6b6aee31dfc7d965db5"", ""d9779b0fa136edd00e7b"", ""71c4edf49fe3dd628f0f""]",92300,False,VALID,True,True,True,0
v4_final_cube_random_13,cube_random,6,B2,,"[""4e72c5f3c1c5cac54202"", ""3a6808eef6a0016d40ef"", ""7205438e34d429efaf04"", ""e6b6aee31dfc7d965db5"", ""d9779b0fa136edd00e7b"", ""71c4edf49fe3dd628f0f""]",92300,True,ABSTAINED,False,False,True,1
v4_final_cube_random_13,cube_random,6,B3,,"[""4e72c5f3c1c5cac54202"", ""3a6808eef6a0016d40ef"", ""7205438e34d429efaf04"", ""e6b6aee31dfc7d965db5"", ""d9779b0fa136edd00e7b"", ""71c4edf49fe3dd628f0f""]",92300,True,ABSTAINED,False,False,True,1
v4_final_cube_random_13,cube_random,6,B4,,"[""4e72c5f3c1c5cac54202"", ""3a6808eef6a0016d40ef"", ""7205438e34d429efaf04"", ""e6b6aee31dfc7d965db5"", ""d9779b0fa136edd00e7b"", ""71c4edf49fe3dd628f0f""]",92300,True,ABSTAINED,False,False,True,1
v4_final_cube_random_13,cube_random,6,B4_normal,,"[""4e72c5f3c1c5cac54202"", ""3a6808eef6a0016d40ef"", ""7205438e34d429efaf04"", ""e6b6aee31dfc7d965db5"", ""d9779b0fa136edd00e7b"", ""71c4edf49fe3dd628f0f""]",92300,True,ABSTAINED,False,False,True,1
v4_final_cube_random_13,cube_random,6,B5,,"[""4e72c5f3c1c5cac54202"", ""3a6808eef6a0016d40ef"", ""7205438e34d429efaf04"", ""e6b6aee31dfc7d965db5"", ""d9779b0fa136edd00e7b"", ""71c4edf49fe3dd628f0f""]",92300,True,ABSTAINED,False,False,True,1
v4_final_cube_random_14,cube_random,1,B0,a639ed26630198cae931,"[""a639ed26630198cae931""]",15200,False,VALID,False,False,False,0
v4_final_cube_random_14,cube_random,1,B1,a639ed26630198cae931,"[""a639ed26630198cae931""]",15200,False,VALID,False,False,False,0
v4_final_cube_random_14,cube_random,1,B2,,"[""a639ed26630198cae931""]",15200,True,ABSTAINED,False,False,False,0
v4_final_cube_random_14,cube_random,1,B3,,"[""a639ed26630198cae931""]",15200,True,ABSTAINED,False,False,False,0
v4_final_cube_random_14,cube_random,1,B4,,"[""a639ed26630198cae931""]",15200,True,ABSTAINED,False,False,False,0
v4_final_cube_random_14,cube_random,1,B4_normal,,"[""a639ed26630198cae931""]",15200,True,ABSTAINED,False,False,False,0
v4_final_cube_random_14,cube_random,1,B5,,"[""a639ed26630198cae931""]",15200,True,ABSTAINED,False,False,False,0
v4_final_cube_random_14,cube_random,3,B0,a639ed26630198cae931,"[""a639ed26630198cae931"", ""03a1312b238bfba44a03"", ""484aba814d1c0ba9e775""]",45800,False,VALID,False,False,True,1
v4_final_cube_random_14,cube_random,3,B1,a639ed26630198cae931,"[""a639ed26630198cae931"", ""03a1312b238bfba44a03"", ""484aba814d1c0ba9e775""]",45800,False,VALID,False,False,True,1
v4_final_cube_random_14,cube_random,3,B2,,"[""a639ed26630198cae931"", ""03a1312b238bfba44a03"", ""484aba814d1c0ba9e775""]",45800,True,ABSTAINED,False,False,True,1
v4_final_cube_random_14,cube_random,3,B3,,"[""a639ed26630198cae931"", ""03a1312b238bfba44a03"", ""484aba814d1c0ba9e775""]",45800,True,ABSTAINED,False,False,True,1
v4_final_cube_random_14,cube_random,3,B4,,"[""a639ed26630198cae931"", ""03a1312b238bfba44a03"", ""484aba814d1c0ba9e775""]",45800,True,ABSTAINED,False,False,True,1
v4_final_cube_random_14,cube_random,3,B4_normal,,"[""a639ed26630198cae931"", ""03a1312b238bfba44a03"", ""484aba814d1c0ba9e775""]",45800,True,ABSTAINED,False,False,True,1
v4_final_cube_random_14,cube_random,3,B5,,"[""a639ed26630198cae931"", ""03a1312b238bfba44a03"", ""484aba814d1c0ba9e775""]",45800,True,ABSTAINED,False,False,True,1
v4_final_cube_random_14,cube_random,6,B0,a639ed26630198cae931,"[""a639ed26630198cae931"", ""03a1312b238bfba44a03"", ""484aba814d1c0ba9e775"", ""d8f1bb3afea494f72d10"", ""a4bc887711489d56f531"", ""1aedb4611fb5c701fd97""]",92300,False,VALID,False,False,True,1
v4_final_cube_random_14,cube_random,6,B1,a639ed26630198cae931,"[""a639ed26630198cae931"", ""03a1312b238bfba44a03"", ""484aba814d1c0ba9e775"", ""d8f1bb3afea494f72d10"", ""a4bc887711489d56f531"", ""1aedb4611fb5c701fd97""]",92300,False,VALID,False,False,True,1
v4_final_cube_random_14,cube_random,6,B2,,"[""a639ed26630198cae931"", ""03a1312b238bfba44a03"", ""484aba814d1c0ba9e775"", ""d8f1bb3afea494f72d10"", ""a4bc887711489d56f531"", ""1aedb4611fb5c701fd97""]",92300,True,ABSTAINED,False,False,True,1
v4_final_cube_random_14,cube_random,6,B3,,"[""a639ed26630198cae931"", ""03a1312b238bfba44a03"", ""484aba814d1c0ba9e775"", ""d8f1bb3afea494f72d10"", ""a4bc887711489d56f531"", ""1aedb4611fb5c701fd97""]",92300,True,ABSTAINED,False,False,True,1
v4_final_cube_random_14,cube_random,6,B4,,"[""a639ed26630198cae931"", ""03a1312b238bfba44a03"", ""484aba814d1c0ba9e775"", ""d8f1bb3afea494f72d10"", ""a4bc887711489d56f531"", ""1aedb4611fb5c701fd97""]",92300,True,ABSTAINED,False,False,True,1
v4_final_cube_random_14,cube_random,6,B4_normal,,"[""a639ed26630198cae931"", ""03a1312b238bfba44a03"", ""484aba814d1c0ba9e775"", ""d8f1bb3afea494f72d10"", ""a4bc887711489d56f531"", ""1aedb4611fb5c701fd97""]",92300,True,ABSTAINED,False,False,True,1
v4_final_cube_random_14,cube_random,6,B5,,"[""a639ed26630198cae931"", ""03a1312b238bfba44a03"", ""484aba814d1c0ba9e775"", ""d8f1bb3afea494f72d10"", ""a4bc887711489d56f531"", ""1aedb4611fb5c701fd97""]",92300,True,ABSTAINED,False,False,True,1
v4_final_cube_random_15,cube_random,1,B0,,"[""2c45ba6e55261904f7c2""]",15200,True,ABSTAINED,False,False,False,0
v4_final_cube_random_15,cube_random,1,B1,,"[""2c45ba6e55261904f7c2""]",15200,True,ABSTAINED,False,False,False,0
v4_final_cube_random_15,cube_random,1,B2,,"[""2c45ba6e55261904f7c2""]",15200,True,ABSTAINED,False,False,False,0
v4_final_cube_random_15,cube_random,1,B3,,"[""2c45ba6e55261904f7c2""]",15200,True,ABSTAINED,False,False,False,0
v4_final_cube_random_15,cube_random,1,B4,,"[""2c45ba6e55261904f7c2""]",15200,True,ABSTAINED,False,False,False,0
v4_final_cube_random_15,cube_random,1,B4_normal,,"[""2c45ba6e55261904f7c2""]",15200,True,ABSTAINED,False,False,False,0
v4_final_cube_random_15,cube_random,1,B5,,"[""2c45ba6e55261904f7c2""]",15200,True,ABSTAINED,False,False,False,0
v4_final_cube_random_15,cube_random,3,B0,,"[""2c45ba6e55261904f7c2"", ""5486d1293563f23cb976"", ""75905045468db7ff6f60""]",45800,True,ABSTAINED,False,False,True,1
v4_final_cube_random_15,cube_random,3,B1,,"[""2c45ba6e55261904f7c2"", ""5486d1293563f23cb976"", ""75905045468db7ff6f60""]",45800,True,ABSTAINED,False,False,True,1
v4_final_cube_random_15,cube_random,3,B2,,"[""2c45ba6e55261904f7c2"", ""5486d1293563f23cb976"", ""75905045468db7ff6f60""]",45800,True,ABSTAINED,False,False,True,1
v4_final_cube_random_15,cube_random,3,B3,,"[""2c45ba6e55261904f7c2"", ""5486d1293563f23cb976"", ""75905045468db7ff6f60""]",45800,True,ABSTAINED,False,False,True,1
v4_final_cube_random_15,cube_random,3,B4,,"[""2c45ba6e55261904f7c2"", ""5486d1293563f23cb976"", ""75905045468db7ff6f60""]",45800,True,ABSTAINED,False,False,True,1
v4_final_cube_random_15,cube_random,3,B4_normal,,"[""2c45ba6e55261904f7c2"", ""5486d1293563f23cb976"", ""75905045468db7ff6f60""]",45800,True,ABSTAINED,False,False,True,1
v4_final_cube_random_15,cube_random,3,B5,,"[""2c45ba6e55261904f7c2"", ""5486d1293563f23cb976"", ""75905045468db7ff6f60""]",45800,True,ABSTAINED,False,False,True,1
v4_final_cube_random_15,cube_random,6,B0,,"[""2c45ba6e55261904f7c2"", ""5486d1293563f23cb976"", ""75905045468db7ff6f60"", ""caba13a3f862272f5882"", ""809b6693b5094e69632a"", ""cfd732993fb1f6ede0b6""]",92300,True,ABSTAINED,False,False,True,1
v4_final_cube_random_15,cube_random,6,B1,,"[""2c45ba6e55261904f7c2"", ""5486d1293563f23cb976"", ""75905045468db7ff6f60"", ""caba13a3f862272f5882"", ""809b6693b5094e69632a"", ""cfd732993fb1f6ede0b6""]",92300,True,ABSTAINED,False,False,True,1
v4_final_cube_random_15,cube_random,6,B2,,"[""2c45ba6e55261904f7c2"", ""5486d1293563f23cb976"", ""75905045468db7ff6f60"", ""caba13a3f862272f5882"", ""809b6693b5094e69632a"", ""cfd732993fb1f6ede0b6""]",92300,True,ABSTAINED,False,False,True,1
v4_final_cube_random_15,cube_random,6,B3,,"[""2c45ba6e55261904f7c2"", ""5486d1293563f23cb976"", ""75905045468db7ff6f60"", ""caba13a3f862272f5882"", ""809b6693b5094e69632a"", ""cfd732993fb1f6ede0b6""]",92300,True,ABSTAINED,False,False,True,1
v4_final_cube_random_15,cube_random,6,B4,,"[""2c45ba6e55261904f7c2"", ""5486d1293563f23cb976"", ""75905045468db7ff6f60"", ""caba13a3f862272f5882"", ""809b6693b5094e69632a"", ""cfd732993fb1f6ede0b6""]",92300,True,ABSTAINED,False,False,True,1
v4_final_cube_random_15,cube_random,6,B4_normal,,"[""2c45ba6e55261904f7c2"", ""5486d1293563f23cb976"", ""75905045468db7ff6f60"", ""caba13a3f862272f5882"", ""809b6693b5094e69632a"", ""cfd732993fb1f6ede0b6""]",92300,True,ABSTAINED,False,False,True,1
v4_final_cube_random_15,cube_random,6,B5,,"[""2c45ba6e55261904f7c2"", ""5486d1293563f23cb976"", ""75905045468db7ff6f60"", ""caba13a3f862272f5882"", ""809b6693b5094e69632a"", ""cfd732993fb1f6ede0b6""]",92300,True,ABSTAINED,False,False,True,1
v4_final_cube_random_16,cube_random,1,B0,,"[""886f3f7b9cd9f646069d""]",15200,True,ABSTAINED,False,False,True,1
v4_final_cube_random_16,cube_random,1,B1,,"[""886f3f7b9cd9f646069d""]",15200,True,ABSTAINED,False,False,True,1
v4_final_cube_random_16,cube_random,1,B2,,"[""886f3f7b9cd9f646069d""]",15200,True,ABSTAINED,False,False,True,1
v4_final_cube_random_16,cube_random,1,B3,,"[""886f3f7b9cd9f646069d""]",15200,True,ABSTAINED,False,False,True,1
v4_final_cube_random_16,cube_random,1,B4,,"[""886f3f7b9cd9f646069d""]",15200,True,ABSTAINED,False,False,True,1
v4_final_cube_random_16,cube_random,1,B4_normal,,"[""886f3f7b9cd9f646069d""]",15200,True,ABSTAINED,False,False,True,1
v4_final_cube_random_16,cube_random,1,B5,,"[""886f3f7b9cd9f646069d""]",15200,True,ABSTAINED,False,False,True,1
v4_final_cube_random_16,cube_random,3,B0,ff848d6040528d063000,"[""886f3f7b9cd9f646069d"", ""eb3953803199b074cc03"", ""ff848d6040528d063000""]",45800,False,VALID,False,False,True,1
v4_final_cube_random_16,cube_random,3,B1,ff848d6040528d063000,"[""886f3f7b9cd9f646069d"", ""eb3953803199b074cc03"", ""ff848d6040528d063000""]",45800,False,VALID,False,False,True,1
v4_final_cube_random_16,cube_random,3,B2,,"[""886f3f7b9cd9f646069d"", ""eb3953803199b074cc03"", ""ff848d6040528d063000""]",45800,True,ABSTAINED,False,False,True,1
v4_final_cube_random_16,cube_random,3,B3,,"[""886f3f7b9cd9f646069d"", ""eb3953803199b074cc03"", ""ff848d6040528d063000""]",45800,True,ABSTAINED,False,False,True,1
v4_final_cube_random_16,cube_random,3,B4,,"[""886f3f7b9cd9f646069d"", ""eb3953803199b074cc03"", ""ff848d6040528d063000""]",45800,True,ABSTAINED,False,False,True,1
v4_final_cube_random_16,cube_random,3,B4_normal,,"[""886f3f7b9cd9f646069d"", ""eb3953803199b074cc03"", ""ff848d6040528d063000""]",45800,True,ABSTAINED,False,False,True,1
v4_final_cube_random_16,cube_random,3,B5,,"[""886f3f7b9cd9f646069d"", ""eb3953803199b074cc03"", ""ff848d6040528d063000""]",45800,True,ABSTAINED,False,False,True,1
v4_final_cube_random_16,cube_random,6,B0,ff848d6040528d063000,"[""886f3f7b9cd9f646069d"", ""eb3953803199b074cc03"", ""ff848d6040528d063000"", ""e6b4cf89a8bdd210f0a8"", ""195fd04d3c897e693efa"", ""e80fdc7e20e1d55cd1b1""]",92300,False,VALID,False,False,True,1
v4_final_cube_random_16,cube_random,6,B1,ff848d6040528d063000,"[""886f3f7b9cd9f646069d"", ""eb3953803199b074cc03"", ""ff848d6040528d063000"", ""e6b4cf89a8bdd210f0a8"", ""195fd04d3c897e693efa"", ""e80fdc7e20e1d55cd1b1""]",92300,False,VALID,False,False,True,1
v4_final_cube_random_16,cube_random,6,B2,,"[""886f3f7b9cd9f646069d"", ""eb3953803199b074cc03"", ""ff848d6040528d063000"", ""e6b4cf89a8bdd210f0a8"", ""195fd04d3c897e693efa"", ""e80fdc7e20e1d55cd1b1""]",92300,True,ABSTAINED,False,False,True,1
v4_final_cube_random_16,cube_random,6,B3,,"[""886f3f7b9cd9f646069d"", ""eb3953803199b074cc03"", ""ff848d6040528d063000"", ""e6b4cf89a8bdd210f0a8"", ""195fd04d3c897e693efa"", ""e80fdc7e20e1d55cd1b1""]",92300,True,ABSTAINED,False,False,True,1
v4_final_cube_random_16,cube_random,6,B4,,"[""886f3f7b9cd9f646069d"", ""eb3953803199b074cc03"", ""ff848d6040528d063000"", ""e6b4cf89a8bdd210f0a8"", ""195fd04d3c897e693efa"", ""e80fdc7e20e1d55cd1b1""]",92300,True,ABSTAINED,False,False,True,1
v4_final_cube_random_16,cube_random,6,B4_normal,,"[""886f3f7b9cd9f646069d"", ""eb3953803199b074cc03"", ""ff848d6040528d063000"", ""e6b4cf89a8bdd210f0a8"", ""195fd04d3c897e693efa"", ""e80fdc7e20e1d55cd1b1""]",92300,True,ABSTAINED,False,False,True,1
v4_final_cube_random_16,cube_random,6,B5,,"[""886f3f7b9cd9f646069d"", ""eb3953803199b074cc03"", ""ff848d6040528d063000"", ""e6b4cf89a8bdd210f0a8"", ""195fd04d3c897e693efa"", ""e80fdc7e20e1d55cd1b1""]",92300,True,ABSTAINED,False,False,True,1
v4_final_cube_random_17,cube_random,1,B0,,"[""eb1790c11d26d22b25e7""]",15200,True,ABSTAINED,False,False,False,0
v4_final_cube_random_17,cube_random,1,B1,,"[""eb1790c11d26d22b25e7""]",15200,True,ABSTAINED,False,False,False,0
v4_final_cube_random_17,cube_random,1,B2,,"[""eb1790c11d26d22b25e7""]",15200,True,ABSTAINED,False,False,False,0
v4_final_cube_random_17,cube_random,1,B3,,"[""eb1790c11d26d22b25e7""]",15200,True,ABSTAINED,False,False,False,0
v4_final_cube_random_17,cube_random,1,B4,,"[""eb1790c11d26d22b25e7""]",15200,True,ABSTAINED,False,False,False,0
v4_final_cube_random_17,cube_random,1,B4_normal,,"[""eb1790c11d26d22b25e7""]",15200,True,ABSTAINED,False,False,False,0
v4_final_cube_random_17,cube_random,1,B5,,"[""eb1790c11d26d22b25e7""]",15200,True,ABSTAINED,False,False,False,0
v4_final_cube_random_17,cube_random,3,B0,,"[""eb1790c11d26d22b25e7"", ""f311169bb01dc8215ce8"", ""9c3195dcc69486c48664""]",45800,True,ABSTAINED,False,False,False,0
v4_final_cube_random_17,cube_random,3,B1,,"[""eb1790c11d26d22b25e7"", ""f311169bb01dc8215ce8"", ""9c3195dcc69486c48664""]",45800,True,ABSTAINED,False,False,False,0
v4_final_cube_random_17,cube_random,3,B2,,"[""eb1790c11d26d22b25e7"", ""f311169bb01dc8215ce8"", ""9c3195dcc69486c48664""]",45800,True,ABSTAINED,False,False,False,0
v4_final_cube_random_17,cube_random,3,B3,,"[""eb1790c11d26d22b25e7"", ""f311169bb01dc8215ce8"", ""9c3195dcc69486c48664""]",45800,True,ABSTAINED,False,False,False,0
v4_final_cube_random_17,cube_random,3,B4,,"[""eb1790c11d26d22b25e7"", ""f311169bb01dc8215ce8"", ""9c3195dcc69486c48664""]",45800,True,ABSTAINED,False,False,False,0
v4_final_cube_random_17,cube_random,3,B4_normal,,"[""eb1790c11d26d22b25e7"", ""f311169bb01dc8215ce8"", ""9c3195dcc69486c48664""]",45800,True,ABSTAINED,False,False,False,0
v4_final_cube_random_17,cube_random,3,B5,,"[""eb1790c11d26d22b25e7"", ""f311169bb01dc8215ce8"", ""9c3195dcc69486c48664""]",45800,True,ABSTAINED,False,False,False,0
v4_final_cube_random_17,cube_random,6,B0,,"[""eb1790c11d26d22b25e7"", ""f311169bb01dc8215ce8"", ""9c3195dcc69486c48664"", ""799b5c99a4e178342f62"", ""449ed30d01856946949e"", ""11fa95541678a07aeb8c""]",92300,True,ABSTAINED,False,False,False,0
v4_final_cube_random_17,cube_random,6,B1,,"[""eb1790c11d26d22b25e7"", ""f311169bb01dc8215ce8"", ""9c3195dcc69486c48664"", ""799b5c99a4e178342f62"", ""449ed30d01856946949e"", ""11fa95541678a07aeb8c""]",92300,True,ABSTAINED,False,False,False,0
v4_final_cube_random_17,cube_random,6,B2,,"[""eb1790c11d26d22b25e7"", ""f311169bb01dc8215ce8"", ""9c3195dcc69486c48664"", ""799b5c99a4e178342f62"", ""449ed30d01856946949e"", ""11fa95541678a07aeb8c""]",92300,True,ABSTAINED,False,False,False,0
v4_final_cube_random_17,cube_random,6,B3,,"[""eb1790c11d26d22b25e7"", ""f311169bb01dc8215ce8"", ""9c3195dcc69486c48664"", ""799b5c99a4e178342f62"", ""449ed30d01856946949e"", ""11fa95541678a07aeb8c""]",92300,True,ABSTAINED,False,False,False,0
v4_final_cube_random_17,cube_random,6,B4,,"[""eb1790c11d26d22b25e7"", ""f311169bb01dc8215ce8"", ""9c3195dcc69486c48664"", ""799b5c99a4e178342f62"", ""449ed30d01856946949e"", ""11fa95541678a07aeb8c""]",92300,True,ABSTAINED,False,False,False,0
v4_final_cube_random_17,cube_random,6,B4_normal,,"[""eb1790c11d26d22b25e7"", ""f311169bb01dc8215ce8"", ""9c3195dcc69486c48664"", ""799b5c99a4e178342f62"", ""449ed30d01856946949e"", ""11fa95541678a07aeb8c""]",92300,True,ABSTAINED,False,False,False,0
v4_final_cube_random_17,cube_random,6,B5,,"[""eb1790c11d26d22b25e7"", ""f311169bb01dc8215ce8"", ""9c3195dcc69486c48664"", ""799b5c99a4e178342f62"", ""449ed30d01856946949e"", ""11fa95541678a07aeb8c""]",92300,True,ABSTAINED,False,False,False,0
v4_final_cube_random_18,cube_random,1,B0,783c063fd49ea06b2d5e,"[""783c063fd49ea06b2d5e""]",15200,False,VALID,False,False,False,0
v4_final_cube_random_18,cube_random,1,B1,783c063fd49ea06b2d5e,"[""783c063fd49ea06b2d5e""]",15200,False,VALID,False,False,False,0
v4_final_cube_random_18,cube_random,1,B2,,"[""783c063fd49ea06b2d5e""]",15200,True,ABSTAINED,False,False,False,0
v4_final_cube_random_18,cube_random,1,B3,,"[""783c063fd49ea06b2d5e""]",15200,True,ABSTAINED,False,False,False,0
v4_final_cube_random_18,cube_random,1,B4,,"[""783c063fd49ea06b2d5e""]",15200,True,ABSTAINED,False,False,False,0
v4_final_cube_random_18,cube_random,1,B4_normal,,"[""783c063fd49ea06b2d5e""]",15200,True,ABSTAINED,False,False,False,0
v4_final_cube_random_18,cube_random,1,B5,,"[""783c063fd49ea06b2d5e""]",15200,True,ABSTAINED,False,False,False,0
v4_final_cube_random_18,cube_random,3,B0,783c063fd49ea06b2d5e,"[""783c063fd49ea06b2d5e"", ""32ba1a68b177456b1761"", ""e35899d30e4661335b2c""]",45800,False,VALID,False,False,True,1
v4_final_cube_random_18,cube_random,3,B1,783c063fd49ea06b2d5e,"[""783c063fd49ea06b2d5e"", ""32ba1a68b177456b1761"", ""e35899d30e4661335b2c""]",45800,False,VALID,False,False,True,1
v4_final_cube_random_18,cube_random,3,B2,,"[""783c063fd49ea06b2d5e"", ""32ba1a68b177456b1761"", ""e35899d30e4661335b2c""]",45800,True,ABSTAINED,False,False,True,1
v4_final_cube_random_18,cube_random,3,B3,,"[""783c063fd49ea06b2d5e"", ""32ba1a68b177456b1761"", ""e35899d30e4661335b2c""]",45800,True,ABSTAINED,False,False,True,1
v4_final_cube_random_18,cube_random,3,B4,,"[""783c063fd49ea06b2d5e"", ""32ba1a68b177456b1761"", ""e35899d30e4661335b2c""]",45800,True,ABSTAINED,False,False,True,1
v4_final_cube_random_18,cube_random,3,B4_normal,,"[""783c063fd49ea06b2d5e"", ""32ba1a68b177456b1761"", ""e35899d30e4661335b2c""]",45800,True,ABSTAINED,False,False,True,1
v4_final_cube_random_18,cube_random,3,B5,,"[""783c063fd49ea06b2d5e"", ""32ba1a68b177456b1761"", ""e35899d30e4661335b2c""]",45800,True,ABSTAINED,False,False,True,1
v4_final_cube_random_18,cube_random,6,B0,783c063fd49ea06b2d5e,"[""783c063fd49ea06b2d5e"", ""32ba1a68b177456b1761"", ""e35899d30e4661335b2c"", ""15735f10fec32b7efdb8"", ""3366793624a6e1347a7e"", ""176381990747cf8218a7""]",92300,False,VALID,False,False,True,1
v4_final_cube_random_18,cube_random,6,B1,783c063fd49ea06b2d5e,"[""783c063fd49ea06b2d5e"", ""32ba1a68b177456b1761"", ""e35899d30e4661335b2c"", ""15735f10fec32b7efdb8"", ""3366793624a6e1347a7e"", ""176381990747cf8218a7""]",92300,False,VALID,False,False,True,1
v4_final_cube_random_18,cube_random,6,B2,,"[""783c063fd49ea06b2d5e"", ""32ba1a68b177456b1761"", ""e35899d30e4661335b2c"", ""15735f10fec32b7efdb8"", ""3366793624a6e1347a7e"", ""176381990747cf8218a7""]",92300,True,ABSTAINED,False,False,True,1
v4_final_cube_random_18,cube_random,6,B3,,"[""783c063fd49ea06b2d5e"", ""32ba1a68b177456b1761"", ""e35899d30e4661335b2c"", ""15735f10fec32b7efdb8"", ""3366793624a6e1347a7e"", ""176381990747cf8218a7""]",92300,True,ABSTAINED,False,False,True,1
v4_final_cube_random_18,cube_random,6,B4,,"[""783c063fd49ea06b2d5e"", ""32ba1a68b177456b1761"", ""e35899d30e4661335b2c"", ""15735f10fec32b7efdb8"", ""3366793624a6e1347a7e"", ""176381990747cf8218a7""]",92300,True,ABSTAINED,False,False,True,1
v4_final_cube_random_18,cube_random,6,B4_normal,,"[""783c063fd49ea06b2d5e"", ""32ba1a68b177456b1761"", ""e35899d30e4661335b2c"", ""15735f10fec32b7efdb8"", ""3366793624a6e1347a7e"", ""176381990747cf8218a7""]",92300,True,ABSTAINED,False,False,True,1
v4_final_cube_random_18,cube_random,6,B5,,"[""783c063fd49ea06b2d5e"", ""32ba1a68b177456b1761"", ""e35899d30e4661335b2c"", ""15735f10fec32b7efdb8"", ""3366793624a6e1347a7e"", ""176381990747cf8218a7""]",92300,True,ABSTAINED,False,False,True,1
v4_final_cube_random_19,cube_random,1,B0,,"[""7de10335cc1d0e9a25cc""]",15200,True,ABSTAINED,False,False,True,1
v4_final_cube_random_19,cube_random,1,B1,,"[""7de10335cc1d0e9a25cc""]",15200,True,ABSTAINED,False,False,True,1
v4_final_cube_random_19,cube_random,1,B2,,"[""7de10335cc1d0e9a25cc""]",15200,True,ABSTAINED,False,False,True,1
v4_final_cube_random_19,cube_random,1,B3,,"[""7de10335cc1d0e9a25cc""]",15200,True,ABSTAINED,False,False,True,1
v4_final_cube_random_19,cube_random,1,B4,,"[""7de10335cc1d0e9a25cc""]",15200,True,ABSTAINED,False,False,True,1
v4_final_cube_random_19,cube_random,1,B4_normal,,"[""7de10335cc1d0e9a25cc""]",15200,True,ABSTAINED,False,False,True,1
v4_final_cube_random_19,cube_random,1,B5,,"[""7de10335cc1d0e9a25cc""]",15200,True,ABSTAINED,False,False,True,1
v4_final_cube_random_19,cube_random,3,B0,636731640c804e1db7ea,"[""7de10335cc1d0e9a25cc"", ""636731640c804e1db7ea"", ""0e96dae53fe3915ff0a2""]",45800,False,VALID,True,True,True,0
v4_final_cube_random_19,cube_random,3,B1,636731640c804e1db7ea,"[""7de10335cc1d0e9a25cc"", ""636731640c804e1db7ea"", ""0e96dae53fe3915ff0a2""]",45800,False,VALID,True,True,True,0
v4_final_cube_random_19,cube_random,3,B2,,"[""7de10335cc1d0e9a25cc"", ""636731640c804e1db7ea"", ""0e96dae53fe3915ff0a2""]",45800,True,ABSTAINED,False,False,True,1
v4_final_cube_random_19,cube_random,3,B3,,"[""7de10335cc1d0e9a25cc"", ""636731640c804e1db7ea"", ""0e96dae53fe3915ff0a2""]",45800,True,ABSTAINED,False,False,True,1
v4_final_cube_random_19,cube_random,3,B4,,"[""7de10335cc1d0e9a25cc"", ""636731640c804e1db7ea"", ""0e96dae53fe3915ff0a2""]",45800,True,ABSTAINED,False,False,True,1
v4_final_cube_random_19,cube_random,3,B4_normal,,"[""7de10335cc1d0e9a25cc"", ""636731640c804e1db7ea"", ""0e96dae53fe3915ff0a2""]",45800,True,ABSTAINED,False,False,True,1
v4_final_cube_random_19,cube_random,3,B5,,"[""7de10335cc1d0e9a25cc"", ""636731640c804e1db7ea"", ""0e96dae53fe3915ff0a2""]",45800,True,ABSTAINED,False,False,True,1
v4_final_cube_random_19,cube_random,6,B0,636731640c804e1db7ea,"[""7de10335cc1d0e9a25cc"", ""636731640c804e1db7ea"", ""0e96dae53fe3915ff0a2"", ""4f5e1e2eaab0b1880770"", ""b74c45fcc3ce1225659f"", ""173c1c6f337023a6af09""]",92300,False,VALID,True,True,True,0
v4_final_cube_random_19,cube_random,6,B1,636731640c804e1db7ea,"[""7de10335cc1d0e9a25cc"", ""636731640c804e1db7ea"", ""0e96dae53fe3915ff0a2"", ""4f5e1e2eaab0b1880770"", ""b74c45fcc3ce1225659f"", ""173c1c6f337023a6af09""]",92300,False,VALID,True,True,True,0
v4_final_cube_random_19,cube_random,6,B2,,"[""7de10335cc1d0e9a25cc"", ""636731640c804e1db7ea"", ""0e96dae53fe3915ff0a2"", ""4f5e1e2eaab0b1880770"", ""b74c45fcc3ce1225659f"", ""173c1c6f337023a6af09""]",92300,True,ABSTAINED,False,False,True,1
v4_final_cube_random_19,cube_random,6,B3,,"[""7de10335cc1d0e9a25cc"", ""636731640c804e1db7ea"", ""0e96dae53fe3915ff0a2"", ""4f5e1e2eaab0b1880770"", ""b74c45fcc3ce1225659f"", ""173c1c6f337023a6af09""]",92300,True,ABSTAINED,False,False,True,1
v4_final_cube_random_19,cube_random,6,B4,,"[""7de10335cc1d0e9a25cc"", ""636731640c804e1db7ea"", ""0e96dae53fe3915ff0a2"", ""4f5e1e2eaab0b1880770"", ""b74c45fcc3ce1225659f"", ""173c1c6f337023a6af09""]",92300,True,ABSTAINED,False,False,True,1
v4_final_cube_random_19,cube_random,6,B4_normal,,"[""7de10335cc1d0e9a25cc"", ""636731640c804e1db7ea"", ""0e96dae53fe3915ff0a2"", ""4f5e1e2eaab0b1880770"", ""b74c45fcc3ce1225659f"", ""173c1c6f337023a6af09""]",92300,True,ABSTAINED,False,False,True,1
v4_final_cube_random_19,cube_random,6,B5,,"[""7de10335cc1d0e9a25cc"", ""636731640c804e1db7ea"", ""0e96dae53fe3915ff0a2"", ""4f5e1e2eaab0b1880770"", ""b74c45fcc3ce1225659f"", ""173c1c6f337023a6af09""]",92300,True,ABSTAINED,False,False,True,1
v4_final_cylinder_random_00,cylinder_random,1,B0,,"[""c7a4c40dcd4e80a8ca63""]",9630,True,ABSTAINED,False,False,True,1
v4_final_cylinder_random_00,cylinder_random,1,B1,,"[""c7a4c40dcd4e80a8ca63""]",9630,True,ABSTAINED,False,False,True,1
v4_final_cylinder_random_00,cylinder_random,1,B2,,"[""c7a4c40dcd4e80a8ca63""]",9630,True,ABSTAINED,False,False,True,1
v4_final_cylinder_random_00,cylinder_random,1,B3,,"[""c7a4c40dcd4e80a8ca63""]",9630,True,ABSTAINED,False,False,True,1
v4_final_cylinder_random_00,cylinder_random,1,B4,,"[""c7a4c40dcd4e80a8ca63""]",9630,True,ABSTAINED,False,False,True,1
v4_final_cylinder_random_00,cylinder_random,1,B4_normal,,"[""c7a4c40dcd4e80a8ca63""]",9630,True,ABSTAINED,False,False,True,1
v4_final_cylinder_random_00,cylinder_random,1,B5,,"[""c7a4c40dcd4e80a8ca63""]",9630,True,ABSTAINED,False,False,True,1
v4_final_cylinder_random_00,cylinder_random,3,B0,,"[""c7a4c40dcd4e80a8ca63"", ""d891e936e0873493f827"", ""e80cf6d54c04e5d220d3""]",27830,True,ABSTAINED,False,False,True,1
v4_final_cylinder_random_00,cylinder_random,3,B1,,"[""c7a4c40dcd4e80a8ca63"", ""d891e936e0873493f827"", ""e80cf6d54c04e5d220d3""]",27830,True,ABSTAINED,False,False,True,1
v4_final_cylinder_random_00,cylinder_random,3,B2,,"[""c7a4c40dcd4e80a8ca63"", ""d891e936e0873493f827"", ""e80cf6d54c04e5d220d3""]",27830,True,ABSTAINED,False,False,True,1
v4_final_cylinder_random_00,cylinder_random,3,B3,,"[""c7a4c40dcd4e80a8ca63"", ""d891e936e0873493f827"", ""e80cf6d54c04e5d220d3""]",27830,True,ABSTAINED,False,False,True,1
v4_final_cylinder_random_00,cylinder_random,3,B4,,"[""c7a4c40dcd4e80a8ca63"", ""d891e936e0873493f827"", ""e80cf6d54c04e5d220d3""]",27830,True,ABSTAINED,False,False,True,1
v4_final_cylinder_random_00,cylinder_random,3,B4_normal,,"[""c7a4c40dcd4e80a8ca63"", ""d891e936e0873493f827"", ""e80cf6d54c04e5d220d3""]",27830,True,ABSTAINED,False,False,True,1
v4_final_cylinder_random_00,cylinder_random,3,B5,,"[""c7a4c40dcd4e80a8ca63"", ""d891e936e0873493f827"", ""e80cf6d54c04e5d220d3""]",27830,True,ABSTAINED,False,False,True,1
v4_final_cylinder_random_00,cylinder_random,6,B0,bf0ec553baa62579ac07,"[""c7a4c40dcd4e80a8ca63"", ""d891e936e0873493f827"", ""e80cf6d54c04e5d220d3"", ""bf0ec553baa62579ac07"", ""23ecb7fa8d2cc7cb7577"", ""d57b23d46964da5f371f""]",56000,False,VALID,True,True,True,0
v4_final_cylinder_random_00,cylinder_random,6,B1,bf0ec553baa62579ac07,"[""c7a4c40dcd4e80a8ca63"", ""d891e936e0873493f827"", ""e80cf6d54c04e5d220d3"", ""bf0ec553baa62579ac07"", ""23ecb7fa8d2cc7cb7577"", ""d57b23d46964da5f371f""]",56000,False,VALID,True,True,True,0
v4_final_cylinder_random_00,cylinder_random,6,B2,bf0ec553baa62579ac07,"[""c7a4c40dcd4e80a8ca63"", ""d891e936e0873493f827"", ""e80cf6d54c04e5d220d3"", ""bf0ec553baa62579ac07"", ""23ecb7fa8d2cc7cb7577"", ""d57b23d46964da5f371f""]",56000,False,VALID,True,True,True,0
v4_final_cylinder_random_00,cylinder_random,6,B3,bf0ec553baa62579ac07,"[""c7a4c40dcd4e80a8ca63"", ""d891e936e0873493f827"", ""e80cf6d54c04e5d220d3"", ""bf0ec553baa62579ac07"", ""23ecb7fa8d2cc7cb7577"", ""d57b23d46964da5f371f""]",56000,False,VALID,True,True,True,0
v4_final_cylinder_random_00,cylinder_random,6,B4,bf0ec553baa62579ac07,"[""c7a4c40dcd4e80a8ca63"", ""d891e936e0873493f827"", ""e80cf6d54c04e5d220d3"", ""bf0ec553baa62579ac07"", ""23ecb7fa8d2cc7cb7577"", ""d57b23d46964da5f371f""]",56000,False,VALID,True,True,True,0
v4_final_cylinder_random_00,cylinder_random,6,B4_normal,bf0ec553baa62579ac07,"[""c7a4c40dcd4e80a8ca63"", ""d891e936e0873493f827"", ""e80cf6d54c04e5d220d3"", ""bf0ec553baa62579ac07"", ""23ecb7fa8d2cc7cb7577"", ""d57b23d46964da5f371f""]",56000,False,VALID,True,True,True,0
v4_final_cylinder_random_00,cylinder_random,6,B5,bf0ec553baa62579ac07,"[""c7a4c40dcd4e80a8ca63"", ""d891e936e0873493f827"", ""e80cf6d54c04e5d220d3"", ""bf0ec553baa62579ac07"", ""23ecb7fa8d2cc7cb7577"", ""d57b23d46964da5f371f""]",56000,False,VALID,True,True,True,0
v4_final_cylinder_random_01,cylinder_random,1,B0,,"[""8df22ae618ccc84f75a6""]",9630,True,ABSTAINED,False,False,False,0
v4_final_cylinder_random_01,cylinder_random,1,B1,,"[""8df22ae618ccc84f75a6""]",9630,True,ABSTAINED,False,False,False,0
v4_final_cylinder_random_01,cylinder_random,1,B2,,"[""8df22ae618ccc84f75a6""]",9630,True,ABSTAINED,False,False,False,0
v4_final_cylinder_random_01,cylinder_random,1,B3,,"[""8df22ae618ccc84f75a6""]",9630,True,ABSTAINED,False,False,False,0
v4_final_cylinder_random_01,cylinder_random,1,B4,,"[""8df22ae618ccc84f75a6""]",9630,True,ABSTAINED,False,False,False,0
v4_final_cylinder_random_01,cylinder_random,1,B4_normal,,"[""8df22ae618ccc84f75a6""]",9630,True,ABSTAINED,False,False,False,0
v4_final_cylinder_random_01,cylinder_random,1,B5,,"[""8df22ae618ccc84f75a6""]",9630,True,ABSTAINED,False,False,False,0
v4_final_cylinder_random_01,cylinder_random,3,B0,,"[""8df22ae618ccc84f75a6"", ""2b7f5d8be254144cf8ee"", ""fe11257d90e16927950e""]",27830,True,ABSTAINED,False,False,False,0
v4_final_cylinder_random_01,cylinder_random,3,B1,,"[""8df22ae618ccc84f75a6"", ""2b7f5d8be254144cf8ee"", ""fe11257d90e16927950e""]",27830,True,ABSTAINED,False,False,False,0
v4_final_cylinder_random_01,cylinder_random,3,B2,,"[""8df22ae618ccc84f75a6"", ""2b7f5d8be254144cf8ee"", ""fe11257d90e16927950e""]",27830,True,ABSTAINED,False,False,False,0
v4_final_cylinder_random_01,cylinder_random,3,B3,,"[""8df22ae618ccc84f75a6"", ""2b7f5d8be254144cf8ee"", ""fe11257d90e16927950e""]",27830,True,ABSTAINED,False,False,False,0
v4_final_cylinder_random_01,cylinder_random,3,B4,,"[""8df22ae618ccc84f75a6"", ""2b7f5d8be254144cf8ee"", ""fe11257d90e16927950e""]",27830,True,ABSTAINED,False,False,False,0
v4_final_cylinder_random_01,cylinder_random,3,B4_normal,,"[""8df22ae618ccc84f75a6"", ""2b7f5d8be254144cf8ee"", ""fe11257d90e16927950e""]",27830,True,ABSTAINED,False,False,False,0
v4_final_cylinder_random_01,cylinder_random,3,B5,,"[""8df22ae618ccc84f75a6"", ""2b7f5d8be254144cf8ee"", ""fe11257d90e16927950e""]",27830,True,ABSTAINED,False,False,False,0
v4_final_cylinder_random_01,cylinder_random,6,B0,,"[""8df22ae618ccc84f75a6"", ""2b7f5d8be254144cf8ee"", ""fe11257d90e16927950e"", ""27237e937d7952b2d1c8"", ""e9e185074eafe26feb12"", ""6e67746adc530eab6cfe""]",56000,True,ABSTAINED,False,False,True,1
v4_final_cylinder_random_01,cylinder_random,6,B1,,"[""8df22ae618ccc84f75a6"", ""2b7f5d8be254144cf8ee"", ""fe11257d90e16927950e"", ""27237e937d7952b2d1c8"", ""e9e185074eafe26feb12"", ""6e67746adc530eab6cfe""]",56000,True,ABSTAINED,False,False,True,1
v4_final_cylinder_random_01,cylinder_random,6,B2,,"[""8df22ae618ccc84f75a6"", ""2b7f5d8be254144cf8ee"", ""fe11257d90e16927950e"", ""27237e937d7952b2d1c8"", ""e9e185074eafe26feb12"", ""6e67746adc530eab6cfe""]",56000,True,ABSTAINED,False,False,True,1
v4_final_cylinder_random_01,cylinder_random,6,B3,,"[""8df22ae618ccc84f75a6"", ""2b7f5d8be254144cf8ee"", ""fe11257d90e16927950e"", ""27237e937d7952b2d1c8"", ""e9e185074eafe26feb12"", ""6e67746adc530eab6cfe""]",56000,True,ABSTAINED,False,False,True,1
v4_final_cylinder_random_01,cylinder_random,6,B4,,"[""8df22ae618ccc84f75a6"", ""2b7f5d8be254144cf8ee"", ""fe11257d90e16927950e"", ""27237e937d7952b2d1c8"", ""e9e185074eafe26feb12"", ""6e67746adc530eab6cfe""]",56000,True,ABSTAINED,False,False,True,1
v4_final_cylinder_random_01,cylinder_random,6,B4_normal,,"[""8df22ae618ccc84f75a6"", ""2b7f5d8be254144cf8ee"", ""fe11257d90e16927950e"", ""27237e937d7952b2d1c8"", ""e9e185074eafe26feb12"", ""6e67746adc530eab6cfe""]",56000,True,ABSTAINED,False,False,True,1
v4_final_cylinder_random_01,cylinder_random,6,B5,,"[""8df22ae618ccc84f75a6"", ""2b7f5d8be254144cf8ee"", ""fe11257d90e16927950e"", ""27237e937d7952b2d1c8"", ""e9e185074eafe26feb12"", ""6e67746adc530eab6cfe""]",56000,True,ABSTAINED,False,False,True,1
v4_final_cylinder_random_02,cylinder_random,1,B0,,"[""675bb9960f43ed819c61""]",9630,True,ABSTAINED,False,False,True,1
v4_final_cylinder_random_02,cylinder_random,1,B1,,"[""675bb9960f43ed819c61""]",9630,True,ABSTAINED,False,False,True,1
v4_final_cylinder_random_02,cylinder_random,1,B2,,"[""675bb9960f43ed819c61""]",9630,True,ABSTAINED,False,False,True,1
v4_final_cylinder_random_02,cylinder_random,1,B3,,"[""675bb9960f43ed819c61""]",9630,True,ABSTAINED,False,False,True,1
v4_final_cylinder_random_02,cylinder_random,1,B4,,"[""675bb9960f43ed819c61""]",9630,True,ABSTAINED,False,False,True,1
v4_final_cylinder_random_02,cylinder_random,1,B4_normal,,"[""675bb9960f43ed819c61""]",9630,True,ABSTAINED,False,False,True,1
v4_final_cylinder_random_02,cylinder_random,1,B5,,"[""675bb9960f43ed819c61""]",9630,True,ABSTAINED,False,False,True,1
v4_final_cylinder_random_02,cylinder_random,3,B0,,"[""675bb9960f43ed819c61"", ""9d8d8abb1fbe3d070046"", ""f30fb453cdb3ac29f4ac""]",27830,True,ABSTAINED,False,False,True,1
v4_final_cylinder_random_02,cylinder_random,3,B1,,"[""675bb9960f43ed819c61"", ""9d8d8abb1fbe3d070046"", ""f30fb453cdb3ac29f4ac""]",27830,True,ABSTAINED,False,False,True,1
v4_final_cylinder_random_02,cylinder_random,3,B2,,"[""675bb9960f43ed819c61"", ""9d8d8abb1fbe3d070046"", ""f30fb453cdb3ac29f4ac""]",27830,True,ABSTAINED,False,False,True,1
v4_final_cylinder_random_02,cylinder_random,3,B3,,"[""675bb9960f43ed819c61"", ""9d8d8abb1fbe3d070046"", ""f30fb453cdb3ac29f4ac""]",27830,True,ABSTAINED,False,False,True,1
v4_final_cylinder_random_02,cylinder_random,3,B4,,"[""675bb9960f43ed819c61"", ""9d8d8abb1fbe3d070046"", ""f30fb453cdb3ac29f4ac""]",27830,True,ABSTAINED,False,False,True,1
v4_final_cylinder_random_02,cylinder_random,3,B4_normal,,"[""675bb9960f43ed819c61"", ""9d8d8abb1fbe3d070046"", ""f30fb453cdb3ac29f4ac""]",27830,True,ABSTAINED,False,False,True,1
v4_final_cylinder_random_02,cylinder_random,3,B5,,"[""675bb9960f43ed819c61"", ""9d8d8abb1fbe3d070046"", ""f30fb453cdb3ac29f4ac""]",27830,True,ABSTAINED,False,False,True,1
v4_final_cylinder_random_02,cylinder_random,6,B0,40aef2ea23cb8fa89c26,"[""675bb9960f43ed819c61"", ""9d8d8abb1fbe3d070046"", ""f30fb453cdb3ac29f4ac"", ""40aef2ea23cb8fa89c26"", ""06471ede20b6b9ac4ad7"", ""d56447e3180f5f8775fc""]",56000,False,VALID,True,True,True,0
v4_final_cylinder_random_02,cylinder_random,6,B1,40aef2ea23cb8fa89c26,"[""675bb9960f43ed819c61"", ""9d8d8abb1fbe3d070046"", ""f30fb453cdb3ac29f4ac"", ""40aef2ea23cb8fa89c26"", ""06471ede20b6b9ac4ad7"", ""d56447e3180f5f8775fc""]",56000,False,VALID,True,True,True,0
v4_final_cylinder_random_02,cylinder_random,6,B2,40aef2ea23cb8fa89c26,"[""675bb9960f43ed819c61"", ""9d8d8abb1fbe3d070046"", ""f30fb453cdb3ac29f4ac"", ""40aef2ea23cb8fa89c26"", ""06471ede20b6b9ac4ad7"", ""d56447e3180f5f8775fc""]",56000,False,VALID,True,True,True,0
v4_final_cylinder_random_02,cylinder_random,6,B3,40aef2ea23cb8fa89c26,"[""675bb9960f43ed819c61"", ""9d8d8abb1fbe3d070046"", ""f30fb453cdb3ac29f4ac"", ""40aef2ea23cb8fa89c26"", ""06471ede20b6b9ac4ad7"", ""d56447e3180f5f8775fc""]",56000,False,VALID,True,True,True,0
v4_final_cylinder_random_02,cylinder_random,6,B4,40aef2ea23cb8fa89c26,"[""675bb9960f43ed819c61"", ""9d8d8abb1fbe3d070046"", ""f30fb453cdb3ac29f4ac"", ""40aef2ea23cb8fa89c26"", ""06471ede20b6b9ac4ad7"", ""d56447e3180f5f8775fc""]",56000,False,VALID,True,True,True,0
v4_final_cylinder_random_02,cylinder_random,6,B4_normal,40aef2ea23cb8fa89c26,"[""675bb9960f43ed819c61"", ""9d8d8abb1fbe3d070046"", ""f30fb453cdb3ac29f4ac"", ""40aef2ea23cb8fa89c26"", ""06471ede20b6b9ac4ad7"", ""d56447e3180f5f8775fc""]",56000,False,VALID,True,True,True,0
v4_final_cylinder_random_02,cylinder_random,6,B5,40aef2ea23cb8fa89c26,"[""675bb9960f43ed819c61"", ""9d8d8abb1fbe3d070046"", ""f30fb453cdb3ac29f4ac"", ""40aef2ea23cb8fa89c26"", ""06471ede20b6b9ac4ad7"", ""d56447e3180f5f8775fc""]",56000,False,VALID,True,True,True,0
v4_final_cylinder_random_03,cylinder_random,1,B0,,"[""cab84f28ce77c36bdf30""]",9100,True,ABSTAINED,False,False,False,0
v4_final_cylinder_random_03,cylinder_random,1,B1,,"[""cab84f28ce77c36bdf30""]",9100,True,ABSTAINED,False,False,False,0
v4_final_cylinder_random_03,cylinder_random,1,B2,,"[""cab84f28ce77c36bdf30""]",9100,True,ABSTAINED,False,False,False,0
v4_final_cylinder_random_03,cylinder_random,1,B3,,"[""cab84f28ce77c36bdf30""]",9100,True,ABSTAINED,False,False,False,0
v4_final_cylinder_random_03,cylinder_random,1,B4,,"[""cab84f28ce77c36bdf30""]",9100,True,ABSTAINED,False,False,False,0
v4_final_cylinder_random_03,cylinder_random,1,B4_normal,,"[""cab84f28ce77c36bdf30""]",9100,True,ABSTAINED,False,False,False,0
v4_final_cylinder_random_03,cylinder_random,1,B5,,"[""cab84f28ce77c36bdf30""]",9100,True,ABSTAINED,False,False,False,0
v4_final_cylinder_random_03,cylinder_random,3,B0,,"[""cab84f28ce77c36bdf30"", ""3cb9370c2cb6e7294ba4"", ""c68aba685ec0ee532f83""]",28170,True,ABSTAINED,False,False,True,1
v4_final_cylinder_random_03,cylinder_random,3,B1,,"[""cab84f28ce77c36bdf30"", ""3cb9370c2cb6e7294ba4"", ""c68aba685ec0ee532f83""]",28170,True,ABSTAINED,False,False,True,1
v4_final_cylinder_random_03,cylinder_random,3,B2,,"[""cab84f28ce77c36bdf30"", ""3cb9370c2cb6e7294ba4"", ""c68aba685ec0ee532f83""]",28170,True,ABSTAINED,False,False,True,1
v4_final_cylinder_random_03,cylinder_random,3,B3,,"[""cab84f28ce77c36bdf30"", ""3cb9370c2cb6e7294ba4"", ""c68aba685ec0ee532f83""]",28170,True,ABSTAINED,False,False,True,1
v4_final_cylinder_random_03,cylinder_random,3,B4,,"[""cab84f28ce77c36bdf30"", ""3cb9370c2cb6e7294ba4"", ""c68aba685ec0ee532f83""]",28170,True,ABSTAINED,False,False,True,1
v4_final_cylinder_random_03,cylinder_random,3,B4_normal,,"[""cab84f28ce77c36bdf30"", ""3cb9370c2cb6e7294ba4"", ""c68aba685ec0ee532f83""]",28170,True,ABSTAINED,False,False,True,1
v4_final_cylinder_random_03,cylinder_random,3,B5,,"[""cab84f28ce77c36bdf30"", ""3cb9370c2cb6e7294ba4"", ""c68aba685ec0ee532f83""]",28170,True,ABSTAINED,False,False,True,1
v4_final_cylinder_random_03,cylinder_random,6,B0,,"[""cab84f28ce77c36bdf30"", ""3cb9370c2cb6e7294ba4"", ""c68aba685ec0ee532f83"", ""0ef9c2117abb6233668a"", ""c1148d63eecb32810498"", ""0521f0f03de149b9d22d""]",55470,True,ABSTAINED,False,False,True,1
v4_final_cylinder_random_03,cylinder_random,6,B1,,"[""cab84f28ce77c36bdf30"", ""3cb9370c2cb6e7294ba4"", ""c68aba685ec0ee532f83"", ""0ef9c2117abb6233668a"", ""c1148d63eecb32810498"", ""0521f0f03de149b9d22d""]",55470,True,ABSTAINED,False,False,True,1
v4_final_cylinder_random_03,cylinder_random,6,B2,,"[""cab84f28ce77c36bdf30"", ""3cb9370c2cb6e7294ba4"", ""c68aba685ec0ee532f83"", ""0ef9c2117abb6233668a"", ""c1148d63eecb32810498"", ""0521f0f03de149b9d22d""]",55470,True,ABSTAINED,False,False,True,1
v4_final_cylinder_random_03,cylinder_random,6,B3,,"[""cab84f28ce77c36bdf30"", ""3cb9370c2cb6e7294ba4"", ""c68aba685ec0ee532f83"", ""0ef9c2117abb6233668a"", ""c1148d63eecb32810498"", ""0521f0f03de149b9d22d""]",55470,True,ABSTAINED,False,False,True,1
v4_final_cylinder_random_03,cylinder_random,6,B4,,"[""cab84f28ce77c36bdf30"", ""3cb9370c2cb6e7294ba4"", ""c68aba685ec0ee532f83"", ""0ef9c2117abb6233668a"", ""c1148d63eecb32810498"", ""0521f0f03de149b9d22d""]",55470,True,ABSTAINED,False,False,True,1
v4_final_cylinder_random_03,cylinder_random,6,B4_normal,,"[""cab84f28ce77c36bdf30"", ""3cb9370c2cb6e7294ba4"", ""c68aba685ec0ee532f83"", ""0ef9c2117abb6233668a"", ""c1148d63eecb32810498"", ""0521f0f03de149b9d22d""]",55470,True,ABSTAINED,False,False,True,1
v4_final_cylinder_random_03,cylinder_random,6,B5,,"[""cab84f28ce77c36bdf30"", ""3cb9370c2cb6e7294ba4"", ""c68aba685ec0ee532f83"", ""0ef9c2117abb6233668a"", ""c1148d63eecb32810498"", ""0521f0f03de149b9d22d""]",55470,True,ABSTAINED,False,False,True,1
v4_final_cylinder_random_04,cylinder_random,1,B0,,"[""2516c07bcb4ac85d567c""]",9630,True,ABSTAINED,False,False,True,1
v4_final_cylinder_random_04,cylinder_random,1,B1,,"[""2516c07bcb4ac85d567c""]",9630,True,ABSTAINED,False,False,True,1
v4_final_cylinder_random_04,cylinder_random,1,B2,,"[""2516c07bcb4ac85d567c""]",9630,True,ABSTAINED,False,False,True,1
v4_final_cylinder_random_04,cylinder_random,1,B3,,"[""2516c07bcb4ac85d567c""]",9630,True,ABSTAINED,False,False,True,1
v4_final_cylinder_random_04,cylinder_random,1,B4,,"[""2516c07bcb4ac85d567c""]",9630,True,ABSTAINED,False,False,True,1
v4_final_cylinder_random_04,cylinder_random,1,B4_normal,,"[""2516c07bcb4ac85d567c""]",9630,True,ABSTAINED,False,False,True,1
v4_final_cylinder_random_04,cylinder_random,1,B5,,"[""2516c07bcb4ac85d567c""]",9630,True,ABSTAINED,False,False,True,1
v4_final_cylinder_random_04,cylinder_random,3,B0,60f7e4fd968f5b78ca7f,"[""2516c07bcb4ac85d567c"", ""60f7e4fd968f5b78ca7f"", ""7976aa1e205c3e82939d""]",27830,False,VALID,True,True,True,0
v4_final_cylinder_random_04,cylinder_random,3,B1,60f7e4fd968f5b78ca7f,"[""2516c07bcb4ac85d567c"", ""60f7e4fd968f5b78ca7f"", ""7976aa1e205c3e82939d""]",27830,False,VALID,True,True,True,0
v4_final_cylinder_random_04,cylinder_random,3,B2,60f7e4fd968f5b78ca7f,"[""2516c07bcb4ac85d567c"", ""60f7e4fd968f5b78ca7f"", ""7976aa1e205c3e82939d""]",27830,False,VALID,True,True,True,0
v4_final_cylinder_random_04,cylinder_random,3,B3,60f7e4fd968f5b78ca7f,"[""2516c07bcb4ac85d567c"", ""60f7e4fd968f5b78ca7f"", ""7976aa1e205c3e82939d""]",27830,False,VALID,True,True,True,0
v4_final_cylinder_random_04,cylinder_random,3,B4,60f7e4fd968f5b78ca7f,"[""2516c07bcb4ac85d567c"", ""60f7e4fd968f5b78ca7f"", ""7976aa1e205c3e82939d""]",27830,False,VALID,True,True,True,0
v4_final_cylinder_random_04,cylinder_random,3,B4_normal,60f7e4fd968f5b78ca7f,"[""2516c07bcb4ac85d567c"", ""60f7e4fd968f5b78ca7f"", ""7976aa1e205c3e82939d""]",27830,False,VALID,True,True,True,0
v4_final_cylinder_random_04,cylinder_random,3,B5,60f7e4fd968f5b78ca7f,"[""2516c07bcb4ac85d567c"", ""60f7e4fd968f5b78ca7f"", ""7976aa1e205c3e82939d""]",27830,False,VALID,True,True,True,0
v4_final_cylinder_random_04,cylinder_random,6,B0,60f7e4fd968f5b78ca7f,"[""2516c07bcb4ac85d567c"", ""60f7e4fd968f5b78ca7f"", ""7976aa1e205c3e82939d"", ""444c0bcec888f3cb2570"", ""0508d4c11c3de0d54427"", ""47b577463381a84bf519""]",56000,False,VALID,True,True,True,0
v4_final_cylinder_random_04,cylinder_random,6,B1,60f7e4fd968f5b78ca7f,"[""2516c07bcb4ac85d567c"", ""60f7e4fd968f5b78ca7f"", ""7976aa1e205c3e82939d"", ""444c0bcec888f3cb2570"", ""0508d4c11c3de0d54427"", ""47b577463381a84bf519""]",56000,False,VALID,True,True,True,0
v4_final_cylinder_random_04,cylinder_random,6,B2,60f7e4fd968f5b78ca7f,"[""2516c07bcb4ac85d567c"", ""60f7e4fd968f5b78ca7f"", ""7976aa1e205c3e82939d"", ""444c0bcec888f3cb2570"", ""0508d4c11c3de0d54427"", ""47b577463381a84bf519""]",56000,False,VALID,True,True,True,0
v4_final_cylinder_random_04,cylinder_random,6,B3,60f7e4fd968f5b78ca7f,"[""2516c07bcb4ac85d567c"", ""60f7e4fd968f5b78ca7f"", ""7976aa1e205c3e82939d"", ""444c0bcec888f3cb2570"", ""0508d4c11c3de0d54427"", ""47b577463381a84bf519""]",56000,False,VALID,True,True,True,0
v4_final_cylinder_random_04,cylinder_random,6,B4,60f7e4fd968f5b78ca7f,"[""2516c07bcb4ac85d567c"", ""60f7e4fd968f5b78ca7f"", ""7976aa1e205c3e82939d"", ""444c0bcec888f3cb2570"", ""0508d4c11c3de0d54427"", ""47b577463381a84bf519""]",56000,False,VALID,True,True,True,0
v4_final_cylinder_random_04,cylinder_random,6,B4_normal,60f7e4fd968f5b78ca7f,"[""2516c07bcb4ac85d567c"", ""60f7e4fd968f5b78ca7f"", ""7976aa1e205c3e82939d"", ""444c0bcec888f3cb2570"", ""0508d4c11c3de0d54427"", ""47b577463381a84bf519""]",56000,False,VALID,True,True,True,0
v4_final_cylinder_random_04,cylinder_random,6,B5,60f7e4fd968f5b78ca7f,"[""2516c07bcb4ac85d567c"", ""60f7e4fd968f5b78ca7f"", ""7976aa1e205c3e82939d"", ""444c0bcec888f3cb2570"", ""0508d4c11c3de0d54427"", ""47b577463381a84bf519""]",56000,False,VALID,True,True,True,0
v4_final_cylinder_random_05,cylinder_random,1,B0,,"[""8a6a49efcff7fc398b93""]",9100,True,ABSTAINED,False,False,True,1
v4_final_cylinder_random_05,cylinder_random,1,B1,,"[""8a6a49efcff7fc398b93""]",9100,True,ABSTAINED,False,False,True,1
v4_final_cylinder_random_05,cylinder_random,1,B2,,"[""8a6a49efcff7fc398b93""]",9100,True,ABSTAINED,False,False,True,1
v4_final_cylinder_random_05,cylinder_random,1,B3,,"[""8a6a49efcff7fc398b93""]",9100,True,ABSTAINED,False,False,True,1
v4_final_cylinder_random_05,cylinder_random,1,B4,,"[""8a6a49efcff7fc398b93""]",9100,True,ABSTAINED,False,False,True,1
v4_final_cylinder_random_05,cylinder_random,1,B4_normal,,"[""8a6a49efcff7fc398b93""]",9100,True,ABSTAINED,False,False,True,1
v4_final_cylinder_random_05,cylinder_random,1,B5,,"[""8a6a49efcff7fc398b93""]",9100,True,ABSTAINED,False,False,True,1
v4_final_cylinder_random_05,cylinder_random,3,B0,2223e77c005fa72f03ea,"[""8a6a49efcff7fc398b93"", ""fa9bb459792459da92ad"", ""2223e77c005fa72f03ea""]",27300,False,VALID,True,True,True,0
v4_final_cylinder_random_05,cylinder_random,3,B1,2223e77c005fa72f03ea,"[""8a6a49efcff7fc398b93"", ""fa9bb459792459da92ad"", ""2223e77c005fa72f03ea""]",27300,False,VALID,True,True,True,0
v4_final_cylinder_random_05,cylinder_random,3,B2,2223e77c005fa72f03ea,"[""8a6a49efcff7fc398b93"", ""fa9bb459792459da92ad"", ""2223e77c005fa72f03ea""]",27300,False,VALID,True,True,True,0
v4_final_cylinder_random_05,cylinder_random,3,B3,2223e77c005fa72f03ea,"[""8a6a49efcff7fc398b93"", ""fa9bb459792459da92ad"", ""2223e77c005fa72f03ea""]",27300,False,VALID,True,True,True,0
v4_final_cylinder_random_05,cylinder_random,3,B4,2223e77c005fa72f03ea,"[""8a6a49efcff7fc398b93"", ""fa9bb459792459da92ad"", ""2223e77c005fa72f03ea""]",27300,False,VALID,True,True,True,0
v4_final_cylinder_random_05,cylinder_random,3,B4_normal,2223e77c005fa72f03ea,"[""8a6a49efcff7fc398b93"", ""fa9bb459792459da92ad"", ""2223e77c005fa72f03ea""]",27300,False,VALID,True,True,True,0
v4_final_cylinder_random_05,cylinder_random,3,B5,2223e77c005fa72f03ea,"[""8a6a49efcff7fc398b93"", ""fa9bb459792459da92ad"", ""2223e77c005fa72f03ea""]",27300,False,VALID,True,True,True,0
v4_final_cylinder_random_05,cylinder_random,6,B0,2223e77c005fa72f03ea,"[""8a6a49efcff7fc398b93"", ""fa9bb459792459da92ad"", ""2223e77c005fa72f03ea"", ""fa58b04d8d4235f807af"", ""53d684a9619147fe03fd"", ""79a18b7a4f5097215b4f""]",54600,False,VALID,True,True,True,0
v4_final_cylinder_random_05,cylinder_random,6,B1,2223e77c005fa72f03ea,"[""8a6a49efcff7fc398b93"", ""fa9bb459792459da92ad"", ""2223e77c005fa72f03ea"", ""fa58b04d8d4235f807af"", ""53d684a9619147fe03fd"", ""79a18b7a4f5097215b4f""]",54600,False,VALID,True,True,True,0
v4_final_cylinder_random_05,cylinder_random,6,B2,2223e77c005fa72f03ea,"[""8a6a49efcff7fc398b93"", ""fa9bb459792459da92ad"", ""2223e77c005fa72f03ea"", ""fa58b04d8d4235f807af"", ""53d684a9619147fe03fd"", ""79a18b7a4f5097215b4f""]",54600,False,VALID,True,True,True,0
v4_final_cylinder_random_05,cylinder_random,6,B3,2223e77c005fa72f03ea,"[""8a6a49efcff7fc398b93"", ""fa9bb459792459da92ad"", ""2223e77c005fa72f03ea"", ""fa58b04d8d4235f807af"", ""53d684a9619147fe03fd"", ""79a18b7a4f5097215b4f""]",54600,False,VALID,True,True,True,0
v4_final_cylinder_random_05,cylinder_random,6,B4,2223e77c005fa72f03ea,"[""8a6a49efcff7fc398b93"", ""fa9bb459792459da92ad"", ""2223e77c005fa72f03ea"", ""fa58b04d8d4235f807af"", ""53d684a9619147fe03fd"", ""79a18b7a4f5097215b4f""]",54600,False,VALID,True,True,True,0
v4_final_cylinder_random_05,cylinder_random,6,B4_normal,2223e77c005fa72f03ea,"[""8a6a49efcff7fc398b93"", ""fa9bb459792459da92ad"", ""2223e77c005fa72f03ea"", ""fa58b04d8d4235f807af"", ""53d684a9619147fe03fd"", ""79a18b7a4f5097215b4f""]",54600,False,VALID,True,True,True,0
v4_final_cylinder_random_05,cylinder_random,6,B5,2223e77c005fa72f03ea,"[""8a6a49efcff7fc398b93"", ""fa9bb459792459da92ad"", ""2223e77c005fa72f03ea"", ""fa58b04d8d4235f807af"", ""53d684a9619147fe03fd"", ""79a18b7a4f5097215b4f""]",54600,False,VALID,True,True,True,0
v4_final_cylinder_random_06,cylinder_random,1,B0,,"[""9dd43457953aff555b38""]",9970,True,ABSTAINED,False,False,True,1
v4_final_cylinder_random_06,cylinder_random,1,B1,,"[""9dd43457953aff555b38""]",9970,True,ABSTAINED,False,False,True,1
v4_final_cylinder_random_06,cylinder_random,1,B2,,"[""9dd43457953aff555b38""]",9970,True,ABSTAINED,False,False,True,1
v4_final_cylinder_random_06,cylinder_random,1,B3,,"[""9dd43457953aff555b38""]",9970,True,ABSTAINED,False,False,True,1
v4_final_cylinder_random_06,cylinder_random,1,B4,,"[""9dd43457953aff555b38""]",9970,True,ABSTAINED,False,False,True,1
v4_final_cylinder_random_06,cylinder_random,1,B4_normal,,"[""9dd43457953aff555b38""]",9970,True,ABSTAINED,False,False,True,1
v4_final_cylinder_random_06,cylinder_random,1,B5,,"[""9dd43457953aff555b38""]",9970,True,ABSTAINED,False,False,True,1
v4_final_cylinder_random_06,cylinder_random,3,B0,,"[""9dd43457953aff555b38"", ""a95fbdf2266189f80c37"", ""2ddbe9ae96604e624158""]",29570,True,ABSTAINED,False,False,True,1
v4_final_cylinder_random_06,cylinder_random,3,B1,,"[""9dd43457953aff555b38"", ""a95fbdf2266189f80c37"", ""2ddbe9ae96604e624158""]",29570,True,ABSTAINED,False,False,True,1
v4_final_cylinder_random_06,cylinder_random,3,B2,,"[""9dd43457953aff555b38"", ""a95fbdf2266189f80c37"", ""2ddbe9ae96604e624158""]",29570,True,ABSTAINED,False,False,True,1
v4_final_cylinder_random_06,cylinder_random,3,B3,,"[""9dd43457953aff555b38"", ""a95fbdf2266189f80c37"", ""2ddbe9ae96604e624158""]",29570,True,ABSTAINED,False,False,True,1
v4_final_cylinder_random_06,cylinder_random,3,B4,,"[""9dd43457953aff555b38"", ""a95fbdf2266189f80c37"", ""2ddbe9ae96604e624158""]",29570,True,ABSTAINED,False,False,True,1
v4_final_cylinder_random_06,cylinder_random,3,B4_normal,,"[""9dd43457953aff555b38"", ""a95fbdf2266189f80c37"", ""2ddbe9ae96604e624158""]",29570,True,ABSTAINED,False,False,True,1
v4_final_cylinder_random_06,cylinder_random,3,B5,,"[""9dd43457953aff555b38"", ""a95fbdf2266189f80c37"", ""2ddbe9ae96604e624158""]",29570,True,ABSTAINED,False,False,True,1
v4_final_cylinder_random_06,cylinder_random,6,B0,1a2b23d15e563ab22195,"[""9dd43457953aff555b38"", ""a95fbdf2266189f80c37"", ""2ddbe9ae96604e624158"", ""1a2b23d15e563ab22195"", ""7a29609fdd98816822fe"", ""300f70572b024e2925de""]",56870,False,VALID,True,True,True,0
v4_final_cylinder_random_06,cylinder_random,6,B1,1a2b23d15e563ab22195,"[""9dd43457953aff555b38"", ""a95fbdf2266189f80c37"", ""2ddbe9ae96604e624158"", ""1a2b23d15e563ab22195"", ""7a29609fdd98816822fe"", ""300f70572b024e2925de""]",56870,False,VALID,True,True,True,0
v4_final_cylinder_random_06,cylinder_random,6,B2,1a2b23d15e563ab22195,"[""9dd43457953aff555b38"", ""a95fbdf2266189f80c37"", ""2ddbe9ae96604e624158"", ""1a2b23d15e563ab22195"", ""7a29609fdd98816822fe"", ""300f70572b024e2925de""]",56870,False,VALID,True,True,True,0
v4_final_cylinder_random_06,cylinder_random,6,B3,1a2b23d15e563ab22195,"[""9dd43457953aff555b38"", ""a95fbdf2266189f80c37"", ""2ddbe9ae96604e624158"", ""1a2b23d15e563ab22195"", ""7a29609fdd98816822fe"", ""300f70572b024e2925de""]",56870,False,VALID,True,True,True,0
v4_final_cylinder_random_06,cylinder_random,6,B4,1a2b23d15e563ab22195,"[""9dd43457953aff555b38"", ""a95fbdf2266189f80c37"", ""2ddbe9ae96604e624158"", ""1a2b23d15e563ab22195"", ""7a29609fdd98816822fe"", ""300f70572b024e2925de""]",56870,False,VALID,True,True,True,0
v4_final_cylinder_random_06,cylinder_random,6,B4_normal,1a2b23d15e563ab22195,"[""9dd43457953aff555b38"", ""a95fbdf2266189f80c37"", ""2ddbe9ae96604e624158"", ""1a2b23d15e563ab22195"", ""7a29609fdd98816822fe"", ""300f70572b024e2925de""]",56870,False,VALID,True,True,True,0
v4_final_cylinder_random_06,cylinder_random,6,B5,1a2b23d15e563ab22195,"[""9dd43457953aff555b38"", ""a95fbdf2266189f80c37"", ""2ddbe9ae96604e624158"", ""1a2b23d15e563ab22195"", ""7a29609fdd98816822fe"", ""300f70572b024e2925de""]",56870,False,VALID,True,True,True,0
v4_final_cylinder_random_07,cylinder_random,1,B0,,"[""a60246388a2a2cad8ebc""]",9970,True,ABSTAINED,False,False,True,1
v4_final_cylinder_random_07,cylinder_random,1,B1,,"[""a60246388a2a2cad8ebc""]",9970,True,ABSTAINED,False,False,True,1
v4_final_cylinder_random_07,cylinder_random,1,B2,,"[""a60246388a2a2cad8ebc""]",9970,True,ABSTAINED,False,False,True,1
v4_final_cylinder_random_07,cylinder_random,1,B3,,"[""a60246388a2a2cad8ebc""]",9970,True,ABSTAINED,False,False,True,1
v4_final_cylinder_random_07,cylinder_random,1,B4,,"[""a60246388a2a2cad8ebc""]",9970,True,ABSTAINED,False,False,True,1
v4_final_cylinder_random_07,cylinder_random,1,B4_normal,,"[""a60246388a2a2cad8ebc""]",9970,True,ABSTAINED,False,False,True,1
v4_final_cylinder_random_07,cylinder_random,1,B5,,"[""a60246388a2a2cad8ebc""]",9970,True,ABSTAINED,False,False,True,1
v4_final_cylinder_random_07,cylinder_random,3,B0,,"[""a60246388a2a2cad8ebc"", ""2658117c8f62d0ddfac4"", ""8250ced188d782494dec""]",29570,True,ABSTAINED,False,False,True,1
v4_final_cylinder_random_07,cylinder_random,3,B1,,"[""a60246388a2a2cad8ebc"", ""2658117c8f62d0ddfac4"", ""8250ced188d782494dec""]",29570,True,ABSTAINED,False,False,True,1
v4_final_cylinder_random_07,cylinder_random,3,B2,,"[""a60246388a2a2cad8ebc"", ""2658117c8f62d0ddfac4"", ""8250ced188d782494dec""]",29570,True,ABSTAINED,False,False,True,1
v4_final_cylinder_random_07,cylinder_random,3,B3,,"[""a60246388a2a2cad8ebc"", ""2658117c8f62d0ddfac4"", ""8250ced188d782494dec""]",29570,True,ABSTAINED,False,False,True,1
v4_final_cylinder_random_07,cylinder_random,3,B4,,"[""a60246388a2a2cad8ebc"", ""2658117c8f62d0ddfac4"", ""8250ced188d782494dec""]",29570,True,ABSTAINED,False,False,True,1
v4_final_cylinder_random_07,cylinder_random,3,B4_normal,,"[""a60246388a2a2cad8ebc"", ""2658117c8f62d0ddfac4"", ""8250ced188d782494dec""]",29570,True,ABSTAINED,False,False,True,1
v4_final_cylinder_random_07,cylinder_random,3,B5,,"[""a60246388a2a2cad8ebc"", ""2658117c8f62d0ddfac4"", ""8250ced188d782494dec""]",29570,True,ABSTAINED,False,False,True,1
v4_final_cylinder_random_07,cylinder_random,6,B0,,"[""a60246388a2a2cad8ebc"", ""2658117c8f62d0ddfac4"", ""8250ced188d782494dec"", ""89c90ef701b894af4aa9"", ""db0b76c5cc3dfddc4d5c"", ""3a1e911e46ac72a61526""]",57740,True,ABSTAINED,False,False,True,1
v4_final_cylinder_random_07,cylinder_random,6,B1,,"[""a60246388a2a2cad8ebc"", ""2658117c8f62d0ddfac4"", ""8250ced188d782494dec"", ""89c90ef701b894af4aa9"", ""db0b76c5cc3dfddc4d5c"", ""3a1e911e46ac72a61526""]",57740,True,ABSTAINED,False,False,True,1
v4_final_cylinder_random_07,cylinder_random,6,B2,,"[""a60246388a2a2cad8ebc"", ""2658117c8f62d0ddfac4"", ""8250ced188d782494dec"", ""89c90ef701b894af4aa9"", ""db0b76c5cc3dfddc4d5c"", ""3a1e911e46ac72a61526""]",57740,True,ABSTAINED,False,False,True,1
v4_final_cylinder_random_07,cylinder_random,6,B3,,"[""a60246388a2a2cad8ebc"", ""2658117c8f62d0ddfac4"", ""8250ced188d782494dec"", ""89c90ef701b894af4aa9"", ""db0b76c5cc3dfddc4d5c"", ""3a1e911e46ac72a61526""]",57740,True,ABSTAINED,False,False,True,1
v4_final_cylinder_random_07,cylinder_random,6,B4,,"[""a60246388a2a2cad8ebc"", ""2658117c8f62d0ddfac4"", ""8250ced188d782494dec"", ""89c90ef701b894af4aa9"", ""db0b76c5cc3dfddc4d5c"", ""3a1e911e46ac72a61526""]",57740,True,ABSTAINED,False,False,True,1
v4_final_cylinder_random_07,cylinder_random,6,B4_normal,,"[""a60246388a2a2cad8ebc"", ""2658117c8f62d0ddfac4"", ""8250ced188d782494dec"", ""89c90ef701b894af4aa9"", ""db0b76c5cc3dfddc4d5c"", ""3a1e911e46ac72a61526""]",57740,True,ABSTAINED,False,False,True,1
v4_final_cylinder_random_07,cylinder_random,6,B5,,"[""a60246388a2a2cad8ebc"", ""2658117c8f62d0ddfac4"", ""8250ced188d782494dec"", ""89c90ef701b894af4aa9"", ""db0b76c5cc3dfddc4d5c"", ""3a1e911e46ac72a61526""]",57740,True,ABSTAINED,False,False,True,1
v4_final_cylinder_random_08,cylinder_random,1,B0,,"[""69251e9c679a8b695714""]",9970,True,ABSTAINED,False,False,False,0
v4_final_cylinder_random_08,cylinder_random,1,B1,,"[""69251e9c679a8b695714""]",9970,True,ABSTAINED,False,False,False,0
v4_final_cylinder_random_08,cylinder_random,1,B2,,"[""69251e9c679a8b695714""]",9970,True,ABSTAINED,False,False,False,0
v4_final_cylinder_random_08,cylinder_random,1,B3,,"[""69251e9c679a8b695714""]",9970,True,ABSTAINED,False,False,False,0
v4_final_cylinder_random_08,cylinder_random,1,B4,,"[""69251e9c679a8b695714""]",9970,True,ABSTAINED,False,False,False,0
v4_final_cylinder_random_08,cylinder_random,1,B4_normal,,"[""69251e9c679a8b695714""]",9970,True,ABSTAINED,False,False,False,0
v4_final_cylinder_random_08,cylinder_random,1,B5,,"[""69251e9c679a8b695714""]",9970,True,ABSTAINED,False,False,False,0
v4_final_cylinder_random_08,cylinder_random,3,B0,,"[""69251e9c679a8b695714"", ""5ec69fb24fa3b67cff37"", ""fe49a4514e567062c30c""]",28170,True,ABSTAINED,False,False,True,1
v4_final_cylinder_random_08,cylinder_random,3,B1,,"[""69251e9c679a8b695714"", ""5ec69fb24fa3b67cff37"", ""fe49a4514e567062c30c""]",28170,True,ABSTAINED,False,False,True,1
v4_final_cylinder_random_08,cylinder_random,3,B2,,"[""69251e9c679a8b695714"", ""5ec69fb24fa3b67cff37"", ""fe49a4514e567062c30c""]",28170,True,ABSTAINED,False,False,True,1
v4_final_cylinder_random_08,cylinder_random,3,B3,,"[""69251e9c679a8b695714"", ""5ec69fb24fa3b67cff37"", ""fe49a4514e567062c30c""]",28170,True,ABSTAINED,False,False,True,1
v4_final_cylinder_random_08,cylinder_random,3,B4,,"[""69251e9c679a8b695714"", ""5ec69fb24fa3b67cff37"", ""fe49a4514e567062c30c""]",28170,True,ABSTAINED,False,False,True,1
v4_final_cylinder_random_08,cylinder_random,3,B4_normal,,"[""69251e9c679a8b695714"", ""5ec69fb24fa3b67cff37"", ""fe49a4514e567062c30c""]",28170,True,ABSTAINED,False,False,True,1
v4_final_cylinder_random_08,cylinder_random,3,B5,,"[""69251e9c679a8b695714"", ""5ec69fb24fa3b67cff37"", ""fe49a4514e567062c30c""]",28170,True,ABSTAINED,False,False,True,1
v4_final_cylinder_random_08,cylinder_random,6,B0,,"[""69251e9c679a8b695714"", ""5ec69fb24fa3b67cff37"", ""fe49a4514e567062c30c"", ""16a9012b5c16a2cc8926"", ""c1963347598f1be128f4"", ""8dfa825ec68350520a3a""]",57210,True,ABSTAINED,False,False,True,1
v4_final_cylinder_random_08,cylinder_random,6,B1,,"[""69251e9c679a8b695714"", ""5ec69fb24fa3b67cff37"", ""fe49a4514e567062c30c"", ""16a9012b5c16a2cc8926"", ""c1963347598f1be128f4"", ""8dfa825ec68350520a3a""]",57210,True,ABSTAINED,False,False,True,1
v4_final_cylinder_random_08,cylinder_random,6,B2,,"[""69251e9c679a8b695714"", ""5ec69fb24fa3b67cff37"", ""fe49a4514e567062c30c"", ""16a9012b5c16a2cc8926"", ""c1963347598f1be128f4"", ""8dfa825ec68350520a3a""]",57210,True,ABSTAINED,False,False,True,1
v4_final_cylinder_random_08,cylinder_random,6,B3,,"[""69251e9c679a8b695714"", ""5ec69fb24fa3b67cff37"", ""fe49a4514e567062c30c"", ""16a9012b5c16a2cc8926"", ""c1963347598f1be128f4"", ""8dfa825ec68350520a3a""]",57210,True,ABSTAINED,False,False,True,1
v4_final_cylinder_random_08,cylinder_random,6,B4,,"[""69251e9c679a8b695714"", ""5ec69fb24fa3b67cff37"", ""fe49a4514e567062c30c"", ""16a9012b5c16a2cc8926"", ""c1963347598f1be128f4"", ""8dfa825ec68350520a3a""]",57210,True,ABSTAINED,False,False,True,1
v4_final_cylinder_random_08,cylinder_random,6,B4_normal,,"[""69251e9c679a8b695714"", ""5ec69fb24fa3b67cff37"", ""fe49a4514e567062c30c"", ""16a9012b5c16a2cc8926"", ""c1963347598f1be128f4"", ""8dfa825ec68350520a3a""]",57210,True,ABSTAINED,False,False,True,1
v4_final_cylinder_random_08,cylinder_random,6,B5,,"[""69251e9c679a8b695714"", ""5ec69fb24fa3b67cff37"", ""fe49a4514e567062c30c"", ""16a9012b5c16a2cc8926"", ""c1963347598f1be128f4"", ""8dfa825ec68350520a3a""]",57210,True,ABSTAINED,False,False,True,1
v4_final_cylinder_random_09,cylinder_random,1,B0,,"[""7e29eef0bbcde566f8fd""]",9100,True,ABSTAINED,False,False,True,1
v4_final_cylinder_random_09,cylinder_random,1,B1,,"[""7e29eef0bbcde566f8fd""]",9100,True,ABSTAINED,False,False,True,1
v4_final_cylinder_random_09,cylinder_random,1,B2,,"[""7e29eef0bbcde566f8fd""]",9100,True,ABSTAINED,False,False,True,1
v4_final_cylinder_random_09,cylinder_random,1,B3,,"[""7e29eef0bbcde566f8fd""]",9100,True,ABSTAINED,False,False,True,1
v4_final_cylinder_random_09,cylinder_random,1,B4,,"[""7e29eef0bbcde566f8fd""]",9100,True,ABSTAINED,False,False,True,1
v4_final_cylinder_random_09,cylinder_random,1,B4_normal,,"[""7e29eef0bbcde566f8fd""]",9100,True,ABSTAINED,False,False,True,1
v4_final_cylinder_random_09,cylinder_random,1,B5,,"[""7e29eef0bbcde566f8fd""]",9100,True,ABSTAINED,False,False,True,1
v4_final_cylinder_random_09,cylinder_random,3,B0,,"[""7e29eef0bbcde566f8fd"", ""45d25b217592cca78876"", ""6c17a5f1ab36016a2f66""]",27300,True,ABSTAINED,False,False,True,1
v4_final_cylinder_random_09,cylinder_random,3,B1,,"[""7e29eef0bbcde566f8fd"", ""45d25b217592cca78876"", ""6c17a5f1ab36016a2f66""]",27300,True,ABSTAINED,False,False,True,1
v4_final_cylinder_random_09,cylinder_random,3,B2,,"[""7e29eef0bbcde566f8fd"", ""45d25b217592cca78876"", ""6c17a5f1ab36016a2f66""]",27300,True,ABSTAINED,False,False,True,1
v4_final_cylinder_random_09,cylinder_random,3,B3,,"[""7e29eef0bbcde566f8fd"", ""45d25b217592cca78876"", ""6c17a5f1ab36016a2f66""]",27300,True,ABSTAINED,False,False,True,1
v4_final_cylinder_random_09,cylinder_random,3,B4,,"[""7e29eef0bbcde566f8fd"", ""45d25b217592cca78876"", ""6c17a5f1ab36016a2f66""]",27300,True,ABSTAINED,False,False,True,1
v4_final_cylinder_random_09,cylinder_random,3,B4_normal,,"[""7e29eef0bbcde566f8fd"", ""45d25b217592cca78876"", ""6c17a5f1ab36016a2f66""]",27300,True,ABSTAINED,False,False,True,1
v4_final_cylinder_random_09,cylinder_random,3,B5,,"[""7e29eef0bbcde566f8fd"", ""45d25b217592cca78876"", ""6c17a5f1ab36016a2f66""]",27300,True,ABSTAINED,False,False,True,1
v4_final_cylinder_random_09,cylinder_random,6,B0,64ae1a1473ec76d94a12,"[""7e29eef0bbcde566f8fd"", ""45d25b217592cca78876"", ""6c17a5f1ab36016a2f66"", ""64ae1a1473ec76d94a12"", ""a459a0284eb0bda3c747"", ""c19b8d1ba2a633062f8c""]",55130,False,VALID,True,True,True,0
v4_final_cylinder_random_09,cylinder_random,6,B1,64ae1a1473ec76d94a12,"[""7e29eef0bbcde566f8fd"", ""45d25b217592cca78876"", ""6c17a5f1ab36016a2f66"", ""64ae1a1473ec76d94a12"", ""a459a0284eb0bda3c747"", ""c19b8d1ba2a633062f8c""]",55130,False,VALID,True,True,True,0
v4_final_cylinder_random_09,cylinder_random,6,B2,64ae1a1473ec76d94a12,"[""7e29eef0bbcde566f8fd"", ""45d25b217592cca78876"", ""6c17a5f1ab36016a2f66"", ""64ae1a1473ec76d94a12"", ""a459a0284eb0bda3c747"", ""c19b8d1ba2a633062f8c""]",55130,False,VALID,True,True,True,0
v4_final_cylinder_random_09,cylinder_random,6,B3,64ae1a1473ec76d94a12,"[""7e29eef0bbcde566f8fd"", ""45d25b217592cca78876"", ""6c17a5f1ab36016a2f66"", ""64ae1a1473ec76d94a12"", ""a459a0284eb0bda3c747"", ""c19b8d1ba2a633062f8c""]",55130,False,VALID,True,True,True,0
v4_final_cylinder_random_09,cylinder_random,6,B4,64ae1a1473ec76d94a12,"[""7e29eef0bbcde566f8fd"", ""45d25b217592cca78876"", ""6c17a5f1ab36016a2f66"", ""64ae1a1473ec76d94a12"", ""a459a0284eb0bda3c747"", ""c19b8d1ba2a633062f8c""]",55130,False,VALID,True,True,True,0
v4_final_cylinder_random_09,cylinder_random,6,B4_normal,64ae1a1473ec76d94a12,"[""7e29eef0bbcde566f8fd"", ""45d25b217592cca78876"", ""6c17a5f1ab36016a2f66"", ""64ae1a1473ec76d94a12"", ""a459a0284eb0bda3c747"", ""c19b8d1ba2a633062f8c""]",55130,False,VALID,True,True,True,0
v4_final_cylinder_random_09,cylinder_random,6,B5,64ae1a1473ec76d94a12,"[""7e29eef0bbcde566f8fd"", ""45d25b217592cca78876"", ""6c17a5f1ab36016a2f66"", ""64ae1a1473ec76d94a12"", ""a459a0284eb0bda3c747"", ""c19b8d1ba2a633062f8c""]",55130,False,VALID,True,True,True,0
v4_final_cylinder_random_10,cylinder_random,1,B0,98d6e699dcfd2639543a,"[""98d6e699dcfd2639543a""]",9100,False,VALID,True,True,True,0
v4_final_cylinder_random_10,cylinder_random,1,B1,98d6e699dcfd2639543a,"[""98d6e699dcfd2639543a""]",9100,False,VALID,True,True,True,0
v4_final_cylinder_random_10,cylinder_random,1,B2,98d6e699dcfd2639543a,"[""98d6e699dcfd2639543a""]",9100,False,VALID,True,True,True,0
v4_final_cylinder_random_10,cylinder_random,1,B3,98d6e699dcfd2639543a,"[""98d6e699dcfd2639543a""]",9100,False,VALID,True,True,True,0
v4_final_cylinder_random_10,cylinder_random,1,B4,98d6e699dcfd2639543a,"[""98d6e699dcfd2639543a""]",9100,False,VALID,True,True,True,0
v4_final_cylinder_random_10,cylinder_random,1,B4_normal,98d6e699dcfd2639543a,"[""98d6e699dcfd2639543a""]",9100,False,VALID,True,True,True,0
v4_final_cylinder_random_10,cylinder_random,1,B5,98d6e699dcfd2639543a,"[""98d6e699dcfd2639543a""]",9100,False,VALID,True,True,True,0
v4_final_cylinder_random_10,cylinder_random,3,B0,98d6e699dcfd2639543a,"[""98d6e699dcfd2639543a"", ""8dd78e1d21894b8ae9da"", ""7a9b24aef4073f5ee66a""]",27830,False,VALID,True,True,True,0
v4_final_cylinder_random_10,cylinder_random,3,B1,98d6e699dcfd2639543a,"[""98d6e699dcfd2639543a"", ""8dd78e1d21894b8ae9da"", ""7a9b24aef4073f5ee66a""]",27830,False,VALID,True,True,True,0
v4_final_cylinder_random_10,cylinder_random,3,B2,98d6e699dcfd2639543a,"[""98d6e699dcfd2639543a"", ""8dd78e1d21894b8ae9da"", ""7a9b24aef4073f5ee66a""]",27830,False,VALID,True,True,True,0
v4_final_cylinder_random_10,cylinder_random,3,B3,98d6e699dcfd2639543a,"[""98d6e699dcfd2639543a"", ""8dd78e1d21894b8ae9da"", ""7a9b24aef4073f5ee66a""]",27830,False,VALID,True,True,True,0
v4_final_cylinder_random_10,cylinder_random,3,B4,98d6e699dcfd2639543a,"[""98d6e699dcfd2639543a"", ""8dd78e1d21894b8ae9da"", ""7a9b24aef4073f5ee66a""]",27830,False,VALID,True,True,True,0
v4_final_cylinder_random_10,cylinder_random,3,B4_normal,98d6e699dcfd2639543a,"[""98d6e699dcfd2639543a"", ""8dd78e1d21894b8ae9da"", ""7a9b24aef4073f5ee66a""]",27830,False,VALID,True,True,True,0
v4_final_cylinder_random_10,cylinder_random,3,B5,98d6e699dcfd2639543a,"[""98d6e699dcfd2639543a"", ""8dd78e1d21894b8ae9da"", ""7a9b24aef4073f5ee66a""]",27830,False,VALID,True,True,True,0
v4_final_cylinder_random_10,cylinder_random,6,B0,98d6e699dcfd2639543a,"[""98d6e699dcfd2639543a"", ""8dd78e1d21894b8ae9da"", ""7a9b24aef4073f5ee66a"", ""289f06827f6b3fffae69"", ""f704b11594e79462f0ff"", ""1eea76230b347b902739""]",55130,False,VALID,True,True,True,0
v4_final_cylinder_random_10,cylinder_random,6,B1,98d6e699dcfd2639543a,"[""98d6e699dcfd2639543a"", ""8dd78e1d21894b8ae9da"", ""7a9b24aef4073f5ee66a"", ""289f06827f6b3fffae69"", ""f704b11594e79462f0ff"", ""1eea76230b347b902739""]",55130,False,VALID,True,True,True,0
v4_final_cylinder_random_10,cylinder_random,6,B2,98d6e699dcfd2639543a,"[""98d6e699dcfd2639543a"", ""8dd78e1d21894b8ae9da"", ""7a9b24aef4073f5ee66a"", ""289f06827f6b3fffae69"", ""f704b11594e79462f0ff"", ""1eea76230b347b902739""]",55130,False,VALID,True,True,True,0
v4_final_cylinder_random_10,cylinder_random,6,B3,98d6e699dcfd2639543a,"[""98d6e699dcfd2639543a"", ""8dd78e1d21894b8ae9da"", ""7a9b24aef4073f5ee66a"", ""289f06827f6b3fffae69"", ""f704b11594e79462f0ff"", ""1eea76230b347b902739""]",55130,False,VALID,True,True,True,0
v4_final_cylinder_random_10,cylinder_random,6,B4,98d6e699dcfd2639543a,"[""98d6e699dcfd2639543a"", ""8dd78e1d21894b8ae9da"", ""7a9b24aef4073f5ee66a"", ""289f06827f6b3fffae69"", ""f704b11594e79462f0ff"", ""1eea76230b347b902739""]",55130,False,VALID,True,True,True,0
v4_final_cylinder_random_10,cylinder_random,6,B4_normal,98d6e699dcfd2639543a,"[""98d6e699dcfd2639543a"", ""8dd78e1d21894b8ae9da"", ""7a9b24aef4073f5ee66a"", ""289f06827f6b3fffae69"", ""f704b11594e79462f0ff"", ""1eea76230b347b902739""]",55130,False,VALID,True,True,True,0
v4_final_cylinder_random_10,cylinder_random,6,B5,98d6e699dcfd2639543a,"[""98d6e699dcfd2639543a"", ""8dd78e1d21894b8ae9da"", ""7a9b24aef4073f5ee66a"", ""289f06827f6b3fffae69"", ""f704b11594e79462f0ff"", ""1eea76230b347b902739""]",55130,False,VALID,True,True,True,0
v4_final_cylinder_random_11,cylinder_random,1,B0,,"[""70984dc09945cf69d374""]",9100,True,ABSTAINED,False,False,True,1
v4_final_cylinder_random_11,cylinder_random,1,B1,,"[""70984dc09945cf69d374""]",9100,True,ABSTAINED,False,False,True,1
v4_final_cylinder_random_11,cylinder_random,1,B2,,"[""70984dc09945cf69d374""]",9100,True,ABSTAINED,False,False,True,1
v4_final_cylinder_random_11,cylinder_random,1,B3,,"[""70984dc09945cf69d374""]",9100,True,ABSTAINED,False,False,True,1
v4_final_cylinder_random_11,cylinder_random,1,B4,,"[""70984dc09945cf69d374""]",9100,True,ABSTAINED,False,False,True,1
v4_final_cylinder_random_11,cylinder_random,1,B4_normal,,"[""70984dc09945cf69d374""]",9100,True,ABSTAINED,False,False,True,1
v4_final_cylinder_random_11,cylinder_random,1,B5,,"[""70984dc09945cf69d374""]",9100,True,ABSTAINED,False,False,True,1
v4_final_cylinder_random_11,cylinder_random,3,B0,,"[""70984dc09945cf69d374"", ""eefe6ddf94182f33eba7"", ""25577d9390d76d41c837""]",27830,True,ABSTAINED,False,False,True,1
v4_final_cylinder_random_11,cylinder_random,3,B1,,"[""70984dc09945cf69d374"", ""eefe6ddf94182f33eba7"", ""25577d9390d76d41c837""]",27830,True,ABSTAINED,False,False,True,1
v4_final_cylinder_random_11,cylinder_random,3,B2,,"[""70984dc09945cf69d374"", ""eefe6ddf94182f33eba7"", ""25577d9390d76d41c837""]",27830,True,ABSTAINED,False,False,True,1
v4_final_cylinder_random_11,cylinder_random,3,B3,,"[""70984dc09945cf69d374"", ""eefe6ddf94182f33eba7"", ""25577d9390d76d41c837""]",27830,True,ABSTAINED,False,False,True,1
v4_final_cylinder_random_11,cylinder_random,3,B4,,"[""70984dc09945cf69d374"", ""eefe6ddf94182f33eba7"", ""25577d9390d76d41c837""]",27830,True,ABSTAINED,False,False,True,1
v4_final_cylinder_random_11,cylinder_random,3,B4_normal,,"[""70984dc09945cf69d374"", ""eefe6ddf94182f33eba7"", ""25577d9390d76d41c837""]",27830,True,ABSTAINED,False,False,True,1
v4_final_cylinder_random_11,cylinder_random,3,B5,,"[""70984dc09945cf69d374"", ""eefe6ddf94182f33eba7"", ""25577d9390d76d41c837""]",27830,True,ABSTAINED,False,False,True,1
v4_final_cylinder_random_11,cylinder_random,6,B0,,"[""70984dc09945cf69d374"", ""eefe6ddf94182f33eba7"", ""25577d9390d76d41c837"", ""2ca4e6dc4c3804c2af9b"", ""7beb85c5a7c9a5e49e24"", ""5d0af96e3b7e4acd2271""]",56000,True,ABSTAINED,False,False,True,1
v4_final_cylinder_random_11,cylinder_random,6,B1,,"[""70984dc09945cf69d374"", ""eefe6ddf94182f33eba7"", ""25577d9390d76d41c837"", ""2ca4e6dc4c3804c2af9b"", ""7beb85c5a7c9a5e49e24"", ""5d0af96e3b7e4acd2271""]",56000,True,ABSTAINED,False,False,True,1
v4_final_cylinder_random_11,cylinder_random,6,B2,,"[""70984dc09945cf69d374"", ""eefe6ddf94182f33eba7"", ""25577d9390d76d41c837"", ""2ca4e6dc4c3804c2af9b"", ""7beb85c5a7c9a5e49e24"", ""5d0af96e3b7e4acd2271""]",56000,True,ABSTAINED,False,False,True,1
v4_final_cylinder_random_11,cylinder_random,6,B3,,"[""70984dc09945cf69d374"", ""eefe6ddf94182f33eba7"", ""25577d9390d76d41c837"", ""2ca4e6dc4c3804c2af9b"", ""7beb85c5a7c9a5e49e24"", ""5d0af96e3b7e4acd2271""]",56000,True,ABSTAINED,False,False,True,1
v4_final_cylinder_random_11,cylinder_random,6,B4,,"[""70984dc09945cf69d374"", ""eefe6ddf94182f33eba7"", ""25577d9390d76d41c837"", ""2ca4e6dc4c3804c2af9b"", ""7beb85c5a7c9a5e49e24"", ""5d0af96e3b7e4acd2271""]",56000,True,ABSTAINED,False,False,True,1
v4_final_cylinder_random_11,cylinder_random,6,B4_normal,,"[""70984dc09945cf69d374"", ""eefe6ddf94182f33eba7"", ""25577d9390d76d41c837"", ""2ca4e6dc4c3804c2af9b"", ""7beb85c5a7c9a5e49e24"", ""5d0af96e3b7e4acd2271""]",56000,True,ABSTAINED,False,False,True,1
v4_final_cylinder_random_11,cylinder_random,6,B5,,"[""70984dc09945cf69d374"", ""eefe6ddf94182f33eba7"", ""25577d9390d76d41c837"", ""2ca4e6dc4c3804c2af9b"", ""7beb85c5a7c9a5e49e24"", ""5d0af96e3b7e4acd2271""]",56000,True,ABSTAINED,False,False,True,1
v4_final_cylinder_random_12,cylinder_random,1,B0,,"[""6ae406e996e58b27db5b""]",9100,True,ABSTAINED,False,False,False,0
v4_final_cylinder_random_12,cylinder_random,1,B1,,"[""6ae406e996e58b27db5b""]",9100,True,ABSTAINED,False,False,False,0
v4_final_cylinder_random_12,cylinder_random,1,B2,,"[""6ae406e996e58b27db5b""]",9100,True,ABSTAINED,False,False,False,0
v4_final_cylinder_random_12,cylinder_random,1,B3,,"[""6ae406e996e58b27db5b""]",9100,True,ABSTAINED,False,False,False,0
v4_final_cylinder_random_12,cylinder_random,1,B4,,"[""6ae406e996e58b27db5b""]",9100,True,ABSTAINED,False,False,False,0
v4_final_cylinder_random_12,cylinder_random,1,B4_normal,,"[""6ae406e996e58b27db5b""]",9100,True,ABSTAINED,False,False,False,0
v4_final_cylinder_random_12,cylinder_random,1,B5,,"[""6ae406e996e58b27db5b""]",9100,True,ABSTAINED,False,False,False,0
v4_final_cylinder_random_12,cylinder_random,3,B0,,"[""6ae406e996e58b27db5b"", ""728e173297b30feefe07"", ""e507ccf85139cff6ece6""]",27830,True,ABSTAINED,False,False,False,0
v4_final_cylinder_random_12,cylinder_random,3,B1,,"[""6ae406e996e58b27db5b"", ""728e173297b30feefe07"", ""e507ccf85139cff6ece6""]",27830,True,ABSTAINED,False,False,False,0
v4_final_cylinder_random_12,cylinder_random,3,B2,,"[""6ae406e996e58b27db5b"", ""728e173297b30feefe07"", ""e507ccf85139cff6ece6""]",27830,True,ABSTAINED,False,False,False,0
v4_final_cylinder_random_12,cylinder_random,3,B3,,"[""6ae406e996e58b27db5b"", ""728e173297b30feefe07"", ""e507ccf85139cff6ece6""]",27830,True,ABSTAINED,False,False,False,0
v4_final_cylinder_random_12,cylinder_random,3,B4,,"[""6ae406e996e58b27db5b"", ""728e173297b30feefe07"", ""e507ccf85139cff6ece6""]",27830,True,ABSTAINED,False,False,False,0
v4_final_cylinder_random_12,cylinder_random,3,B4_normal,,"[""6ae406e996e58b27db5b"", ""728e173297b30feefe07"", ""e507ccf85139cff6ece6""]",27830,True,ABSTAINED,False,False,False,0
v4_final_cylinder_random_12,cylinder_random,3,B5,,"[""6ae406e996e58b27db5b"", ""728e173297b30feefe07"", ""e507ccf85139cff6ece6""]",27830,True,ABSTAINED,False,False,False,0
v4_final_cylinder_random_12,cylinder_random,6,B0,,"[""6ae406e996e58b27db5b"", ""728e173297b30feefe07"", ""e507ccf85139cff6ece6"", ""50c6d071b92dc20fe66e"", ""65ace06271c3460cfafa"", ""1c5c736cdedf567103cb""]",55130,True,ABSTAINED,False,False,True,1
v4_final_cylinder_random_12,cylinder_random,6,B1,,"[""6ae406e996e58b27db5b"", ""728e173297b30feefe07"", ""e507ccf85139cff6ece6"", ""50c6d071b92dc20fe66e"", ""65ace06271c3460cfafa"", ""1c5c736cdedf567103cb""]",55130,True,ABSTAINED,False,False,True,1
v4_final_cylinder_random_12,cylinder_random,6,B2,,"[""6ae406e996e58b27db5b"", ""728e173297b30feefe07"", ""e507ccf85139cff6ece6"", ""50c6d071b92dc20fe66e"", ""65ace06271c3460cfafa"", ""1c5c736cdedf567103cb""]",55130,True,ABSTAINED,False,False,True,1
v4_final_cylinder_random_12,cylinder_random,6,B3,,"[""6ae406e996e58b27db5b"", ""728e173297b30feefe07"", ""e507ccf85139cff6ece6"", ""50c6d071b92dc20fe66e"", ""65ace06271c3460cfafa"", ""1c5c736cdedf567103cb""]",55130,True,ABSTAINED,False,False,True,1
v4_final_cylinder_random_12,cylinder_random,6,B4,,"[""6ae406e996e58b27db5b"", ""728e173297b30feefe07"", ""e507ccf85139cff6ece6"", ""50c6d071b92dc20fe66e"", ""65ace06271c3460cfafa"", ""1c5c736cdedf567103cb""]",55130,True,ABSTAINED,False,False,True,1
v4_final_cylinder_random_12,cylinder_random,6,B4_normal,,"[""6ae406e996e58b27db5b"", ""728e173297b30feefe07"", ""e507ccf85139cff6ece6"", ""50c6d071b92dc20fe66e"", ""65ace06271c3460cfafa"", ""1c5c736cdedf567103cb""]",55130,True,ABSTAINED,False,False,True,1
v4_final_cylinder_random_12,cylinder_random,6,B5,,"[""6ae406e996e58b27db5b"", ""728e173297b30feefe07"", ""e507ccf85139cff6ece6"", ""50c6d071b92dc20fe66e"", ""65ace06271c3460cfafa"", ""1c5c736cdedf567103cb""]",55130,True,ABSTAINED,False,False,True,1
v4_final_cylinder_random_13,cylinder_random,1,B0,,"[""f06e37f1605c34f53134""]",9100,True,ABSTAINED,False,False,False,0
v4_final_cylinder_random_13,cylinder_random,1,B1,,"[""f06e37f1605c34f53134""]",9100,True,ABSTAINED,False,False,False,0
v4_final_cylinder_random_13,cylinder_random,1,B2,,"[""f06e37f1605c34f53134""]",9100,True,ABSTAINED,False,False,False,0
v4_final_cylinder_random_13,cylinder_random,1,B3,,"[""f06e37f1605c34f53134""]",9100,True,ABSTAINED,False,False,False,0
v4_final_cylinder_random_13,cylinder_random,1,B4,,"[""f06e37f1605c34f53134""]",9100,True,ABSTAINED,False,False,False,0
v4_final_cylinder_random_13,cylinder_random,1,B4_normal,,"[""f06e37f1605c34f53134""]",9100,True,ABSTAINED,False,False,False,0
v4_final_cylinder_random_13,cylinder_random,1,B5,,"[""f06e37f1605c34f53134""]",9100,True,ABSTAINED,False,False,False,0
v4_final_cylinder_random_13,cylinder_random,3,B0,,"[""f06e37f1605c34f53134"", ""7a990a19e6f010bdfc7b"", ""107b7725f4e42c16b270""]",27830,True,ABSTAINED,False,False,False,0
v4_final_cylinder_random_13,cylinder_random,3,B1,,"[""f06e37f1605c34f53134"", ""7a990a19e6f010bdfc7b"", ""107b7725f4e42c16b270""]",27830,True,ABSTAINED,False,False,False,0
v4_final_cylinder_random_13,cylinder_random,3,B2,,"[""f06e37f1605c34f53134"", ""7a990a19e6f010bdfc7b"", ""107b7725f4e42c16b270""]",27830,True,ABSTAINED,False,False,False,0
v4_final_cylinder_random_13,cylinder_random,3,B3,,"[""f06e37f1605c34f53134"", ""7a990a19e6f010bdfc7b"", ""107b7725f4e42c16b270""]",27830,True,ABSTAINED,False,False,False,0
v4_final_cylinder_random_13,cylinder_random,3,B4,,"[""f06e37f1605c34f53134"", ""7a990a19e6f010bdfc7b"", ""107b7725f4e42c16b270""]",27830,True,ABSTAINED,False,False,False,0
v4_final_cylinder_random_13,cylinder_random,3,B4_normal,,"[""f06e37f1605c34f53134"", ""7a990a19e6f010bdfc7b"", ""107b7725f4e42c16b270""]",27830,True,ABSTAINED,False,False,False,0
v4_final_cylinder_random_13,cylinder_random,3,B5,,"[""f06e37f1605c34f53134"", ""7a990a19e6f010bdfc7b"", ""107b7725f4e42c16b270""]",27830,True,ABSTAINED,False,False,False,0
v4_final_cylinder_random_13,cylinder_random,6,B0,,"[""f06e37f1605c34f53134"", ""7a990a19e6f010bdfc7b"", ""107b7725f4e42c16b270"", ""21173df13c902824b972"", ""074e2ef423bcf3c1a3e4"", ""677ff3e63711b81d5db9""]",55130,True,ABSTAINED,False,False,True,1
v4_final_cylinder_random_13,cylinder_random,6,B1,,"[""f06e37f1605c34f53134"", ""7a990a19e6f010bdfc7b"", ""107b7725f4e42c16b270"", ""21173df13c902824b972"", ""074e2ef423bcf3c1a3e4"", ""677ff3e63711b81d5db9""]",55130,True,ABSTAINED,False,False,True,1
v4_final_cylinder_random_13,cylinder_random,6,B2,,"[""f06e37f1605c34f53134"", ""7a990a19e6f010bdfc7b"", ""107b7725f4e42c16b270"", ""21173df13c902824b972"", ""074e2ef423bcf3c1a3e4"", ""677ff3e63711b81d5db9""]",55130,True,ABSTAINED,False,False,True,1
v4_final_cylinder_random_13,cylinder_random,6,B3,,"[""f06e37f1605c34f53134"", ""7a990a19e6f010bdfc7b"", ""107b7725f4e42c16b270"", ""21173df13c902824b972"", ""074e2ef423bcf3c1a3e4"", ""677ff3e63711b81d5db9""]",55130,True,ABSTAINED,False,False,True,1
v4_final_cylinder_random_13,cylinder_random,6,B4,,"[""f06e37f1605c34f53134"", ""7a990a19e6f010bdfc7b"", ""107b7725f4e42c16b270"", ""21173df13c902824b972"", ""074e2ef423bcf3c1a3e4"", ""677ff3e63711b81d5db9""]",55130,True,ABSTAINED,False,False,True,1
v4_final_cylinder_random_13,cylinder_random,6,B4_normal,,"[""f06e37f1605c34f53134"", ""7a990a19e6f010bdfc7b"", ""107b7725f4e42c16b270"", ""21173df13c902824b972"", ""074e2ef423bcf3c1a3e4"", ""677ff3e63711b81d5db9""]",55130,True,ABSTAINED,False,False,True,1
v4_final_cylinder_random_13,cylinder_random,6,B5,,"[""f06e37f1605c34f53134"", ""7a990a19e6f010bdfc7b"", ""107b7725f4e42c16b270"", ""21173df13c902824b972"", ""074e2ef423bcf3c1a3e4"", ""677ff3e63711b81d5db9""]",55130,True,ABSTAINED,False,False,True,1
v4_final_cylinder_random_14,cylinder_random,1,B0,20576d8620137f587f4c,"[""20576d8620137f587f4c""]",9970,False,VALID,True,True,True,0
v4_final_cylinder_random_14,cylinder_random,1,B1,20576d8620137f587f4c,"[""20576d8620137f587f4c""]",9970,False,VALID,True,True,True,0
v4_final_cylinder_random_14,cylinder_random,1,B2,20576d8620137f587f4c,"[""20576d8620137f587f4c""]",9970,False,VALID,True,True,True,0
v4_final_cylinder_random_14,cylinder_random,1,B3,20576d8620137f587f4c,"[""20576d8620137f587f4c""]",9970,False,VALID,True,True,True,0
v4_final_cylinder_random_14,cylinder_random,1,B4,20576d8620137f587f4c,"[""20576d8620137f587f4c""]",9970,False,VALID,True,True,True,0
v4_final_cylinder_random_14,cylinder_random,1,B4_normal,20576d8620137f587f4c,"[""20576d8620137f587f4c""]",9970,False,VALID,True,True,True,0
v4_final_cylinder_random_14,cylinder_random,1,B5,20576d8620137f587f4c,"[""20576d8620137f587f4c""]",9970,False,VALID,True,True,True,0
v4_final_cylinder_random_14,cylinder_random,3,B0,20576d8620137f587f4c,"[""20576d8620137f587f4c"", ""e9b571d6e523b691a6cc"", ""e7b998fc4169aeecb672""]",28170,False,VALID,True,True,True,0
v4_final_cylinder_random_14,cylinder_random,3,B1,20576d8620137f587f4c,"[""20576d8620137f587f4c"", ""e9b571d6e523b691a6cc"", ""e7b998fc4169aeecb672""]",28170,False,VALID,True,True,True,0
v4_final_cylinder_random_14,cylinder_random,3,B2,20576d8620137f587f4c,"[""20576d8620137f587f4c"", ""e9b571d6e523b691a6cc"", ""e7b998fc4169aeecb672""]",28170,False,VALID,True,True,True,0
v4_final_cylinder_random_14,cylinder_random,3,B3,20576d8620137f587f4c,"[""20576d8620137f587f4c"", ""e9b571d6e523b691a6cc"", ""e7b998fc4169aeecb672""]",28170,False,VALID,True,True,True,0
v4_final_cylinder_random_14,cylinder_random,3,B4,20576d8620137f587f4c,"[""20576d8620137f587f4c"", ""e9b571d6e523b691a6cc"", ""e7b998fc4169aeecb672""]",28170,False,VALID,True,True,True,0
v4_final_cylinder_random_14,cylinder_random,3,B4_normal,20576d8620137f587f4c,"[""20576d8620137f587f4c"", ""e9b571d6e523b691a6cc"", ""e7b998fc4169aeecb672""]",28170,False,VALID,True,True,True,0
v4_final_cylinder_random_14,cylinder_random,3,B5,20576d8620137f587f4c,"[""20576d8620137f587f4c"", ""e9b571d6e523b691a6cc"", ""e7b998fc4169aeecb672""]",28170,False,VALID,True,True,True,0
v4_final_cylinder_random_14,cylinder_random,6,B0,20576d8620137f587f4c,"[""20576d8620137f587f4c"", ""e9b571d6e523b691a6cc"", ""e7b998fc4169aeecb672"", ""aa4d41a5bb83a693c1ed"", ""8acaad546f2326ea36c5"", ""555739848b81d855e167""]",57740,False,VALID,True,True,True,0
v4_final_cylinder_random_14,cylinder_random,6,B1,20576d8620137f587f4c,"[""20576d8620137f587f4c"", ""e9b571d6e523b691a6cc"", ""e7b998fc4169aeecb672"", ""aa4d41a5bb83a693c1ed"", ""8acaad546f2326ea36c5"", ""555739848b81d855e167""]",57740,False,VALID,True,True,True,0
v4_final_cylinder_random_14,cylinder_random,6,B2,20576d8620137f587f4c,"[""20576d8620137f587f4c"", ""e9b571d6e523b691a6cc"", ""e7b998fc4169aeecb672"", ""aa4d41a5bb83a693c1ed"", ""8acaad546f2326ea36c5"", ""555739848b81d855e167""]",57740,False,VALID,True,True,True,0
v4_final_cylinder_random_14,cylinder_random,6,B3,20576d8620137f587f4c,"[""20576d8620137f587f4c"", ""e9b571d6e523b691a6cc"", ""e7b998fc4169aeecb672"", ""aa4d41a5bb83a693c1ed"", ""8acaad546f2326ea36c5"", ""555739848b81d855e167""]",57740,False,VALID,True,True,True,0
v4_final_cylinder_random_14,cylinder_random,6,B4,20576d8620137f587f4c,"[""20576d8620137f587f4c"", ""e9b571d6e523b691a6cc"", ""e7b998fc4169aeecb672"", ""aa4d41a5bb83a693c1ed"", ""8acaad546f2326ea36c5"", ""555739848b81d855e167""]",57740,False,VALID,True,True,True,0
v4_final_cylinder_random_14,cylinder_random,6,B4_normal,20576d8620137f587f4c,"[""20576d8620137f587f4c"", ""e9b571d6e523b691a6cc"", ""e7b998fc4169aeecb672"", ""aa4d41a5bb83a693c1ed"", ""8acaad546f2326ea36c5"", ""555739848b81d855e167""]",57740,False,VALID,True,True,True,0
v4_final_cylinder_random_14,cylinder_random,6,B5,20576d8620137f587f4c,"[""20576d8620137f587f4c"", ""e9b571d6e523b691a6cc"", ""e7b998fc4169aeecb672"", ""aa4d41a5bb83a693c1ed"", ""8acaad546f2326ea36c5"", ""555739848b81d855e167""]",57740,False,VALID,True,True,True,0
v4_final_cylinder_random_15,cylinder_random,1,B0,,"[""1d1f0092129b3206fb9b""]",9100,True,ABSTAINED,False,False,False,0
v4_final_cylinder_random_15,cylinder_random,1,B1,,"[""1d1f0092129b3206fb9b""]",9100,True,ABSTAINED,False,False,False,0
v4_final_cylinder_random_15,cylinder_random,1,B2,,"[""1d1f0092129b3206fb9b""]",9100,True,ABSTAINED,False,False,False,0
v4_final_cylinder_random_15,cylinder_random,1,B3,,"[""1d1f0092129b3206fb9b""]",9100,True,ABSTAINED,False,False,False,0
v4_final_cylinder_random_15,cylinder_random,1,B4,,"[""1d1f0092129b3206fb9b""]",9100,True,ABSTAINED,False,False,False,0
v4_final_cylinder_random_15,cylinder_random,1,B4_normal,,"[""1d1f0092129b3206fb9b""]",9100,True,ABSTAINED,False,False,False,0
v4_final_cylinder_random_15,cylinder_random,1,B5,,"[""1d1f0092129b3206fb9b""]",9100,True,ABSTAINED,False,False,False,0
v4_final_cylinder_random_15,cylinder_random,3,B0,,"[""1d1f0092129b3206fb9b"", ""7b5d91f75dfb175a72fd"", ""05e93175cc9608e29c2f""]",27830,True,ABSTAINED,False,False,False,0
v4_final_cylinder_random_15,cylinder_random,3,B1,,"[""1d1f0092129b3206fb9b"", ""7b5d91f75dfb175a72fd"", ""05e93175cc9608e29c2f""]",27830,True,ABSTAINED,False,False,False,0
v4_final_cylinder_random_15,cylinder_random,3,B2,,"[""1d1f0092129b3206fb9b"", ""7b5d91f75dfb175a72fd"", ""05e93175cc9608e29c2f""]",27830,True,ABSTAINED,False,False,False,0
v4_final_cylinder_random_15,cylinder_random,3,B3,,"[""1d1f0092129b3206fb9b"", ""7b5d91f75dfb175a72fd"", ""05e93175cc9608e29c2f""]",27830,True,ABSTAINED,False,False,False,0
v4_final_cylinder_random_15,cylinder_random,3,B4,,"[""1d1f0092129b3206fb9b"", ""7b5d91f75dfb175a72fd"", ""05e93175cc9608e29c2f""]",27830,True,ABSTAINED,False,False,False,0
v4_final_cylinder_random_15,cylinder_random,3,B4_normal,,"[""1d1f0092129b3206fb9b"", ""7b5d91f75dfb175a72fd"", ""05e93175cc9608e29c2f""]",27830,True,ABSTAINED,False,False,False,0
v4_final_cylinder_random_15,cylinder_random,3,B5,,"[""1d1f0092129b3206fb9b"", ""7b5d91f75dfb175a72fd"", ""05e93175cc9608e29c2f""]",27830,True,ABSTAINED,False,False,False,0
v4_final_cylinder_random_15,cylinder_random,6,B0,,"[""1d1f0092129b3206fb9b"", ""7b5d91f75dfb175a72fd"", ""05e93175cc9608e29c2f"", ""3b703522977b9f2b5d6a"", ""4c6dab7356076996bc9b"", ""943c37f8108bd2511ea9""]",56000,True,ABSTAINED,False,False,True,1
v4_final_cylinder_random_15,cylinder_random,6,B1,,"[""1d1f0092129b3206fb9b"", ""7b5d91f75dfb175a72fd"", ""05e93175cc9608e29c2f"", ""3b703522977b9f2b5d6a"", ""4c6dab7356076996bc9b"", ""943c37f8108bd2511ea9""]",56000,True,ABSTAINED,False,False,True,1
v4_final_cylinder_random_15,cylinder_random,6,B2,,"[""1d1f0092129b3206fb9b"", ""7b5d91f75dfb175a72fd"", ""05e93175cc9608e29c2f"", ""3b703522977b9f2b5d6a"", ""4c6dab7356076996bc9b"", ""943c37f8108bd2511ea9""]",56000,True,ABSTAINED,False,False,True,1
v4_final_cylinder_random_15,cylinder_random,6,B3,,"[""1d1f0092129b3206fb9b"", ""7b5d91f75dfb175a72fd"", ""05e93175cc9608e29c2f"", ""3b703522977b9f2b5d6a"", ""4c6dab7356076996bc9b"", ""943c37f8108bd2511ea9""]",56000,True,ABSTAINED,False,False,True,1
v4_final_cylinder_random_15,cylinder_random,6,B4,,"[""1d1f0092129b3206fb9b"", ""7b5d91f75dfb175a72fd"", ""05e93175cc9608e29c2f"", ""3b703522977b9f2b5d6a"", ""4c6dab7356076996bc9b"", ""943c37f8108bd2511ea9""]",56000,True,ABSTAINED,False,False,True,1
v4_final_cylinder_random_15,cylinder_random,6,B4_normal,,"[""1d1f0092129b3206fb9b"", ""7b5d91f75dfb175a72fd"", ""05e93175cc9608e29c2f"", ""3b703522977b9f2b5d6a"", ""4c6dab7356076996bc9b"", ""943c37f8108bd2511ea9""]",56000,True,ABSTAINED,False,False,True,1
v4_final_cylinder_random_15,cylinder_random,6,B5,,"[""1d1f0092129b3206fb9b"", ""7b5d91f75dfb175a72fd"", ""05e93175cc9608e29c2f"", ""3b703522977b9f2b5d6a"", ""4c6dab7356076996bc9b"", ""943c37f8108bd2511ea9""]",56000,True,ABSTAINED,False,False,True,1
v4_final_cylinder_random_16,cylinder_random,1,B0,,"[""30c0f1f2bd5163b4cc9b""]",9100,True,ABSTAINED,False,False,False,0
v4_final_cylinder_random_16,cylinder_random,1,B1,,"[""30c0f1f2bd5163b4cc9b""]",9100,True,ABSTAINED,False,False,False,0
v4_final_cylinder_random_16,cylinder_random,1,B2,,"[""30c0f1f2bd5163b4cc9b""]",9100,True,ABSTAINED,False,False,False,0
v4_final_cylinder_random_16,cylinder_random,1,B3,,"[""30c0f1f2bd5163b4cc9b""]",9100,True,ABSTAINED,False,False,False,0
v4_final_cylinder_random_16,cylinder_random,1,B4,,"[""30c0f1f2bd5163b4cc9b""]",9100,True,ABSTAINED,False,False,False,0
v4_final_cylinder_random_16,cylinder_random,1,B4_normal,,"[""30c0f1f2bd5163b4cc9b""]",9100,True,ABSTAINED,False,False,False,0
v4_final_cylinder_random_16,cylinder_random,1,B5,,"[""30c0f1f2bd5163b4cc9b""]",9100,True,ABSTAINED,False,False,False,0
v4_final_cylinder_random_16,cylinder_random,3,B0,4bd85dd57e9a4e3c1583,"[""30c0f1f2bd5163b4cc9b"", ""c1017b3cac889015f3e8"", ""4bd85dd57e9a4e3c1583""]",28170,False,VALID,True,True,True,0
v4_final_cylinder_random_16,cylinder_random,3,B1,4bd85dd57e9a4e3c1583,"[""30c0f1f2bd5163b4cc9b"", ""c1017b3cac889015f3e8"", ""4bd85dd57e9a4e3c1583""]",28170,False,VALID,True,True,True,0
v4_final_cylinder_random_16,cylinder_random,3,B2,4bd85dd57e9a4e3c1583,"[""30c0f1f2bd5163b4cc9b"", ""c1017b3cac889015f3e8"", ""4bd85dd57e9a4e3c1583""]",28170,False,VALID,True,True,True,0
v4_final_cylinder_random_16,cylinder_random,3,B3,4bd85dd57e9a4e3c1583,"[""30c0f1f2bd5163b4cc9b"", ""c1017b3cac889015f3e8"", ""4bd85dd57e9a4e3c1583""]",28170,False,VALID,True,True,True,0
v4_final_cylinder_random_16,cylinder_random,3,B4,4bd85dd57e9a4e3c1583,"[""30c0f1f2bd5163b4cc9b"", ""c1017b3cac889015f3e8"", ""4bd85dd57e9a4e3c1583""]",28170,False,VALID,True,True,True,0
v4_final_cylinder_random_16,cylinder_random,3,B4_normal,4bd85dd57e9a4e3c1583,"[""30c0f1f2bd5163b4cc9b"", ""c1017b3cac889015f3e8"", ""4bd85dd57e9a4e3c1583""]",28170,False,VALID,True,True,True,0
v4_final_cylinder_random_16,cylinder_random,3,B5,4bd85dd57e9a4e3c1583,"[""30c0f1f2bd5163b4cc9b"", ""c1017b3cac889015f3e8"", ""4bd85dd57e9a4e3c1583""]",28170,False,VALID,True,True,True,0
v4_final_cylinder_random_16,cylinder_random,6,B0,4bd85dd57e9a4e3c1583,"[""30c0f1f2bd5163b4cc9b"", ""c1017b3cac889015f3e8"", ""4bd85dd57e9a4e3c1583"", ""f8d35808d4d032eb8108"", ""7e2a5cc5c1a7746f097b"", ""d420e1b15a4cbe5d8ee4""]",56870,False,VALID,True,True,True,0
v4_final_cylinder_random_16,cylinder_random,6,B1,4bd85dd57e9a4e3c1583,"[""30c0f1f2bd5163b4cc9b"", ""c1017b3cac889015f3e8"", ""4bd85dd57e9a4e3c1583"", ""f8d35808d4d032eb8108"", ""7e2a5cc5c1a7746f097b"", ""d420e1b15a4cbe5d8ee4""]",56870,False,VALID,True,True,True,0
v4_final_cylinder_random_16,cylinder_random,6,B2,4bd85dd57e9a4e3c1583,"[""30c0f1f2bd5163b4cc9b"", ""c1017b3cac889015f3e8"", ""4bd85dd57e9a4e3c1583"", ""f8d35808d4d032eb8108"", ""7e2a5cc5c1a7746f097b"", ""d420e1b15a4cbe5d8ee4""]",56870,False,VALID,True,True,True,0
v4_final_cylinder_random_16,cylinder_random,6,B3,4bd85dd57e9a4e3c1583,"[""30c0f1f2bd5163b4cc9b"", ""c1017b3cac889015f3e8"", ""4bd85dd57e9a4e3c1583"", ""f8d35808d4d032eb8108"", ""7e2a5cc5c1a7746f097b"", ""d420e1b15a4cbe5d8ee4""]",56870,False,VALID,True,True,True,0
v4_final_cylinder_random_16,cylinder_random,6,B4,4bd85dd57e9a4e3c1583,"[""30c0f1f2bd5163b4cc9b"", ""c1017b3cac889015f3e8"", ""4bd85dd57e9a4e3c1583"", ""f8d35808d4d032eb8108"", ""7e2a5cc5c1a7746f097b"", ""d420e1b15a4cbe5d8ee4""]",56870,False,VALID,True,True,True,0
v4_final_cylinder_random_16,cylinder_random,6,B4_normal,4bd85dd57e9a4e3c1583,"[""30c0f1f2bd5163b4cc9b"", ""c1017b3cac889015f3e8"", ""4bd85dd57e9a4e3c1583"", ""f8d35808d4d032eb8108"", ""7e2a5cc5c1a7746f097b"", ""d420e1b15a4cbe5d8ee4""]",56870,False,VALID,True,True,True,0
v4_final_cylinder_random_16,cylinder_random,6,B5,4bd85dd57e9a4e3c1583,"[""30c0f1f2bd5163b4cc9b"", ""c1017b3cac889015f3e8"", ""4bd85dd57e9a4e3c1583"", ""f8d35808d4d032eb8108"", ""7e2a5cc5c1a7746f097b"", ""d420e1b15a4cbe5d8ee4""]",56870,False,VALID,True,True,True,0
v4_final_cylinder_random_17,cylinder_random,1,B0,,"[""ef6dd69dc58e33904f9e""]",9970,True,ABSTAINED,False,False,True,1
v4_final_cylinder_random_17,cylinder_random,1,B1,,"[""ef6dd69dc58e33904f9e""]",9970,True,ABSTAINED,False,False,True,1
v4_final_cylinder_random_17,cylinder_random,1,B2,,"[""ef6dd69dc58e33904f9e""]",9970,True,ABSTAINED,False,False,True,1
v4_final_cylinder_random_17,cylinder_random,1,B3,,"[""ef6dd69dc58e33904f9e""]",9970,True,ABSTAINED,False,False,True,1
v4_final_cylinder_random_17,cylinder_random,1,B4,,"[""ef6dd69dc58e33904f9e""]",9970,True,ABSTAINED,False,False,True,1
v4_final_cylinder_random_17,cylinder_random,1,B4_normal,,"[""ef6dd69dc58e33904f9e""]",9970,True,ABSTAINED,False,False,True,1
v4_final_cylinder_random_17,cylinder_random,1,B5,,"[""ef6dd69dc58e33904f9e""]",9970,True,ABSTAINED,False,False,True,1
v4_final_cylinder_random_17,cylinder_random,3,B0,,"[""ef6dd69dc58e33904f9e"", ""a3064688699399c3d4a0"", ""a5eb27b988aecedb0b73""]",29570,True,ABSTAINED,False,False,True,1
v4_final_cylinder_random_17,cylinder_random,3,B1,,"[""ef6dd69dc58e33904f9e"", ""a3064688699399c3d4a0"", ""a5eb27b988aecedb0b73""]",29570,True,ABSTAINED,False,False,True,1
v4_final_cylinder_random_17,cylinder_random,3,B2,,"[""ef6dd69dc58e33904f9e"", ""a3064688699399c3d4a0"", ""a5eb27b988aecedb0b73""]",29570,True,ABSTAINED,False,False,True,1
v4_final_cylinder_random_17,cylinder_random,3,B3,,"[""ef6dd69dc58e33904f9e"", ""a3064688699399c3d4a0"", ""a5eb27b988aecedb0b73""]",29570,True,ABSTAINED,False,False,True,1
v4_final_cylinder_random_17,cylinder_random,3,B4,,"[""ef6dd69dc58e33904f9e"", ""a3064688699399c3d4a0"", ""a5eb27b988aecedb0b73""]",29570,True,ABSTAINED,False,False,True,1
v4_final_cylinder_random_17,cylinder_random,3,B4_normal,,"[""ef6dd69dc58e33904f9e"", ""a3064688699399c3d4a0"", ""a5eb27b988aecedb0b73""]",29570,True,ABSTAINED,False,False,True,1
v4_final_cylinder_random_17,cylinder_random,3,B5,,"[""ef6dd69dc58e33904f9e"", ""a3064688699399c3d4a0"", ""a5eb27b988aecedb0b73""]",29570,True,ABSTAINED,False,False,True,1
v4_final_cylinder_random_17,cylinder_random,6,B0,,"[""ef6dd69dc58e33904f9e"", ""a3064688699399c3d4a0"", ""a5eb27b988aecedb0b73"", ""06b989248233c3fba77c"", ""d99fab9a222f3335eb85"", ""f0aa3aaadba836e5899b""]",57740,True,ABSTAINED,False,False,True,1
v4_final_cylinder_random_17,cylinder_random,6,B1,,"[""ef6dd69dc58e33904f9e"", ""a3064688699399c3d4a0"", ""a5eb27b988aecedb0b73"", ""06b989248233c3fba77c"", ""d99fab9a222f3335eb85"", ""f0aa3aaadba836e5899b""]",57740,True,ABSTAINED,False,False,True,1
v4_final_cylinder_random_17,cylinder_random,6,B2,,"[""ef6dd69dc58e33904f9e"", ""a3064688699399c3d4a0"", ""a5eb27b988aecedb0b73"", ""06b989248233c3fba77c"", ""d99fab9a222f3335eb85"", ""f0aa3aaadba836e5899b""]",57740,True,ABSTAINED,False,False,True,1
v4_final_cylinder_random_17,cylinder_random,6,B3,,"[""ef6dd69dc58e33904f9e"", ""a3064688699399c3d4a0"", ""a5eb27b988aecedb0b73"", ""06b989248233c3fba77c"", ""d99fab9a222f3335eb85"", ""f0aa3aaadba836e5899b""]",57740,True,ABSTAINED,False,False,True,1
v4_final_cylinder_random_17,cylinder_random,6,B4,,"[""ef6dd69dc58e33904f9e"", ""a3064688699399c3d4a0"", ""a5eb27b988aecedb0b73"", ""06b989248233c3fba77c"", ""d99fab9a222f3335eb85"", ""f0aa3aaadba836e5899b""]",57740,True,ABSTAINED,False,False,True,1
v4_final_cylinder_random_17,cylinder_random,6,B4_normal,,"[""ef6dd69dc58e33904f9e"", ""a3064688699399c3d4a0"", ""a5eb27b988aecedb0b73"", ""06b989248233c3fba77c"", ""d99fab9a222f3335eb85"", ""f0aa3aaadba836e5899b""]",57740,True,ABSTAINED,False,False,True,1
v4_final_cylinder_random_17,cylinder_random,6,B5,,"[""ef6dd69dc58e33904f9e"", ""a3064688699399c3d4a0"", ""a5eb27b988aecedb0b73"", ""06b989248233c3fba77c"", ""d99fab9a222f3335eb85"", ""f0aa3aaadba836e5899b""]",57740,True,ABSTAINED,False,False,True,1
v4_final_cylinder_random_18,cylinder_random,1,B0,,"[""627fa2d4ed94081ff41a""]",9100,True,ABSTAINED,False,False,False,0
v4_final_cylinder_random_18,cylinder_random,1,B1,,"[""627fa2d4ed94081ff41a""]",9100,True,ABSTAINED,False,False,False,0
v4_final_cylinder_random_18,cylinder_random,1,B2,,"[""627fa2d4ed94081ff41a""]",9100,True,ABSTAINED,False,False,False,0
v4_final_cylinder_random_18,cylinder_random,1,B3,,"[""627fa2d4ed94081ff41a""]",9100,True,ABSTAINED,False,False,False,0
v4_final_cylinder_random_18,cylinder_random,1,B4,,"[""627fa2d4ed94081ff41a""]",9100,True,ABSTAINED,False,False,False,0
v4_final_cylinder_random_18,cylinder_random,1,B4_normal,,"[""627fa2d4ed94081ff41a""]",9100,True,ABSTAINED,False,False,False,0
v4_final_cylinder_random_18,cylinder_random,1,B5,,"[""627fa2d4ed94081ff41a""]",9100,True,ABSTAINED,False,False,False,0
v4_final_cylinder_random_18,cylinder_random,3,B0,,"[""627fa2d4ed94081ff41a"", ""c4e1a40a05067bda55ee"", ""e26e940bf6e4bb15bd5f""]",27830,True,ABSTAINED,False,False,False,0
v4_final_cylinder_random_18,cylinder_random,3,B1,,"[""627fa2d4ed94081ff41a"", ""c4e1a40a05067bda55ee"", ""e26e940bf6e4bb15bd5f""]",27830,True,ABSTAINED,False,False,False,0
v4_final_cylinder_random_18,cylinder_random,3,B2,,"[""627fa2d4ed94081ff41a"", ""c4e1a40a05067bda55ee"", ""e26e940bf6e4bb15bd5f""]",27830,True,ABSTAINED,False,False,False,0
v4_final_cylinder_random_18,cylinder_random,3,B3,,"[""627fa2d4ed94081ff41a"", ""c4e1a40a05067bda55ee"", ""e26e940bf6e4bb15bd5f""]",27830,True,ABSTAINED,False,False,False,0
v4_final_cylinder_random_18,cylinder_random,3,B4,,"[""627fa2d4ed94081ff41a"", ""c4e1a40a05067bda55ee"", ""e26e940bf6e4bb15bd5f""]",27830,True,ABSTAINED,False,False,False,0
v4_final_cylinder_random_18,cylinder_random,3,B4_normal,,"[""627fa2d4ed94081ff41a"", ""c4e1a40a05067bda55ee"", ""e26e940bf6e4bb15bd5f""]",27830,True,ABSTAINED,False,False,False,0
v4_final_cylinder_random_18,cylinder_random,3,B5,,"[""627fa2d4ed94081ff41a"", ""c4e1a40a05067bda55ee"", ""e26e940bf6e4bb15bd5f""]",27830,True,ABSTAINED,False,False,False,0
v4_final_cylinder_random_18,cylinder_random,6,B0,,"[""627fa2d4ed94081ff41a"", ""c4e1a40a05067bda55ee"", ""e26e940bf6e4bb15bd5f"", ""ec67228158200ce0b23f"", ""e072a9704aa90887ed45"", ""f87ec463936e000e35eb""]",55130,True,ABSTAINED,False,False,True,1
v4_final_cylinder_random_18,cylinder_random,6,B1,,"[""627fa2d4ed94081ff41a"", ""c4e1a40a05067bda55ee"", ""e26e940bf6e4bb15bd5f"", ""ec67228158200ce0b23f"", ""e072a9704aa90887ed45"", ""f87ec463936e000e35eb""]",55130,True,ABSTAINED,False,False,True,1
v4_final_cylinder_random_18,cylinder_random,6,B2,,"[""627fa2d4ed94081ff41a"", ""c4e1a40a05067bda55ee"", ""e26e940bf6e4bb15bd5f"", ""ec67228158200ce0b23f"", ""e072a9704aa90887ed45"", ""f87ec463936e000e35eb""]",55130,True,ABSTAINED,False,False,True,1
v4_final_cylinder_random_18,cylinder_random,6,B3,,"[""627fa2d4ed94081ff41a"", ""c4e1a40a05067bda55ee"", ""e26e940bf6e4bb15bd5f"", ""ec67228158200ce0b23f"", ""e072a9704aa90887ed45"", ""f87ec463936e000e35eb""]",55130,True,ABSTAINED,False,False,True,1
v4_final_cylinder_random_18,cylinder_random,6,B4,,"[""627fa2d4ed94081ff41a"", ""c4e1a40a05067bda55ee"", ""e26e940bf6e4bb15bd5f"", ""ec67228158200ce0b23f"", ""e072a9704aa90887ed45"", ""f87ec463936e000e35eb""]",55130,True,ABSTAINED,False,False,True,1
v4_final_cylinder_random_18,cylinder_random,6,B4_normal,,"[""627fa2d4ed94081ff41a"", ""c4e1a40a05067bda55ee"", ""e26e940bf6e4bb15bd5f"", ""ec67228158200ce0b23f"", ""e072a9704aa90887ed45"", ""f87ec463936e000e35eb""]",55130,True,ABSTAINED,False,False,True,1
v4_final_cylinder_random_18,cylinder_random,6,B5,,"[""627fa2d4ed94081ff41a"", ""c4e1a40a05067bda55ee"", ""e26e940bf6e4bb15bd5f"", ""ec67228158200ce0b23f"", ""e072a9704aa90887ed45"", ""f87ec463936e000e35eb""]",55130,True,ABSTAINED,False,False,True,1
v4_final_cylinder_random_19,cylinder_random,1,B0,,"[""87eeb1d5768bf316345e""]",9100,True,ABSTAINED,False,False,False,0
v4_final_cylinder_random_19,cylinder_random,1,B1,,"[""87eeb1d5768bf316345e""]",9100,True,ABSTAINED,False,False,False,0
v4_final_cylinder_random_19,cylinder_random,1,B2,,"[""87eeb1d5768bf316345e""]",9100,True,ABSTAINED,False,False,False,0
v4_final_cylinder_random_19,cylinder_random,1,B3,,"[""87eeb1d5768bf316345e""]",9100,True,ABSTAINED,False,False,False,0
v4_final_cylinder_random_19,cylinder_random,1,B4,,"[""87eeb1d5768bf316345e""]",9100,True,ABSTAINED,False,False,False,0
v4_final_cylinder_random_19,cylinder_random,1,B4_normal,,"[""87eeb1d5768bf316345e""]",9100,True,ABSTAINED,False,False,False,0
v4_final_cylinder_random_19,cylinder_random,1,B5,,"[""87eeb1d5768bf316345e""]",9100,True,ABSTAINED,False,False,False,0
v4_final_cylinder_random_19,cylinder_random,3,B0,2f290c9c2516a60485dd,"[""87eeb1d5768bf316345e"", ""aa56d7fb8ef76f990ee1"", ""2f290c9c2516a60485dd""]",27300,False,VALID,True,True,True,0
v4_final_cylinder_random_19,cylinder_random,3,B1,2f290c9c2516a60485dd,"[""87eeb1d5768bf316345e"", ""aa56d7fb8ef76f990ee1"", ""2f290c9c2516a60485dd""]",27300,False,VALID,True,True,True,0
v4_final_cylinder_random_19,cylinder_random,3,B2,2f290c9c2516a60485dd,"[""87eeb1d5768bf316345e"", ""aa56d7fb8ef76f990ee1"", ""2f290c9c2516a60485dd""]",27300,False,VALID,True,True,True,0
v4_final_cylinder_random_19,cylinder_random,3,B3,2f290c9c2516a60485dd,"[""87eeb1d5768bf316345e"", ""aa56d7fb8ef76f990ee1"", ""2f290c9c2516a60485dd""]",27300,False,VALID,True,True,True,0
v4_final_cylinder_random_19,cylinder_random,3,B4,2f290c9c2516a60485dd,"[""87eeb1d5768bf316345e"", ""aa56d7fb8ef76f990ee1"", ""2f290c9c2516a60485dd""]",27300,False,VALID,True,True,True,0
v4_final_cylinder_random_19,cylinder_random,3,B4_normal,2f290c9c2516a60485dd,"[""87eeb1d5768bf316345e"", ""aa56d7fb8ef76f990ee1"", ""2f290c9c2516a60485dd""]",27300,False,VALID,True,True,True,0
v4_final_cylinder_random_19,cylinder_random,3,B5,2f290c9c2516a60485dd,"[""87eeb1d5768bf316345e"", ""aa56d7fb8ef76f990ee1"", ""2f290c9c2516a60485dd""]",27300,False,VALID,True,True,True,0
v4_final_cylinder_random_19,cylinder_random,6,B0,2f290c9c2516a60485dd,"[""87eeb1d5768bf316345e"", ""aa56d7fb8ef76f990ee1"", ""2f290c9c2516a60485dd"", ""0d01657b36c1e6bec497"", ""43c6fba55e89860307c1"", ""95c75e4ec15329b84fa9""]",55130,False,VALID,True,True,True,0
v4_final_cylinder_random_19,cylinder_random,6,B1,2f290c9c2516a60485dd,"[""87eeb1d5768bf316345e"", ""aa56d7fb8ef76f990ee1"", ""2f290c9c2516a60485dd"", ""0d01657b36c1e6bec497"", ""43c6fba55e89860307c1"", ""95c75e4ec15329b84fa9""]",55130,False,VALID,True,True,True,0
v4_final_cylinder_random_19,cylinder_random,6,B2,2f290c9c2516a60485dd,"[""87eeb1d5768bf316345e"", ""aa56d7fb8ef76f990ee1"", ""2f290c9c2516a60485dd"", ""0d01657b36c1e6bec497"", ""43c6fba55e89860307c1"", ""95c75e4ec15329b84fa9""]",55130,False,VALID,True,True,True,0
v4_final_cylinder_random_19,cylinder_random,6,B3,2f290c9c2516a60485dd,"[""87eeb1d5768bf316345e"", ""aa56d7fb8ef76f990ee1"", ""2f290c9c2516a60485dd"", ""0d01657b36c1e6bec497"", ""43c6fba55e89860307c1"", ""95c75e4ec15329b84fa9""]",55130,False,VALID,True,True,True,0
v4_final_cylinder_random_19,cylinder_random,6,B4,2f290c9c2516a60485dd,"[""87eeb1d5768bf316345e"", ""aa56d7fb8ef76f990ee1"", ""2f290c9c2516a60485dd"", ""0d01657b36c1e6bec497"", ""43c6fba55e89860307c1"", ""95c75e4ec15329b84fa9""]",55130,False,VALID,True,True,True,0
v4_final_cylinder_random_19,cylinder_random,6,B4_normal,2f290c9c2516a60485dd,"[""87eeb1d5768bf316345e"", ""aa56d7fb8ef76f990ee1"", ""2f290c9c2516a60485dd"", ""0d01657b36c1e6bec497"", ""43c6fba55e89860307c1"", ""95c75e4ec15329b84fa9""]",55130,False,VALID,True,True,True,0
v4_final_cylinder_random_19,cylinder_random,6,B5,2f290c9c2516a60485dd,"[""87eeb1d5768bf316345e"", ""aa56d7fb8ef76f990ee1"", ""2f290c9c2516a60485dd"", ""0d01657b36c1e6bec497"", ""43c6fba55e89860307c1"", ""95c75e4ec15329b84fa9""]",55130,False,VALID,True,True,True,0
v4_final_flat_box_random_00,flat_box_random,1,B0,e3506597f5bcff9ef485,"[""e3506597f5bcff9ef485""]",15200,False,VALID,False,False,False,0
v4_final_flat_box_random_00,flat_box_random,1,B1,e3506597f5bcff9ef485,"[""e3506597f5bcff9ef485""]",15200,False,VALID,False,False,False,0
v4_final_flat_box_random_00,flat_box_random,1,B2,,"[""e3506597f5bcff9ef485""]",15200,True,ABSTAINED,False,False,False,0
v4_final_flat_box_random_00,flat_box_random,1,B3,,"[""e3506597f5bcff9ef485""]",15200,True,ABSTAINED,False,False,False,0
v4_final_flat_box_random_00,flat_box_random,1,B4,,"[""e3506597f5bcff9ef485""]",15200,True,ABSTAINED,False,False,False,0
v4_final_flat_box_random_00,flat_box_random,1,B4_normal,,"[""e3506597f5bcff9ef485""]",15200,True,ABSTAINED,False,False,False,0
v4_final_flat_box_random_00,flat_box_random,1,B5,,"[""e3506597f5bcff9ef485""]",15200,True,ABSTAINED,False,False,False,0
v4_final_flat_box_random_00,flat_box_random,3,B0,e3506597f5bcff9ef485,"[""e3506597f5bcff9ef485"", ""f8e852ba5b2eb7f3f969"", ""5d1a808816cd4752a23a""]",45800,False,VALID,False,False,False,0
v4_final_flat_box_random_00,flat_box_random,3,B1,e3506597f5bcff9ef485,"[""e3506597f5bcff9ef485"", ""f8e852ba5b2eb7f3f969"", ""5d1a808816cd4752a23a""]",45800,False,VALID,False,False,False,0
v4_final_flat_box_random_00,flat_box_random,3,B2,,"[""e3506597f5bcff9ef485"", ""f8e852ba5b2eb7f3f969"", ""5d1a808816cd4752a23a""]",45800,True,ABSTAINED,False,False,False,0
v4_final_flat_box_random_00,flat_box_random,3,B3,,"[""e3506597f5bcff9ef485"", ""f8e852ba5b2eb7f3f969"", ""5d1a808816cd4752a23a""]",45800,True,ABSTAINED,False,False,False,0
v4_final_flat_box_random_00,flat_box_random,3,B4,,"[""e3506597f5bcff9ef485"", ""f8e852ba5b2eb7f3f969"", ""5d1a808816cd4752a23a""]",45800,True,ABSTAINED,False,False,False,0
v4_final_flat_box_random_00,flat_box_random,3,B4_normal,,"[""e3506597f5bcff9ef485"", ""f8e852ba5b2eb7f3f969"", ""5d1a808816cd4752a23a""]",45800,True,ABSTAINED,False,False,False,0
v4_final_flat_box_random_00,flat_box_random,3,B5,,"[""e3506597f5bcff9ef485"", ""f8e852ba5b2eb7f3f969"", ""5d1a808816cd4752a23a""]",45800,True,ABSTAINED,False,False,False,0
v4_final_flat_box_random_00,flat_box_random,6,B0,e3506597f5bcff9ef485,"[""e3506597f5bcff9ef485"", ""f8e852ba5b2eb7f3f969"", ""5d1a808816cd4752a23a"", ""f67ee764c096ed8c89b5"", ""fbccf7739d8c89cc3499"", ""6b635730b4082ddc85cd""]",92300,False,VALID,False,False,False,0
v4_final_flat_box_random_00,flat_box_random,6,B1,e3506597f5bcff9ef485,"[""e3506597f5bcff9ef485"", ""f8e852ba5b2eb7f3f969"", ""5d1a808816cd4752a23a"", ""f67ee764c096ed8c89b5"", ""fbccf7739d8c89cc3499"", ""6b635730b4082ddc85cd""]",92300,False,VALID,False,False,False,0
v4_final_flat_box_random_00,flat_box_random,6,B2,,"[""e3506597f5bcff9ef485"", ""f8e852ba5b2eb7f3f969"", ""5d1a808816cd4752a23a"", ""f67ee764c096ed8c89b5"", ""fbccf7739d8c89cc3499"", ""6b635730b4082ddc85cd""]",92300,True,ABSTAINED,False,False,False,0
v4_final_flat_box_random_00,flat_box_random,6,B3,,"[""e3506597f5bcff9ef485"", ""f8e852ba5b2eb7f3f969"", ""5d1a808816cd4752a23a"", ""f67ee764c096ed8c89b5"", ""fbccf7739d8c89cc3499"", ""6b635730b4082ddc85cd""]",92300,True,ABSTAINED,False,False,False,0
v4_final_flat_box_random_00,flat_box_random,6,B4,,"[""e3506597f5bcff9ef485"", ""f8e852ba5b2eb7f3f969"", ""5d1a808816cd4752a23a"", ""f67ee764c096ed8c89b5"", ""fbccf7739d8c89cc3499"", ""6b635730b4082ddc85cd""]",92300,True,ABSTAINED,False,False,False,0
v4_final_flat_box_random_00,flat_box_random,6,B4_normal,,"[""e3506597f5bcff9ef485"", ""f8e852ba5b2eb7f3f969"", ""5d1a808816cd4752a23a"", ""f67ee764c096ed8c89b5"", ""fbccf7739d8c89cc3499"", ""6b635730b4082ddc85cd""]",92300,True,ABSTAINED,False,False,False,0
v4_final_flat_box_random_00,flat_box_random,6,B5,,"[""e3506597f5bcff9ef485"", ""f8e852ba5b2eb7f3f969"", ""5d1a808816cd4752a23a"", ""f67ee764c096ed8c89b5"", ""fbccf7739d8c89cc3499"", ""6b635730b4082ddc85cd""]",92300,True,ABSTAINED,False,False,False,0
v4_final_flat_box_random_01,flat_box_random,1,B0,,"[""64c36bd0067bc0ed8cee""]",15200,True,ABSTAINED,False,False,False,0
v4_final_flat_box_random_01,flat_box_random,1,B1,,"[""64c36bd0067bc0ed8cee""]",15200,True,ABSTAINED,False,False,False,0
v4_final_flat_box_random_01,flat_box_random,1,B2,,"[""64c36bd0067bc0ed8cee""]",15200,True,ABSTAINED,False,False,False,0
v4_final_flat_box_random_01,flat_box_random,1,B3,,"[""64c36bd0067bc0ed8cee""]",15200,True,ABSTAINED,False,False,False,0
v4_final_flat_box_random_01,flat_box_random,1,B4,,"[""64c36bd0067bc0ed8cee""]",15200,True,ABSTAINED,False,False,False,0
v4_final_flat_box_random_01,flat_box_random,1,B4_normal,,"[""64c36bd0067bc0ed8cee""]",15200,True,ABSTAINED,False,False,False,0
v4_final_flat_box_random_01,flat_box_random,1,B5,,"[""64c36bd0067bc0ed8cee""]",15200,True,ABSTAINED,False,False,False,0
v4_final_flat_box_random_01,flat_box_random,3,B0,aa543665bfae2da38a69,"[""64c36bd0067bc0ed8cee"", ""aa543665bfae2da38a69"", ""f645ccb7337db600177a""]",45800,False,VALID,False,False,False,0
v4_final_flat_box_random_01,flat_box_random,3,B1,,"[""64c36bd0067bc0ed8cee"", ""aa543665bfae2da38a69"", ""f645ccb7337db600177a""]",45800,True,ABSTAINED,False,False,False,0
v4_final_flat_box_random_01,flat_box_random,3,B2,,"[""64c36bd0067bc0ed8cee"", ""aa543665bfae2da38a69"", ""f645ccb7337db600177a""]",45800,True,ABSTAINED,False,False,False,0
v4_final_flat_box_random_01,flat_box_random,3,B3,,"[""64c36bd0067bc0ed8cee"", ""aa543665bfae2da38a69"", ""f645ccb7337db600177a""]",45800,True,ABSTAINED,False,False,False,0
v4_final_flat_box_random_01,flat_box_random,3,B4,,"[""64c36bd0067bc0ed8cee"", ""aa543665bfae2da38a69"", ""f645ccb7337db600177a""]",45800,True,ABSTAINED,False,False,False,0
v4_final_flat_box_random_01,flat_box_random,3,B4_normal,,"[""64c36bd0067bc0ed8cee"", ""aa543665bfae2da38a69"", ""f645ccb7337db600177a""]",45800,True,ABSTAINED,False,False,False,0
v4_final_flat_box_random_01,flat_box_random,3,B5,,"[""64c36bd0067bc0ed8cee"", ""aa543665bfae2da38a69"", ""f645ccb7337db600177a""]",45800,True,ABSTAINED,False,False,False,0
v4_final_flat_box_random_01,flat_box_random,6,B0,aa543665bfae2da38a69,"[""64c36bd0067bc0ed8cee"", ""aa543665bfae2da38a69"", ""f645ccb7337db600177a"", ""f6e6b79558855f90ccb0"", ""c4842dc52bc682cb3181"", ""88e173b88e61cf6c01ca""]",92300,False,VALID,False,False,False,0
v4_final_flat_box_random_01,flat_box_random,6,B1,,"[""64c36bd0067bc0ed8cee"", ""aa543665bfae2da38a69"", ""f645ccb7337db600177a"", ""f6e6b79558855f90ccb0"", ""c4842dc52bc682cb3181"", ""88e173b88e61cf6c01ca""]",92300,True,ABSTAINED,False,False,False,0
v4_final_flat_box_random_01,flat_box_random,6,B2,,"[""64c36bd0067bc0ed8cee"", ""aa543665bfae2da38a69"", ""f645ccb7337db600177a"", ""f6e6b79558855f90ccb0"", ""c4842dc52bc682cb3181"", ""88e173b88e61cf6c01ca""]",92300,True,ABSTAINED,False,False,False,0
v4_final_flat_box_random_01,flat_box_random,6,B3,,"[""64c36bd0067bc0ed8cee"", ""aa543665bfae2da38a69"", ""f645ccb7337db600177a"", ""f6e6b79558855f90ccb0"", ""c4842dc52bc682cb3181"", ""88e173b88e61cf6c01ca""]",92300,True,ABSTAINED,False,False,False,0
v4_final_flat_box_random_01,flat_box_random,6,B4,,"[""64c36bd0067bc0ed8cee"", ""aa543665bfae2da38a69"", ""f645ccb7337db600177a"", ""f6e6b79558855f90ccb0"", ""c4842dc52bc682cb3181"", ""88e173b88e61cf6c01ca""]",92300,True,ABSTAINED,False,False,False,0
v4_final_flat_box_random_01,flat_box_random,6,B4_normal,,"[""64c36bd0067bc0ed8cee"", ""aa543665bfae2da38a69"", ""f645ccb7337db600177a"", ""f6e6b79558855f90ccb0"", ""c4842dc52bc682cb3181"", ""88e173b88e61cf6c01ca""]",92300,True,ABSTAINED,False,False,False,0
v4_final_flat_box_random_01,flat_box_random,6,B5,,"[""64c36bd0067bc0ed8cee"", ""aa543665bfae2da38a69"", ""f645ccb7337db600177a"", ""f6e6b79558855f90ccb0"", ""c4842dc52bc682cb3181"", ""88e173b88e61cf6c01ca""]",92300,True,ABSTAINED,False,False,False,0
v4_final_flat_box_random_02,flat_box_random,1,B0,,"[""0dbbc48c0c40d6d544a3""]",15200,True,ABSTAINED,False,False,False,0
v4_final_flat_box_random_02,flat_box_random,1,B1,,"[""0dbbc48c0c40d6d544a3""]",15200,True,ABSTAINED,False,False,False,0
v4_final_flat_box_random_02,flat_box_random,1,B2,,"[""0dbbc48c0c40d6d544a3""]",15200,True,ABSTAINED,False,False,False,0
v4_final_flat_box_random_02,flat_box_random,1,B3,,"[""0dbbc48c0c40d6d544a3""]",15200,True,ABSTAINED,False,False,False,0
v4_final_flat_box_random_02,flat_box_random,1,B4,,"[""0dbbc48c0c40d6d544a3""]",15200,True,ABSTAINED,False,False,False,0
v4_final_flat_box_random_02,flat_box_random,1,B4_normal,,"[""0dbbc48c0c40d6d544a3""]",15200,True,ABSTAINED,False,False,False,0
v4_final_flat_box_random_02,flat_box_random,1,B5,,"[""0dbbc48c0c40d6d544a3""]",15200,True,ABSTAINED,False,False,False,0
v4_final_flat_box_random_02,flat_box_random,3,B0,,"[""0dbbc48c0c40d6d544a3"", ""3d4bf184bc8014943e88"", ""899ebbe98c5737088bae""]",45800,True,ABSTAINED,False,False,False,0
v4_final_flat_box_random_02,flat_box_random,3,B1,,"[""0dbbc48c0c40d6d544a3"", ""3d4bf184bc8014943e88"", ""899ebbe98c5737088bae""]",45800,True,ABSTAINED,False,False,False,0
v4_final_flat_box_random_02,flat_box_random,3,B2,,"[""0dbbc48c0c40d6d544a3"", ""3d4bf184bc8014943e88"", ""899ebbe98c5737088bae""]",45800,True,ABSTAINED,False,False,False,0
v4_final_flat_box_random_02,flat_box_random,3,B3,,"[""0dbbc48c0c40d6d544a3"", ""3d4bf184bc8014943e88"", ""899ebbe98c5737088bae""]",45800,True,ABSTAINED,False,False,False,0
v4_final_flat_box_random_02,flat_box_random,3,B4,,"[""0dbbc48c0c40d6d544a3"", ""3d4bf184bc8014943e88"", ""899ebbe98c5737088bae""]",45800,True,ABSTAINED,False,False,False,0
v4_final_flat_box_random_02,flat_box_random,3,B4_normal,,"[""0dbbc48c0c40d6d544a3"", ""3d4bf184bc8014943e88"", ""899ebbe98c5737088bae""]",45800,True,ABSTAINED,False,False,False,0
v4_final_flat_box_random_02,flat_box_random,3,B5,,"[""0dbbc48c0c40d6d544a3"", ""3d4bf184bc8014943e88"", ""899ebbe98c5737088bae""]",45800,True,ABSTAINED,False,False,False,0
v4_final_flat_box_random_02,flat_box_random,6,B0,,"[""0dbbc48c0c40d6d544a3"", ""3d4bf184bc8014943e88"", ""899ebbe98c5737088bae"", ""f648eede84fa95b223fb"", ""166f1677fe0d7149db06"", ""909abd395391c60090a1""]",92300,True,ABSTAINED,False,False,False,0
v4_final_flat_box_random_02,flat_box_random,6,B1,,"[""0dbbc48c0c40d6d544a3"", ""3d4bf184bc8014943e88"", ""899ebbe98c5737088bae"", ""f648eede84fa95b223fb"", ""166f1677fe0d7149db06"", ""909abd395391c60090a1""]",92300,True,ABSTAINED,False,False,False,0
v4_final_flat_box_random_02,flat_box_random,6,B2,,"[""0dbbc48c0c40d6d544a3"", ""3d4bf184bc8014943e88"", ""899ebbe98c5737088bae"", ""f648eede84fa95b223fb"", ""166f1677fe0d7149db06"", ""909abd395391c60090a1""]",92300,True,ABSTAINED,False,False,False,0
v4_final_flat_box_random_02,flat_box_random,6,B3,,"[""0dbbc48c0c40d6d544a3"", ""3d4bf184bc8014943e88"", ""899ebbe98c5737088bae"", ""f648eede84fa95b223fb"", ""166f1677fe0d7149db06"", ""909abd395391c60090a1""]",92300,True,ABSTAINED,False,False,False,0
v4_final_flat_box_random_02,flat_box_random,6,B4,,"[""0dbbc48c0c40d6d544a3"", ""3d4bf184bc8014943e88"", ""899ebbe98c5737088bae"", ""f648eede84fa95b223fb"", ""166f1677fe0d7149db06"", ""909abd395391c60090a1""]",92300,True,ABSTAINED,False,False,False,0
v4_final_flat_box_random_02,flat_box_random,6,B4_normal,,"[""0dbbc48c0c40d6d544a3"", ""3d4bf184bc8014943e88"", ""899ebbe98c5737088bae"", ""f648eede84fa95b223fb"", ""166f1677fe0d7149db06"", ""909abd395391c60090a1""]",92300,True,ABSTAINED,False,False,False,0
v4_final_flat_box_random_02,flat_box_random,6,B5,,"[""0dbbc48c0c40d6d544a3"", ""3d4bf184bc8014943e88"", ""899ebbe98c5737088bae"", ""f648eede84fa95b223fb"", ""166f1677fe0d7149db06"", ""909abd395391c60090a1""]",92300,True,ABSTAINED,False,False,False,0
v4_final_flat_box_random_03,flat_box_random,1,B0,,"[""5c94900b3a4d9f1ce47d""]",15200,True,ABSTAINED,False,False,False,0
v4_final_flat_box_random_03,flat_box_random,1,B1,,"[""5c94900b3a4d9f1ce47d""]",15200,True,ABSTAINED,False,False,False,0
v4_final_flat_box_random_03,flat_box_random,1,B2,,"[""5c94900b3a4d9f1ce47d""]",15200,True,ABSTAINED,False,False,False,0
v4_final_flat_box_random_03,flat_box_random,1,B3,,"[""5c94900b3a4d9f1ce47d""]",15200,True,ABSTAINED,False,False,False,0
v4_final_flat_box_random_03,flat_box_random,1,B4,,"[""5c94900b3a4d9f1ce47d""]",15200,True,ABSTAINED,False,False,False,0
v4_final_flat_box_random_03,flat_box_random,1,B4_normal,,"[""5c94900b3a4d9f1ce47d""]",15200,True,ABSTAINED,False,False,False,0
v4_final_flat_box_random_03,flat_box_random,1,B5,,"[""5c94900b3a4d9f1ce47d""]",15200,True,ABSTAINED,False,False,False,0
v4_final_flat_box_random_03,flat_box_random,3,B0,,"[""5c94900b3a4d9f1ce47d"", ""1739f1117cbe51c0214d"", ""df2fee80cadc343299cf""]",45800,True,ABSTAINED,False,False,False,0
v4_final_flat_box_random_03,flat_box_random,3,B1,,"[""5c94900b3a4d9f1ce47d"", ""1739f1117cbe51c0214d"", ""df2fee80cadc343299cf""]",45800,True,ABSTAINED,False,False,False,0
v4_final_flat_box_random_03,flat_box_random,3,B2,,"[""5c94900b3a4d9f1ce47d"", ""1739f1117cbe51c0214d"", ""df2fee80cadc343299cf""]",45800,True,ABSTAINED,False,False,False,0
v4_final_flat_box_random_03,flat_box_random,3,B3,,"[""5c94900b3a4d9f1ce47d"", ""1739f1117cbe51c0214d"", ""df2fee80cadc343299cf""]",45800,True,ABSTAINED,False,False,False,0
v4_final_flat_box_random_03,flat_box_random,3,B4,,"[""5c94900b3a4d9f1ce47d"", ""1739f1117cbe51c0214d"", ""df2fee80cadc343299cf""]",45800,True,ABSTAINED,False,False,False,0
v4_final_flat_box_random_03,flat_box_random,3,B4_normal,,"[""5c94900b3a4d9f1ce47d"", ""1739f1117cbe51c0214d"", ""df2fee80cadc343299cf""]",45800,True,ABSTAINED,False,False,False,0
v4_final_flat_box_random_03,flat_box_random,3,B5,,"[""5c94900b3a4d9f1ce47d"", ""1739f1117cbe51c0214d"", ""df2fee80cadc343299cf""]",45800,True,ABSTAINED,False,False,False,0
v4_final_flat_box_random_03,flat_box_random,6,B0,,"[""5c94900b3a4d9f1ce47d"", ""1739f1117cbe51c0214d"", ""df2fee80cadc343299cf"", ""be73d5b82fe73f810e60"", ""a9d807438e92a88b6821"", ""4567d7464064c08c0705""]",92300,True,ABSTAINED,False,False,False,0
v4_final_flat_box_random_03,flat_box_random,6,B1,,"[""5c94900b3a4d9f1ce47d"", ""1739f1117cbe51c0214d"", ""df2fee80cadc343299cf"", ""be73d5b82fe73f810e60"", ""a9d807438e92a88b6821"", ""4567d7464064c08c0705""]",92300,True,ABSTAINED,False,False,False,0
v4_final_flat_box_random_03,flat_box_random,6,B2,,"[""5c94900b3a4d9f1ce47d"", ""1739f1117cbe51c0214d"", ""df2fee80cadc343299cf"", ""be73d5b82fe73f810e60"", ""a9d807438e92a88b6821"", ""4567d7464064c08c0705""]",92300,True,ABSTAINED,False,False,False,0
v4_final_flat_box_random_03,flat_box_random,6,B3,,"[""5c94900b3a4d9f1ce47d"", ""1739f1117cbe51c0214d"", ""df2fee80cadc343299cf"", ""be73d5b82fe73f810e60"", ""a9d807438e92a88b6821"", ""4567d7464064c08c0705""]",92300,True,ABSTAINED,False,False,False,0
v4_final_flat_box_random_03,flat_box_random,6,B4,,"[""5c94900b3a4d9f1ce47d"", ""1739f1117cbe51c0214d"", ""df2fee80cadc343299cf"", ""be73d5b82fe73f810e60"", ""a9d807438e92a88b6821"", ""4567d7464064c08c0705""]",92300,True,ABSTAINED,False,False,False,0
v4_final_flat_box_random_03,flat_box_random,6,B4_normal,,"[""5c94900b3a4d9f1ce47d"", ""1739f1117cbe51c0214d"", ""df2fee80cadc343299cf"", ""be73d5b82fe73f810e60"", ""a9d807438e92a88b6821"", ""4567d7464064c08c0705""]",92300,True,ABSTAINED,False,False,False,0
v4_final_flat_box_random_03,flat_box_random,6,B5,,"[""5c94900b3a4d9f1ce47d"", ""1739f1117cbe51c0214d"", ""df2fee80cadc343299cf"", ""be73d5b82fe73f810e60"", ""a9d807438e92a88b6821"", ""4567d7464064c08c0705""]",92300,True,ABSTAINED,False,False,False,0
v4_final_flat_box_random_04,flat_box_random,1,B0,,"[""0a82897d84b5cc12c1ae""]",15200,True,ABSTAINED,False,False,False,0
v4_final_flat_box_random_04,flat_box_random,1,B1,,"[""0a82897d84b5cc12c1ae""]",15200,True,ABSTAINED,False,False,False,0
v4_final_flat_box_random_04,flat_box_random,1,B2,,"[""0a82897d84b5cc12c1ae""]",15200,True,ABSTAINED,False,False,False,0
v4_final_flat_box_random_04,flat_box_random,1,B3,,"[""0a82897d84b5cc12c1ae""]",15200,True,ABSTAINED,False,False,False,0
v4_final_flat_box_random_04,flat_box_random,1,B4,,"[""0a82897d84b5cc12c1ae""]",15200,True,ABSTAINED,False,False,False,0
v4_final_flat_box_random_04,flat_box_random,1,B4_normal,,"[""0a82897d84b5cc12c1ae""]",15200,True,ABSTAINED,False,False,False,0
v4_final_flat_box_random_04,flat_box_random,1,B5,,"[""0a82897d84b5cc12c1ae""]",15200,True,ABSTAINED,False,False,False,0
v4_final_flat_box_random_04,flat_box_random,3,B0,b0cacee63de199b1ed5a,"[""0a82897d84b5cc12c1ae"", ""b0cacee63de199b1ed5a"", ""3c5bba10d46e93b72532""]",45800,False,VALID,False,False,False,0
v4_final_flat_box_random_04,flat_box_random,3,B1,b0cacee63de199b1ed5a,"[""0a82897d84b5cc12c1ae"", ""b0cacee63de199b1ed5a"", ""3c5bba10d46e93b72532""]",45800,False,VALID,False,False,False,0
v4_final_flat_box_random_04,flat_box_random,3,B2,,"[""0a82897d84b5cc12c1ae"", ""b0cacee63de199b1ed5a"", ""3c5bba10d46e93b72532""]",45800,True,ABSTAINED,False,False,False,0
v4_final_flat_box_random_04,flat_box_random,3,B3,,"[""0a82897d84b5cc12c1ae"", ""b0cacee63de199b1ed5a"", ""3c5bba10d46e93b72532""]",45800,True,ABSTAINED,False,False,False,0
v4_final_flat_box_random_04,flat_box_random,3,B4,,"[""0a82897d84b5cc12c1ae"", ""b0cacee63de199b1ed5a"", ""3c5bba10d46e93b72532""]",45800,True,ABSTAINED,False,False,False,0
v4_final_flat_box_random_04,flat_box_random,3,B4_normal,,"[""0a82897d84b5cc12c1ae"", ""b0cacee63de199b1ed5a"", ""3c5bba10d46e93b72532""]",45800,True,ABSTAINED,False,False,False,0
v4_final_flat_box_random_04,flat_box_random,3,B5,,"[""0a82897d84b5cc12c1ae"", ""b0cacee63de199b1ed5a"", ""3c5bba10d46e93b72532""]",45800,True,ABSTAINED,False,False,False,0
v4_final_flat_box_random_04,flat_box_random,6,B0,b0cacee63de199b1ed5a,"[""0a82897d84b5cc12c1ae"", ""b0cacee63de199b1ed5a"", ""3c5bba10d46e93b72532"", ""8dbcb4e7057efdc20dcb"", ""ed75eb3b0ea5c7608a59"", ""9d3318a9223b93f239b8""]",92300,False,VALID,False,False,False,0
v4_final_flat_box_random_04,flat_box_random,6,B1,b0cacee63de199b1ed5a,"[""0a82897d84b5cc12c1ae"", ""b0cacee63de199b1ed5a"", ""3c5bba10d46e93b72532"", ""8dbcb4e7057efdc20dcb"", ""ed75eb3b0ea5c7608a59"", ""9d3318a9223b93f239b8""]",92300,False,VALID,False,False,False,0
v4_final_flat_box_random_04,flat_box_random,6,B2,,"[""0a82897d84b5cc12c1ae"", ""b0cacee63de199b1ed5a"", ""3c5bba10d46e93b72532"", ""8dbcb4e7057efdc20dcb"", ""ed75eb3b0ea5c7608a59"", ""9d3318a9223b93f239b8""]",92300,True,ABSTAINED,False,False,False,0
v4_final_flat_box_random_04,flat_box_random,6,B3,,"[""0a82897d84b5cc12c1ae"", ""b0cacee63de199b1ed5a"", ""3c5bba10d46e93b72532"", ""8dbcb4e7057efdc20dcb"", ""ed75eb3b0ea5c7608a59"", ""9d3318a9223b93f239b8""]",92300,True,ABSTAINED,False,False,False,0
v4_final_flat_box_random_04,flat_box_random,6,B4,,"[""0a82897d84b5cc12c1ae"", ""b0cacee63de199b1ed5a"", ""3c5bba10d46e93b72532"", ""8dbcb4e7057efdc20dcb"", ""ed75eb3b0ea5c7608a59"", ""9d3318a9223b93f239b8""]",92300,True,ABSTAINED,False,False,False,0
v4_final_flat_box_random_04,flat_box_random,6,B4_normal,,"[""0a82897d84b5cc12c1ae"", ""b0cacee63de199b1ed5a"", ""3c5bba10d46e93b72532"", ""8dbcb4e7057efdc20dcb"", ""ed75eb3b0ea5c7608a59"", ""9d3318a9223b93f239b8""]",92300,True,ABSTAINED,False,False,False,0
v4_final_flat_box_random_04,flat_box_random,6,B5,,"[""0a82897d84b5cc12c1ae"", ""b0cacee63de199b1ed5a"", ""3c5bba10d46e93b72532"", ""8dbcb4e7057efdc20dcb"", ""ed75eb3b0ea5c7608a59"", ""9d3318a9223b93f239b8""]",92300,True,ABSTAINED,False,False,False,0
v4_final_flat_box_random_05,flat_box_random,1,B0,,"[""6a3804b2fe2b8133ba5f""]",15200,True,ABSTAINED,False,False,False,0
v4_final_flat_box_random_05,flat_box_random,1,B1,,"[""6a3804b2fe2b8133ba5f""]",15200,True,ABSTAINED,False,False,False,0
v4_final_flat_box_random_05,flat_box_random,1,B2,,"[""6a3804b2fe2b8133ba5f""]",15200,True,ABSTAINED,False,False,False,0
v4_final_flat_box_random_05,flat_box_random,1,B3,,"[""6a3804b2fe2b8133ba5f""]",15200,True,ABSTAINED,False,False,False,0
v4_final_flat_box_random_05,flat_box_random,1,B4,,"[""6a3804b2fe2b8133ba5f""]",15200,True,ABSTAINED,False,False,False,0
v4_final_flat_box_random_05,flat_box_random,1,B4_normal,,"[""6a3804b2fe2b8133ba5f""]",15200,True,ABSTAINED,False,False,False,0
v4_final_flat_box_random_05,flat_box_random,1,B5,,"[""6a3804b2fe2b8133ba5f""]",15200,True,ABSTAINED,False,False,False,0
v4_final_flat_box_random_05,flat_box_random,3,B0,99836f8d42ab346548b4,"[""6a3804b2fe2b8133ba5f"", ""99836f8d42ab346548b4"", ""183258a93ad034b04380""]",45800,False,VALID,False,False,False,0
v4_final_flat_box_random_05,flat_box_random,3,B1,,"[""6a3804b2fe2b8133ba5f"", ""99836f8d42ab346548b4"", ""183258a93ad034b04380""]",45800,True,ABSTAINED,False,False,False,0
v4_final_flat_box_random_05,flat_box_random,3,B2,,"[""6a3804b2fe2b8133ba5f"", ""99836f8d42ab346548b4"", ""183258a93ad034b04380""]",45800,True,ABSTAINED,False,False,False,0
v4_final_flat_box_random_05,flat_box_random,3,B3,,"[""6a3804b2fe2b8133ba5f"", ""99836f8d42ab346548b4"", ""183258a93ad034b04380""]",45800,True,ABSTAINED,False,False,False,0
v4_final_flat_box_random_05,flat_box_random,3,B4,,"[""6a3804b2fe2b8133ba5f"", ""99836f8d42ab346548b4"", ""183258a93ad034b04380""]",45800,True,ABSTAINED,False,False,False,0
v4_final_flat_box_random_05,flat_box_random,3,B4_normal,,"[""6a3804b2fe2b8133ba5f"", ""99836f8d42ab346548b4"", ""183258a93ad034b04380""]",45800,True,ABSTAINED,False,False,False,0
v4_final_flat_box_random_05,flat_box_random,3,B5,,"[""6a3804b2fe2b8133ba5f"", ""99836f8d42ab346548b4"", ""183258a93ad034b04380""]",45800,True,ABSTAINED,False,False,False,0
v4_final_flat_box_random_05,flat_box_random,6,B0,99836f8d42ab346548b4,"[""6a3804b2fe2b8133ba5f"", ""99836f8d42ab346548b4"", ""183258a93ad034b04380"", ""77f668fd324106e68a36"", ""4c8a722960094ef7d475"", ""f0ce52591ea1cb416bbd""]",92300,False,VALID,False,False,False,0
v4_final_flat_box_random_05,flat_box_random,6,B1,,"[""6a3804b2fe2b8133ba5f"", ""99836f8d42ab346548b4"", ""183258a93ad034b04380"", ""77f668fd324106e68a36"", ""4c8a722960094ef7d475"", ""f0ce52591ea1cb416bbd""]",92300,True,ABSTAINED,False,False,False,0
v4_final_flat_box_random_05,flat_box_random,6,B2,,"[""6a3804b2fe2b8133ba5f"", ""99836f8d42ab346548b4"", ""183258a93ad034b04380"", ""77f668fd324106e68a36"", ""4c8a722960094ef7d475"", ""f0ce52591ea1cb416bbd""]",92300,True,ABSTAINED,False,False,False,0
v4_final_flat_box_random_05,flat_box_random,6,B3,,"[""6a3804b2fe2b8133ba5f"", ""99836f8d42ab346548b4"", ""183258a93ad034b04380"", ""77f668fd324106e68a36"", ""4c8a722960094ef7d475"", ""f0ce52591ea1cb416bbd""]",92300,True,ABSTAINED,False,False,False,0
v4_final_flat_box_random_05,flat_box_random,6,B4,,"[""6a3804b2fe2b8133ba5f"", ""99836f8d42ab346548b4"", ""183258a93ad034b04380"", ""77f668fd324106e68a36"", ""4c8a722960094ef7d475"", ""f0ce52591ea1cb416bbd""]",92300,True,ABSTAINED,False,False,False,0
v4_final_flat_box_random_05,flat_box_random,6,B4_normal,,"[""6a3804b2fe2b8133ba5f"", ""99836f8d42ab346548b4"", ""183258a93ad034b04380"", ""77f668fd324106e68a36"", ""4c8a722960094ef7d475"", ""f0ce52591ea1cb416bbd""]",92300,True,ABSTAINED,False,False,False,0
v4_final_flat_box_random_05,flat_box_random,6,B5,,"[""6a3804b2fe2b8133ba5f"", ""99836f8d42ab346548b4"", ""183258a93ad034b04380"", ""77f668fd324106e68a36"", ""4c8a722960094ef7d475"", ""f0ce52591ea1cb416bbd""]",92300,True,ABSTAINED,False,False,False,0
v4_final_flat_box_random_06,flat_box_random,1,B0,,"[""e37c3332dc6bebb0e7c8""]",15200,True,ABSTAINED,False,False,False,0
v4_final_flat_box_random_06,flat_box_random,1,B1,,"[""e37c3332dc6bebb0e7c8""]",15200,True,ABSTAINED,False,False,False,0
v4_final_flat_box_random_06,flat_box_random,1,B2,,"[""e37c3332dc6bebb0e7c8""]",15200,True,ABSTAINED,False,False,False,0
v4_final_flat_box_random_06,flat_box_random,1,B3,,"[""e37c3332dc6bebb0e7c8""]",15200,True,ABSTAINED,False,False,False,0
v4_final_flat_box_random_06,flat_box_random,1,B4,,"[""e37c3332dc6bebb0e7c8""]",15200,True,ABSTAINED,False,False,False,0
v4_final_flat_box_random_06,flat_box_random,1,B4_normal,,"[""e37c3332dc6bebb0e7c8""]",15200,True,ABSTAINED,False,False,False,0
v4_final_flat_box_random_06,flat_box_random,1,B5,,"[""e37c3332dc6bebb0e7c8""]",15200,True,ABSTAINED,False,False,False,0
v4_final_flat_box_random_06,flat_box_random,3,B0,,"[""e37c3332dc6bebb0e7c8"", ""a44943a615e22f4dbd23"", ""731f5d0cccd0dfd03825""]",45800,True,ABSTAINED,False,False,False,0
v4_final_flat_box_random_06,flat_box_random,3,B1,,"[""e37c3332dc6bebb0e7c8"", ""a44943a615e22f4dbd23"", ""731f5d0cccd0dfd03825""]",45800,True,ABSTAINED,False,False,False,0
v4_final_flat_box_random_06,flat_box_random,3,B2,,"[""e37c3332dc6bebb0e7c8"", ""a44943a615e22f4dbd23"", ""731f5d0cccd0dfd03825""]",45800,True,ABSTAINED,False,False,False,0
v4_final_flat_box_random_06,flat_box_random,3,B3,,"[""e37c3332dc6bebb0e7c8"", ""a44943a615e22f4dbd23"", ""731f5d0cccd0dfd03825""]",45800,True,ABSTAINED,False,False,False,0
v4_final_flat_box_random_06,flat_box_random,3,B4,,"[""e37c3332dc6bebb0e7c8"", ""a44943a615e22f4dbd23"", ""731f5d0cccd0dfd03825""]",45800,True,ABSTAINED,False,False,False,0
v4_final_flat_box_random_06,flat_box_random,3,B4_normal,,"[""e37c3332dc6bebb0e7c8"", ""a44943a615e22f4dbd23"", ""731f5d0cccd0dfd03825""]",45800,True,ABSTAINED,False,False,False,0
v4_final_flat_box_random_06,flat_box_random,3,B5,,"[""e37c3332dc6bebb0e7c8"", ""a44943a615e22f4dbd23"", ""731f5d0cccd0dfd03825""]",45800,True,ABSTAINED,False,False,False,0
v4_final_flat_box_random_06,flat_box_random,6,B0,,"[""e37c3332dc6bebb0e7c8"", ""a44943a615e22f4dbd23"", ""731f5d0cccd0dfd03825"", ""b960c0cd96159da561d5"", ""c6dd3c6be69d9c8c1bc7"", ""2dc406ed2b7382645f13""]",92300,True,ABSTAINED,False,False,False,0
v4_final_flat_box_random_06,flat_box_random,6,B1,,"[""e37c3332dc6bebb0e7c8"", ""a44943a615e22f4dbd23"", ""731f5d0cccd0dfd03825"", ""b960c0cd96159da561d5"", ""c6dd3c6be69d9c8c1bc7"", ""2dc406ed2b7382645f13""]",92300,True,ABSTAINED,False,False,False,0
v4_final_flat_box_random_06,flat_box_random,6,B2,,"[""e37c3332dc6bebb0e7c8"", ""a44943a615e22f4dbd23"", ""731f5d0cccd0dfd03825"", ""b960c0cd96159da561d5"", ""c6dd3c6be69d9c8c1bc7"", ""2dc406ed2b7382645f13""]",92300,True,ABSTAINED,False,False,False,0
v4_final_flat_box_random_06,flat_box_random,6,B3,,"[""e37c3332dc6bebb0e7c8"", ""a44943a615e22f4dbd23"", ""731f5d0cccd0dfd03825"", ""b960c0cd96159da561d5"", ""c6dd3c6be69d9c8c1bc7"", ""2dc406ed2b7382645f13""]",92300,True,ABSTAINED,False,False,False,0
v4_final_flat_box_random_06,flat_box_random,6,B4,,"[""e37c3332dc6bebb0e7c8"", ""a44943a615e22f4dbd23"", ""731f5d0cccd0dfd03825"", ""b960c0cd96159da561d5"", ""c6dd3c6be69d9c8c1bc7"", ""2dc406ed2b7382645f13""]",92300,True,ABSTAINED,False,False,False,0
v4_final_flat_box_random_06,flat_box_random,6,B4_normal,,"[""e37c3332dc6bebb0e7c8"", ""a44943a615e22f4dbd23"", ""731f5d0cccd0dfd03825"", ""b960c0cd96159da561d5"", ""c6dd3c6be69d9c8c1bc7"", ""2dc406ed2b7382645f13""]",92300,True,ABSTAINED,False,False,False,0
v4_final_flat_box_random_06,flat_box_random,6,B5,,"[""e37c3332dc6bebb0e7c8"", ""a44943a615e22f4dbd23"", ""731f5d0cccd0dfd03825"", ""b960c0cd96159da561d5"", ""c6dd3c6be69d9c8c1bc7"", ""2dc406ed2b7382645f13""]",92300,True,ABSTAINED,False,False,False,0
v4_final_flat_box_random_07,flat_box_random,1,B0,,"[""68e868c89eaec7312da9""]",15200,True,ABSTAINED,False,False,False,0
v4_final_flat_box_random_07,flat_box_random,1,B1,,"[""68e868c89eaec7312da9""]",15200,True,ABSTAINED,False,False,False,0
v4_final_flat_box_random_07,flat_box_random,1,B2,,"[""68e868c89eaec7312da9""]",15200,True,ABSTAINED,False,False,False,0
v4_final_flat_box_random_07,flat_box_random,1,B3,,"[""68e868c89eaec7312da9""]",15200,True,ABSTAINED,False,False,False,0
v4_final_flat_box_random_07,flat_box_random,1,B4,,"[""68e868c89eaec7312da9""]",15200,True,ABSTAINED,False,False,False,0
v4_final_flat_box_random_07,flat_box_random,1,B4_normal,,"[""68e868c89eaec7312da9""]",15200,True,ABSTAINED,False,False,False,0
v4_final_flat_box_random_07,flat_box_random,1,B5,,"[""68e868c89eaec7312da9""]",15200,True,ABSTAINED,False,False,False,0
v4_final_flat_box_random_07,flat_box_random,3,B0,,"[""68e868c89eaec7312da9"", ""e0490ec24b5eab44a5e6"", ""af4c105452dbef7bb96b""]",45800,True,ABSTAINED,False,False,False,0
v4_final_flat_box_random_07,flat_box_random,3,B1,,"[""68e868c89eaec7312da9"", ""e0490ec24b5eab44a5e6"", ""af4c105452dbef7bb96b""]",45800,True,ABSTAINED,False,False,False,0
v4_final_flat_box_random_07,flat_box_random,3,B2,,"[""68e868c89eaec7312da9"", ""e0490ec24b5eab44a5e6"", ""af4c105452dbef7bb96b""]",45800,True,ABSTAINED,False,False,False,0
v4_final_flat_box_random_07,flat_box_random,3,B3,,"[""68e868c89eaec7312da9"", ""e0490ec24b5eab44a5e6"", ""af4c105452dbef7bb96b""]",45800,True,ABSTAINED,False,False,False,0
v4_final_flat_box_random_07,flat_box_random,3,B4,,"[""68e868c89eaec7312da9"", ""e0490ec24b5eab44a5e6"", ""af4c105452dbef7bb96b""]",45800,True,ABSTAINED,False,False,False,0
v4_final_flat_box_random_07,flat_box_random,3,B4_normal,,"[""68e868c89eaec7312da9"", ""e0490ec24b5eab44a5e6"", ""af4c105452dbef7bb96b""]",45800,True,ABSTAINED,False,False,False,0
v4_final_flat_box_random_07,flat_box_random,3,B5,,"[""68e868c89eaec7312da9"", ""e0490ec24b5eab44a5e6"", ""af4c105452dbef7bb96b""]",45800,True,ABSTAINED,False,False,False,0
v4_final_flat_box_random_07,flat_box_random,6,B0,,"[""68e868c89eaec7312da9"", ""e0490ec24b5eab44a5e6"", ""af4c105452dbef7bb96b"", ""662c01ff44881990f5c6"", ""efca1e374eb1de64380b"", ""e2f72fb29bc9af6a643b""]",92300,True,ABSTAINED,False,False,False,0
v4_final_flat_box_random_07,flat_box_random,6,B1,,"[""68e868c89eaec7312da9"", ""e0490ec24b5eab44a5e6"", ""af4c105452dbef7bb96b"", ""662c01ff44881990f5c6"", ""efca1e374eb1de64380b"", ""e2f72fb29bc9af6a643b""]",92300,True,ABSTAINED,False,False,False,0
v4_final_flat_box_random_07,flat_box_random,6,B2,,"[""68e868c89eaec7312da9"", ""e0490ec24b5eab44a5e6"", ""af4c105452dbef7bb96b"", ""662c01ff44881990f5c6"", ""efca1e374eb1de64380b"", ""e2f72fb29bc9af6a643b""]",92300,True,ABSTAINED,False,False,False,0
v4_final_flat_box_random_07,flat_box_random,6,B3,,"[""68e868c89eaec7312da9"", ""e0490ec24b5eab44a5e6"", ""af4c105452dbef7bb96b"", ""662c01ff44881990f5c6"", ""efca1e374eb1de64380b"", ""e2f72fb29bc9af6a643b""]",92300,True,ABSTAINED,False,False,False,0
v4_final_flat_box_random_07,flat_box_random,6,B4,,"[""68e868c89eaec7312da9"", ""e0490ec24b5eab44a5e6"", ""af4c105452dbef7bb96b"", ""662c01ff44881990f5c6"", ""efca1e374eb1de64380b"", ""e2f72fb29bc9af6a643b""]",92300,True,ABSTAINED,False,False,False,0
v4_final_flat_box_random_07,flat_box_random,6,B4_normal,,"[""68e868c89eaec7312da9"", ""e0490ec24b5eab44a5e6"", ""af4c105452dbef7bb96b"", ""662c01ff44881990f5c6"", ""efca1e374eb1de64380b"", ""e2f72fb29bc9af6a643b""]",92300,True,ABSTAINED,False,False,False,0
v4_final_flat_box_random_07,flat_box_random,6,B5,,"[""68e868c89eaec7312da9"", ""e0490ec24b5eab44a5e6"", ""af4c105452dbef7bb96b"", ""662c01ff44881990f5c6"", ""efca1e374eb1de64380b"", ""e2f72fb29bc9af6a643b""]",92300,True,ABSTAINED,False,False,False,0
v4_final_flat_box_random_08,flat_box_random,1,B0,,"[""8b5ad476ddc41a5483ed""]",15200,True,ABSTAINED,False,False,False,0
v4_final_flat_box_random_08,flat_box_random,1,B1,,"[""8b5ad476ddc41a5483ed""]",15200,True,ABSTAINED,False,False,False,0
v4_final_flat_box_random_08,flat_box_random,1,B2,,"[""8b5ad476ddc41a5483ed""]",15200,True,ABSTAINED,False,False,False,0
v4_final_flat_box_random_08,flat_box_random,1,B3,,"[""8b5ad476ddc41a5483ed""]",15200,True,ABSTAINED,False,False,False,0
v4_final_flat_box_random_08,flat_box_random,1,B4,,"[""8b5ad476ddc41a5483ed""]",15200,True,ABSTAINED,False,False,False,0
v4_final_flat_box_random_08,flat_box_random,1,B4_normal,,"[""8b5ad476ddc41a5483ed""]",15200,True,ABSTAINED,False,False,False,0
v4_final_flat_box_random_08,flat_box_random,1,B5,,"[""8b5ad476ddc41a5483ed""]",15200,True,ABSTAINED,False,False,False,0
v4_final_flat_box_random_08,flat_box_random,3,B0,917fe503033cd3a7fccc,"[""8b5ad476ddc41a5483ed"", ""917fe503033cd3a7fccc"", ""44b6f8e086d11210fa1b""]",45800,False,VALID,False,False,False,0
v4_final_flat_box_random_08,flat_box_random,3,B1,917fe503033cd3a7fccc,"[""8b5ad476ddc41a5483ed"", ""917fe503033cd3a7fccc"", ""44b6f8e086d11210fa1b""]",45800,False,VALID,False,False,False,0
v4_final_flat_box_random_08,flat_box_random,3,B2,,"[""8b5ad476ddc41a5483ed"", ""917fe503033cd3a7fccc"", ""44b6f8e086d11210fa1b""]",45800,True,ABSTAINED,False,False,False,0
v4_final_flat_box_random_08,flat_box_random,3,B3,,"[""8b5ad476ddc41a5483ed"", ""917fe503033cd3a7fccc"", ""44b6f8e086d11210fa1b""]",45800,True,ABSTAINED,False,False,False,0
v4_final_flat_box_random_08,flat_box_random,3,B4,,"[""8b5ad476ddc41a5483ed"", ""917fe503033cd3a7fccc"", ""44b6f8e086d11210fa1b""]",45800,True,ABSTAINED,False,False,False,0
v4_final_flat_box_random_08,flat_box_random,3,B4_normal,,"[""8b5ad476ddc41a5483ed"", ""917fe503033cd3a7fccc"", ""44b6f8e086d11210fa1b""]",45800,True,ABSTAINED,False,False,False,0
v4_final_flat_box_random_08,flat_box_random,3,B5,,"[""8b5ad476ddc41a5483ed"", ""917fe503033cd3a7fccc"", ""44b6f8e086d11210fa1b""]",45800,True,ABSTAINED,False,False,False,0
v4_final_flat_box_random_08,flat_box_random,6,B0,917fe503033cd3a7fccc,"[""8b5ad476ddc41a5483ed"", ""917fe503033cd3a7fccc"", ""44b6f8e086d11210fa1b"", ""762c8c853b3df4a99106"", ""dac81c125bf51eb5a88e"", ""08ed3647cad7d09f2ba9""]",92300,False,VALID,False,False,False,0
v4_final_flat_box_random_08,flat_box_random,6,B1,917fe503033cd3a7fccc,"[""8b5ad476ddc41a5483ed"", ""917fe503033cd3a7fccc"", ""44b6f8e086d11210fa1b"", ""762c8c853b3df4a99106"", ""dac81c125bf51eb5a88e"", ""08ed3647cad7d09f2ba9""]",92300,False,VALID,False,False,False,0
v4_final_flat_box_random_08,flat_box_random,6,B2,,"[""8b5ad476ddc41a5483ed"", ""917fe503033cd3a7fccc"", ""44b6f8e086d11210fa1b"", ""762c8c853b3df4a99106"", ""dac81c125bf51eb5a88e"", ""08ed3647cad7d09f2ba9""]",92300,True,ABSTAINED,False,False,False,0
v4_final_flat_box_random_08,flat_box_random,6,B3,,"[""8b5ad476ddc41a5483ed"", ""917fe503033cd3a7fccc"", ""44b6f8e086d11210fa1b"", ""762c8c853b3df4a99106"", ""dac81c125bf51eb5a88e"", ""08ed3647cad7d09f2ba9""]",92300,True,ABSTAINED,False,False,False,0
v4_final_flat_box_random_08,flat_box_random,6,B4,,"[""8b5ad476ddc41a5483ed"", ""917fe503033cd3a7fccc"", ""44b6f8e086d11210fa1b"", ""762c8c853b3df4a99106"", ""dac81c125bf51eb5a88e"", ""08ed3647cad7d09f2ba9""]",92300,True,ABSTAINED,False,False,False,0
v4_final_flat_box_random_08,flat_box_random,6,B4_normal,,"[""8b5ad476ddc41a5483ed"", ""917fe503033cd3a7fccc"", ""44b6f8e086d11210fa1b"", ""762c8c853b3df4a99106"", ""dac81c125bf51eb5a88e"", ""08ed3647cad7d09f2ba9""]",92300,True,ABSTAINED,False,False,False,0
v4_final_flat_box_random_08,flat_box_random,6,B5,,"[""8b5ad476ddc41a5483ed"", ""917fe503033cd3a7fccc"", ""44b6f8e086d11210fa1b"", ""762c8c853b3df4a99106"", ""dac81c125bf51eb5a88e"", ""08ed3647cad7d09f2ba9""]",92300,True,ABSTAINED,False,False,False,0
v4_final_flat_box_random_09,flat_box_random,1,B0,225c40e4d3dbb95653d7,"[""225c40e4d3dbb95653d7""]",15200,False,VALID,False,False,False,0
v4_final_flat_box_random_09,flat_box_random,1,B1,225c40e4d3dbb95653d7,"[""225c40e4d3dbb95653d7""]",15200,False,VALID,False,False,False,0
v4_final_flat_box_random_09,flat_box_random,1,B2,,"[""225c40e4d3dbb95653d7""]",15200,True,ABSTAINED,False,False,False,0
v4_final_flat_box_random_09,flat_box_random,1,B3,,"[""225c40e4d3dbb95653d7""]",15200,True,ABSTAINED,False,False,False,0
v4_final_flat_box_random_09,flat_box_random,1,B4,,"[""225c40e4d3dbb95653d7""]",15200,True,ABSTAINED,False,False,False,0
v4_final_flat_box_random_09,flat_box_random,1,B4_normal,,"[""225c40e4d3dbb95653d7""]",15200,True,ABSTAINED,False,False,False,0
v4_final_flat_box_random_09,flat_box_random,1,B5,,"[""225c40e4d3dbb95653d7""]",15200,True,ABSTAINED,False,False,False,0
v4_final_flat_box_random_09,flat_box_random,3,B0,225c40e4d3dbb95653d7,"[""225c40e4d3dbb95653d7"", ""7294663c99c7790f9181"", ""41ed446c79bec0b0fac5""]",45800,False,VALID,False,False,False,0
v4_final_flat_box_random_09,flat_box_random,3,B1,225c40e4d3dbb95653d7,"[""225c40e4d3dbb95653d7"", ""7294663c99c7790f9181"", ""41ed446c79bec0b0fac5""]",45800,False,VALID,False,False,False,0
v4_final_flat_box_random_09,flat_box_random,3,B2,,"[""225c40e4d3dbb95653d7"", ""7294663c99c7790f9181"", ""41ed446c79bec0b0fac5""]",45800,True,ABSTAINED,False,False,False,0
v4_final_flat_box_random_09,flat_box_random,3,B3,,"[""225c40e4d3dbb95653d7"", ""7294663c99c7790f9181"", ""41ed446c79bec0b0fac5""]",45800,True,ABSTAINED,False,False,False,0
v4_final_flat_box_random_09,flat_box_random,3,B4,,"[""225c40e4d3dbb95653d7"", ""7294663c99c7790f9181"", ""41ed446c79bec0b0fac5""]",45800,True,ABSTAINED,False,False,False,0
v4_final_flat_box_random_09,flat_box_random,3,B4_normal,,"[""225c40e4d3dbb95653d7"", ""7294663c99c7790f9181"", ""41ed446c79bec0b0fac5""]",45800,True,ABSTAINED,False,False,False,0
v4_final_flat_box_random_09,flat_box_random,3,B5,,"[""225c40e4d3dbb95653d7"", ""7294663c99c7790f9181"", ""41ed446c79bec0b0fac5""]",45800,True,ABSTAINED,False,False,False,0
v4_final_flat_box_random_09,flat_box_random,6,B0,225c40e4d3dbb95653d7,"[""225c40e4d3dbb95653d7"", ""7294663c99c7790f9181"", ""41ed446c79bec0b0fac5"", ""e767f54f88d2084a213c"", ""03930faad459a8863f1f"", ""3bc1b7bc89b82a7c0c8f""]",92300,False,VALID,False,False,False,0
v4_final_flat_box_random_09,flat_box_random,6,B1,225c40e4d3dbb95653d7,"[""225c40e4d3dbb95653d7"", ""7294663c99c7790f9181"", ""41ed446c79bec0b0fac5"", ""e767f54f88d2084a213c"", ""03930faad459a8863f1f"", ""3bc1b7bc89b82a7c0c8f""]",92300,False,VALID,False,False,False,0
v4_final_flat_box_random_09,flat_box_random,6,B2,,"[""225c40e4d3dbb95653d7"", ""7294663c99c7790f9181"", ""41ed446c79bec0b0fac5"", ""e767f54f88d2084a213c"", ""03930faad459a8863f1f"", ""3bc1b7bc89b82a7c0c8f""]",92300,True,ABSTAINED,False,False,False,0
v4_final_flat_box_random_09,flat_box_random,6,B3,,"[""225c40e4d3dbb95653d7"", ""7294663c99c7790f9181"", ""41ed446c79bec0b0fac5"", ""e767f54f88d2084a213c"", ""03930faad459a8863f1f"", ""3bc1b7bc89b82a7c0c8f""]",92300,True,ABSTAINED,False,False,False,0
v4_final_flat_box_random_09,flat_box_random,6,B4,,"[""225c40e4d3dbb95653d7"", ""7294663c99c7790f9181"", ""41ed446c79bec0b0fac5"", ""e767f54f88d2084a213c"", ""03930faad459a8863f1f"", ""3bc1b7bc89b82a7c0c8f""]",92300,True,ABSTAINED,False,False,False,0
v4_final_flat_box_random_09,flat_box_random,6,B4_normal,,"[""225c40e4d3dbb95653d7"", ""7294663c99c7790f9181"", ""41ed446c79bec0b0fac5"", ""e767f54f88d2084a213c"", ""03930faad459a8863f1f"", ""3bc1b7bc89b82a7c0c8f""]",92300,True,ABSTAINED,False,False,False,0
v4_final_flat_box_random_09,flat_box_random,6,B5,,"[""225c40e4d3dbb95653d7"", ""7294663c99c7790f9181"", ""41ed446c79bec0b0fac5"", ""e767f54f88d2084a213c"", ""03930faad459a8863f1f"", ""3bc1b7bc89b82a7c0c8f""]",92300,True,ABSTAINED,False,False,False,0
v4_final_flat_box_random_10,flat_box_random,1,B0,,"[""1dd7c2c14789999b933c""]",15200,True,ABSTAINED,False,False,False,0
v4_final_flat_box_random_10,flat_box_random,1,B1,,"[""1dd7c2c14789999b933c""]",15200,True,ABSTAINED,False,False,False,0
v4_final_flat_box_random_10,flat_box_random,1,B2,,"[""1dd7c2c14789999b933c""]",15200,True,ABSTAINED,False,False,False,0
v4_final_flat_box_random_10,flat_box_random,1,B3,,"[""1dd7c2c14789999b933c""]",15200,True,ABSTAINED,False,False,False,0
v4_final_flat_box_random_10,flat_box_random,1,B4,,"[""1dd7c2c14789999b933c""]",15200,True,ABSTAINED,False,False,False,0
v4_final_flat_box_random_10,flat_box_random,1,B4_normal,,"[""1dd7c2c14789999b933c""]",15200,True,ABSTAINED,False,False,False,0
v4_final_flat_box_random_10,flat_box_random,1,B5,,"[""1dd7c2c14789999b933c""]",15200,True,ABSTAINED,False,False,False,0
v4_final_flat_box_random_10,flat_box_random,3,B0,,"[""1dd7c2c14789999b933c"", ""e1e5ec29aa1cfae21b2c"", ""fe06e3b9407b7d9709fd""]",45800,True,ABSTAINED,False,False,False,0
v4_final_flat_box_random_10,flat_box_random,3,B1,,"[""1dd7c2c14789999b933c"", ""e1e5ec29aa1cfae21b2c"", ""fe06e3b9407b7d9709fd""]",45800,True,ABSTAINED,False,False,False,0
v4_final_flat_box_random_10,flat_box_random,3,B2,,"[""1dd7c2c14789999b933c"", ""e1e5ec29aa1cfae21b2c"", ""fe06e3b9407b7d9709fd""]",45800,True,ABSTAINED,False,False,False,0
v4_final_flat_box_random_10,flat_box_random,3,B3,,"[""1dd7c2c14789999b933c"", ""e1e5ec29aa1cfae21b2c"", ""fe06e3b9407b7d9709fd""]",45800,True,ABSTAINED,False,False,False,0
v4_final_flat_box_random_10,flat_box_random,3,B4,,"[""1dd7c2c14789999b933c"", ""e1e5ec29aa1cfae21b2c"", ""fe06e3b9407b7d9709fd""]",45800,True,ABSTAINED,False,False,False,0
v4_final_flat_box_random_10,flat_box_random,3,B4_normal,,"[""1dd7c2c14789999b933c"", ""e1e5ec29aa1cfae21b2c"", ""fe06e3b9407b7d9709fd""]",45800,True,ABSTAINED,False,False,False,0
v4_final_flat_box_random_10,flat_box_random,3,B5,,"[""1dd7c2c14789999b933c"", ""e1e5ec29aa1cfae21b2c"", ""fe06e3b9407b7d9709fd""]",45800,True,ABSTAINED,False,False,False,0
v4_final_flat_box_random_10,flat_box_random,6,B0,,"[""1dd7c2c14789999b933c"", ""e1e5ec29aa1cfae21b2c"", ""fe06e3b9407b7d9709fd"", ""a8b88961d1bbe415bd21"", ""92026efc3c8e3bbb4909"", ""92ad23a921c26751aae6""]",92300,True,ABSTAINED,False,False,False,0
v4_final_flat_box_random_10,flat_box_random,6,B1,,"[""1dd7c2c14789999b933c"", ""e1e5ec29aa1cfae21b2c"", ""fe06e3b9407b7d9709fd"", ""a8b88961d1bbe415bd21"", ""92026efc3c8e3bbb4909"", ""92ad23a921c26751aae6""]",92300,True,ABSTAINED,False,False,False,0
v4_final_flat_box_random_10,flat_box_random,6,B2,,"[""1dd7c2c14789999b933c"", ""e1e5ec29aa1cfae21b2c"", ""fe06e3b9407b7d9709fd"", ""a8b88961d1bbe415bd21"", ""92026efc3c8e3bbb4909"", ""92ad23a921c26751aae6""]",92300,True,ABSTAINED,False,False,False,0
v4_final_flat_box_random_10,flat_box_random,6,B3,,"[""1dd7c2c14789999b933c"", ""e1e5ec29aa1cfae21b2c"", ""fe06e3b9407b7d9709fd"", ""a8b88961d1bbe415bd21"", ""92026efc3c8e3bbb4909"", ""92ad23a921c26751aae6""]",92300,True,ABSTAINED,False,False,False,0
v4_final_flat_box_random_10,flat_box_random,6,B4,,"[""1dd7c2c14789999b933c"", ""e1e5ec29aa1cfae21b2c"", ""fe06e3b9407b7d9709fd"", ""a8b88961d1bbe415bd21"", ""92026efc3c8e3bbb4909"", ""92ad23a921c26751aae6""]",92300,True,ABSTAINED,False,False,False,0
v4_final_flat_box_random_10,flat_box_random,6,B4_normal,,"[""1dd7c2c14789999b933c"", ""e1e5ec29aa1cfae21b2c"", ""fe06e3b9407b7d9709fd"", ""a8b88961d1bbe415bd21"", ""92026efc3c8e3bbb4909"", ""92ad23a921c26751aae6""]",92300,True,ABSTAINED,False,False,False,0
v4_final_flat_box_random_10,flat_box_random,6,B5,,"[""1dd7c2c14789999b933c"", ""e1e5ec29aa1cfae21b2c"", ""fe06e3b9407b7d9709fd"", ""a8b88961d1bbe415bd21"", ""92026efc3c8e3bbb4909"", ""92ad23a921c26751aae6""]",92300,True,ABSTAINED,False,False,False,0
v4_final_flat_box_random_11,flat_box_random,1,B0,,"[""95598fa2858ae9bd0e7b""]",15200,True,ABSTAINED,False,False,False,0
v4_final_flat_box_random_11,flat_box_random,1,B1,,"[""95598fa2858ae9bd0e7b""]",15200,True,ABSTAINED,False,False,False,0
v4_final_flat_box_random_11,flat_box_random,1,B2,,"[""95598fa2858ae9bd0e7b""]",15200,True,ABSTAINED,False,False,False,0
v4_final_flat_box_random_11,flat_box_random,1,B3,,"[""95598fa2858ae9bd0e7b""]",15200,True,ABSTAINED,False,False,False,0
v4_final_flat_box_random_11,flat_box_random,1,B4,,"[""95598fa2858ae9bd0e7b""]",15200,True,ABSTAINED,False,False,False,0
v4_final_flat_box_random_11,flat_box_random,1,B4_normal,,"[""95598fa2858ae9bd0e7b""]",15200,True,ABSTAINED,False,False,False,0
v4_final_flat_box_random_11,flat_box_random,1,B5,,"[""95598fa2858ae9bd0e7b""]",15200,True,ABSTAINED,False,False,False,0
v4_final_flat_box_random_11,flat_box_random,3,B0,,"[""95598fa2858ae9bd0e7b"", ""781814794c69f77d7d23"", ""d3eef51a75b5ae03efca""]",45800,True,ABSTAINED,False,False,False,0
v4_final_flat_box_random_11,flat_box_random,3,B1,,"[""95598fa2858ae9bd0e7b"", ""781814794c69f77d7d23"", ""d3eef51a75b5ae03efca""]",45800,True,ABSTAINED,False,False,False,0
v4_final_flat_box_random_11,flat_box_random,3,B2,,"[""95598fa2858ae9bd0e7b"", ""781814794c69f77d7d23"", ""d3eef51a75b5ae03efca""]",45800,True,ABSTAINED,False,False,False,0
v4_final_flat_box_random_11,flat_box_random,3,B3,,"[""95598fa2858ae9bd0e7b"", ""781814794c69f77d7d23"", ""d3eef51a75b5ae03efca""]",45800,True,ABSTAINED,False,False,False,0
v4_final_flat_box_random_11,flat_box_random,3,B4,,"[""95598fa2858ae9bd0e7b"", ""781814794c69f77d7d23"", ""d3eef51a75b5ae03efca""]",45800,True,ABSTAINED,False,False,False,0
v4_final_flat_box_random_11,flat_box_random,3,B4_normal,,"[""95598fa2858ae9bd0e7b"", ""781814794c69f77d7d23"", ""d3eef51a75b5ae03efca""]",45800,True,ABSTAINED,False,False,False,0
v4_final_flat_box_random_11,flat_box_random,3,B5,,"[""95598fa2858ae9bd0e7b"", ""781814794c69f77d7d23"", ""d3eef51a75b5ae03efca""]",45800,True,ABSTAINED,False,False,False,0
v4_final_flat_box_random_11,flat_box_random,6,B0,,"[""95598fa2858ae9bd0e7b"", ""781814794c69f77d7d23"", ""d3eef51a75b5ae03efca"", ""2a5e57fbd1afc42d9e0c"", ""b81f94d656f29a1cf4dd"", ""b19b9174ad6c303cd24a""]",92300,True,ABSTAINED,False,False,False,0
v4_final_flat_box_random_11,flat_box_random,6,B1,,"[""95598fa2858ae9bd0e7b"", ""781814794c69f77d7d23"", ""d3eef51a75b5ae03efca"", ""2a5e57fbd1afc42d9e0c"", ""b81f94d656f29a1cf4dd"", ""b19b9174ad6c303cd24a""]",92300,True,ABSTAINED,False,False,False,0
v4_final_flat_box_random_11,flat_box_random,6,B2,,"[""95598fa2858ae9bd0e7b"", ""781814794c69f77d7d23"", ""d3eef51a75b5ae03efca"", ""2a5e57fbd1afc42d9e0c"", ""b81f94d656f29a1cf4dd"", ""b19b9174ad6c303cd24a""]",92300,True,ABSTAINED,False,False,False,0
v4_final_flat_box_random_11,flat_box_random,6,B3,,"[""95598fa2858ae9bd0e7b"", ""781814794c69f77d7d23"", ""d3eef51a75b5ae03efca"", ""2a5e57fbd1afc42d9e0c"", ""b81f94d656f29a1cf4dd"", ""b19b9174ad6c303cd24a""]",92300,True,ABSTAINED,False,False,False,0
v4_final_flat_box_random_11,flat_box_random,6,B4,,"[""95598fa2858ae9bd0e7b"", ""781814794c69f77d7d23"", ""d3eef51a75b5ae03efca"", ""2a5e57fbd1afc42d9e0c"", ""b81f94d656f29a1cf4dd"", ""b19b9174ad6c303cd24a""]",92300,True,ABSTAINED,False,False,False,0
v4_final_flat_box_random_11,flat_box_random,6,B4_normal,,"[""95598fa2858ae9bd0e7b"", ""781814794c69f77d7d23"", ""d3eef51a75b5ae03efca"", ""2a5e57fbd1afc42d9e0c"", ""b81f94d656f29a1cf4dd"", ""b19b9174ad6c303cd24a""]",92300,True,ABSTAINED,False,False,False,0
v4_final_flat_box_random_11,flat_box_random,6,B5,,"[""95598fa2858ae9bd0e7b"", ""781814794c69f77d7d23"", ""d3eef51a75b5ae03efca"", ""2a5e57fbd1afc42d9e0c"", ""b81f94d656f29a1cf4dd"", ""b19b9174ad6c303cd24a""]",92300,True,ABSTAINED,False,False,False,0
v4_final_flat_box_random_12,flat_box_random,1,B0,,"[""008c79af0765ae3e28b1""]",15200,True,ABSTAINED,False,False,False,0
v4_final_flat_box_random_12,flat_box_random,1,B1,,"[""008c79af0765ae3e28b1""]",15200,True,ABSTAINED,False,False,False,0
v4_final_flat_box_random_12,flat_box_random,1,B2,,"[""008c79af0765ae3e28b1""]",15200,True,ABSTAINED,False,False,False,0
v4_final_flat_box_random_12,flat_box_random,1,B3,,"[""008c79af0765ae3e28b1""]",15200,True,ABSTAINED,False,False,False,0
v4_final_flat_box_random_12,flat_box_random,1,B4,,"[""008c79af0765ae3e28b1""]",15200,True,ABSTAINED,False,False,False,0
v4_final_flat_box_random_12,flat_box_random,1,B4_normal,,"[""008c79af0765ae3e28b1""]",15200,True,ABSTAINED,False,False,False,0
v4_final_flat_box_random_12,flat_box_random,1,B5,,"[""008c79af0765ae3e28b1""]",15200,True,ABSTAINED,False,False,False,0
v4_final_flat_box_random_12,flat_box_random,3,B0,53ea0c4a79dd278ff9d9,"[""008c79af0765ae3e28b1"", ""cb947e408be5f1fe6885"", ""53ea0c4a79dd278ff9d9""]",45800,False,VALID,False,False,False,0
v4_final_flat_box_random_12,flat_box_random,3,B1,53ea0c4a79dd278ff9d9,"[""008c79af0765ae3e28b1"", ""cb947e408be5f1fe6885"", ""53ea0c4a79dd278ff9d9""]",45800,False,VALID,False,False,False,0
v4_final_flat_box_random_12,flat_box_random,3,B2,,"[""008c79af0765ae3e28b1"", ""cb947e408be5f1fe6885"", ""53ea0c4a79dd278ff9d9""]",45800,True,ABSTAINED,False,False,False,0
v4_final_flat_box_random_12,flat_box_random,3,B3,,"[""008c79af0765ae3e28b1"", ""cb947e408be5f1fe6885"", ""53ea0c4a79dd278ff9d9""]",45800,True,ABSTAINED,False,False,False,0
v4_final_flat_box_random_12,flat_box_random,3,B4,,"[""008c79af0765ae3e28b1"", ""cb947e408be5f1fe6885"", ""53ea0c4a79dd278ff9d9""]",45800,True,ABSTAINED,False,False,False,0
v4_final_flat_box_random_12,flat_box_random,3,B4_normal,,"[""008c79af0765ae3e28b1"", ""cb947e408be5f1fe6885"", ""53ea0c4a79dd278ff9d9""]",45800,True,ABSTAINED,False,False,False,0
v4_final_flat_box_random_12,flat_box_random,3,B5,,"[""008c79af0765ae3e28b1"", ""cb947e408be5f1fe6885"", ""53ea0c4a79dd278ff9d9""]",45800,True,ABSTAINED,False,False,False,0
v4_final_flat_box_random_12,flat_box_random,6,B0,53ea0c4a79dd278ff9d9,"[""008c79af0765ae3e28b1"", ""cb947e408be5f1fe6885"", ""53ea0c4a79dd278ff9d9"", ""3d392ce30f65e7e9c5fb"", ""baaa826e72a646364afa"", ""17a28bb65e802cfdb556""]",92300,False,VALID,False,False,False,0
v4_final_flat_box_random_12,flat_box_random,6,B1,53ea0c4a79dd278ff9d9,"[""008c79af0765ae3e28b1"", ""cb947e408be5f1fe6885"", ""53ea0c4a79dd278ff9d9"", ""3d392ce30f65e7e9c5fb"", ""baaa826e72a646364afa"", ""17a28bb65e802cfdb556""]",92300,False,VALID,False,False,False,0
v4_final_flat_box_random_12,flat_box_random,6,B2,,"[""008c79af0765ae3e28b1"", ""cb947e408be5f1fe6885"", ""53ea0c4a79dd278ff9d9"", ""3d392ce30f65e7e9c5fb"", ""baaa826e72a646364afa"", ""17a28bb65e802cfdb556""]",92300,True,ABSTAINED,False,False,False,0
v4_final_flat_box_random_12,flat_box_random,6,B3,,"[""008c79af0765ae3e28b1"", ""cb947e408be5f1fe6885"", ""53ea0c4a79dd278ff9d9"", ""3d392ce30f65e7e9c5fb"", ""baaa826e72a646364afa"", ""17a28bb65e802cfdb556""]",92300,True,ABSTAINED,False,False,False,0
v4_final_flat_box_random_12,flat_box_random,6,B4,,"[""008c79af0765ae3e28b1"", ""cb947e408be5f1fe6885"", ""53ea0c4a79dd278ff9d9"", ""3d392ce30f65e7e9c5fb"", ""baaa826e72a646364afa"", ""17a28bb65e802cfdb556""]",92300,True,ABSTAINED,False,False,False,0
v4_final_flat_box_random_12,flat_box_random,6,B4_normal,,"[""008c79af0765ae3e28b1"", ""cb947e408be5f1fe6885"", ""53ea0c4a79dd278ff9d9"", ""3d392ce30f65e7e9c5fb"", ""baaa826e72a646364afa"", ""17a28bb65e802cfdb556""]",92300,True,ABSTAINED,False,False,False,0
v4_final_flat_box_random_12,flat_box_random,6,B5,,"[""008c79af0765ae3e28b1"", ""cb947e408be5f1fe6885"", ""53ea0c4a79dd278ff9d9"", ""3d392ce30f65e7e9c5fb"", ""baaa826e72a646364afa"", ""17a28bb65e802cfdb556""]",92300,True,ABSTAINED,False,False,False,0
v4_final_flat_box_random_13,flat_box_random,1,B0,,"[""e9407a564711992461c5""]",15200,True,ABSTAINED,False,False,False,0
v4_final_flat_box_random_13,flat_box_random,1,B1,,"[""e9407a564711992461c5""]",15200,True,ABSTAINED,False,False,False,0
v4_final_flat_box_random_13,flat_box_random,1,B2,,"[""e9407a564711992461c5""]",15200,True,ABSTAINED,False,False,False,0
v4_final_flat_box_random_13,flat_box_random,1,B3,,"[""e9407a564711992461c5""]",15200,True,ABSTAINED,False,False,False,0
v4_final_flat_box_random_13,flat_box_random,1,B4,,"[""e9407a564711992461c5""]",15200,True,ABSTAINED,False,False,False,0
v4_final_flat_box_random_13,flat_box_random,1,B4_normal,,"[""e9407a564711992461c5""]",15200,True,ABSTAINED,False,False,False,0
v4_final_flat_box_random_13,flat_box_random,1,B5,,"[""e9407a564711992461c5""]",15200,True,ABSTAINED,False,False,False,0
v4_final_flat_box_random_13,flat_box_random,3,B0,,"[""e9407a564711992461c5"", ""622b369b3956a3a9be1e"", ""879afa6fedf0cbcb4f2e""]",45800,True,ABSTAINED,False,False,False,0
v4_final_flat_box_random_13,flat_box_random,3,B1,,"[""e9407a564711992461c5"", ""622b369b3956a3a9be1e"", ""879afa6fedf0cbcb4f2e""]",45800,True,ABSTAINED,False,False,False,0
v4_final_flat_box_random_13,flat_box_random,3,B2,,"[""e9407a564711992461c5"", ""622b369b3956a3a9be1e"", ""879afa6fedf0cbcb4f2e""]",45800,True,ABSTAINED,False,False,False,0
v4_final_flat_box_random_13,flat_box_random,3,B3,,"[""e9407a564711992461c5"", ""622b369b3956a3a9be1e"", ""879afa6fedf0cbcb4f2e""]",45800,True,ABSTAINED,False,False,False,0
v4_final_flat_box_random_13,flat_box_random,3,B4,,"[""e9407a564711992461c5"", ""622b369b3956a3a9be1e"", ""879afa6fedf0cbcb4f2e""]",45800,True,ABSTAINED,False,False,False,0
v4_final_flat_box_random_13,flat_box_random,3,B4_normal,,"[""e9407a564711992461c5"", ""622b369b3956a3a9be1e"", ""879afa6fedf0cbcb4f2e""]",45800,True,ABSTAINED,False,False,False,0
v4_final_flat_box_random_13,flat_box_random,3,B5,,"[""e9407a564711992461c5"", ""622b369b3956a3a9be1e"", ""879afa6fedf0cbcb4f2e""]",45800,True,ABSTAINED,False,False,False,0
v4_final_flat_box_random_13,flat_box_random,6,B0,,"[""e9407a564711992461c5"", ""622b369b3956a3a9be1e"", ""879afa6fedf0cbcb4f2e"", ""9f2a7194729b03e35c4c"", ""c23a5d41810cb96a29fd"", ""282d2c94ac03658b5351""]",92300,True,ABSTAINED,False,False,False,0
v4_final_flat_box_random_13,flat_box_random,6,B1,,"[""e9407a564711992461c5"", ""622b369b3956a3a9be1e"", ""879afa6fedf0cbcb4f2e"", ""9f2a7194729b03e35c4c"", ""c23a5d41810cb96a29fd"", ""282d2c94ac03658b5351""]",92300,True,ABSTAINED,False,False,False,0
v4_final_flat_box_random_13,flat_box_random,6,B2,,"[""e9407a564711992461c5"", ""622b369b3956a3a9be1e"", ""879afa6fedf0cbcb4f2e"", ""9f2a7194729b03e35c4c"", ""c23a5d41810cb96a29fd"", ""282d2c94ac03658b5351""]",92300,True,ABSTAINED,False,False,False,0
v4_final_flat_box_random_13,flat_box_random,6,B3,,"[""e9407a564711992461c5"", ""622b369b3956a3a9be1e"", ""879afa6fedf0cbcb4f2e"", ""9f2a7194729b03e35c4c"", ""c23a5d41810cb96a29fd"", ""282d2c94ac03658b5351""]",92300,True,ABSTAINED,False,False,False,0
v4_final_flat_box_random_13,flat_box_random,6,B4,,"[""e9407a564711992461c5"", ""622b369b3956a3a9be1e"", ""879afa6fedf0cbcb4f2e"", ""9f2a7194729b03e35c4c"", ""c23a5d41810cb96a29fd"", ""282d2c94ac03658b5351""]",92300,True,ABSTAINED,False,False,False,0
v4_final_flat_box_random_13,flat_box_random,6,B4_normal,,"[""e9407a564711992461c5"", ""622b369b3956a3a9be1e"", ""879afa6fedf0cbcb4f2e"", ""9f2a7194729b03e35c4c"", ""c23a5d41810cb96a29fd"", ""282d2c94ac03658b5351""]",92300,True,ABSTAINED,False,False,False,0
v4_final_flat_box_random_13,flat_box_random,6,B5,,"[""e9407a564711992461c5"", ""622b369b3956a3a9be1e"", ""879afa6fedf0cbcb4f2e"", ""9f2a7194729b03e35c4c"", ""c23a5d41810cb96a29fd"", ""282d2c94ac03658b5351""]",92300,True,ABSTAINED,False,False,False,0
v4_final_flat_box_random_14,flat_box_random,1,B0,,"[""a068730e181c2c6cd1ac""]",15200,True,ABSTAINED,False,False,False,0
v4_final_flat_box_random_14,flat_box_random,1,B1,,"[""a068730e181c2c6cd1ac""]",15200,True,ABSTAINED,False,False,False,0
v4_final_flat_box_random_14,flat_box_random,1,B2,,"[""a068730e181c2c6cd1ac""]",15200,True,ABSTAINED,False,False,False,0
v4_final_flat_box_random_14,flat_box_random,1,B3,,"[""a068730e181c2c6cd1ac""]",15200,True,ABSTAINED,False,False,False,0
v4_final_flat_box_random_14,flat_box_random,1,B4,,"[""a068730e181c2c6cd1ac""]",15200,True,ABSTAINED,False,False,False,0
v4_final_flat_box_random_14,flat_box_random,1,B4_normal,,"[""a068730e181c2c6cd1ac""]",15200,True,ABSTAINED,False,False,False,0
v4_final_flat_box_random_14,flat_box_random,1,B5,,"[""a068730e181c2c6cd1ac""]",15200,True,ABSTAINED,False,False,False,0
v4_final_flat_box_random_14,flat_box_random,3,B0,,"[""a068730e181c2c6cd1ac"", ""6dcc95db369824aa43e9"", ""08e57bf18980221ba7e4""]",45800,True,ABSTAINED,False,False,False,0
v4_final_flat_box_random_14,flat_box_random,3,B1,,"[""a068730e181c2c6cd1ac"", ""6dcc95db369824aa43e9"", ""08e57bf18980221ba7e4""]",45800,True,ABSTAINED,False,False,False,0
v4_final_flat_box_random_14,flat_box_random,3,B2,,"[""a068730e181c2c6cd1ac"", ""6dcc95db369824aa43e9"", ""08e57bf18980221ba7e4""]",45800,True,ABSTAINED,False,False,False,0
v4_final_flat_box_random_14,flat_box_random,3,B3,,"[""a068730e181c2c6cd1ac"", ""6dcc95db369824aa43e9"", ""08e57bf18980221ba7e4""]",45800,True,ABSTAINED,False,False,False,0
v4_final_flat_box_random_14,flat_box_random,3,B4,,"[""a068730e181c2c6cd1ac"", ""6dcc95db369824aa43e9"", ""08e57bf18980221ba7e4""]",45800,True,ABSTAINED,False,False,False,0
v4_final_flat_box_random_14,flat_box_random,3,B4_normal,,"[""a068730e181c2c6cd1ac"", ""6dcc95db369824aa43e9"", ""08e57bf18980221ba7e4""]",45800,True,ABSTAINED,False,False,False,0
v4_final_flat_box_random_14,flat_box_random,3,B5,,"[""a068730e181c2c6cd1ac"", ""6dcc95db369824aa43e9"", ""08e57bf18980221ba7e4""]",45800,True,ABSTAINED,False,False,False,0
v4_final_flat_box_random_14,flat_box_random,6,B0,,"[""a068730e181c2c6cd1ac"", ""6dcc95db369824aa43e9"", ""08e57bf18980221ba7e4"", ""1a4bfa9fbeaacd762b3e"", ""d959a504e55bd457b827"", ""05f0b08ee1a62a1e9c08""]",92300,True,ABSTAINED,False,False,False,0
v4_final_flat_box_random_14,flat_box_random,6,B1,,"[""a068730e181c2c6cd1ac"", ""6dcc95db369824aa43e9"", ""08e57bf18980221ba7e4"", ""1a4bfa9fbeaacd762b3e"", ""d959a504e55bd457b827"", ""05f0b08ee1a62a1e9c08""]",92300,True,ABSTAINED,False,False,False,0
v4_final_flat_box_random_14,flat_box_random,6,B2,,"[""a068730e181c2c6cd1ac"", ""6dcc95db369824aa43e9"", ""08e57bf18980221ba7e4"", ""1a4bfa9fbeaacd762b3e"", ""d959a504e55bd457b827"", ""05f0b08ee1a62a1e9c08""]",92300,True,ABSTAINED,False,False,False,0
v4_final_flat_box_random_14,flat_box_random,6,B3,,"[""a068730e181c2c6cd1ac"", ""6dcc95db369824aa43e9"", ""08e57bf18980221ba7e4"", ""1a4bfa9fbeaacd762b3e"", ""d959a504e55bd457b827"", ""05f0b08ee1a62a1e9c08""]",92300,True,ABSTAINED,False,False,False,0
v4_final_flat_box_random_14,flat_box_random,6,B4,,"[""a068730e181c2c6cd1ac"", ""6dcc95db369824aa43e9"", ""08e57bf18980221ba7e4"", ""1a4bfa9fbeaacd762b3e"", ""d959a504e55bd457b827"", ""05f0b08ee1a62a1e9c08""]",92300,True,ABSTAINED,False,False,False,0
v4_final_flat_box_random_14,flat_box_random,6,B4_normal,,"[""a068730e181c2c6cd1ac"", ""6dcc95db369824aa43e9"", ""08e57bf18980221ba7e4"", ""1a4bfa9fbeaacd762b3e"", ""d959a504e55bd457b827"", ""05f0b08ee1a62a1e9c08""]",92300,True,ABSTAINED,False,False,False,0
v4_final_flat_box_random_14,flat_box_random,6,B5,,"[""a068730e181c2c6cd1ac"", ""6dcc95db369824aa43e9"", ""08e57bf18980221ba7e4"", ""1a4bfa9fbeaacd762b3e"", ""d959a504e55bd457b827"", ""05f0b08ee1a62a1e9c08""]",92300,True,ABSTAINED,False,False,False,0
v4_final_flat_box_random_15,flat_box_random,1,B0,,"[""61564ff0a6fe4e153b4a""]",15200,True,ABSTAINED,False,False,False,0
v4_final_flat_box_random_15,flat_box_random,1,B1,,"[""61564ff0a6fe4e153b4a""]",15200,True,ABSTAINED,False,False,False,0
v4_final_flat_box_random_15,flat_box_random,1,B2,,"[""61564ff0a6fe4e153b4a""]",15200,True,ABSTAINED,False,False,False,0
v4_final_flat_box_random_15,flat_box_random,1,B3,,"[""61564ff0a6fe4e153b4a""]",15200,True,ABSTAINED,False,False,False,0
v4_final_flat_box_random_15,flat_box_random,1,B4,,"[""61564ff0a6fe4e153b4a""]",15200,True,ABSTAINED,False,False,False,0
v4_final_flat_box_random_15,flat_box_random,1,B4_normal,,"[""61564ff0a6fe4e153b4a""]",15200,True,ABSTAINED,False,False,False,0
v4_final_flat_box_random_15,flat_box_random,1,B5,,"[""61564ff0a6fe4e153b4a""]",15200,True,ABSTAINED,False,False,False,0
v4_final_flat_box_random_15,flat_box_random,3,B0,bae2f381567d3d574e61,"[""61564ff0a6fe4e153b4a"", ""bae2f381567d3d574e61"", ""396ebb32d170865f5941""]",45800,False,VALID,False,False,False,0
v4_final_flat_box_random_15,flat_box_random,3,B1,bae2f381567d3d574e61,"[""61564ff0a6fe4e153b4a"", ""bae2f381567d3d574e61"", ""396ebb32d170865f5941""]",45800,False,VALID,False,False,False,0
v4_final_flat_box_random_15,flat_box_random,3,B2,,"[""61564ff0a6fe4e153b4a"", ""bae2f381567d3d574e61"", ""396ebb32d170865f5941""]",45800,True,ABSTAINED,False,False,False,0
v4_final_flat_box_random_15,flat_box_random,3,B3,,"[""61564ff0a6fe4e153b4a"", ""bae2f381567d3d574e61"", ""396ebb32d170865f5941""]",45800,True,ABSTAINED,False,False,False,0
v4_final_flat_box_random_15,flat_box_random,3,B4,,"[""61564ff0a6fe4e153b4a"", ""bae2f381567d3d574e61"", ""396ebb32d170865f5941""]",45800,True,ABSTAINED,False,False,False,0
v4_final_flat_box_random_15,flat_box_random,3,B4_normal,,"[""61564ff0a6fe4e153b4a"", ""bae2f381567d3d574e61"", ""396ebb32d170865f5941""]",45800,True,ABSTAINED,False,False,False,0
v4_final_flat_box_random_15,flat_box_random,3,B5,,"[""61564ff0a6fe4e153b4a"", ""bae2f381567d3d574e61"", ""396ebb32d170865f5941""]",45800,True,ABSTAINED,False,False,False,0
v4_final_flat_box_random_15,flat_box_random,6,B0,bae2f381567d3d574e61,"[""61564ff0a6fe4e153b4a"", ""bae2f381567d3d574e61"", ""396ebb32d170865f5941"", ""c1d8333678290e6e96a1"", ""aac25a4b3288b928b171"", ""869990ee099e9f3d5716""]",92300,False,VALID,False,False,False,0
v4_final_flat_box_random_15,flat_box_random,6,B1,bae2f381567d3d574e61,"[""61564ff0a6fe4e153b4a"", ""bae2f381567d3d574e61"", ""396ebb32d170865f5941"", ""c1d8333678290e6e96a1"", ""aac25a4b3288b928b171"", ""869990ee099e9f3d5716""]",92300,False,VALID,False,False,False,0
v4_final_flat_box_random_15,flat_box_random,6,B2,,"[""61564ff0a6fe4e153b4a"", ""bae2f381567d3d574e61"", ""396ebb32d170865f5941"", ""c1d8333678290e6e96a1"", ""aac25a4b3288b928b171"", ""869990ee099e9f3d5716""]",92300,True,ABSTAINED,False,False,False,0
v4_final_flat_box_random_15,flat_box_random,6,B3,,"[""61564ff0a6fe4e153b4a"", ""bae2f381567d3d574e61"", ""396ebb32d170865f5941"", ""c1d8333678290e6e96a1"", ""aac25a4b3288b928b171"", ""869990ee099e9f3d5716""]",92300,True,ABSTAINED,False,False,False,0
v4_final_flat_box_random_15,flat_box_random,6,B4,,"[""61564ff0a6fe4e153b4a"", ""bae2f381567d3d574e61"", ""396ebb32d170865f5941"", ""c1d8333678290e6e96a1"", ""aac25a4b3288b928b171"", ""869990ee099e9f3d5716""]",92300,True,ABSTAINED,False,False,False,0
v4_final_flat_box_random_15,flat_box_random,6,B4_normal,,"[""61564ff0a6fe4e153b4a"", ""bae2f381567d3d574e61"", ""396ebb32d170865f5941"", ""c1d8333678290e6e96a1"", ""aac25a4b3288b928b171"", ""869990ee099e9f3d5716""]",92300,True,ABSTAINED,False,False,False,0
v4_final_flat_box_random_15,flat_box_random,6,B5,,"[""61564ff0a6fe4e153b4a"", ""bae2f381567d3d574e61"", ""396ebb32d170865f5941"", ""c1d8333678290e6e96a1"", ""aac25a4b3288b928b171"", ""869990ee099e9f3d5716""]",92300,True,ABSTAINED,False,False,False,0
v4_final_flat_box_random_16,flat_box_random,1,B0,,"[""6ed304afdf076780f743""]",15200,True,ABSTAINED,False,False,False,0
v4_final_flat_box_random_16,flat_box_random,1,B1,,"[""6ed304afdf076780f743""]",15200,True,ABSTAINED,False,False,False,0
v4_final_flat_box_random_16,flat_box_random,1,B2,,"[""6ed304afdf076780f743""]",15200,True,ABSTAINED,False,False,False,0
v4_final_flat_box_random_16,flat_box_random,1,B3,,"[""6ed304afdf076780f743""]",15200,True,ABSTAINED,False,False,False,0
v4_final_flat_box_random_16,flat_box_random,1,B4,,"[""6ed304afdf076780f743""]",15200,True,ABSTAINED,False,False,False,0
v4_final_flat_box_random_16,flat_box_random,1,B4_normal,,"[""6ed304afdf076780f743""]",15200,True,ABSTAINED,False,False,False,0
v4_final_flat_box_random_16,flat_box_random,1,B5,,"[""6ed304afdf076780f743""]",15200,True,ABSTAINED,False,False,False,0
v4_final_flat_box_random_16,flat_box_random,3,B0,,"[""6ed304afdf076780f743"", ""41f5db8e3069687c5fac"", ""094536f03a040ab53f50""]",45800,True,ABSTAINED,False,False,False,0
v4_final_flat_box_random_16,flat_box_random,3,B1,,"[""6ed304afdf076780f743"", ""41f5db8e3069687c5fac"", ""094536f03a040ab53f50""]",45800,True,ABSTAINED,False,False,False,0
v4_final_flat_box_random_16,flat_box_random,3,B2,,"[""6ed304afdf076780f743"", ""41f5db8e3069687c5fac"", ""094536f03a040ab53f50""]",45800,True,ABSTAINED,False,False,False,0
v4_final_flat_box_random_16,flat_box_random,3,B3,,"[""6ed304afdf076780f743"", ""41f5db8e3069687c5fac"", ""094536f03a040ab53f50""]",45800,True,ABSTAINED,False,False,False,0
v4_final_flat_box_random_16,flat_box_random,3,B4,,"[""6ed304afdf076780f743"", ""41f5db8e3069687c5fac"", ""094536f03a040ab53f50""]",45800,True,ABSTAINED,False,False,False,0
v4_final_flat_box_random_16,flat_box_random,3,B4_normal,,"[""6ed304afdf076780f743"", ""41f5db8e3069687c5fac"", ""094536f03a040ab53f50""]",45800,True,ABSTAINED,False,False,False,0
v4_final_flat_box_random_16,flat_box_random,3,B5,,"[""6ed304afdf076780f743"", ""41f5db8e3069687c5fac"", ""094536f03a040ab53f50""]",45800,True,ABSTAINED,False,False,False,0
v4_final_flat_box_random_16,flat_box_random,6,B0,,"[""6ed304afdf076780f743"", ""41f5db8e3069687c5fac"", ""094536f03a040ab53f50"", ""94e46ce4dc2aed824f33"", ""c22f913b668d438fc8a0"", ""80c1e9b9b54b540ddda2""]",92300,True,ABSTAINED,False,False,False,0
v4_final_flat_box_random_16,flat_box_random,6,B1,,"[""6ed304afdf076780f743"", ""41f5db8e3069687c5fac"", ""094536f03a040ab53f50"", ""94e46ce4dc2aed824f33"", ""c22f913b668d438fc8a0"", ""80c1e9b9b54b540ddda2""]",92300,True,ABSTAINED,False,False,False,0
v4_final_flat_box_random_16,flat_box_random,6,B2,,"[""6ed304afdf076780f743"", ""41f5db8e3069687c5fac"", ""094536f03a040ab53f50"", ""94e46ce4dc2aed824f33"", ""c22f913b668d438fc8a0"", ""80c1e9b9b54b540ddda2""]",92300,True,ABSTAINED,False,False,False,0
v4_final_flat_box_random_16,flat_box_random,6,B3,,"[""6ed304afdf076780f743"", ""41f5db8e3069687c5fac"", ""094536f03a040ab53f50"", ""94e46ce4dc2aed824f33"", ""c22f913b668d438fc8a0"", ""80c1e9b9b54b540ddda2""]",92300,True,ABSTAINED,False,False,False,0
v4_final_flat_box_random_16,flat_box_random,6,B4,,"[""6ed304afdf076780f743"", ""41f5db8e3069687c5fac"", ""094536f03a040ab53f50"", ""94e46ce4dc2aed824f33"", ""c22f913b668d438fc8a0"", ""80c1e9b9b54b540ddda2""]",92300,True,ABSTAINED,False,False,False,0
v4_final_flat_box_random_16,flat_box_random,6,B4_normal,,"[""6ed304afdf076780f743"", ""41f5db8e3069687c5fac"", ""094536f03a040ab53f50"", ""94e46ce4dc2aed824f33"", ""c22f913b668d438fc8a0"", ""80c1e9b9b54b540ddda2""]",92300,True,ABSTAINED,False,False,False,0
v4_final_flat_box_random_16,flat_box_random,6,B5,,"[""6ed304afdf076780f743"", ""41f5db8e3069687c5fac"", ""094536f03a040ab53f50"", ""94e46ce4dc2aed824f33"", ""c22f913b668d438fc8a0"", ""80c1e9b9b54b540ddda2""]",92300,True,ABSTAINED,False,False,False,0
v4_final_flat_box_random_17,flat_box_random,1,B0,,"[""abd04533cf32d10f6807""]",15200,True,ABSTAINED,False,False,False,0
v4_final_flat_box_random_17,flat_box_random,1,B1,,"[""abd04533cf32d10f6807""]",15200,True,ABSTAINED,False,False,False,0
v4_final_flat_box_random_17,flat_box_random,1,B2,,"[""abd04533cf32d10f6807""]",15200,True,ABSTAINED,False,False,False,0
v4_final_flat_box_random_17,flat_box_random,1,B3,,"[""abd04533cf32d10f6807""]",15200,True,ABSTAINED,False,False,False,0
v4_final_flat_box_random_17,flat_box_random,1,B4,,"[""abd04533cf32d10f6807""]",15200,True,ABSTAINED,False,False,False,0
v4_final_flat_box_random_17,flat_box_random,1,B4_normal,,"[""abd04533cf32d10f6807""]",15200,True,ABSTAINED,False,False,False,0
v4_final_flat_box_random_17,flat_box_random,1,B5,,"[""abd04533cf32d10f6807""]",15200,True,ABSTAINED,False,False,False,0
v4_final_flat_box_random_17,flat_box_random,3,B0,c9c92c035d6b7b13124c,"[""abd04533cf32d10f6807"", ""c9c92c035d6b7b13124c"", ""646d70e281873d91aada""]",45800,False,VALID,False,False,False,0
v4_final_flat_box_random_17,flat_box_random,3,B1,,"[""abd04533cf32d10f6807"", ""c9c92c035d6b7b13124c"", ""646d70e281873d91aada""]",45800,True,ABSTAINED,False,False,False,0
v4_final_flat_box_random_17,flat_box_random,3,B2,,"[""abd04533cf32d10f6807"", ""c9c92c035d6b7b13124c"", ""646d70e281873d91aada""]",45800,True,ABSTAINED,False,False,False,0
v4_final_flat_box_random_17,flat_box_random,3,B3,,"[""abd04533cf32d10f6807"", ""c9c92c035d6b7b13124c"", ""646d70e281873d91aada""]",45800,True,ABSTAINED,False,False,False,0
v4_final_flat_box_random_17,flat_box_random,3,B4,,"[""abd04533cf32d10f6807"", ""c9c92c035d6b7b13124c"", ""646d70e281873d91aada""]",45800,True,ABSTAINED,False,False,False,0
v4_final_flat_box_random_17,flat_box_random,3,B4_normal,,"[""abd04533cf32d10f6807"", ""c9c92c035d6b7b13124c"", ""646d70e281873d91aada""]",45800,True,ABSTAINED,False,False,False,0
v4_final_flat_box_random_17,flat_box_random,3,B5,,"[""abd04533cf32d10f6807"", ""c9c92c035d6b7b13124c"", ""646d70e281873d91aada""]",45800,True,ABSTAINED,False,False,False,0
v4_final_flat_box_random_17,flat_box_random,6,B0,c9c92c035d6b7b13124c,"[""abd04533cf32d10f6807"", ""c9c92c035d6b7b13124c"", ""646d70e281873d91aada"", ""889fd73b9f68a8d22063"", ""6632c37c63cb85c7ff8a"", ""da666daf255b4c8a966a""]",92300,False,VALID,False,False,False,0
v4_final_flat_box_random_17,flat_box_random,6,B1,,"[""abd04533cf32d10f6807"", ""c9c92c035d6b7b13124c"", ""646d70e281873d91aada"", ""889fd73b9f68a8d22063"", ""6632c37c63cb85c7ff8a"", ""da666daf255b4c8a966a""]",92300,True,ABSTAINED,False,False,False,0
v4_final_flat_box_random_17,flat_box_random,6,B2,,"[""abd04533cf32d10f6807"", ""c9c92c035d6b7b13124c"", ""646d70e281873d91aada"", ""889fd73b9f68a8d22063"", ""6632c37c63cb85c7ff8a"", ""da666daf255b4c8a966a""]",92300,True,ABSTAINED,False,False,False,0
v4_final_flat_box_random_17,flat_box_random,6,B3,,"[""abd04533cf32d10f6807"", ""c9c92c035d6b7b13124c"", ""646d70e281873d91aada"", ""889fd73b9f68a8d22063"", ""6632c37c63cb85c7ff8a"", ""da666daf255b4c8a966a""]",92300,True,ABSTAINED,False,False,False,0
v4_final_flat_box_random_17,flat_box_random,6,B4,,"[""abd04533cf32d10f6807"", ""c9c92c035d6b7b13124c"", ""646d70e281873d91aada"", ""889fd73b9f68a8d22063"", ""6632c37c63cb85c7ff8a"", ""da666daf255b4c8a966a""]",92300,True,ABSTAINED,False,False,False,0
v4_final_flat_box_random_17,flat_box_random,6,B4_normal,,"[""abd04533cf32d10f6807"", ""c9c92c035d6b7b13124c"", ""646d70e281873d91aada"", ""889fd73b9f68a8d22063"", ""6632c37c63cb85c7ff8a"", ""da666daf255b4c8a966a""]",92300,True,ABSTAINED,False,False,False,0
v4_final_flat_box_random_17,flat_box_random,6,B5,,"[""abd04533cf32d10f6807"", ""c9c92c035d6b7b13124c"", ""646d70e281873d91aada"", ""889fd73b9f68a8d22063"", ""6632c37c63cb85c7ff8a"", ""da666daf255b4c8a966a""]",92300,True,ABSTAINED,False,False,False,0
v4_final_flat_box_random_18,flat_box_random,1,B0,,"[""470ef4cd8746fb990e3d""]",15200,True,ABSTAINED,False,False,False,0
v4_final_flat_box_random_18,flat_box_random,1,B1,,"[""470ef4cd8746fb990e3d""]",15200,True,ABSTAINED,False,False,False,0
v4_final_flat_box_random_18,flat_box_random,1,B2,,"[""470ef4cd8746fb990e3d""]",15200,True,ABSTAINED,False,False,False,0
v4_final_flat_box_random_18,flat_box_random,1,B3,,"[""470ef4cd8746fb990e3d""]",15200,True,ABSTAINED,False,False,False,0
v4_final_flat_box_random_18,flat_box_random,1,B4,,"[""470ef4cd8746fb990e3d""]",15200,True,ABSTAINED,False,False,False,0
v4_final_flat_box_random_18,flat_box_random,1,B4_normal,,"[""470ef4cd8746fb990e3d""]",15200,True,ABSTAINED,False,False,False,0
v4_final_flat_box_random_18,flat_box_random,1,B5,,"[""470ef4cd8746fb990e3d""]",15200,True,ABSTAINED,False,False,False,0
v4_final_flat_box_random_18,flat_box_random,3,B0,,"[""470ef4cd8746fb990e3d"", ""693ffb223cdcad3c3c62"", ""343bbc71b8492f04b394""]",45800,True,ABSTAINED,False,False,False,0
v4_final_flat_box_random_18,flat_box_random,3,B1,,"[""470ef4cd8746fb990e3d"", ""693ffb223cdcad3c3c62"", ""343bbc71b8492f04b394""]",45800,True,ABSTAINED,False,False,False,0
v4_final_flat_box_random_18,flat_box_random,3,B2,,"[""470ef4cd8746fb990e3d"", ""693ffb223cdcad3c3c62"", ""343bbc71b8492f04b394""]",45800,True,ABSTAINED,False,False,False,0
v4_final_flat_box_random_18,flat_box_random,3,B3,,"[""470ef4cd8746fb990e3d"", ""693ffb223cdcad3c3c62"", ""343bbc71b8492f04b394""]",45800,True,ABSTAINED,False,False,False,0
v4_final_flat_box_random_18,flat_box_random,3,B4,,"[""470ef4cd8746fb990e3d"", ""693ffb223cdcad3c3c62"", ""343bbc71b8492f04b394""]",45800,True,ABSTAINED,False,False,False,0
v4_final_flat_box_random_18,flat_box_random,3,B4_normal,,"[""470ef4cd8746fb990e3d"", ""693ffb223cdcad3c3c62"", ""343bbc71b8492f04b394""]",45800,True,ABSTAINED,False,False,False,0
v4_final_flat_box_random_18,flat_box_random,3,B5,,"[""470ef4cd8746fb990e3d"", ""693ffb223cdcad3c3c62"", ""343bbc71b8492f04b394""]",45800,True,ABSTAINED,False,False,False,0
v4_final_flat_box_random_18,flat_box_random,6,B0,,"[""470ef4cd8746fb990e3d"", ""693ffb223cdcad3c3c62"", ""343bbc71b8492f04b394"", ""0cdb6bd1cc99982d8019"", ""a9c94b10529cd41f432e"", ""fb8e675a3b8ed029d66f""]",92300,True,ABSTAINED,False,False,False,0
v4_final_flat_box_random_18,flat_box_random,6,B1,,"[""470ef4cd8746fb990e3d"", ""693ffb223cdcad3c3c62"", ""343bbc71b8492f04b394"", ""0cdb6bd1cc99982d8019"", ""a9c94b10529cd41f432e"", ""fb8e675a3b8ed029d66f""]",92300,True,ABSTAINED,False,False,False,0
v4_final_flat_box_random_18,flat_box_random,6,B2,,"[""470ef4cd8746fb990e3d"", ""693ffb223cdcad3c3c62"", ""343bbc71b8492f04b394"", ""0cdb6bd1cc99982d8019"", ""a9c94b10529cd41f432e"", ""fb8e675a3b8ed029d66f""]",92300,True,ABSTAINED,False,False,False,0
v4_final_flat_box_random_18,flat_box_random,6,B3,,"[""470ef4cd8746fb990e3d"", ""693ffb223cdcad3c3c62"", ""343bbc71b8492f04b394"", ""0cdb6bd1cc99982d8019"", ""a9c94b10529cd41f432e"", ""fb8e675a3b8ed029d66f""]",92300,True,ABSTAINED,False,False,False,0
v4_final_flat_box_random_18,flat_box_random,6,B4,,"[""470ef4cd8746fb990e3d"", ""693ffb223cdcad3c3c62"", ""343bbc71b8492f04b394"", ""0cdb6bd1cc99982d8019"", ""a9c94b10529cd41f432e"", ""fb8e675a3b8ed029d66f""]",92300,True,ABSTAINED,False,False,False,0
v4_final_flat_box_random_18,flat_box_random,6,B4_normal,,"[""470ef4cd8746fb990e3d"", ""693ffb223cdcad3c3c62"", ""343bbc71b8492f04b394"", ""0cdb6bd1cc99982d8019"", ""a9c94b10529cd41f432e"", ""fb8e675a3b8ed029d66f""]",92300,True,ABSTAINED,False,False,False,0
v4_final_flat_box_random_18,flat_box_random,6,B5,,"[""470ef4cd8746fb990e3d"", ""693ffb223cdcad3c3c62"", ""343bbc71b8492f04b394"", ""0cdb6bd1cc99982d8019"", ""a9c94b10529cd41f432e"", ""fb8e675a3b8ed029d66f""]",92300,True,ABSTAINED,False,False,False,0
v4_final_flat_box_random_19,flat_box_random,1,B0,,"[""b21b3c32063b7f6a31f5""]",15200,True,ABSTAINED,False,False,False,0
v4_final_flat_box_random_19,flat_box_random,1,B1,,"[""b21b3c32063b7f6a31f5""]",15200,True,ABSTAINED,False,False,False,0
v4_final_flat_box_random_19,flat_box_random,1,B2,,"[""b21b3c32063b7f6a31f5""]",15200,True,ABSTAINED,False,False,False,0
v4_final_flat_box_random_19,flat_box_random,1,B3,,"[""b21b3c32063b7f6a31f5""]",15200,True,ABSTAINED,False,False,False,0
v4_final_flat_box_random_19,flat_box_random,1,B4,,"[""b21b3c32063b7f6a31f5""]",15200,True,ABSTAINED,False,False,False,0
v4_final_flat_box_random_19,flat_box_random,1,B4_normal,,"[""b21b3c32063b7f6a31f5""]",15200,True,ABSTAINED,False,False,False,0
v4_final_flat_box_random_19,flat_box_random,1,B5,,"[""b21b3c32063b7f6a31f5""]",15200,True,ABSTAINED,False,False,False,0
v4_final_flat_box_random_19,flat_box_random,3,B0,,"[""b21b3c32063b7f6a31f5"", ""8bb48000b8a86689a375"", ""aea257d7102a7f71f0e6""]",45800,True,ABSTAINED,False,False,False,0
v4_final_flat_box_random_19,flat_box_random,3,B1,,"[""b21b3c32063b7f6a31f5"", ""8bb48000b8a86689a375"", ""aea257d7102a7f71f0e6""]",45800,True,ABSTAINED,False,False,False,0
v4_final_flat_box_random_19,flat_box_random,3,B2,,"[""b21b3c32063b7f6a31f5"", ""8bb48000b8a86689a375"", ""aea257d7102a7f71f0e6""]",45800,True,ABSTAINED,False,False,False,0
v4_final_flat_box_random_19,flat_box_random,3,B3,,"[""b21b3c32063b7f6a31f5"", ""8bb48000b8a86689a375"", ""aea257d7102a7f71f0e6""]",45800,True,ABSTAINED,False,False,False,0
v4_final_flat_box_random_19,flat_box_random,3,B4,,"[""b21b3c32063b7f6a31f5"", ""8bb48000b8a86689a375"", ""aea257d7102a7f71f0e6""]",45800,True,ABSTAINED,False,False,False,0
v4_final_flat_box_random_19,flat_box_random,3,B4_normal,,"[""b21b3c32063b7f6a31f5"", ""8bb48000b8a86689a375"", ""aea257d7102a7f71f0e6""]",45800,True,ABSTAINED,False,False,False,0
v4_final_flat_box_random_19,flat_box_random,3,B5,,"[""b21b3c32063b7f6a31f5"", ""8bb48000b8a86689a375"", ""aea257d7102a7f71f0e6""]",45800,True,ABSTAINED,False,False,False,0
v4_final_flat_box_random_19,flat_box_random,6,B0,,"[""b21b3c32063b7f6a31f5"", ""8bb48000b8a86689a375"", ""aea257d7102a7f71f0e6"", ""00fa517c157cd1d0db47"", ""f45c15be8932a4050e21"", ""2566b782a1f842fab512""]",92300,True,ABSTAINED,False,False,False,0
v4_final_flat_box_random_19,flat_box_random,6,B1,,"[""b21b3c32063b7f6a31f5"", ""8bb48000b8a86689a375"", ""aea257d7102a7f71f0e6"", ""00fa517c157cd1d0db47"", ""f45c15be8932a4050e21"", ""2566b782a1f842fab512""]",92300,True,ABSTAINED,False,False,False,0
v4_final_flat_box_random_19,flat_box_random,6,B2,,"[""b21b3c32063b7f6a31f5"", ""8bb48000b8a86689a375"", ""aea257d7102a7f71f0e6"", ""00fa517c157cd1d0db47"", ""f45c15be8932a4050e21"", ""2566b782a1f842fab512""]",92300,True,ABSTAINED,False,False,False,0
v4_final_flat_box_random_19,flat_box_random,6,B3,,"[""b21b3c32063b7f6a31f5"", ""8bb48000b8a86689a375"", ""aea257d7102a7f71f0e6"", ""00fa517c157cd1d0db47"", ""f45c15be8932a4050e21"", ""2566b782a1f842fab512""]",92300,True,ABSTAINED,False,False,False,0
v4_final_flat_box_random_19,flat_box_random,6,B4,,"[""b21b3c32063b7f6a31f5"", ""8bb48000b8a86689a375"", ""aea257d7102a7f71f0e6"", ""00fa517c157cd1d0db47"", ""f45c15be8932a4050e21"", ""2566b782a1f842fab512""]",92300,True,ABSTAINED,False,False,False,0
v4_final_flat_box_random_19,flat_box_random,6,B4_normal,,"[""b21b3c32063b7f6a31f5"", ""8bb48000b8a86689a375"", ""aea257d7102a7f71f0e6"", ""00fa517c157cd1d0db47"", ""f45c15be8932a4050e21"", ""2566b782a1f842fab512""]",92300,True,ABSTAINED,False,False,False,0
v4_final_flat_box_random_19,flat_box_random,6,B5,,"[""b21b3c32063b7f6a31f5"", ""8bb48000b8a86689a375"", ""aea257d7102a7f71f0e6"", ""00fa517c157cd1d0db47"", ""f45c15be8932a4050e21"", ""2566b782a1f842fab512""]",92300,True,ABSTAINED,False,False,False,0
v4_final_sphere_random_00,sphere_random,1,B0,,"[""84e5ef2b10058a60f463""]",9100,True,ABSTAINED,False,False,False,0
v4_final_sphere_random_00,sphere_random,1,B1,,"[""84e5ef2b10058a60f463""]",9100,True,ABSTAINED,False,False,False,0
v4_final_sphere_random_00,sphere_random,1,B2,,"[""84e5ef2b10058a60f463""]",9100,True,ABSTAINED,False,False,False,0
v4_final_sphere_random_00,sphere_random,1,B3,,"[""84e5ef2b10058a60f463""]",9100,True,ABSTAINED,False,False,False,0
v4_final_sphere_random_00,sphere_random,1,B4,,"[""84e5ef2b10058a60f463""]",9100,True,ABSTAINED,False,False,False,0
v4_final_sphere_random_00,sphere_random,1,B4_normal,,"[""84e5ef2b10058a60f463""]",9100,True,ABSTAINED,False,False,False,0
v4_final_sphere_random_00,sphere_random,1,B5,,"[""84e5ef2b10058a60f463""]",9100,True,ABSTAINED,False,False,False,0
v4_final_sphere_random_00,sphere_random,3,B0,,"[""84e5ef2b10058a60f463"", ""1d367e71b0a658f0cbc5"", ""5abc3a45d6307b110528""]",27300,True,ABSTAINED,False,False,False,0
v4_final_sphere_random_00,sphere_random,3,B1,,"[""84e5ef2b10058a60f463"", ""1d367e71b0a658f0cbc5"", ""5abc3a45d6307b110528""]",27300,True,ABSTAINED,False,False,False,0
v4_final_sphere_random_00,sphere_random,3,B2,,"[""84e5ef2b10058a60f463"", ""1d367e71b0a658f0cbc5"", ""5abc3a45d6307b110528""]",27300,True,ABSTAINED,False,False,False,0
v4_final_sphere_random_00,sphere_random,3,B3,,"[""84e5ef2b10058a60f463"", ""1d367e71b0a658f0cbc5"", ""5abc3a45d6307b110528""]",27300,True,ABSTAINED,False,False,False,0
v4_final_sphere_random_00,sphere_random,3,B4,,"[""84e5ef2b10058a60f463"", ""1d367e71b0a658f0cbc5"", ""5abc3a45d6307b110528""]",27300,True,ABSTAINED,False,False,False,0
v4_final_sphere_random_00,sphere_random,3,B4_normal,,"[""84e5ef2b10058a60f463"", ""1d367e71b0a658f0cbc5"", ""5abc3a45d6307b110528""]",27300,True,ABSTAINED,False,False,False,0
v4_final_sphere_random_00,sphere_random,3,B5,,"[""84e5ef2b10058a60f463"", ""1d367e71b0a658f0cbc5"", ""5abc3a45d6307b110528""]",27300,True,ABSTAINED,False,False,False,0
v4_final_sphere_random_00,sphere_random,6,B0,,"[""84e5ef2b10058a60f463"", ""1d367e71b0a658f0cbc5"", ""5abc3a45d6307b110528"", ""0a19e9bad8de9cfbd7b3"", ""55387159347cafe1e45f"", ""c7f3ec8bc831318f6d1f""]",68142,True,ABSTAINED,False,False,False,0
v4_final_sphere_random_00,sphere_random,6,B1,,"[""84e5ef2b10058a60f463"", ""1d367e71b0a658f0cbc5"", ""5abc3a45d6307b110528"", ""0a19e9bad8de9cfbd7b3"", ""55387159347cafe1e45f"", ""c7f3ec8bc831318f6d1f""]",68142,True,ABSTAINED,False,False,False,0
v4_final_sphere_random_00,sphere_random,6,B2,,"[""84e5ef2b10058a60f463"", ""1d367e71b0a658f0cbc5"", ""5abc3a45d6307b110528"", ""0a19e9bad8de9cfbd7b3"", ""55387159347cafe1e45f"", ""c7f3ec8bc831318f6d1f""]",68142,True,ABSTAINED,False,False,False,0
v4_final_sphere_random_00,sphere_random,6,B3,,"[""84e5ef2b10058a60f463"", ""1d367e71b0a658f0cbc5"", ""5abc3a45d6307b110528"", ""0a19e9bad8de9cfbd7b3"", ""55387159347cafe1e45f"", ""c7f3ec8bc831318f6d1f""]",68142,True,ABSTAINED,False,False,False,0
v4_final_sphere_random_00,sphere_random,6,B4,,"[""84e5ef2b10058a60f463"", ""1d367e71b0a658f0cbc5"", ""5abc3a45d6307b110528"", ""0a19e9bad8de9cfbd7b3"", ""55387159347cafe1e45f"", ""c7f3ec8bc831318f6d1f""]",68142,True,ABSTAINED,False,False,False,0
v4_final_sphere_random_00,sphere_random,6,B4_normal,,"[""84e5ef2b10058a60f463"", ""1d367e71b0a658f0cbc5"", ""5abc3a45d6307b110528"", ""0a19e9bad8de9cfbd7b3"", ""55387159347cafe1e45f"", ""c7f3ec8bc831318f6d1f""]",68142,True,ABSTAINED,False,False,False,0
v4_final_sphere_random_00,sphere_random,6,B5,,"[""84e5ef2b10058a60f463"", ""1d367e71b0a658f0cbc5"", ""5abc3a45d6307b110528"", ""0a19e9bad8de9cfbd7b3"", ""55387159347cafe1e45f"", ""c7f3ec8bc831318f6d1f""]",68142,True,ABSTAINED,False,False,False,0
v4_final_sphere_random_01,sphere_random,1,B0,,"[""682c12aa3f5c47ddfe3f""]",16871,True,ABSTAINED,False,False,False,0
v4_final_sphere_random_01,sphere_random,1,B1,,"[""682c12aa3f5c47ddfe3f""]",16871,True,ABSTAINED,False,False,False,0
v4_final_sphere_random_01,sphere_random,1,B2,,"[""682c12aa3f5c47ddfe3f""]",16871,True,ABSTAINED,False,False,False,0
v4_final_sphere_random_01,sphere_random,1,B3,,"[""682c12aa3f5c47ddfe3f""]",16871,True,ABSTAINED,False,False,False,0
v4_final_sphere_random_01,sphere_random,1,B4,,"[""682c12aa3f5c47ddfe3f""]",16871,True,ABSTAINED,False,False,False,0
v4_final_sphere_random_01,sphere_random,1,B4_normal,,"[""682c12aa3f5c47ddfe3f""]",16871,True,ABSTAINED,False,False,False,0
v4_final_sphere_random_01,sphere_random,1,B5,,"[""682c12aa3f5c47ddfe3f""]",16871,True,ABSTAINED,False,False,False,0
v4_final_sphere_random_01,sphere_random,3,B0,,"[""682c12aa3f5c47ddfe3f"", ""9d1ec10e1f85bca3f80d"", ""81028b350d58d2d5a024""]",35071,True,ABSTAINED,False,False,False,0
v4_final_sphere_random_01,sphere_random,3,B1,,"[""682c12aa3f5c47ddfe3f"", ""9d1ec10e1f85bca3f80d"", ""81028b350d58d2d5a024""]",35071,True,ABSTAINED,False,False,False,0
v4_final_sphere_random_01,sphere_random,3,B2,,"[""682c12aa3f5c47ddfe3f"", ""9d1ec10e1f85bca3f80d"", ""81028b350d58d2d5a024""]",35071,True,ABSTAINED,False,False,False,0
v4_final_sphere_random_01,sphere_random,3,B3,,"[""682c12aa3f5c47ddfe3f"", ""9d1ec10e1f85bca3f80d"", ""81028b350d58d2d5a024""]",35071,True,ABSTAINED,False,False,False,0
v4_final_sphere_random_01,sphere_random,3,B4,,"[""682c12aa3f5c47ddfe3f"", ""9d1ec10e1f85bca3f80d"", ""81028b350d58d2d5a024""]",35071,True,ABSTAINED,False,False,False,0
v4_final_sphere_random_01,sphere_random,3,B4_normal,,"[""682c12aa3f5c47ddfe3f"", ""9d1ec10e1f85bca3f80d"", ""81028b350d58d2d5a024""]",35071,True,ABSTAINED,False,False,False,0
v4_final_sphere_random_01,sphere_random,3,B5,,"[""682c12aa3f5c47ddfe3f"", ""9d1ec10e1f85bca3f80d"", ""81028b350d58d2d5a024""]",35071,True,ABSTAINED,False,False,False,0
v4_final_sphere_random_01,sphere_random,6,B0,,"[""682c12aa3f5c47ddfe3f"", ""9d1ec10e1f85bca3f80d"", ""81028b350d58d2d5a024"", ""3779186459a6d751d8d8"", ""8de32fcc89e4538e6db2"", ""34d736e8fd81c8b0f632""]",68142,True,ABSTAINED,False,False,False,0
v4_final_sphere_random_01,sphere_random,6,B1,,"[""682c12aa3f5c47ddfe3f"", ""9d1ec10e1f85bca3f80d"", ""81028b350d58d2d5a024"", ""3779186459a6d751d8d8"", ""8de32fcc89e4538e6db2"", ""34d736e8fd81c8b0f632""]",68142,True,ABSTAINED,False,False,False,0
v4_final_sphere_random_01,sphere_random,6,B2,,"[""682c12aa3f5c47ddfe3f"", ""9d1ec10e1f85bca3f80d"", ""81028b350d58d2d5a024"", ""3779186459a6d751d8d8"", ""8de32fcc89e4538e6db2"", ""34d736e8fd81c8b0f632""]",68142,True,ABSTAINED,False,False,False,0
v4_final_sphere_random_01,sphere_random,6,B3,,"[""682c12aa3f5c47ddfe3f"", ""9d1ec10e1f85bca3f80d"", ""81028b350d58d2d5a024"", ""3779186459a6d751d8d8"", ""8de32fcc89e4538e6db2"", ""34d736e8fd81c8b0f632""]",68142,True,ABSTAINED,False,False,False,0
v4_final_sphere_random_01,sphere_random,6,B4,,"[""682c12aa3f5c47ddfe3f"", ""9d1ec10e1f85bca3f80d"", ""81028b350d58d2d5a024"", ""3779186459a6d751d8d8"", ""8de32fcc89e4538e6db2"", ""34d736e8fd81c8b0f632""]",68142,True,ABSTAINED,False,False,False,0
v4_final_sphere_random_01,sphere_random,6,B4_normal,,"[""682c12aa3f5c47ddfe3f"", ""9d1ec10e1f85bca3f80d"", ""81028b350d58d2d5a024"", ""3779186459a6d751d8d8"", ""8de32fcc89e4538e6db2"", ""34d736e8fd81c8b0f632""]",68142,True,ABSTAINED,False,False,False,0
v4_final_sphere_random_01,sphere_random,6,B5,,"[""682c12aa3f5c47ddfe3f"", ""9d1ec10e1f85bca3f80d"", ""81028b350d58d2d5a024"", ""3779186459a6d751d8d8"", ""8de32fcc89e4538e6db2"", ""34d736e8fd81c8b0f632""]",68142,True,ABSTAINED,False,False,False,0
v4_final_sphere_random_02,sphere_random,1,B0,,"[""e5508f7e0e6c53af780d""]",9970,True,ABSTAINED,False,False,False,0
v4_final_sphere_random_02,sphere_random,1,B1,,"[""e5508f7e0e6c53af780d""]",9970,True,ABSTAINED,False,False,False,0
v4_final_sphere_random_02,sphere_random,1,B2,,"[""e5508f7e0e6c53af780d""]",9970,True,ABSTAINED,False,False,False,0
v4_final_sphere_random_02,sphere_random,1,B3,,"[""e5508f7e0e6c53af780d""]",9970,True,ABSTAINED,False,False,False,0
v4_final_sphere_random_02,sphere_random,1,B4,,"[""e5508f7e0e6c53af780d""]",9970,True,ABSTAINED,False,False,False,0
v4_final_sphere_random_02,sphere_random,1,B4_normal,,"[""e5508f7e0e6c53af780d""]",9970,True,ABSTAINED,False,False,False,0
v4_final_sphere_random_02,sphere_random,1,B5,,"[""e5508f7e0e6c53af780d""]",9970,True,ABSTAINED,False,False,False,0
v4_final_sphere_random_02,sphere_random,3,B0,,"[""e5508f7e0e6c53af780d"", ""72c901c34e9c6285ed81"", ""d03fa14c4c4ed6283919""]",28170,True,ABSTAINED,False,False,False,0
v4_final_sphere_random_02,sphere_random,3,B1,,"[""e5508f7e0e6c53af780d"", ""72c901c34e9c6285ed81"", ""d03fa14c4c4ed6283919""]",28170,True,ABSTAINED,False,False,False,0
v4_final_sphere_random_02,sphere_random,3,B2,,"[""e5508f7e0e6c53af780d"", ""72c901c34e9c6285ed81"", ""d03fa14c4c4ed6283919""]",28170,True,ABSTAINED,False,False,False,0
v4_final_sphere_random_02,sphere_random,3,B3,,"[""e5508f7e0e6c53af780d"", ""72c901c34e9c6285ed81"", ""d03fa14c4c4ed6283919""]",28170,True,ABSTAINED,False,False,False,0
v4_final_sphere_random_02,sphere_random,3,B4,,"[""e5508f7e0e6c53af780d"", ""72c901c34e9c6285ed81"", ""d03fa14c4c4ed6283919""]",28170,True,ABSTAINED,False,False,False,0
v4_final_sphere_random_02,sphere_random,3,B4_normal,,"[""e5508f7e0e6c53af780d"", ""72c901c34e9c6285ed81"", ""d03fa14c4c4ed6283919""]",28170,True,ABSTAINED,False,False,False,0
v4_final_sphere_random_02,sphere_random,3,B5,,"[""e5508f7e0e6c53af780d"", ""72c901c34e9c6285ed81"", ""d03fa14c4c4ed6283919""]",28170,True,ABSTAINED,False,False,False,0
v4_final_sphere_random_02,sphere_random,6,B0,,"[""e5508f7e0e6c53af780d"", ""72c901c34e9c6285ed81"", ""d03fa14c4c4ed6283919"", ""f0eebdbe4435bddfff06"", ""d3a3596a02c55efd153a"", ""fd5610049dbca22dd2c8""]",56340,True,ABSTAINED,False,False,False,0
v4_final_sphere_random_02,sphere_random,6,B1,,"[""e5508f7e0e6c53af780d"", ""72c901c34e9c6285ed81"", ""d03fa14c4c4ed6283919"", ""f0eebdbe4435bddfff06"", ""d3a3596a02c55efd153a"", ""fd5610049dbca22dd2c8""]",56340,True,ABSTAINED,False,False,False,0
v4_final_sphere_random_02,sphere_random,6,B2,,"[""e5508f7e0e6c53af780d"", ""72c901c34e9c6285ed81"", ""d03fa14c4c4ed6283919"", ""f0eebdbe4435bddfff06"", ""d3a3596a02c55efd153a"", ""fd5610049dbca22dd2c8""]",56340,True,ABSTAINED,False,False,False,0
v4_final_sphere_random_02,sphere_random,6,B3,,"[""e5508f7e0e6c53af780d"", ""72c901c34e9c6285ed81"", ""d03fa14c4c4ed6283919"", ""f0eebdbe4435bddfff06"", ""d3a3596a02c55efd153a"", ""fd5610049dbca22dd2c8""]",56340,True,ABSTAINED,False,False,False,0
v4_final_sphere_random_02,sphere_random,6,B4,,"[""e5508f7e0e6c53af780d"", ""72c901c34e9c6285ed81"", ""d03fa14c4c4ed6283919"", ""f0eebdbe4435bddfff06"", ""d3a3596a02c55efd153a"", ""fd5610049dbca22dd2c8""]",56340,True,ABSTAINED,False,False,False,0
v4_final_sphere_random_02,sphere_random,6,B4_normal,,"[""e5508f7e0e6c53af780d"", ""72c901c34e9c6285ed81"", ""d03fa14c4c4ed6283919"", ""f0eebdbe4435bddfff06"", ""d3a3596a02c55efd153a"", ""fd5610049dbca22dd2c8""]",56340,True,ABSTAINED,False,False,False,0
v4_final_sphere_random_02,sphere_random,6,B5,,"[""e5508f7e0e6c53af780d"", ""72c901c34e9c6285ed81"", ""d03fa14c4c4ed6283919"", ""f0eebdbe4435bddfff06"", ""d3a3596a02c55efd153a"", ""fd5610049dbca22dd2c8""]",56340,True,ABSTAINED,False,False,False,0
v4_final_sphere_random_03,sphere_random,1,B0,,"[""b6a51f3c6920fd0dcd43""]",9970,True,ABSTAINED,False,False,False,0
v4_final_sphere_random_03,sphere_random,1,B1,,"[""b6a51f3c6920fd0dcd43""]",9970,True,ABSTAINED,False,False,False,0
v4_final_sphere_random_03,sphere_random,1,B2,,"[""b6a51f3c6920fd0dcd43""]",9970,True,ABSTAINED,False,False,False,0
v4_final_sphere_random_03,sphere_random,1,B3,,"[""b6a51f3c6920fd0dcd43""]",9970,True,ABSTAINED,False,False,False,0
v4_final_sphere_random_03,sphere_random,1,B4,,"[""b6a51f3c6920fd0dcd43""]",9970,True,ABSTAINED,False,False,False,0
v4_final_sphere_random_03,sphere_random,1,B4_normal,,"[""b6a51f3c6920fd0dcd43""]",9970,True,ABSTAINED,False,False,False,0
v4_final_sphere_random_03,sphere_random,1,B5,,"[""b6a51f3c6920fd0dcd43""]",9970,True,ABSTAINED,False,False,False,0
v4_final_sphere_random_03,sphere_random,3,B0,,"[""b6a51f3c6920fd0dcd43"", ""3692587f02aa3ee98496"", ""5880e4791a47a55ec676""]",29570,True,ABSTAINED,False,False,False,0
v4_final_sphere_random_03,sphere_random,3,B1,,"[""b6a51f3c6920fd0dcd43"", ""3692587f02aa3ee98496"", ""5880e4791a47a55ec676""]",29570,True,ABSTAINED,False,False,False,0
v4_final_sphere_random_03,sphere_random,3,B2,,"[""b6a51f3c6920fd0dcd43"", ""3692587f02aa3ee98496"", ""5880e4791a47a55ec676""]",29570,True,ABSTAINED,False,False,False,0
v4_final_sphere_random_03,sphere_random,3,B3,,"[""b6a51f3c6920fd0dcd43"", ""3692587f02aa3ee98496"", ""5880e4791a47a55ec676""]",29570,True,ABSTAINED,False,False,False,0
v4_final_sphere_random_03,sphere_random,3,B4,,"[""b6a51f3c6920fd0dcd43"", ""3692587f02aa3ee98496"", ""5880e4791a47a55ec676""]",29570,True,ABSTAINED,False,False,False,0
v4_final_sphere_random_03,sphere_random,3,B4_normal,,"[""b6a51f3c6920fd0dcd43"", ""3692587f02aa3ee98496"", ""5880e4791a47a55ec676""]",29570,True,ABSTAINED,False,False,False,0
v4_final_sphere_random_03,sphere_random,3,B5,,"[""b6a51f3c6920fd0dcd43"", ""3692587f02aa3ee98496"", ""5880e4791a47a55ec676""]",29570,True,ABSTAINED,False,False,False,0
v4_final_sphere_random_03,sphere_random,6,B0,,"[""b6a51f3c6920fd0dcd43"", ""3692587f02aa3ee98496"", ""5880e4791a47a55ec676"", ""1ec9ef8cc5a91ae83591"", ""cd17c5307ef4f2431569"", ""200f29f1ccbff07de73d""]",60764,True,ABSTAINED,False,False,False,0
v4_final_sphere_random_03,sphere_random,6,B1,,"[""b6a51f3c6920fd0dcd43"", ""3692587f02aa3ee98496"", ""5880e4791a47a55ec676"", ""1ec9ef8cc5a91ae83591"", ""cd17c5307ef4f2431569"", ""200f29f1ccbff07de73d""]",60764,True,ABSTAINED,False,False,False,0
v4_final_sphere_random_03,sphere_random,6,B2,,"[""b6a51f3c6920fd0dcd43"", ""3692587f02aa3ee98496"", ""5880e4791a47a55ec676"", ""1ec9ef8cc5a91ae83591"", ""cd17c5307ef4f2431569"", ""200f29f1ccbff07de73d""]",60764,True,ABSTAINED,False,False,False,0
v4_final_sphere_random_03,sphere_random,6,B3,,"[""b6a51f3c6920fd0dcd43"", ""3692587f02aa3ee98496"", ""5880e4791a47a55ec676"", ""1ec9ef8cc5a91ae83591"", ""cd17c5307ef4f2431569"", ""200f29f1ccbff07de73d""]",60764,True,ABSTAINED,False,False,False,0
v4_final_sphere_random_03,sphere_random,6,B4,,"[""b6a51f3c6920fd0dcd43"", ""3692587f02aa3ee98496"", ""5880e4791a47a55ec676"", ""1ec9ef8cc5a91ae83591"", ""cd17c5307ef4f2431569"", ""200f29f1ccbff07de73d""]",60764,True,ABSTAINED,False,False,False,0
v4_final_sphere_random_03,sphere_random,6,B4_normal,,"[""b6a51f3c6920fd0dcd43"", ""3692587f02aa3ee98496"", ""5880e4791a47a55ec676"", ""1ec9ef8cc5a91ae83591"", ""cd17c5307ef4f2431569"", ""200f29f1ccbff07de73d""]",60764,True,ABSTAINED,False,False,False,0
v4_final_sphere_random_03,sphere_random,6,B5,,"[""b6a51f3c6920fd0dcd43"", ""3692587f02aa3ee98496"", ""5880e4791a47a55ec676"", ""1ec9ef8cc5a91ae83591"", ""cd17c5307ef4f2431569"", ""200f29f1ccbff07de73d""]",60764,True,ABSTAINED,False,False,False,0
v4_final_sphere_random_04,sphere_random,1,B0,,"[""9bbacc2bf62d84c2da4c""]",9100,True,ABSTAINED,False,False,False,0
v4_final_sphere_random_04,sphere_random,1,B1,,"[""9bbacc2bf62d84c2da4c""]",9100,True,ABSTAINED,False,False,False,0
v4_final_sphere_random_04,sphere_random,1,B2,,"[""9bbacc2bf62d84c2da4c""]",9100,True,ABSTAINED,False,False,False,0
v4_final_sphere_random_04,sphere_random,1,B3,,"[""9bbacc2bf62d84c2da4c""]",9100,True,ABSTAINED,False,False,False,0
v4_final_sphere_random_04,sphere_random,1,B4,,"[""9bbacc2bf62d84c2da4c""]",9100,True,ABSTAINED,False,False,False,0
v4_final_sphere_random_04,sphere_random,1,B4_normal,,"[""9bbacc2bf62d84c2da4c""]",9100,True,ABSTAINED,False,False,False,0
v4_final_sphere_random_04,sphere_random,1,B5,,"[""9bbacc2bf62d84c2da4c""]",9100,True,ABSTAINED,False,False,False,0
v4_final_sphere_random_04,sphere_random,3,B0,,"[""9bbacc2bf62d84c2da4c"", ""8943c20ffdf8a44f8f57"", ""2d25ecd86b93b8759761""]",27300,True,ABSTAINED,False,False,False,0
v4_final_sphere_random_04,sphere_random,3,B1,,"[""9bbacc2bf62d84c2da4c"", ""8943c20ffdf8a44f8f57"", ""2d25ecd86b93b8759761""]",27300,True,ABSTAINED,False,False,False,0
v4_final_sphere_random_04,sphere_random,3,B2,,"[""9bbacc2bf62d84c2da4c"", ""8943c20ffdf8a44f8f57"", ""2d25ecd86b93b8759761""]",27300,True,ABSTAINED,False,False,False,0
v4_final_sphere_random_04,sphere_random,3,B3,,"[""9bbacc2bf62d84c2da4c"", ""8943c20ffdf8a44f8f57"", ""2d25ecd86b93b8759761""]",27300,True,ABSTAINED,False,False,False,0
v4_final_sphere_random_04,sphere_random,3,B4,,"[""9bbacc2bf62d84c2da4c"", ""8943c20ffdf8a44f8f57"", ""2d25ecd86b93b8759761""]",27300,True,ABSTAINED,False,False,False,0
v4_final_sphere_random_04,sphere_random,3,B4_normal,,"[""9bbacc2bf62d84c2da4c"", ""8943c20ffdf8a44f8f57"", ""2d25ecd86b93b8759761""]",27300,True,ABSTAINED,False,False,False,0
v4_final_sphere_random_04,sphere_random,3,B5,,"[""9bbacc2bf62d84c2da4c"", ""8943c20ffdf8a44f8f57"", ""2d25ecd86b93b8759761""]",27300,True,ABSTAINED,False,False,False,0
v4_final_sphere_random_04,sphere_random,6,B0,,"[""9bbacc2bf62d84c2da4c"", ""8943c20ffdf8a44f8f57"", ""2d25ecd86b93b8759761"", ""b7bbabb05f64346ab5c4"", ""5fadb98d988ea3c9c0cb"", ""f2fdbdb397f09184ced1""]",55470,True,ABSTAINED,False,False,False,0
v4_final_sphere_random_04,sphere_random,6,B1,,"[""9bbacc2bf62d84c2da4c"", ""8943c20ffdf8a44f8f57"", ""2d25ecd86b93b8759761"", ""b7bbabb05f64346ab5c4"", ""5fadb98d988ea3c9c0cb"", ""f2fdbdb397f09184ced1""]",55470,True,ABSTAINED,False,False,False,0
v4_final_sphere_random_04,sphere_random,6,B2,,"[""9bbacc2bf62d84c2da4c"", ""8943c20ffdf8a44f8f57"", ""2d25ecd86b93b8759761"", ""b7bbabb05f64346ab5c4"", ""5fadb98d988ea3c9c0cb"", ""f2fdbdb397f09184ced1""]",55470,True,ABSTAINED,False,False,False,0
v4_final_sphere_random_04,sphere_random,6,B3,,"[""9bbacc2bf62d84c2da4c"", ""8943c20ffdf8a44f8f57"", ""2d25ecd86b93b8759761"", ""b7bbabb05f64346ab5c4"", ""5fadb98d988ea3c9c0cb"", ""f2fdbdb397f09184ced1""]",55470,True,ABSTAINED,False,False,False,0
v4_final_sphere_random_04,sphere_random,6,B4,,"[""9bbacc2bf62d84c2da4c"", ""8943c20ffdf8a44f8f57"", ""2d25ecd86b93b8759761"", ""b7bbabb05f64346ab5c4"", ""5fadb98d988ea3c9c0cb"", ""f2fdbdb397f09184ced1""]",55470,True,ABSTAINED,False,False,False,0
v4_final_sphere_random_04,sphere_random,6,B4_normal,,"[""9bbacc2bf62d84c2da4c"", ""8943c20ffdf8a44f8f57"", ""2d25ecd86b93b8759761"", ""b7bbabb05f64346ab5c4"", ""5fadb98d988ea3c9c0cb"", ""f2fdbdb397f09184ced1""]",55470,True,ABSTAINED,False,False,False,0
v4_final_sphere_random_04,sphere_random,6,B5,,"[""9bbacc2bf62d84c2da4c"", ""8943c20ffdf8a44f8f57"", ""2d25ecd86b93b8759761"", ""b7bbabb05f64346ab5c4"", ""5fadb98d988ea3c9c0cb"", ""f2fdbdb397f09184ced1""]",55470,True,ABSTAINED,False,False,False,0
v4_final_sphere_random_05,sphere_random,1,B0,,"[""275297753d4d64cbcc0e""]",9970,True,ABSTAINED,False,False,False,0
v4_final_sphere_random_05,sphere_random,1,B1,,"[""275297753d4d64cbcc0e""]",9970,True,ABSTAINED,False,False,False,0
v4_final_sphere_random_05,sphere_random,1,B2,,"[""275297753d4d64cbcc0e""]",9970,True,ABSTAINED,False,False,False,0
v4_final_sphere_random_05,sphere_random,1,B3,,"[""275297753d4d64cbcc0e""]",9970,True,ABSTAINED,False,False,False,0
v4_final_sphere_random_05,sphere_random,1,B4,,"[""275297753d4d64cbcc0e""]",9970,True,ABSTAINED,False,False,False,0
v4_final_sphere_random_05,sphere_random,1,B4_normal,,"[""275297753d4d64cbcc0e""]",9970,True,ABSTAINED,False,False,False,0
v4_final_sphere_random_05,sphere_random,1,B5,,"[""275297753d4d64cbcc0e""]",9970,True,ABSTAINED,False,False,False,0
v4_final_sphere_random_05,sphere_random,3,B0,,"[""275297753d4d64cbcc0e"", ""3b094d345992739b094f"", ""8c081e33f3aa438b7484""]",32064,True,ABSTAINED,False,False,False,0
v4_final_sphere_random_05,sphere_random,3,B1,,"[""275297753d4d64cbcc0e"", ""3b094d345992739b094f"", ""8c081e33f3aa438b7484""]",32064,True,ABSTAINED,False,False,False,0
v4_final_sphere_random_05,sphere_random,3,B2,,"[""275297753d4d64cbcc0e"", ""3b094d345992739b094f"", ""8c081e33f3aa438b7484""]",32064,True,ABSTAINED,False,False,False,0
v4_final_sphere_random_05,sphere_random,3,B3,,"[""275297753d4d64cbcc0e"", ""3b094d345992739b094f"", ""8c081e33f3aa438b7484""]",32064,True,ABSTAINED,False,False,False,0
v4_final_sphere_random_05,sphere_random,3,B4,,"[""275297753d4d64cbcc0e"", ""3b094d345992739b094f"", ""8c081e33f3aa438b7484""]",32064,True,ABSTAINED,False,False,False,0
v4_final_sphere_random_05,sphere_random,3,B4_normal,,"[""275297753d4d64cbcc0e"", ""3b094d345992739b094f"", ""8c081e33f3aa438b7484""]",32064,True,ABSTAINED,False,False,False,0
v4_final_sphere_random_05,sphere_random,3,B5,,"[""275297753d4d64cbcc0e"", ""3b094d345992739b094f"", ""8c081e33f3aa438b7484""]",32064,True,ABSTAINED,False,False,False,0
v4_final_sphere_random_05,sphere_random,6,B0,,"[""275297753d4d64cbcc0e"", ""3b094d345992739b094f"", ""8c081e33f3aa438b7484"", ""fd3ed6f4142f2fd01673"", ""87ea2946eb85867f0581"", ""f601f81e73182b9bb572""]",63138,True,ABSTAINED,False,False,False,0
v4_final_sphere_random_05,sphere_random,6,B1,,"[""275297753d4d64cbcc0e"", ""3b094d345992739b094f"", ""8c081e33f3aa438b7484"", ""fd3ed6f4142f2fd01673"", ""87ea2946eb85867f0581"", ""f601f81e73182b9bb572""]",63138,True,ABSTAINED,False,False,False,0
v4_final_sphere_random_05,sphere_random,6,B2,,"[""275297753d4d64cbcc0e"", ""3b094d345992739b094f"", ""8c081e33f3aa438b7484"", ""fd3ed6f4142f2fd01673"", ""87ea2946eb85867f0581"", ""f601f81e73182b9bb572""]",63138,True,ABSTAINED,False,False,False,0
v4_final_sphere_random_05,sphere_random,6,B3,,"[""275297753d4d64cbcc0e"", ""3b094d345992739b094f"", ""8c081e33f3aa438b7484"", ""fd3ed6f4142f2fd01673"", ""87ea2946eb85867f0581"", ""f601f81e73182b9bb572""]",63138,True,ABSTAINED,False,False,False,0
v4_final_sphere_random_05,sphere_random,6,B4,,"[""275297753d4d64cbcc0e"", ""3b094d345992739b094f"", ""8c081e33f3aa438b7484"", ""fd3ed6f4142f2fd01673"", ""87ea2946eb85867f0581"", ""f601f81e73182b9bb572""]",63138,True,ABSTAINED,False,False,False,0
v4_final_sphere_random_05,sphere_random,6,B4_normal,,"[""275297753d4d64cbcc0e"", ""3b094d345992739b094f"", ""8c081e33f3aa438b7484"", ""fd3ed6f4142f2fd01673"", ""87ea2946eb85867f0581"", ""f601f81e73182b9bb572""]",63138,True,ABSTAINED,False,False,False,0
v4_final_sphere_random_05,sphere_random,6,B5,,"[""275297753d4d64cbcc0e"", ""3b094d345992739b094f"", ""8c081e33f3aa438b7484"", ""fd3ed6f4142f2fd01673"", ""87ea2946eb85867f0581"", ""f601f81e73182b9bb572""]",63138,True,ABSTAINED,False,False,False,0
v4_final_sphere_random_06,sphere_random,1,B0,,"[""ddc404dd126997080dea""]",9630,True,ABSTAINED,False,False,False,0
v4_final_sphere_random_06,sphere_random,1,B1,,"[""ddc404dd126997080dea""]",9630,True,ABSTAINED,False,False,False,0
v4_final_sphere_random_06,sphere_random,1,B2,,"[""ddc404dd126997080dea""]",9630,True,ABSTAINED,False,False,False,0
v4_final_sphere_random_06,sphere_random,1,B3,,"[""ddc404dd126997080dea""]",9630,True,ABSTAINED,False,False,False,0
v4_final_sphere_random_06,sphere_random,1,B4,,"[""ddc404dd126997080dea""]",9630,True,ABSTAINED,False,False,False,0
v4_final_sphere_random_06,sphere_random,1,B4_normal,,"[""ddc404dd126997080dea""]",9630,True,ABSTAINED,False,False,False,0
v4_final_sphere_random_06,sphere_random,1,B5,,"[""ddc404dd126997080dea""]",9630,True,ABSTAINED,False,False,False,0
v4_final_sphere_random_06,sphere_random,3,B0,,"[""ddc404dd126997080dea"", ""28527cdbcbc177faf33a"", ""94fb68cc3344a814bf1c""]",30854,True,ABSTAINED,False,False,False,0
v4_final_sphere_random_06,sphere_random,3,B1,,"[""ddc404dd126997080dea"", ""28527cdbcbc177faf33a"", ""94fb68cc3344a814bf1c""]",30854,True,ABSTAINED,False,False,False,0
v4_final_sphere_random_06,sphere_random,3,B2,,"[""ddc404dd126997080dea"", ""28527cdbcbc177faf33a"", ""94fb68cc3344a814bf1c""]",30854,True,ABSTAINED,False,False,False,0
v4_final_sphere_random_06,sphere_random,3,B3,,"[""ddc404dd126997080dea"", ""28527cdbcbc177faf33a"", ""94fb68cc3344a814bf1c""]",30854,True,ABSTAINED,False,False,False,0
v4_final_sphere_random_06,sphere_random,3,B4,,"[""ddc404dd126997080dea"", ""28527cdbcbc177faf33a"", ""94fb68cc3344a814bf1c""]",30854,True,ABSTAINED,False,False,False,0
v4_final_sphere_random_06,sphere_random,3,B4_normal,,"[""ddc404dd126997080dea"", ""28527cdbcbc177faf33a"", ""94fb68cc3344a814bf1c""]",30854,True,ABSTAINED,False,False,False,0
v4_final_sphere_random_06,sphere_random,3,B5,,"[""ddc404dd126997080dea"", ""28527cdbcbc177faf33a"", ""94fb68cc3344a814bf1c""]",30854,True,ABSTAINED,False,False,False,0
v4_final_sphere_random_06,sphere_random,6,B0,,"[""ddc404dd126997080dea"", ""28527cdbcbc177faf33a"", ""94fb68cc3344a814bf1c"", ""f15e91ca0d06ebef36a0"", ""d5d3fabe81f0a8d12231"", ""25b4bb3ef2340ada8165""]",67169,True,ABSTAINED,False,False,False,0
v4_final_sphere_random_06,sphere_random,6,B1,,"[""ddc404dd126997080dea"", ""28527cdbcbc177faf33a"", ""94fb68cc3344a814bf1c"", ""f15e91ca0d06ebef36a0"", ""d5d3fabe81f0a8d12231"", ""25b4bb3ef2340ada8165""]",67169,True,ABSTAINED,False,False,False,0
v4_final_sphere_random_06,sphere_random,6,B2,,"[""ddc404dd126997080dea"", ""28527cdbcbc177faf33a"", ""94fb68cc3344a814bf1c"", ""f15e91ca0d06ebef36a0"", ""d5d3fabe81f0a8d12231"", ""25b4bb3ef2340ada8165""]",67169,True,ABSTAINED,False,False,False,0
v4_final_sphere_random_06,sphere_random,6,B3,,"[""ddc404dd126997080dea"", ""28527cdbcbc177faf33a"", ""94fb68cc3344a814bf1c"", ""f15e91ca0d06ebef36a0"", ""d5d3fabe81f0a8d12231"", ""25b4bb3ef2340ada8165""]",67169,True,ABSTAINED,False,False,False,0
v4_final_sphere_random_06,sphere_random,6,B4,,"[""ddc404dd126997080dea"", ""28527cdbcbc177faf33a"", ""94fb68cc3344a814bf1c"", ""f15e91ca0d06ebef36a0"", ""d5d3fabe81f0a8d12231"", ""25b4bb3ef2340ada8165""]",67169,True,ABSTAINED,False,False,False,0
v4_final_sphere_random_06,sphere_random,6,B4_normal,,"[""ddc404dd126997080dea"", ""28527cdbcbc177faf33a"", ""94fb68cc3344a814bf1c"", ""f15e91ca0d06ebef36a0"", ""d5d3fabe81f0a8d12231"", ""25b4bb3ef2340ada8165""]",67169,True,ABSTAINED,False,False,False,0
v4_final_sphere_random_06,sphere_random,6,B5,,"[""ddc404dd126997080dea"", ""28527cdbcbc177faf33a"", ""94fb68cc3344a814bf1c"", ""f15e91ca0d06ebef36a0"", ""d5d3fabe81f0a8d12231"", ""25b4bb3ef2340ada8165""]",67169,True,ABSTAINED,False,False,False,0
v4_final_sphere_random_07,sphere_random,1,B0,,"[""f96fff67528bfce60cac""]",9630,True,ABSTAINED,False,False,False,0
v4_final_sphere_random_07,sphere_random,1,B1,,"[""f96fff67528bfce60cac""]",9630,True,ABSTAINED,False,False,False,0
v4_final_sphere_random_07,sphere_random,1,B2,,"[""f96fff67528bfce60cac""]",9630,True,ABSTAINED,False,False,False,0
v4_final_sphere_random_07,sphere_random,1,B3,,"[""f96fff67528bfce60cac""]",9630,True,ABSTAINED,False,False,False,0
v4_final_sphere_random_07,sphere_random,1,B4,,"[""f96fff67528bfce60cac""]",9630,True,ABSTAINED,False,False,False,0
v4_final_sphere_random_07,sphere_random,1,B4_normal,,"[""f96fff67528bfce60cac""]",9630,True,ABSTAINED,False,False,False,0
v4_final_sphere_random_07,sphere_random,1,B5,,"[""f96fff67528bfce60cac""]",9630,True,ABSTAINED,False,False,False,0
v4_final_sphere_random_07,sphere_random,3,B0,,"[""f96fff67528bfce60cac"", ""20327537e12ca6264b7f"", ""2cd92149b99802510008""]",31724,True,ABSTAINED,False,False,False,0
v4_final_sphere_random_07,sphere_random,3,B1,,"[""f96fff67528bfce60cac"", ""20327537e12ca6264b7f"", ""2cd92149b99802510008""]",31724,True,ABSTAINED,False,False,False,0
v4_final_sphere_random_07,sphere_random,3,B2,,"[""f96fff67528bfce60cac"", ""20327537e12ca6264b7f"", ""2cd92149b99802510008""]",31724,True,ABSTAINED,False,False,False,0
v4_final_sphere_random_07,sphere_random,3,B3,,"[""f96fff67528bfce60cac"", ""20327537e12ca6264b7f"", ""2cd92149b99802510008""]",31724,True,ABSTAINED,False,False,False,0
v4_final_sphere_random_07,sphere_random,3,B4,,"[""f96fff67528bfce60cac"", ""20327537e12ca6264b7f"", ""2cd92149b99802510008""]",31724,True,ABSTAINED,False,False,False,0
v4_final_sphere_random_07,sphere_random,3,B4_normal,,"[""f96fff67528bfce60cac"", ""20327537e12ca6264b7f"", ""2cd92149b99802510008""]",31724,True,ABSTAINED,False,False,False,0
v4_final_sphere_random_07,sphere_random,3,B5,,"[""f96fff67528bfce60cac"", ""20327537e12ca6264b7f"", ""2cd92149b99802510008""]",31724,True,ABSTAINED,False,False,False,0
v4_final_sphere_random_07,sphere_random,6,B0,,"[""f96fff67528bfce60cac"", ""20327537e12ca6264b7f"", ""2cd92149b99802510008"", ""2f6cc63629c66e639d44"", ""c23997e777fa89b1f404"", ""2b5a7336879e5c2c0a4e""]",64795,True,ABSTAINED,False,False,False,0
v4_final_sphere_random_07,sphere_random,6,B1,,"[""f96fff67528bfce60cac"", ""20327537e12ca6264b7f"", ""2cd92149b99802510008"", ""2f6cc63629c66e639d44"", ""c23997e777fa89b1f404"", ""2b5a7336879e5c2c0a4e""]",64795,True,ABSTAINED,False,False,False,0
v4_final_sphere_random_07,sphere_random,6,B2,,"[""f96fff67528bfce60cac"", ""20327537e12ca6264b7f"", ""2cd92149b99802510008"", ""2f6cc63629c66e639d44"", ""c23997e777fa89b1f404"", ""2b5a7336879e5c2c0a4e""]",64795,True,ABSTAINED,False,False,False,0
v4_final_sphere_random_07,sphere_random,6,B3,,"[""f96fff67528bfce60cac"", ""20327537e12ca6264b7f"", ""2cd92149b99802510008"", ""2f6cc63629c66e639d44"", ""c23997e777fa89b1f404"", ""2b5a7336879e5c2c0a4e""]",64795,True,ABSTAINED,False,False,False,0
v4_final_sphere_random_07,sphere_random,6,B4,,"[""f96fff67528bfce60cac"", ""20327537e12ca6264b7f"", ""2cd92149b99802510008"", ""2f6cc63629c66e639d44"", ""c23997e777fa89b1f404"", ""2b5a7336879e5c2c0a4e""]",64795,True,ABSTAINED,False,False,False,0
v4_final_sphere_random_07,sphere_random,6,B4_normal,,"[""f96fff67528bfce60cac"", ""20327537e12ca6264b7f"", ""2cd92149b99802510008"", ""2f6cc63629c66e639d44"", ""c23997e777fa89b1f404"", ""2b5a7336879e5c2c0a4e""]",64795,True,ABSTAINED,False,False,False,0
v4_final_sphere_random_07,sphere_random,6,B5,,"[""f96fff67528bfce60cac"", ""20327537e12ca6264b7f"", ""2cd92149b99802510008"", ""2f6cc63629c66e639d44"", ""c23997e777fa89b1f404"", ""2b5a7336879e5c2c0a4e""]",64795,True,ABSTAINED,False,False,False,0
v4_final_sphere_random_08,sphere_random,1,B0,,"[""17b60b485ee0e4f6ab91""]",9970,True,ABSTAINED,False,False,False,0
v4_final_sphere_random_08,sphere_random,1,B1,,"[""17b60b485ee0e4f6ab91""]",9970,True,ABSTAINED,False,False,False,0
v4_final_sphere_random_08,sphere_random,1,B2,,"[""17b60b485ee0e4f6ab91""]",9970,True,ABSTAINED,False,False,False,0
v4_final_sphere_random_08,sphere_random,1,B3,,"[""17b60b485ee0e4f6ab91""]",9970,True,ABSTAINED,False,False,False,0
v4_final_sphere_random_08,sphere_random,1,B4,,"[""17b60b485ee0e4f6ab91""]",9970,True,ABSTAINED,False,False,False,0
v4_final_sphere_random_08,sphere_random,1,B4_normal,,"[""17b60b485ee0e4f6ab91""]",9970,True,ABSTAINED,False,False,False,0
v4_final_sphere_random_08,sphere_random,1,B5,,"[""17b60b485ee0e4f6ab91""]",9970,True,ABSTAINED,False,False,False,0
v4_final_sphere_random_08,sphere_random,3,B0,,"[""17b60b485ee0e4f6ab91"", ""d0e60838de3c81742721"", ""c3d73e0710104aa21c6b""]",29570,True,ABSTAINED,False,False,False,0
v4_final_sphere_random_08,sphere_random,3,B1,,"[""17b60b485ee0e4f6ab91"", ""d0e60838de3c81742721"", ""c3d73e0710104aa21c6b""]",29570,True,ABSTAINED,False,False,False,0
v4_final_sphere_random_08,sphere_random,3,B2,,"[""17b60b485ee0e4f6ab91"", ""d0e60838de3c81742721"", ""c3d73e0710104aa21c6b""]",29570,True,ABSTAINED,False,False,False,0
v4_final_sphere_random_08,sphere_random,3,B3,,"[""17b60b485ee0e4f6ab91"", ""d0e60838de3c81742721"", ""c3d73e0710104aa21c6b""]",29570,True,ABSTAINED,False,False,False,0
v4_final_sphere_random_08,sphere_random,3,B4,,"[""17b60b485ee0e4f6ab91"", ""d0e60838de3c81742721"", ""c3d73e0710104aa21c6b""]",29570,True,ABSTAINED,False,False,False,0
v4_final_sphere_random_08,sphere_random,3,B4_normal,,"[""17b60b485ee0e4f6ab91"", ""d0e60838de3c81742721"", ""c3d73e0710104aa21c6b""]",29570,True,ABSTAINED,False,False,False,0
v4_final_sphere_random_08,sphere_random,3,B5,,"[""17b60b485ee0e4f6ab91"", ""d0e60838de3c81742721"", ""c3d73e0710104aa21c6b""]",29570,True,ABSTAINED,False,False,False,0
v4_final_sphere_random_08,sphere_random,6,B0,,"[""17b60b485ee0e4f6ab91"", ""d0e60838de3c81742721"", ""c3d73e0710104aa21c6b"", ""b29f6e86c94afd9db0eb"", ""98323346844926157a3b"", ""f226f35bbdeac4b30c62""]",60764,True,ABSTAINED,False,False,False,0
v4_final_sphere_random_08,sphere_random,6,B1,,"[""17b60b485ee0e4f6ab91"", ""d0e60838de3c81742721"", ""c3d73e0710104aa21c6b"", ""b29f6e86c94afd9db0eb"", ""98323346844926157a3b"", ""f226f35bbdeac4b30c62""]",60764,True,ABSTAINED,False,False,False,0
v4_final_sphere_random_08,sphere_random,6,B2,,"[""17b60b485ee0e4f6ab91"", ""d0e60838de3c81742721"", ""c3d73e0710104aa21c6b"", ""b29f6e86c94afd9db0eb"", ""98323346844926157a3b"", ""f226f35bbdeac4b30c62""]",60764,True,ABSTAINED,False,False,False,0
v4_final_sphere_random_08,sphere_random,6,B3,,"[""17b60b485ee0e4f6ab91"", ""d0e60838de3c81742721"", ""c3d73e0710104aa21c6b"", ""b29f6e86c94afd9db0eb"", ""98323346844926157a3b"", ""f226f35bbdeac4b30c62""]",60764,True,ABSTAINED,False,False,False,0
v4_final_sphere_random_08,sphere_random,6,B4,,"[""17b60b485ee0e4f6ab91"", ""d0e60838de3c81742721"", ""c3d73e0710104aa21c6b"", ""b29f6e86c94afd9db0eb"", ""98323346844926157a3b"", ""f226f35bbdeac4b30c62""]",60764,True,ABSTAINED,False,False,False,0
v4_final_sphere_random_08,sphere_random,6,B4_normal,,"[""17b60b485ee0e4f6ab91"", ""d0e60838de3c81742721"", ""c3d73e0710104aa21c6b"", ""b29f6e86c94afd9db0eb"", ""98323346844926157a3b"", ""f226f35bbdeac4b30c62""]",60764,True,ABSTAINED,False,False,False,0
v4_final_sphere_random_08,sphere_random,6,B5,,"[""17b60b485ee0e4f6ab91"", ""d0e60838de3c81742721"", ""c3d73e0710104aa21c6b"", ""b29f6e86c94afd9db0eb"", ""98323346844926157a3b"", ""f226f35bbdeac4b30c62""]",60764,True,ABSTAINED,False,False,False,0
v4_final_sphere_random_09,sphere_random,1,B0,,"[""e6030373d433b5b048e4""]",9100,True,ABSTAINED,False,False,False,0
v4_final_sphere_random_09,sphere_random,1,B1,,"[""e6030373d433b5b048e4""]",9100,True,ABSTAINED,False,False,False,0
v4_final_sphere_random_09,sphere_random,1,B2,,"[""e6030373d433b5b048e4""]",9100,True,ABSTAINED,False,False,False,0
v4_final_sphere_random_09,sphere_random,1,B3,,"[""e6030373d433b5b048e4""]",9100,True,ABSTAINED,False,False,False,0
v4_final_sphere_random_09,sphere_random,1,B4,,"[""e6030373d433b5b048e4""]",9100,True,ABSTAINED,False,False,False,0
v4_final_sphere_random_09,sphere_random,1,B4_normal,,"[""e6030373d433b5b048e4""]",9100,True,ABSTAINED,False,False,False,0
v4_final_sphere_random_09,sphere_random,1,B5,,"[""e6030373d433b5b048e4""]",9100,True,ABSTAINED,False,False,False,0
v4_final_sphere_random_09,sphere_random,3,B0,,"[""e6030373d433b5b048e4"", ""391dfcf648175e62bc7a"", ""1f278780359a1cc7b4c2""]",40842,True,ABSTAINED,False,False,True,1
v4_final_sphere_random_09,sphere_random,3,B1,,"[""e6030373d433b5b048e4"", ""391dfcf648175e62bc7a"", ""1f278780359a1cc7b4c2""]",40842,True,ABSTAINED,False,False,True,1
v4_final_sphere_random_09,sphere_random,3,B2,,"[""e6030373d433b5b048e4"", ""391dfcf648175e62bc7a"", ""1f278780359a1cc7b4c2""]",40842,True,ABSTAINED,False,False,True,1
v4_final_sphere_random_09,sphere_random,3,B3,,"[""e6030373d433b5b048e4"", ""391dfcf648175e62bc7a"", ""1f278780359a1cc7b4c2""]",40842,True,ABSTAINED,False,False,True,1
v4_final_sphere_random_09,sphere_random,3,B4,,"[""e6030373d433b5b048e4"", ""391dfcf648175e62bc7a"", ""1f278780359a1cc7b4c2""]",40842,True,ABSTAINED,False,False,True,1
v4_final_sphere_random_09,sphere_random,3,B4_normal,,"[""e6030373d433b5b048e4"", ""391dfcf648175e62bc7a"", ""1f278780359a1cc7b4c2""]",40842,True,ABSTAINED,False,False,True,1
v4_final_sphere_random_09,sphere_random,3,B5,,"[""e6030373d433b5b048e4"", ""391dfcf648175e62bc7a"", ""1f278780359a1cc7b4c2""]",40842,True,ABSTAINED,False,False,True,1
v4_final_sphere_random_09,sphere_random,6,B0,,"[""e6030373d433b5b048e4"", ""391dfcf648175e62bc7a"", ""1f278780359a1cc7b4c2"", ""08fca00447303890310d"", ""66477e097540e0a7e0f1"", ""a937fba992b7d65749cb""]",68142,True,ABSTAINED,False,False,True,1
v4_final_sphere_random_09,sphere_random,6,B1,,"[""e6030373d433b5b048e4"", ""391dfcf648175e62bc7a"", ""1f278780359a1cc7b4c2"", ""08fca00447303890310d"", ""66477e097540e0a7e0f1"", ""a937fba992b7d65749cb""]",68142,True,ABSTAINED,False,False,True,1
v4_final_sphere_random_09,sphere_random,6,B2,,"[""e6030373d433b5b048e4"", ""391dfcf648175e62bc7a"", ""1f278780359a1cc7b4c2"", ""08fca00447303890310d"", ""66477e097540e0a7e0f1"", ""a937fba992b7d65749cb""]",68142,True,ABSTAINED,False,False,True,1
v4_final_sphere_random_09,sphere_random,6,B3,,"[""e6030373d433b5b048e4"", ""391dfcf648175e62bc7a"", ""1f278780359a1cc7b4c2"", ""08fca00447303890310d"", ""66477e097540e0a7e0f1"", ""a937fba992b7d65749cb""]",68142,True,ABSTAINED,False,False,True,1
v4_final_sphere_random_09,sphere_random,6,B4,,"[""e6030373d433b5b048e4"", ""391dfcf648175e62bc7a"", ""1f278780359a1cc7b4c2"", ""08fca00447303890310d"", ""66477e097540e0a7e0f1"", ""a937fba992b7d65749cb""]",68142,True,ABSTAINED,False,False,True,1
v4_final_sphere_random_09,sphere_random,6,B4_normal,,"[""e6030373d433b5b048e4"", ""391dfcf648175e62bc7a"", ""1f278780359a1cc7b4c2"", ""08fca00447303890310d"", ""66477e097540e0a7e0f1"", ""a937fba992b7d65749cb""]",68142,True,ABSTAINED,False,False,True,1
v4_final_sphere_random_09,sphere_random,6,B5,,"[""e6030373d433b5b048e4"", ""391dfcf648175e62bc7a"", ""1f278780359a1cc7b4c2"", ""08fca00447303890310d"", ""66477e097540e0a7e0f1"", ""a937fba992b7d65749cb""]",68142,True,ABSTAINED,False,False,True,1
v4_final_sphere_random_10,sphere_random,1,B0,,"[""bbea44368f0a17eeeab6""]",16871,True,ABSTAINED,False,False,False,0
v4_final_sphere_random_10,sphere_random,1,B1,,"[""bbea44368f0a17eeeab6""]",16871,True,ABSTAINED,False,False,False,0
v4_final_sphere_random_10,sphere_random,1,B2,,"[""bbea44368f0a17eeeab6""]",16871,True,ABSTAINED,False,False,False,0
v4_final_sphere_random_10,sphere_random,1,B3,,"[""bbea44368f0a17eeeab6""]",16871,True,ABSTAINED,False,False,False,0
v4_final_sphere_random_10,sphere_random,1,B4,,"[""bbea44368f0a17eeeab6""]",16871,True,ABSTAINED,False,False,False,0
v4_final_sphere_random_10,sphere_random,1,B4_normal,,"[""bbea44368f0a17eeeab6""]",16871,True,ABSTAINED,False,False,False,0
v4_final_sphere_random_10,sphere_random,1,B5,,"[""bbea44368f0a17eeeab6""]",16871,True,ABSTAINED,False,False,False,0
v4_final_sphere_random_10,sphere_random,3,B0,,"[""bbea44368f0a17eeeab6"", ""cad18cc3bc10baba413d"", ""d01ac526d1e3bb9fa324""]",35071,True,ABSTAINED,False,False,False,0
v4_final_sphere_random_10,sphere_random,3,B1,,"[""bbea44368f0a17eeeab6"", ""cad18cc3bc10baba413d"", ""d01ac526d1e3bb9fa324""]",35071,True,ABSTAINED,False,False,False,0
v4_final_sphere_random_10,sphere_random,3,B2,,"[""bbea44368f0a17eeeab6"", ""cad18cc3bc10baba413d"", ""d01ac526d1e3bb9fa324""]",35071,True,ABSTAINED,False,False,False,0
v4_final_sphere_random_10,sphere_random,3,B3,,"[""bbea44368f0a17eeeab6"", ""cad18cc3bc10baba413d"", ""d01ac526d1e3bb9fa324""]",35071,True,ABSTAINED,False,False,False,0
v4_final_sphere_random_10,sphere_random,3,B4,,"[""bbea44368f0a17eeeab6"", ""cad18cc3bc10baba413d"", ""d01ac526d1e3bb9fa324""]",35071,True,ABSTAINED,False,False,False,0
v4_final_sphere_random_10,sphere_random,3,B4_normal,,"[""bbea44368f0a17eeeab6"", ""cad18cc3bc10baba413d"", ""d01ac526d1e3bb9fa324""]",35071,True,ABSTAINED,False,False,False,0
v4_final_sphere_random_10,sphere_random,3,B5,,"[""bbea44368f0a17eeeab6"", ""cad18cc3bc10baba413d"", ""d01ac526d1e3bb9fa324""]",35071,True,ABSTAINED,False,False,False,0
v4_final_sphere_random_10,sphere_random,6,B0,,"[""bbea44368f0a17eeeab6"", ""cad18cc3bc10baba413d"", ""d01ac526d1e3bb9fa324"", ""a0f3b078a7fed1ad1571"", ""4931b38409fdf05637d4"", ""8b258c98d4331b35528a""]",68142,True,ABSTAINED,False,False,False,0
v4_final_sphere_random_10,sphere_random,6,B1,,"[""bbea44368f0a17eeeab6"", ""cad18cc3bc10baba413d"", ""d01ac526d1e3bb9fa324"", ""a0f3b078a7fed1ad1571"", ""4931b38409fdf05637d4"", ""8b258c98d4331b35528a""]",68142,True,ABSTAINED,False,False,False,0
v4_final_sphere_random_10,sphere_random,6,B2,,"[""bbea44368f0a17eeeab6"", ""cad18cc3bc10baba413d"", ""d01ac526d1e3bb9fa324"", ""a0f3b078a7fed1ad1571"", ""4931b38409fdf05637d4"", ""8b258c98d4331b35528a""]",68142,True,ABSTAINED,False,False,False,0
v4_final_sphere_random_10,sphere_random,6,B3,,"[""bbea44368f0a17eeeab6"", ""cad18cc3bc10baba413d"", ""d01ac526d1e3bb9fa324"", ""a0f3b078a7fed1ad1571"", ""4931b38409fdf05637d4"", ""8b258c98d4331b35528a""]",68142,True,ABSTAINED,False,False,False,0
v4_final_sphere_random_10,sphere_random,6,B4,,"[""bbea44368f0a17eeeab6"", ""cad18cc3bc10baba413d"", ""d01ac526d1e3bb9fa324"", ""a0f3b078a7fed1ad1571"", ""4931b38409fdf05637d4"", ""8b258c98d4331b35528a""]",68142,True,ABSTAINED,False,False,False,0
v4_final_sphere_random_10,sphere_random,6,B4_normal,,"[""bbea44368f0a17eeeab6"", ""cad18cc3bc10baba413d"", ""d01ac526d1e3bb9fa324"", ""a0f3b078a7fed1ad1571"", ""4931b38409fdf05637d4"", ""8b258c98d4331b35528a""]",68142,True,ABSTAINED,False,False,False,0
v4_final_sphere_random_10,sphere_random,6,B5,,"[""bbea44368f0a17eeeab6"", ""cad18cc3bc10baba413d"", ""d01ac526d1e3bb9fa324"", ""a0f3b078a7fed1ad1571"", ""4931b38409fdf05637d4"", ""8b258c98d4331b35528a""]",68142,True,ABSTAINED,False,False,False,0
v4_final_sphere_random_11,sphere_random,1,B0,,"[""1c850f73155b519d34c7""]",16871,True,ABSTAINED,False,False,False,0
v4_final_sphere_random_11,sphere_random,1,B1,,"[""1c850f73155b519d34c7""]",16871,True,ABSTAINED,False,False,False,0
v4_final_sphere_random_11,sphere_random,1,B2,,"[""1c850f73155b519d34c7""]",16871,True,ABSTAINED,False,False,False,0
v4_final_sphere_random_11,sphere_random,1,B3,,"[""1c850f73155b519d34c7""]",16871,True,ABSTAINED,False,False,False,0
v4_final_sphere_random_11,sphere_random,1,B4,,"[""1c850f73155b519d34c7""]",16871,True,ABSTAINED,False,False,False,0
v4_final_sphere_random_11,sphere_random,1,B4_normal,,"[""1c850f73155b519d34c7""]",16871,True,ABSTAINED,False,False,False,0
v4_final_sphere_random_11,sphere_random,1,B5,,"[""1c850f73155b519d34c7""]",16871,True,ABSTAINED,False,False,False,0
v4_final_sphere_random_11,sphere_random,3,B0,,"[""1c850f73155b519d34c7"", ""df9df6ff5b694dc52ad1"", ""19e2a95c28146f9f3f0f""]",40842,True,ABSTAINED,False,False,False,0
v4_final_sphere_random_11,sphere_random,3,B1,,"[""1c850f73155b519d34c7"", ""df9df6ff5b694dc52ad1"", ""19e2a95c28146f9f3f0f""]",40842,True,ABSTAINED,False,False,False,0
v4_final_sphere_random_11,sphere_random,3,B2,,"[""1c850f73155b519d34c7"", ""df9df6ff5b694dc52ad1"", ""19e2a95c28146f9f3f0f""]",40842,True,ABSTAINED,False,False,False,0
v4_final_sphere_random_11,sphere_random,3,B3,,"[""1c850f73155b519d34c7"", ""df9df6ff5b694dc52ad1"", ""19e2a95c28146f9f3f0f""]",40842,True,ABSTAINED,False,False,False,0
v4_final_sphere_random_11,sphere_random,3,B4,,"[""1c850f73155b519d34c7"", ""df9df6ff5b694dc52ad1"", ""19e2a95c28146f9f3f0f""]",40842,True,ABSTAINED,False,False,False,0
v4_final_sphere_random_11,sphere_random,3,B4_normal,,"[""1c850f73155b519d34c7"", ""df9df6ff5b694dc52ad1"", ""19e2a95c28146f9f3f0f""]",40842,True,ABSTAINED,False,False,False,0
v4_final_sphere_random_11,sphere_random,3,B5,,"[""1c850f73155b519d34c7"", ""df9df6ff5b694dc52ad1"", ""19e2a95c28146f9f3f0f""]",40842,True,ABSTAINED,False,False,False,0
v4_final_sphere_random_11,sphere_random,6,B0,,"[""1c850f73155b519d34c7"", ""df9df6ff5b694dc52ad1"", ""19e2a95c28146f9f3f0f"", ""da92fa6caade67ecd7f5"", ""24a983bae87c1f1cba7f"", ""4b9c311047874c6ae203""]",68142,True,ABSTAINED,False,False,False,0
v4_final_sphere_random_11,sphere_random,6,B1,,"[""1c850f73155b519d34c7"", ""df9df6ff5b694dc52ad1"", ""19e2a95c28146f9f3f0f"", ""da92fa6caade67ecd7f5"", ""24a983bae87c1f1cba7f"", ""4b9c311047874c6ae203""]",68142,True,ABSTAINED,False,False,False,0
v4_final_sphere_random_11,sphere_random,6,B2,,"[""1c850f73155b519d34c7"", ""df9df6ff5b694dc52ad1"", ""19e2a95c28146f9f3f0f"", ""da92fa6caade67ecd7f5"", ""24a983bae87c1f1cba7f"", ""4b9c311047874c6ae203""]",68142,True,ABSTAINED,False,False,False,0
v4_final_sphere_random_11,sphere_random,6,B3,,"[""1c850f73155b519d34c7"", ""df9df6ff5b694dc52ad1"", ""19e2a95c28146f9f3f0f"", ""da92fa6caade67ecd7f5"", ""24a983bae87c1f1cba7f"", ""4b9c311047874c6ae203""]",68142,True,ABSTAINED,False,False,False,0
v4_final_sphere_random_11,sphere_random,6,B4,,"[""1c850f73155b519d34c7"", ""df9df6ff5b694dc52ad1"", ""19e2a95c28146f9f3f0f"", ""da92fa6caade67ecd7f5"", ""24a983bae87c1f1cba7f"", ""4b9c311047874c6ae203""]",68142,True,ABSTAINED,False,False,False,0
v4_final_sphere_random_11,sphere_random,6,B4_normal,,"[""1c850f73155b519d34c7"", ""df9df6ff5b694dc52ad1"", ""19e2a95c28146f9f3f0f"", ""da92fa6caade67ecd7f5"", ""24a983bae87c1f1cba7f"", ""4b9c311047874c6ae203""]",68142,True,ABSTAINED,False,False,False,0
v4_final_sphere_random_11,sphere_random,6,B5,,"[""1c850f73155b519d34c7"", ""df9df6ff5b694dc52ad1"", ""19e2a95c28146f9f3f0f"", ""da92fa6caade67ecd7f5"", ""24a983bae87c1f1cba7f"", ""4b9c311047874c6ae203""]",68142,True,ABSTAINED,False,False,False,0
v4_final_sphere_random_12,sphere_random,1,B0,,"[""f02a4736077c5dfcb9d0""]",12532,True,ABSTAINED,False,False,False,0
v4_final_sphere_random_12,sphere_random,1,B1,,"[""f02a4736077c5dfcb9d0""]",12532,True,ABSTAINED,False,False,False,0
v4_final_sphere_random_12,sphere_random,1,B2,,"[""f02a4736077c5dfcb9d0""]",12532,True,ABSTAINED,False,False,False,0
v4_final_sphere_random_12,sphere_random,1,B3,,"[""f02a4736077c5dfcb9d0""]",12532,True,ABSTAINED,False,False,False,0
v4_final_sphere_random_12,sphere_random,1,B4,,"[""f02a4736077c5dfcb9d0""]",12532,True,ABSTAINED,False,False,False,0
v4_final_sphere_random_12,sphere_random,1,B4_normal,,"[""f02a4736077c5dfcb9d0""]",12532,True,ABSTAINED,False,False,False,0
v4_final_sphere_random_12,sphere_random,1,B5,,"[""f02a4736077c5dfcb9d0""]",12532,True,ABSTAINED,False,False,False,0
v4_final_sphere_random_12,sphere_random,3,B0,,"[""f02a4736077c5dfcb9d0"", ""de5e309732652bf483a4"", ""7ae2e2de137d15e6a407""]",37415,True,ABSTAINED,False,False,True,1
v4_final_sphere_random_12,sphere_random,3,B1,,"[""f02a4736077c5dfcb9d0"", ""de5e309732652bf483a4"", ""7ae2e2de137d15e6a407""]",37415,True,ABSTAINED,False,False,True,1
v4_final_sphere_random_12,sphere_random,3,B2,,"[""f02a4736077c5dfcb9d0"", ""de5e309732652bf483a4"", ""7ae2e2de137d15e6a407""]",37415,True,ABSTAINED,False,False,True,1
v4_final_sphere_random_12,sphere_random,3,B3,,"[""f02a4736077c5dfcb9d0"", ""de5e309732652bf483a4"", ""7ae2e2de137d15e6a407""]",37415,True,ABSTAINED,False,False,True,1
v4_final_sphere_random_12,sphere_random,3,B4,,"[""f02a4736077c5dfcb9d0"", ""de5e309732652bf483a4"", ""7ae2e2de137d15e6a407""]",37415,True,ABSTAINED,False,False,True,1
v4_final_sphere_random_12,sphere_random,3,B4_normal,,"[""f02a4736077c5dfcb9d0"", ""de5e309732652bf483a4"", ""7ae2e2de137d15e6a407""]",37415,True,ABSTAINED,False,False,True,1
v4_final_sphere_random_12,sphere_random,3,B5,,"[""f02a4736077c5dfcb9d0"", ""de5e309732652bf483a4"", ""7ae2e2de137d15e6a407""]",37415,True,ABSTAINED,False,False,True,1
v4_final_sphere_random_12,sphere_random,6,B0,,"[""f02a4736077c5dfcb9d0"", ""de5e309732652bf483a4"", ""7ae2e2de137d15e6a407"", ""ea64f40d85ad5629215f"", ""8403df8509586f124289"", ""7a8c0cfb40fc60976c56""]",67739,True,ABSTAINED,False,False,True,1
v4_final_sphere_random_12,sphere_random,6,B1,,"[""f02a4736077c5dfcb9d0"", ""de5e309732652bf483a4"", ""7ae2e2de137d15e6a407"", ""ea64f40d85ad5629215f"", ""8403df8509586f124289"", ""7a8c0cfb40fc60976c56""]",67739,True,ABSTAINED,False,False,True,1
v4_final_sphere_random_12,sphere_random,6,B2,,"[""f02a4736077c5dfcb9d0"", ""de5e309732652bf483a4"", ""7ae2e2de137d15e6a407"", ""ea64f40d85ad5629215f"", ""8403df8509586f124289"", ""7a8c0cfb40fc60976c56""]",67739,True,ABSTAINED,False,False,True,1
v4_final_sphere_random_12,sphere_random,6,B3,,"[""f02a4736077c5dfcb9d0"", ""de5e309732652bf483a4"", ""7ae2e2de137d15e6a407"", ""ea64f40d85ad5629215f"", ""8403df8509586f124289"", ""7a8c0cfb40fc60976c56""]",67739,True,ABSTAINED,False,False,True,1
v4_final_sphere_random_12,sphere_random,6,B4,,"[""f02a4736077c5dfcb9d0"", ""de5e309732652bf483a4"", ""7ae2e2de137d15e6a407"", ""ea64f40d85ad5629215f"", ""8403df8509586f124289"", ""7a8c0cfb40fc60976c56""]",67739,True,ABSTAINED,False,False,True,1
v4_final_sphere_random_12,sphere_random,6,B4_normal,,"[""f02a4736077c5dfcb9d0"", ""de5e309732652bf483a4"", ""7ae2e2de137d15e6a407"", ""ea64f40d85ad5629215f"", ""8403df8509586f124289"", ""7a8c0cfb40fc60976c56""]",67739,True,ABSTAINED,False,False,True,1
v4_final_sphere_random_12,sphere_random,6,B5,,"[""f02a4736077c5dfcb9d0"", ""de5e309732652bf483a4"", ""7ae2e2de137d15e6a407"", ""ea64f40d85ad5629215f"", ""8403df8509586f124289"", ""7a8c0cfb40fc60976c56""]",67739,True,ABSTAINED,False,False,True,1
v4_final_sphere_random_13,sphere_random,1,B0,,"[""dea658c01566e8ef3000""]",9100,True,ABSTAINED,False,False,False,0
v4_final_sphere_random_13,sphere_random,1,B1,,"[""dea658c01566e8ef3000""]",9100,True,ABSTAINED,False,False,False,0
v4_final_sphere_random_13,sphere_random,1,B2,,"[""dea658c01566e8ef3000""]",9100,True,ABSTAINED,False,False,False,0
v4_final_sphere_random_13,sphere_random,1,B3,,"[""dea658c01566e8ef3000""]",9100,True,ABSTAINED,False,False,False,0
v4_final_sphere_random_13,sphere_random,1,B4,,"[""dea658c01566e8ef3000""]",9100,True,ABSTAINED,False,False,False,0
v4_final_sphere_random_13,sphere_random,1,B4_normal,,"[""dea658c01566e8ef3000""]",9100,True,ABSTAINED,False,False,False,0
v4_final_sphere_random_13,sphere_random,1,B5,,"[""dea658c01566e8ef3000""]",9100,True,ABSTAINED,False,False,False,0
v4_final_sphere_random_13,sphere_random,3,B0,,"[""dea658c01566e8ef3000"", ""e0224a4fc7262d5c60f1"", ""2f5d49b2a46904a77bfa""]",33071,True,ABSTAINED,False,False,True,1
v4_final_sphere_random_13,sphere_random,3,B1,,"[""dea658c01566e8ef3000"", ""e0224a4fc7262d5c60f1"", ""2f5d49b2a46904a77bfa""]",33071,True,ABSTAINED,False,False,True,1
v4_final_sphere_random_13,sphere_random,3,B2,,"[""dea658c01566e8ef3000"", ""e0224a4fc7262d5c60f1"", ""2f5d49b2a46904a77bfa""]",33071,True,ABSTAINED,False,False,True,1
v4_final_sphere_random_13,sphere_random,3,B3,,"[""dea658c01566e8ef3000"", ""e0224a4fc7262d5c60f1"", ""2f5d49b2a46904a77bfa""]",33071,True,ABSTAINED,False,False,True,1
v4_final_sphere_random_13,sphere_random,3,B4,,"[""dea658c01566e8ef3000"", ""e0224a4fc7262d5c60f1"", ""2f5d49b2a46904a77bfa""]",33071,True,ABSTAINED,False,False,True,1
v4_final_sphere_random_13,sphere_random,3,B4_normal,,"[""dea658c01566e8ef3000"", ""e0224a4fc7262d5c60f1"", ""2f5d49b2a46904a77bfa""]",33071,True,ABSTAINED,False,False,True,1
v4_final_sphere_random_13,sphere_random,3,B5,,"[""dea658c01566e8ef3000"", ""e0224a4fc7262d5c60f1"", ""2f5d49b2a46904a77bfa""]",33071,True,ABSTAINED,False,False,True,1
v4_final_sphere_random_13,sphere_random,6,B0,fd06dbc41889a2fe4cde,"[""dea658c01566e8ef3000"", ""e0224a4fc7262d5c60f1"", ""2f5d49b2a46904a77bfa"", ""fd06dbc41889a2fe4cde"", ""3a0d16eaa124d8dbd829"", ""8c2209382c18758e54fc""]",71386,False,VALID,False,False,True,1
v4_final_sphere_random_13,sphere_random,6,B1,fd06dbc41889a2fe4cde,"[""dea658c01566e8ef3000"", ""e0224a4fc7262d5c60f1"", ""2f5d49b2a46904a77bfa"", ""fd06dbc41889a2fe4cde"", ""3a0d16eaa124d8dbd829"", ""8c2209382c18758e54fc""]",71386,False,VALID,False,False,True,1
v4_final_sphere_random_13,sphere_random,6,B2,fd06dbc41889a2fe4cde,"[""dea658c01566e8ef3000"", ""e0224a4fc7262d5c60f1"", ""2f5d49b2a46904a77bfa"", ""fd06dbc41889a2fe4cde"", ""3a0d16eaa124d8dbd829"", ""8c2209382c18758e54fc""]",71386,False,VALID,False,False,True,1
v4_final_sphere_random_13,sphere_random,6,B3,fd06dbc41889a2fe4cde,"[""dea658c01566e8ef3000"", ""e0224a4fc7262d5c60f1"", ""2f5d49b2a46904a77bfa"", ""fd06dbc41889a2fe4cde"", ""3a0d16eaa124d8dbd829"", ""8c2209382c18758e54fc""]",71386,False,VALID,False,False,True,1
v4_final_sphere_random_13,sphere_random,6,B4,fd06dbc41889a2fe4cde,"[""dea658c01566e8ef3000"", ""e0224a4fc7262d5c60f1"", ""2f5d49b2a46904a77bfa"", ""fd06dbc41889a2fe4cde"", ""3a0d16eaa124d8dbd829"", ""8c2209382c18758e54fc""]",71386,False,VALID,False,False,True,1
v4_final_sphere_random_13,sphere_random,6,B4_normal,fd06dbc41889a2fe4cde,"[""dea658c01566e8ef3000"", ""e0224a4fc7262d5c60f1"", ""2f5d49b2a46904a77bfa"", ""fd06dbc41889a2fe4cde"", ""3a0d16eaa124d8dbd829"", ""8c2209382c18758e54fc""]",71386,False,VALID,False,False,True,1
v4_final_sphere_random_13,sphere_random,6,B5,fd06dbc41889a2fe4cde,"[""dea658c01566e8ef3000"", ""e0224a4fc7262d5c60f1"", ""2f5d49b2a46904a77bfa"", ""fd06dbc41889a2fe4cde"", ""3a0d16eaa124d8dbd829"", ""8c2209382c18758e54fc""]",71386,False,VALID,False,False,True,1
v4_final_sphere_random_14,sphere_random,1,B0,,"[""1ef084ae27f049afa0f2""]",16871,True,ABSTAINED,False,False,False,0
v4_final_sphere_random_14,sphere_random,1,B1,,"[""1ef084ae27f049afa0f2""]",16871,True,ABSTAINED,False,False,False,0
v4_final_sphere_random_14,sphere_random,1,B2,,"[""1ef084ae27f049afa0f2""]",16871,True,ABSTAINED,False,False,False,0
v4_final_sphere_random_14,sphere_random,1,B3,,"[""1ef084ae27f049afa0f2""]",16871,True,ABSTAINED,False,False,False,0
v4_final_sphere_random_14,sphere_random,1,B4,,"[""1ef084ae27f049afa0f2""]",16871,True,ABSTAINED,False,False,False,0
v4_final_sphere_random_14,sphere_random,1,B4_normal,,"[""1ef084ae27f049afa0f2""]",16871,True,ABSTAINED,False,False,False,0
v4_final_sphere_random_14,sphere_random,1,B5,,"[""1ef084ae27f049afa0f2""]",16871,True,ABSTAINED,False,False,False,0
v4_final_sphere_random_14,sphere_random,3,B0,,"[""1ef084ae27f049afa0f2"", ""33c7973c95b88f867ae7"", ""0426ddf4b7abb1e41de5""]",35071,True,ABSTAINED,False,False,False,0
v4_final_sphere_random_14,sphere_random,3,B1,,"[""1ef084ae27f049afa0f2"", ""33c7973c95b88f867ae7"", ""0426ddf4b7abb1e41de5""]",35071,True,ABSTAINED,False,False,False,0
v4_final_sphere_random_14,sphere_random,3,B2,,"[""1ef084ae27f049afa0f2"", ""33c7973c95b88f867ae7"", ""0426ddf4b7abb1e41de5""]",35071,True,ABSTAINED,False,False,False,0
v4_final_sphere_random_14,sphere_random,3,B3,,"[""1ef084ae27f049afa0f2"", ""33c7973c95b88f867ae7"", ""0426ddf4b7abb1e41de5""]",35071,True,ABSTAINED,False,False,False,0
v4_final_sphere_random_14,sphere_random,3,B4,,"[""1ef084ae27f049afa0f2"", ""33c7973c95b88f867ae7"", ""0426ddf4b7abb1e41de5""]",35071,True,ABSTAINED,False,False,False,0
v4_final_sphere_random_14,sphere_random,3,B4_normal,,"[""1ef084ae27f049afa0f2"", ""33c7973c95b88f867ae7"", ""0426ddf4b7abb1e41de5""]",35071,True,ABSTAINED,False,False,False,0
v4_final_sphere_random_14,sphere_random,3,B5,,"[""1ef084ae27f049afa0f2"", ""33c7973c95b88f867ae7"", ""0426ddf4b7abb1e41de5""]",35071,True,ABSTAINED,False,False,False,0
v4_final_sphere_random_14,sphere_random,6,B0,,"[""1ef084ae27f049afa0f2"", ""33c7973c95b88f867ae7"", ""0426ddf4b7abb1e41de5"", ""8983216a72605abafb50"", ""ceaca08ebe5535411f2b"", ""61ce139139b5726f45fe""]",68142,True,ABSTAINED,False,False,True,1
v4_final_sphere_random_14,sphere_random,6,B1,,"[""1ef084ae27f049afa0f2"", ""33c7973c95b88f867ae7"", ""0426ddf4b7abb1e41de5"", ""8983216a72605abafb50"", ""ceaca08ebe5535411f2b"", ""61ce139139b5726f45fe""]",68142,True,ABSTAINED,False,False,True,1
v4_final_sphere_random_14,sphere_random,6,B2,,"[""1ef084ae27f049afa0f2"", ""33c7973c95b88f867ae7"", ""0426ddf4b7abb1e41de5"", ""8983216a72605abafb50"", ""ceaca08ebe5535411f2b"", ""61ce139139b5726f45fe""]",68142,True,ABSTAINED,False,False,True,1
v4_final_sphere_random_14,sphere_random,6,B3,,"[""1ef084ae27f049afa0f2"", ""33c7973c95b88f867ae7"", ""0426ddf4b7abb1e41de5"", ""8983216a72605abafb50"", ""ceaca08ebe5535411f2b"", ""61ce139139b5726f45fe""]",68142,True,ABSTAINED,False,False,True,1
v4_final_sphere_random_14,sphere_random,6,B4,,"[""1ef084ae27f049afa0f2"", ""33c7973c95b88f867ae7"", ""0426ddf4b7abb1e41de5"", ""8983216a72605abafb50"", ""ceaca08ebe5535411f2b"", ""61ce139139b5726f45fe""]",68142,True,ABSTAINED,False,False,True,1
v4_final_sphere_random_14,sphere_random,6,B4_normal,,"[""1ef084ae27f049afa0f2"", ""33c7973c95b88f867ae7"", ""0426ddf4b7abb1e41de5"", ""8983216a72605abafb50"", ""ceaca08ebe5535411f2b"", ""61ce139139b5726f45fe""]",68142,True,ABSTAINED,False,False,True,1
v4_final_sphere_random_14,sphere_random,6,B5,,"[""1ef084ae27f049afa0f2"", ""33c7973c95b88f867ae7"", ""0426ddf4b7abb1e41de5"", ""8983216a72605abafb50"", ""ceaca08ebe5535411f2b"", ""61ce139139b5726f45fe""]",68142,True,ABSTAINED,False,False,True,1
v4_final_sphere_random_15,sphere_random,1,B0,,"[""057f75cd27b15ab93dd7""]",9100,True,ABSTAINED,False,False,False,0
v4_final_sphere_random_15,sphere_random,1,B1,,"[""057f75cd27b15ab93dd7""]",9100,True,ABSTAINED,False,False,False,0
v4_final_sphere_random_15,sphere_random,1,B2,,"[""057f75cd27b15ab93dd7""]",9100,True,ABSTAINED,False,False,False,0
v4_final_sphere_random_15,sphere_random,1,B3,,"[""057f75cd27b15ab93dd7""]",9100,True,ABSTAINED,False,False,False,0
v4_final_sphere_random_15,sphere_random,1,B4,,"[""057f75cd27b15ab93dd7""]",9100,True,ABSTAINED,False,False,False,0
v4_final_sphere_random_15,sphere_random,1,B4_normal,,"[""057f75cd27b15ab93dd7""]",9100,True,ABSTAINED,False,False,False,0
v4_final_sphere_random_15,sphere_random,1,B5,,"[""057f75cd27b15ab93dd7""]",9100,True,ABSTAINED,False,False,False,0
v4_final_sphere_random_15,sphere_random,3,B0,,"[""057f75cd27b15ab93dd7"", ""b06eea9f5ef85616506f"", ""438cbc51e3a4cc90a805""]",28170,True,ABSTAINED,False,False,False,0
v4_final_sphere_random_15,sphere_random,3,B1,,"[""057f75cd27b15ab93dd7"", ""b06eea9f5ef85616506f"", ""438cbc51e3a4cc90a805""]",28170,True,ABSTAINED,False,False,False,0
v4_final_sphere_random_15,sphere_random,3,B2,,"[""057f75cd27b15ab93dd7"", ""b06eea9f5ef85616506f"", ""438cbc51e3a4cc90a805""]",28170,True,ABSTAINED,False,False,False,0
v4_final_sphere_random_15,sphere_random,3,B3,,"[""057f75cd27b15ab93dd7"", ""b06eea9f5ef85616506f"", ""438cbc51e3a4cc90a805""]",28170,True,ABSTAINED,False,False,False,0
v4_final_sphere_random_15,sphere_random,3,B4,,"[""057f75cd27b15ab93dd7"", ""b06eea9f5ef85616506f"", ""438cbc51e3a4cc90a805""]",28170,True,ABSTAINED,False,False,False,0
v4_final_sphere_random_15,sphere_random,3,B4_normal,,"[""057f75cd27b15ab93dd7"", ""b06eea9f5ef85616506f"", ""438cbc51e3a4cc90a805""]",28170,True,ABSTAINED,False,False,False,0
v4_final_sphere_random_15,sphere_random,3,B5,,"[""057f75cd27b15ab93dd7"", ""b06eea9f5ef85616506f"", ""438cbc51e3a4cc90a805""]",28170,True,ABSTAINED,False,False,False,0
v4_final_sphere_random_15,sphere_random,6,B0,,"[""057f75cd27b15ab93dd7"", ""b06eea9f5ef85616506f"", ""438cbc51e3a4cc90a805"", ""2a51ccb21287eb0332e1"", ""8824a9a6d508db8820a1"", ""b5e84ec5d9e6db2ae572""]",56340,True,ABSTAINED,False,False,False,0
v4_final_sphere_random_15,sphere_random,6,B1,,"[""057f75cd27b15ab93dd7"", ""b06eea9f5ef85616506f"", ""438cbc51e3a4cc90a805"", ""2a51ccb21287eb0332e1"", ""8824a9a6d508db8820a1"", ""b5e84ec5d9e6db2ae572""]",56340,True,ABSTAINED,False,False,False,0
v4_final_sphere_random_15,sphere_random,6,B2,,"[""057f75cd27b15ab93dd7"", ""b06eea9f5ef85616506f"", ""438cbc51e3a4cc90a805"", ""2a51ccb21287eb0332e1"", ""8824a9a6d508db8820a1"", ""b5e84ec5d9e6db2ae572""]",56340,True,ABSTAINED,False,False,False,0
v4_final_sphere_random_15,sphere_random,6,B3,,"[""057f75cd27b15ab93dd7"", ""b06eea9f5ef85616506f"", ""438cbc51e3a4cc90a805"", ""2a51ccb21287eb0332e1"", ""8824a9a6d508db8820a1"", ""b5e84ec5d9e6db2ae572""]",56340,True,ABSTAINED,False,False,False,0
v4_final_sphere_random_15,sphere_random,6,B4,,"[""057f75cd27b15ab93dd7"", ""b06eea9f5ef85616506f"", ""438cbc51e3a4cc90a805"", ""2a51ccb21287eb0332e1"", ""8824a9a6d508db8820a1"", ""b5e84ec5d9e6db2ae572""]",56340,True,ABSTAINED,False,False,False,0
v4_final_sphere_random_15,sphere_random,6,B4_normal,,"[""057f75cd27b15ab93dd7"", ""b06eea9f5ef85616506f"", ""438cbc51e3a4cc90a805"", ""2a51ccb21287eb0332e1"", ""8824a9a6d508db8820a1"", ""b5e84ec5d9e6db2ae572""]",56340,True,ABSTAINED,False,False,False,0
v4_final_sphere_random_15,sphere_random,6,B5,,"[""057f75cd27b15ab93dd7"", ""b06eea9f5ef85616506f"", ""438cbc51e3a4cc90a805"", ""2a51ccb21287eb0332e1"", ""8824a9a6d508db8820a1"", ""b5e84ec5d9e6db2ae572""]",56340,True,ABSTAINED,False,False,False,0
v4_final_sphere_random_16,sphere_random,1,B0,,"[""787172c2702b5f49e362""]",9100,True,ABSTAINED,False,False,False,0
v4_final_sphere_random_16,sphere_random,1,B1,,"[""787172c2702b5f49e362""]",9100,True,ABSTAINED,False,False,False,0
v4_final_sphere_random_16,sphere_random,1,B2,,"[""787172c2702b5f49e362""]",9100,True,ABSTAINED,False,False,False,0
v4_final_sphere_random_16,sphere_random,1,B3,,"[""787172c2702b5f49e362""]",9100,True,ABSTAINED,False,False,False,0
v4_final_sphere_random_16,sphere_random,1,B4,,"[""787172c2702b5f49e362""]",9100,True,ABSTAINED,False,False,False,0
v4_final_sphere_random_16,sphere_random,1,B4_normal,,"[""787172c2702b5f49e362""]",9100,True,ABSTAINED,False,False,False,0
v4_final_sphere_random_16,sphere_random,1,B5,,"[""787172c2702b5f49e362""]",9100,True,ABSTAINED,False,False,False,0
v4_final_sphere_random_16,sphere_random,3,B0,,"[""787172c2702b5f49e362"", ""0d2cd717c60c624886eb"", ""5ee94e23a70963e0da4f""]",28170,True,ABSTAINED,False,False,False,0
v4_final_sphere_random_16,sphere_random,3,B1,,"[""787172c2702b5f49e362"", ""0d2cd717c60c624886eb"", ""5ee94e23a70963e0da4f""]",28170,True,ABSTAINED,False,False,False,0
v4_final_sphere_random_16,sphere_random,3,B2,,"[""787172c2702b5f49e362"", ""0d2cd717c60c624886eb"", ""5ee94e23a70963e0da4f""]",28170,True,ABSTAINED,False,False,False,0
v4_final_sphere_random_16,sphere_random,3,B3,,"[""787172c2702b5f49e362"", ""0d2cd717c60c624886eb"", ""5ee94e23a70963e0da4f""]",28170,True,ABSTAINED,False,False,False,0
v4_final_sphere_random_16,sphere_random,3,B4,,"[""787172c2702b5f49e362"", ""0d2cd717c60c624886eb"", ""5ee94e23a70963e0da4f""]",28170,True,ABSTAINED,False,False,False,0
v4_final_sphere_random_16,sphere_random,3,B4_normal,,"[""787172c2702b5f49e362"", ""0d2cd717c60c624886eb"", ""5ee94e23a70963e0da4f""]",28170,True,ABSTAINED,False,False,False,0
v4_final_sphere_random_16,sphere_random,3,B5,,"[""787172c2702b5f49e362"", ""0d2cd717c60c624886eb"", ""5ee94e23a70963e0da4f""]",28170,True,ABSTAINED,False,False,False,0
v4_final_sphere_random_16,sphere_random,6,B0,,"[""787172c2702b5f49e362"", ""0d2cd717c60c624886eb"", ""5ee94e23a70963e0da4f"", ""5a6483ee12d9d24a222c"", ""aa37ce037676f9244b42"", ""493b210259cb3e625d7a""]",62641,True,ABSTAINED,False,False,False,0
v4_final_sphere_random_16,sphere_random,6,B1,,"[""787172c2702b5f49e362"", ""0d2cd717c60c624886eb"", ""5ee94e23a70963e0da4f"", ""5a6483ee12d9d24a222c"", ""aa37ce037676f9244b42"", ""493b210259cb3e625d7a""]",62641,True,ABSTAINED,False,False,False,0
v4_final_sphere_random_16,sphere_random,6,B2,,"[""787172c2702b5f49e362"", ""0d2cd717c60c624886eb"", ""5ee94e23a70963e0da4f"", ""5a6483ee12d9d24a222c"", ""aa37ce037676f9244b42"", ""493b210259cb3e625d7a""]",62641,True,ABSTAINED,False,False,False,0
v4_final_sphere_random_16,sphere_random,6,B3,,"[""787172c2702b5f49e362"", ""0d2cd717c60c624886eb"", ""5ee94e23a70963e0da4f"", ""5a6483ee12d9d24a222c"", ""aa37ce037676f9244b42"", ""493b210259cb3e625d7a""]",62641,True,ABSTAINED,False,False,False,0
v4_final_sphere_random_16,sphere_random,6,B4,,"[""787172c2702b5f49e362"", ""0d2cd717c60c624886eb"", ""5ee94e23a70963e0da4f"", ""5a6483ee12d9d24a222c"", ""aa37ce037676f9244b42"", ""493b210259cb3e625d7a""]",62641,True,ABSTAINED,False,False,False,0
v4_final_sphere_random_16,sphere_random,6,B4_normal,,"[""787172c2702b5f49e362"", ""0d2cd717c60c624886eb"", ""5ee94e23a70963e0da4f"", ""5a6483ee12d9d24a222c"", ""aa37ce037676f9244b42"", ""493b210259cb3e625d7a""]",62641,True,ABSTAINED,False,False,False,0
v4_final_sphere_random_16,sphere_random,6,B5,,"[""787172c2702b5f49e362"", ""0d2cd717c60c624886eb"", ""5ee94e23a70963e0da4f"", ""5a6483ee12d9d24a222c"", ""aa37ce037676f9244b42"", ""493b210259cb3e625d7a""]",62641,True,ABSTAINED,False,False,False,0
v4_final_sphere_random_17,sphere_random,1,B0,,"[""d80326005d3a579c3b29""]",9100,True,ABSTAINED,False,False,False,0
v4_final_sphere_random_17,sphere_random,1,B1,,"[""d80326005d3a579c3b29""]",9100,True,ABSTAINED,False,False,False,0
v4_final_sphere_random_17,sphere_random,1,B2,,"[""d80326005d3a579c3b29""]",9100,True,ABSTAINED,False,False,False,0
v4_final_sphere_random_17,sphere_random,1,B3,,"[""d80326005d3a579c3b29""]",9100,True,ABSTAINED,False,False,False,0
v4_final_sphere_random_17,sphere_random,1,B4,,"[""d80326005d3a579c3b29""]",9100,True,ABSTAINED,False,False,False,0
v4_final_sphere_random_17,sphere_random,1,B4_normal,,"[""d80326005d3a579c3b29""]",9100,True,ABSTAINED,False,False,False,0
v4_final_sphere_random_17,sphere_random,1,B5,,"[""d80326005d3a579c3b29""]",9100,True,ABSTAINED,False,False,False,0
v4_final_sphere_random_17,sphere_random,3,B0,,"[""d80326005d3a579c3b29"", ""8debd40e211528e31fc8"", ""4591ae2c7ba49180eafc""]",35071,True,ABSTAINED,False,False,False,0
v4_final_sphere_random_17,sphere_random,3,B1,,"[""d80326005d3a579c3b29"", ""8debd40e211528e31fc8"", ""4591ae2c7ba49180eafc""]",35071,True,ABSTAINED,False,False,False,0
v4_final_sphere_random_17,sphere_random,3,B2,,"[""d80326005d3a579c3b29"", ""8debd40e211528e31fc8"", ""4591ae2c7ba49180eafc""]",35071,True,ABSTAINED,False,False,False,0
v4_final_sphere_random_17,sphere_random,3,B3,,"[""d80326005d3a579c3b29"", ""8debd40e211528e31fc8"", ""4591ae2c7ba49180eafc""]",35071,True,ABSTAINED,False,False,False,0
v4_final_sphere_random_17,sphere_random,3,B4,,"[""d80326005d3a579c3b29"", ""8debd40e211528e31fc8"", ""4591ae2c7ba49180eafc""]",35071,True,ABSTAINED,False,False,False,0
v4_final_sphere_random_17,sphere_random,3,B4_normal,,"[""d80326005d3a579c3b29"", ""8debd40e211528e31fc8"", ""4591ae2c7ba49180eafc""]",35071,True,ABSTAINED,False,False,False,0
v4_final_sphere_random_17,sphere_random,3,B5,,"[""d80326005d3a579c3b29"", ""8debd40e211528e31fc8"", ""4591ae2c7ba49180eafc""]",35071,True,ABSTAINED,False,False,False,0
v4_final_sphere_random_17,sphere_random,6,B0,,"[""d80326005d3a579c3b29"", ""8debd40e211528e31fc8"", ""4591ae2c7ba49180eafc"", ""5d017ff0c7ca81884bfc"", ""64c578081a19096187d7"", ""9ee3853a0eeedbd33e32""]",68142,True,ABSTAINED,False,False,False,0
v4_final_sphere_random_17,sphere_random,6,B1,,"[""d80326005d3a579c3b29"", ""8debd40e211528e31fc8"", ""4591ae2c7ba49180eafc"", ""5d017ff0c7ca81884bfc"", ""64c578081a19096187d7"", ""9ee3853a0eeedbd33e32""]",68142,True,ABSTAINED,False,False,False,0
v4_final_sphere_random_17,sphere_random,6,B2,,"[""d80326005d3a579c3b29"", ""8debd40e211528e31fc8"", ""4591ae2c7ba49180eafc"", ""5d017ff0c7ca81884bfc"", ""64c578081a19096187d7"", ""9ee3853a0eeedbd33e32""]",68142,True,ABSTAINED,False,False,False,0
v4_final_sphere_random_17,sphere_random,6,B3,,"[""d80326005d3a579c3b29"", ""8debd40e211528e31fc8"", ""4591ae2c7ba49180eafc"", ""5d017ff0c7ca81884bfc"", ""64c578081a19096187d7"", ""9ee3853a0eeedbd33e32""]",68142,True,ABSTAINED,False,False,False,0
v4_final_sphere_random_17,sphere_random,6,B4,,"[""d80326005d3a579c3b29"", ""8debd40e211528e31fc8"", ""4591ae2c7ba49180eafc"", ""5d017ff0c7ca81884bfc"", ""64c578081a19096187d7"", ""9ee3853a0eeedbd33e32""]",68142,True,ABSTAINED,False,False,False,0
v4_final_sphere_random_17,sphere_random,6,B4_normal,,"[""d80326005d3a579c3b29"", ""8debd40e211528e31fc8"", ""4591ae2c7ba49180eafc"", ""5d017ff0c7ca81884bfc"", ""64c578081a19096187d7"", ""9ee3853a0eeedbd33e32""]",68142,True,ABSTAINED,False,False,False,0
v4_final_sphere_random_17,sphere_random,6,B5,,"[""d80326005d3a579c3b29"", ""8debd40e211528e31fc8"", ""4591ae2c7ba49180eafc"", ""5d017ff0c7ca81884bfc"", ""64c578081a19096187d7"", ""9ee3853a0eeedbd33e32""]",68142,True,ABSTAINED,False,False,False,0
v4_final_sphere_random_18,sphere_random,1,B0,,"[""979dbb4a9f7180f356bc""]",9100,True,ABSTAINED,False,False,False,0
v4_final_sphere_random_18,sphere_random,1,B1,,"[""979dbb4a9f7180f356bc""]",9100,True,ABSTAINED,False,False,False,0
v4_final_sphere_random_18,sphere_random,1,B2,,"[""979dbb4a9f7180f356bc""]",9100,True,ABSTAINED,False,False,False,0
v4_final_sphere_random_18,sphere_random,1,B3,,"[""979dbb4a9f7180f356bc""]",9100,True,ABSTAINED,False,False,False,0
v4_final_sphere_random_18,sphere_random,1,B4,,"[""979dbb4a9f7180f356bc""]",9100,True,ABSTAINED,False,False,False,0
v4_final_sphere_random_18,sphere_random,1,B4_normal,,"[""979dbb4a9f7180f356bc""]",9100,True,ABSTAINED,False,False,False,0
v4_final_sphere_random_18,sphere_random,1,B5,,"[""979dbb4a9f7180f356bc""]",9100,True,ABSTAINED,False,False,False,0
v4_final_sphere_random_18,sphere_random,3,B0,d78343f90b7583d4a46c,"[""979dbb4a9f7180f356bc"", ""d78343f90b7583d4a46c"", ""8ff6eddf87f52da92b06""]",30544,False,VALID,False,False,False,0
v4_final_sphere_random_18,sphere_random,3,B1,d78343f90b7583d4a46c,"[""979dbb4a9f7180f356bc"", ""d78343f90b7583d4a46c"", ""8ff6eddf87f52da92b06""]",30544,False,VALID,False,False,False,0
v4_final_sphere_random_18,sphere_random,3,B2,d78343f90b7583d4a46c,"[""979dbb4a9f7180f356bc"", ""d78343f90b7583d4a46c"", ""8ff6eddf87f52da92b06""]",30544,False,VALID,False,False,False,0
v4_final_sphere_random_18,sphere_random,3,B3,d78343f90b7583d4a46c,"[""979dbb4a9f7180f356bc"", ""d78343f90b7583d4a46c"", ""8ff6eddf87f52da92b06""]",30544,False,VALID,False,False,False,0
v4_final_sphere_random_18,sphere_random,3,B4,d78343f90b7583d4a46c,"[""979dbb4a9f7180f356bc"", ""d78343f90b7583d4a46c"", ""8ff6eddf87f52da92b06""]",30544,False,VALID,False,False,False,0
v4_final_sphere_random_18,sphere_random,3,B4_normal,d78343f90b7583d4a46c,"[""979dbb4a9f7180f356bc"", ""d78343f90b7583d4a46c"", ""8ff6eddf87f52da92b06""]",30544,False,VALID,False,False,False,0
v4_final_sphere_random_18,sphere_random,3,B5,d78343f90b7583d4a46c,"[""979dbb4a9f7180f356bc"", ""d78343f90b7583d4a46c"", ""8ff6eddf87f52da92b06""]",30544,False,VALID,False,False,False,0
v4_final_sphere_random_18,sphere_random,6,B0,d78343f90b7583d4a46c,"[""979dbb4a9f7180f356bc"", ""d78343f90b7583d4a46c"", ""8ff6eddf87f52da92b06"", ""64315ed41536bf6c9d92"", ""6126fa61341af3bc775e"", ""0fa006c26ae2ea93ae49""]",67169,False,VALID,False,False,True,1
v4_final_sphere_random_18,sphere_random,6,B1,d78343f90b7583d4a46c,"[""979dbb4a9f7180f356bc"", ""d78343f90b7583d4a46c"", ""8ff6eddf87f52da92b06"", ""64315ed41536bf6c9d92"", ""6126fa61341af3bc775e"", ""0fa006c26ae2ea93ae49""]",67169,False,VALID,False,False,True,1
v4_final_sphere_random_18,sphere_random,6,B2,d78343f90b7583d4a46c,"[""979dbb4a9f7180f356bc"", ""d78343f90b7583d4a46c"", ""8ff6eddf87f52da92b06"", ""64315ed41536bf6c9d92"", ""6126fa61341af3bc775e"", ""0fa006c26ae2ea93ae49""]",67169,False,VALID,False,False,True,1
v4_final_sphere_random_18,sphere_random,6,B3,d78343f90b7583d4a46c,"[""979dbb4a9f7180f356bc"", ""d78343f90b7583d4a46c"", ""8ff6eddf87f52da92b06"", ""64315ed41536bf6c9d92"", ""6126fa61341af3bc775e"", ""0fa006c26ae2ea93ae49""]",67169,False,VALID,False,False,True,1
v4_final_sphere_random_18,sphere_random,6,B4,d78343f90b7583d4a46c,"[""979dbb4a9f7180f356bc"", ""d78343f90b7583d4a46c"", ""8ff6eddf87f52da92b06"", ""64315ed41536bf6c9d92"", ""6126fa61341af3bc775e"", ""0fa006c26ae2ea93ae49""]",67169,False,VALID,False,False,True,1
v4_final_sphere_random_18,sphere_random,6,B4_normal,d78343f90b7583d4a46c,"[""979dbb4a9f7180f356bc"", ""d78343f90b7583d4a46c"", ""8ff6eddf87f52da92b06"", ""64315ed41536bf6c9d92"", ""6126fa61341af3bc775e"", ""0fa006c26ae2ea93ae49""]",67169,False,VALID,False,False,True,1
v4_final_sphere_random_18,sphere_random,6,B5,d78343f90b7583d4a46c,"[""979dbb4a9f7180f356bc"", ""d78343f90b7583d4a46c"", ""8ff6eddf87f52da92b06"", ""64315ed41536bf6c9d92"", ""6126fa61341af3bc775e"", ""0fa006c26ae2ea93ae49""]",67169,False,VALID,False,False,True,1
v4_final_sphere_random_19,sphere_random,1,B0,,"[""90d7f10c3cf434445cb3""]",9100,True,ABSTAINED,False,False,False,0
v4_final_sphere_random_19,sphere_random,1,B1,,"[""90d7f10c3cf434445cb3""]",9100,True,ABSTAINED,False,False,False,0
v4_final_sphere_random_19,sphere_random,1,B2,,"[""90d7f10c3cf434445cb3""]",9100,True,ABSTAINED,False,False,False,0
v4_final_sphere_random_19,sphere_random,1,B3,,"[""90d7f10c3cf434445cb3""]",9100,True,ABSTAINED,False,False,False,0
v4_final_sphere_random_19,sphere_random,1,B4,,"[""90d7f10c3cf434445cb3""]",9100,True,ABSTAINED,False,False,False,0
v4_final_sphere_random_19,sphere_random,1,B4_normal,,"[""90d7f10c3cf434445cb3""]",9100,True,ABSTAINED,False,False,False,0
v4_final_sphere_random_19,sphere_random,1,B5,,"[""90d7f10c3cf434445cb3""]",9100,True,ABSTAINED,False,False,False,0
v4_final_sphere_random_19,sphere_random,3,B0,27d3e29b676222eabd2a,"[""90d7f10c3cf434445cb3"", ""27d3e29b676222eabd2a"", ""2b5009771508c725c2ec""]",36315,False,VALID,False,False,False,0
v4_final_sphere_random_19,sphere_random,3,B1,27d3e29b676222eabd2a,"[""90d7f10c3cf434445cb3"", ""27d3e29b676222eabd2a"", ""2b5009771508c725c2ec""]",36315,False,VALID,False,False,False,0
v4_final_sphere_random_19,sphere_random,3,B2,27d3e29b676222eabd2a,"[""90d7f10c3cf434445cb3"", ""27d3e29b676222eabd2a"", ""2b5009771508c725c2ec""]",36315,False,VALID,False,False,False,0
v4_final_sphere_random_19,sphere_random,3,B3,27d3e29b676222eabd2a,"[""90d7f10c3cf434445cb3"", ""27d3e29b676222eabd2a"", ""2b5009771508c725c2ec""]",36315,False,VALID,False,False,False,0
v4_final_sphere_random_19,sphere_random,3,B4,27d3e29b676222eabd2a,"[""90d7f10c3cf434445cb3"", ""27d3e29b676222eabd2a"", ""2b5009771508c725c2ec""]",36315,False,VALID,False,False,False,0
v4_final_sphere_random_19,sphere_random,3,B4_normal,27d3e29b676222eabd2a,"[""90d7f10c3cf434445cb3"", ""27d3e29b676222eabd2a"", ""2b5009771508c725c2ec""]",36315,False,VALID,False,False,False,0
v4_final_sphere_random_19,sphere_random,3,B5,27d3e29b676222eabd2a,"[""90d7f10c3cf434445cb3"", ""27d3e29b676222eabd2a"", ""2b5009771508c725c2ec""]",36315,False,VALID,False,False,False,0
v4_final_sphere_random_19,sphere_random,6,B0,27d3e29b676222eabd2a,"[""90d7f10c3cf434445cb3"", ""27d3e29b676222eabd2a"", ""2b5009771508c725c2ec"", ""0c6ad5606a4b22288f81"", ""1746863d601db297e01b"", ""bd215d32ccc6b9af8723""]",67169,False,VALID,False,False,False,0
v4_final_sphere_random_19,sphere_random,6,B1,27d3e29b676222eabd2a,"[""90d7f10c3cf434445cb3"", ""27d3e29b676222eabd2a"", ""2b5009771508c725c2ec"", ""0c6ad5606a4b22288f81"", ""1746863d601db297e01b"", ""bd215d32ccc6b9af8723""]",67169,False,VALID,False,False,False,0
v4_final_sphere_random_19,sphere_random,6,B2,27d3e29b676222eabd2a,"[""90d7f10c3cf434445cb3"", ""27d3e29b676222eabd2a"", ""2b5009771508c725c2ec"", ""0c6ad5606a4b22288f81"", ""1746863d601db297e01b"", ""bd215d32ccc6b9af8723""]",67169,False,VALID,False,False,False,0
v4_final_sphere_random_19,sphere_random,6,B3,27d3e29b676222eabd2a,"[""90d7f10c3cf434445cb3"", ""27d3e29b676222eabd2a"", ""2b5009771508c725c2ec"", ""0c6ad5606a4b22288f81"", ""1746863d601db297e01b"", ""bd215d32ccc6b9af8723""]",67169,False,VALID,False,False,False,0
v4_final_sphere_random_19,sphere_random,6,B4,27d3e29b676222eabd2a,"[""90d7f10c3cf434445cb3"", ""27d3e29b676222eabd2a"", ""2b5009771508c725c2ec"", ""0c6ad5606a4b22288f81"", ""1746863d601db297e01b"", ""bd215d32ccc6b9af8723""]",67169,False,VALID,False,False,False,0
v4_final_sphere_random_19,sphere_random,6,B4_normal,27d3e29b676222eabd2a,"[""90d7f10c3cf434445cb3"", ""27d3e29b676222eabd2a"", ""2b5009771508c725c2ec"", ""0c6ad5606a4b22288f81"", ""1746863d601db297e01b"", ""bd215d32ccc6b9af8723""]",67169,False,VALID,False,False,False,0
v4_final_sphere_random_19,sphere_random,6,B5,27d3e29b676222eabd2a,"[""90d7f10c3cf434445cb3"", ""27d3e29b676222eabd2a"", ""2b5009771508c725c2ec"", ""0c6ad5606a4b22288f81"", ""1746863d601db297e01b"", ""bd215d32ccc6b9af8723""]",67169,False,VALID,False,False,False,0
