block,policy,family,case_id,k,selected_legacy_job,legacy_success,selected_legacy_success,contiguous_success,selected_contiguous_success,clear_contiguous_success,selected_clear_contiguous_success
new1,baseline,bar_random,v3_new1_bar_random_00,1,9a7877db21f1ad77baa4,False,False,False,False,False,False
new1,baseline,bar_random,v3_new1_bar_random_00,3,224ce19b5b7c03568982,False,False,False,False,False,False
new1,baseline,bar_random,v3_new1_bar_random_00,6,55e73945f71f329d0eb9,False,False,False,False,False,False
new1,baseline,bar_random,v3_new1_bar_random_01,1,02147417426ee07f4d39,False,False,False,False,False,False
new1,baseline,bar_random,v3_new1_bar_random_01,3,02147417426ee07f4d39,False,False,False,False,False,False
new1,baseline,bar_random,v3_new1_bar_random_01,6,02147417426ee07f4d39,False,False,False,False,False,False
new1,baseline,bar_random,v3_new1_bar_random_02,1,73359b8cb38ba96ff98e,False,False,False,False,False,False
new1,baseline,bar_random,v3_new1_bar_random_02,3,b742c654d8dee0aaf48a,False,False,False,False,False,False
new1,baseline,bar_random,v3_new1_bar_random_02,6,efd97f0ae1ba419b9a84,False,False,False,False,False,False
new1,baseline,bar_random,v3_new1_bar_random_03,1,5ae0d311b7241fa2c0dd,False,False,False,False,False,False
new1,baseline,bar_random,v3_new1_bar_random_03,3,5ae0d311b7241fa2c0dd,False,False,False,False,False,False
new1,baseline,bar_random,v3_new1_bar_random_03,6,5ae0d311b7241fa2c0dd,False,False,False,False,False,False
new1,baseline,bar_random,v3_new1_bar_random_04,1,83c1af7be861ebe86b6b,False,False,False,False,False,False
new1,baseline,bar_random,v3_new1_bar_random_04,3,6e2d96328faaa6f2ad7e,False,False,False,False,False,False
new1,baseline,bar_random,v3_new1_bar_random_04,6,6e2d96328faaa6f2ad7e,False,False,False,False,False,False
new1,baseline,bar_random,v3_new1_bar_random_05,1,b7daabd343bf73df1d7c,False,False,False,False,False,False
new1,baseline,bar_random,v3_new1_bar_random_05,3,b7daabd343bf73df1d7c,False,False,False,False,False,False
new1,baseline,bar_random,v3_new1_bar_random_05,6,043e5a9f3c5c4a21f8c5,False,False,False,False,False,False
new1,baseline,bar_random,v3_new1_bar_random_06,1,d5a4da29d6e4fa962f1e,False,False,False,False,False,False
new1,baseline,bar_random,v3_new1_bar_random_06,3,795b3290069c178ab78c,False,False,False,False,False,False
new1,baseline,bar_random,v3_new1_bar_random_06,6,e334ec6b89cfd40c11cc,False,False,False,False,False,False
new1,baseline,bar_random,v3_new1_bar_random_07,1,c3da5130e64bdddc9d9c,False,False,False,False,False,False
new1,baseline,bar_random,v3_new1_bar_random_07,3,a1d554287902b6723c99,True,True,True,True,False,False
new1,baseline,bar_random,v3_new1_bar_random_07,6,a1d554287902b6723c99,True,True,True,True,False,False
new1,baseline,bar_random,v3_new1_bar_random_08,1,a2b5f163218b423df585,True,True,True,True,False,False
new1,baseline,bar_random,v3_new1_bar_random_08,3,123fc595fd196458c13c,True,True,True,True,False,False
new1,baseline,bar_random,v3_new1_bar_random_08,6,123fc595fd196458c13c,True,True,True,True,False,False
new1,baseline,bar_random,v3_new1_bar_random_09,1,083fadd3c0f566e7f41b,False,False,False,False,False,False
new1,baseline,bar_random,v3_new1_bar_random_09,3,7e9effe923457592a9ed,False,False,False,False,False,False
new1,baseline,bar_random,v3_new1_bar_random_09,6,0bacd5e0c11e556e0b6d,False,False,False,False,False,False
new1,baseline,bar_random,v3_new1_bar_random_10,1,c9709ccdbcf7d825f2fd,False,False,False,False,False,False
new1,baseline,bar_random,v3_new1_bar_random_10,3,027ef8f86bdb698208c4,False,False,False,False,False,False
new1,baseline,bar_random,v3_new1_bar_random_10,6,027ef8f86bdb698208c4,False,False,False,False,False,False
new1,baseline,bar_random,v3_new1_bar_random_11,1,066ff83a955494bb92c1,False,False,False,False,False,False
new1,baseline,bar_random,v3_new1_bar_random_11,3,f32d538a7399a0a4d210,False,False,False,False,False,False
new1,baseline,bar_random,v3_new1_bar_random_11,6,f32d538a7399a0a4d210,False,False,False,False,False,False
new1,baseline,bar_random,v3_new1_bar_random_12,1,96b9a4e3f32762dff1bc,False,False,False,False,False,False
new1,baseline,bar_random,v3_new1_bar_random_12,3,96b9a4e3f32762dff1bc,False,False,False,False,False,False
new1,baseline,bar_random,v3_new1_bar_random_12,6,2a25254bdc662dcd3c09,False,False,False,False,False,False
new1,baseline,bar_random,v3_new1_bar_random_13,1,6c5a2d471c0f093fcbe7,False,False,False,False,False,False
new1,baseline,bar_random,v3_new1_bar_random_13,3,da2a97ec3805ece461aa,False,False,False,False,False,False
new1,baseline,bar_random,v3_new1_bar_random_13,6,da2a97ec3805ece461aa,False,False,False,False,False,False
new1,baseline,bar_random,v3_new1_bar_random_14,1,a4d728129691ef029edb,False,False,False,False,False,False
new1,baseline,bar_random,v3_new1_bar_random_14,3,a4d728129691ef029edb,False,False,False,False,False,False
new1,baseline,bar_random,v3_new1_bar_random_14,6,a1f32af4f2645eae5b0c,False,False,False,False,False,False
new1,baseline,bar_random,v3_new1_bar_random_15,1,cf6a5215dbeec07b950b,False,False,False,False,False,False
new1,baseline,bar_random,v3_new1_bar_random_15,3,cf6a5215dbeec07b950b,False,False,False,False,False,False
new1,baseline,bar_random,v3_new1_bar_random_15,6,cf6a5215dbeec07b950b,False,False,False,False,False,False
new1,baseline,bar_random,v3_new1_bar_random_16,1,c94cac68d1c756bc11f5,False,False,False,False,False,False
new1,baseline,bar_random,v3_new1_bar_random_16,3,c94cac68d1c756bc11f5,False,False,False,False,False,False
new1,baseline,bar_random,v3_new1_bar_random_16,6,3b9e0615e11a1c7d9a32,False,False,False,False,False,False
new1,baseline,bar_random,v3_new1_bar_random_17,1,1d7b3382f59c289feb96,False,False,False,False,False,False
new1,baseline,bar_random,v3_new1_bar_random_17,3,7dc86f1448b1e5a7d914,False,False,False,False,False,False
new1,baseline,bar_random,v3_new1_bar_random_17,6,ab6760804cb48a5f0fe3,True,True,True,True,False,False
new1,baseline,bar_random,v3_new1_bar_random_18,1,1f3271094e24397a69dc,False,False,False,False,False,False
new1,baseline,bar_random,v3_new1_bar_random_18,3,94ceedc9f5c9c9ff845c,False,False,False,False,False,False
new1,baseline,bar_random,v3_new1_bar_random_18,6,94ceedc9f5c9c9ff845c,False,False,False,False,False,False
new1,baseline,bar_random,v3_new1_bar_random_19,1,7ecd3212844b080473f9,True,True,True,True,False,False
new1,baseline,bar_random,v3_new1_bar_random_19,3,908428fd32c37101ed3c,True,True,True,True,False,False
new1,baseline,bar_random,v3_new1_bar_random_19,6,908428fd32c37101ed3c,True,True,True,True,False,False
new1,baseline,capsule_random,v3_new1_capsule_random_00,1,daa33f550f88a9ba1c44,False,False,False,False,False,False
new1,baseline,capsule_random,v3_new1_capsule_random_00,3,768370fdc9c5d0657455,False,False,False,False,False,False
new1,baseline,capsule_random,v3_new1_capsule_random_00,6,768370fdc9c5d0657455,False,False,False,False,False,False
new1,baseline,capsule_random,v3_new1_capsule_random_01,1,eb2dc08926455ddc52df,False,False,False,False,False,False
new1,baseline,capsule_random,v3_new1_capsule_random_01,3,1e3b6cbf43404045a428,False,False,False,False,False,False
new1,baseline,capsule_random,v3_new1_capsule_random_01,6,1e3b6cbf43404045a428,False,False,False,False,False,False
new1,baseline,capsule_random,v3_new1_capsule_random_02,1,1d6b578dc34bcfc13757,False,False,False,False,False,False
new1,baseline,capsule_random,v3_new1_capsule_random_02,3,235b05d261074c46f1ef,False,False,False,False,False,False
new1,baseline,capsule_random,v3_new1_capsule_random_02,6,235b05d261074c46f1ef,False,False,False,False,False,False
new1,baseline,capsule_random,v3_new1_capsule_random_03,1,df6062ef5c00e4de8062,False,False,False,False,False,False
new1,baseline,capsule_random,v3_new1_capsule_random_03,3,df6062ef5c00e4de8062,False,False,False,False,False,False
new1,baseline,capsule_random,v3_new1_capsule_random_03,6,1ce140b52aaa38d9ac20,False,False,False,False,False,False
new1,baseline,capsule_random,v3_new1_capsule_random_04,1,1c11c9c1a98a4ff82e80,False,False,False,False,False,False
new1,baseline,capsule_random,v3_new1_capsule_random_04,3,8715cfdc807aebd93e91,False,False,False,False,False,False
new1,baseline,capsule_random,v3_new1_capsule_random_04,6,d9f7cd9eefb485d7b501,False,False,False,False,False,False
new1,baseline,capsule_random,v3_new1_capsule_random_05,1,a84d292e9057a9848f7d,False,False,False,False,False,False
new1,baseline,capsule_random,v3_new1_capsule_random_05,3,6e257fe76063da6ed2c8,False,False,False,False,False,False
new1,baseline,capsule_random,v3_new1_capsule_random_05,6,63ce56e9435d290f33e0,False,False,False,False,False,False
new1,baseline,capsule_random,v3_new1_capsule_random_06,1,c4069390f7dc6743b12a,False,False,False,False,False,False
new1,baseline,capsule_random,v3_new1_capsule_random_06,3,83b4698b4a32465d76d6,False,False,False,False,False,False
new1,baseline,capsule_random,v3_new1_capsule_random_06,6,5b99b39b128ba9deb11c,False,False,False,False,False,False
new1,baseline,capsule_random,v3_new1_capsule_random_07,1,5fb92a2c612e44323ee5,False,False,False,False,False,False
new1,baseline,capsule_random,v3_new1_capsule_random_07,3,35da5f555b48092778ce,False,False,False,False,False,False
new1,baseline,capsule_random,v3_new1_capsule_random_07,6,77859aa69ae9357d386b,False,False,False,False,False,False
new1,baseline,capsule_random,v3_new1_capsule_random_08,1,e82eb50f19726a0a823b,False,False,False,False,False,False
new1,baseline,capsule_random,v3_new1_capsule_random_08,3,e82eb50f19726a0a823b,False,False,False,False,False,False
new1,baseline,capsule_random,v3_new1_capsule_random_08,6,8587ff646a64e339dac1,False,False,False,False,False,False
new1,baseline,capsule_random,v3_new1_capsule_random_09,1,be131d348cf3b9cef5c6,False,False,False,False,False,False
new1,baseline,capsule_random,v3_new1_capsule_random_09,3,f364524930f42ea1c1de,False,False,False,False,False,False
new1,baseline,capsule_random,v3_new1_capsule_random_09,6,50f04ac44bff606d1738,False,False,False,False,False,False
new1,baseline,capsule_random,v3_new1_capsule_random_10,1,23eb3caa6e719f08a362,False,False,False,False,False,False
new1,baseline,capsule_random,v3_new1_capsule_random_10,3,e04e99cfdf518c894184,False,False,False,False,False,False
new1,baseline,capsule_random,v3_new1_capsule_random_10,6,e04e99cfdf518c894184,False,False,False,False,False,False
new1,baseline,capsule_random,v3_new1_capsule_random_11,1,6e959b8c71426579ae12,False,False,False,False,False,False
new1,baseline,capsule_random,v3_new1_capsule_random_11,3,6e959b8c71426579ae12,False,False,False,False,False,False
new1,baseline,capsule_random,v3_new1_capsule_random_11,6,6e959b8c71426579ae12,False,False,False,False,False,False
new1,baseline,capsule_random,v3_new1_capsule_random_12,1,ff790ef38257f252f464,False,False,False,False,False,False
new1,baseline,capsule_random,v3_new1_capsule_random_12,3,82053412f35a57a1a60f,False,False,False,False,False,False
new1,baseline,capsule_random,v3_new1_capsule_random_12,6,01ec7b0d482f3f88be16,False,False,False,False,False,False
new1,baseline,capsule_random,v3_new1_capsule_random_13,1,95bad67a441deefaac91,False,False,False,False,False,False
new1,baseline,capsule_random,v3_new1_capsule_random_13,3,95bad67a441deefaac91,False,False,False,False,False,False
new1,baseline,capsule_random,v3_new1_capsule_random_13,6,0d2c6ea7ec33550008bd,False,False,False,False,False,False
new1,baseline,capsule_random,v3_new1_capsule_random_14,1,f78a2f83af06b4940f13,False,False,False,False,False,False
new1,baseline,capsule_random,v3_new1_capsule_random_14,3,f78a2f83af06b4940f13,False,False,False,False,False,False
new1,baseline,capsule_random,v3_new1_capsule_random_14,6,f78a2f83af06b4940f13,False,False,False,False,False,False
new1,baseline,capsule_random,v3_new1_capsule_random_15,1,03872abba68a62dba236,False,False,False,False,False,False
new1,baseline,capsule_random,v3_new1_capsule_random_15,3,c894764e6319eb6dfb3c,False,False,False,False,False,False
new1,baseline,capsule_random,v3_new1_capsule_random_15,6,eb87384cea8b735f185d,False,False,False,False,False,False
new1,baseline,capsule_random,v3_new1_capsule_random_16,1,f2da668550c7fd6f40b9,False,False,False,False,False,False
new1,baseline,capsule_random,v3_new1_capsule_random_16,3,906c1849a1ff16740d71,False,False,False,False,False,False
new1,baseline,capsule_random,v3_new1_capsule_random_16,6,a21163eb1a49eed62438,False,False,False,False,False,False
new1,baseline,capsule_random,v3_new1_capsule_random_17,1,27ca9be0854ed78a8c7a,False,False,False,False,False,False
new1,baseline,capsule_random,v3_new1_capsule_random_17,3,fedbbd9cefdd477fd9f6,False,False,False,False,False,False
new1,baseline,capsule_random,v3_new1_capsule_random_17,6,0e8aea722e583ce1d0dd,False,False,False,False,False,False
new1,baseline,capsule_random,v3_new1_capsule_random_18,1,c4dcef2dbe9395911c42,False,False,False,False,False,False
new1,baseline,capsule_random,v3_new1_capsule_random_18,3,c4dcef2dbe9395911c42,False,False,False,False,False,False
new1,baseline,capsule_random,v3_new1_capsule_random_18,6,536f11e27fd0ea00ec59,False,False,False,False,False,False
new1,baseline,capsule_random,v3_new1_capsule_random_19,1,4f4e2c0030b50ae10e8c,False,False,False,False,False,False
new1,baseline,capsule_random,v3_new1_capsule_random_19,3,08cd8b4d47819121d9f3,False,False,False,False,False,False
new1,baseline,capsule_random,v3_new1_capsule_random_19,6,08cd8b4d47819121d9f3,False,False,False,False,False,False
new1,baseline,cube_random,v3_new1_cube_random_00,1,1156d7c7a5591a189bd5,True,True,True,True,False,False
new1,baseline,cube_random,v3_new1_cube_random_00,3,43a9cb66538f71ebcb24,True,True,True,True,False,False
new1,baseline,cube_random,v3_new1_cube_random_00,6,43a9cb66538f71ebcb24,True,True,True,True,False,False
new1,baseline,cube_random,v3_new1_cube_random_01,1,050089eb38c627808b10,False,False,False,False,False,False
new1,baseline,cube_random,v3_new1_cube_random_01,3,050089eb38c627808b10,False,False,False,False,False,False
new1,baseline,cube_random,v3_new1_cube_random_01,6,6d8e9aa6ca32918012c9,False,False,False,False,False,False
new1,baseline,cube_random,v3_new1_cube_random_02,1,905ee62224e4a67d84c3,False,False,False,False,False,False
new1,baseline,cube_random,v3_new1_cube_random_02,3,de3c137e9da63c131ea5,True,True,True,True,False,False
new1,baseline,cube_random,v3_new1_cube_random_02,6,de3c137e9da63c131ea5,True,True,True,True,False,False
new1,baseline,cube_random,v3_new1_cube_random_03,1,8db9d07ae01141636ee8,False,False,False,False,False,False
new1,baseline,cube_random,v3_new1_cube_random_03,3,c442e36582af28860f2e,True,True,True,True,False,False
new1,baseline,cube_random,v3_new1_cube_random_03,6,c442e36582af28860f2e,True,True,True,True,False,False
new1,baseline,cube_random,v3_new1_cube_random_04,1,be17d16f0276b13a5a3f,False,False,False,False,False,False
new1,baseline,cube_random,v3_new1_cube_random_04,3,54cfaa13e80cc022c894,True,True,True,True,False,False
new1,baseline,cube_random,v3_new1_cube_random_04,6,54cfaa13e80cc022c894,True,True,True,True,False,False
new1,baseline,cube_random,v3_new1_cube_random_05,1,eea35d3228c60e585891,False,False,False,False,False,False
new1,baseline,cube_random,v3_new1_cube_random_05,3,69120071ddb9fdbeedbf,True,True,True,True,False,False
new1,baseline,cube_random,v3_new1_cube_random_05,6,69120071ddb9fdbeedbf,True,True,True,True,False,False
new1,baseline,cube_random,v3_new1_cube_random_06,1,9096903b003c1c2cc558,False,False,False,False,False,False
new1,baseline,cube_random,v3_new1_cube_random_06,3,9096903b003c1c2cc558,False,False,False,False,False,False
new1,baseline,cube_random,v3_new1_cube_random_06,6,b5fdf87d1a4b99641e97,False,False,False,False,False,False
new1,baseline,cube_random,v3_new1_cube_random_07,1,cc979c845723e159ef53,False,False,False,False,False,False
new1,baseline,cube_random,v3_new1_cube_random_07,3,8cf0412fd620986b62a6,True,True,True,True,False,False
new1,baseline,cube_random,v3_new1_cube_random_07,6,8cf0412fd620986b62a6,True,True,True,True,False,False
new1,baseline,cube_random,v3_new1_cube_random_08,1,010a8063861c63b878ee,True,True,True,True,False,False
new1,baseline,cube_random,v3_new1_cube_random_08,3,010a8063861c63b878ee,True,True,True,True,False,False
new1,baseline,cube_random,v3_new1_cube_random_08,6,010a8063861c63b878ee,True,True,True,True,False,False
new1,baseline,cube_random,v3_new1_cube_random_09,1,7eb2ba87b0cd0f971698,True,True,True,True,False,False
new1,baseline,cube_random,v3_new1_cube_random_09,3,7eb2ba87b0cd0f971698,True,True,True,True,False,False
new1,baseline,cube_random,v3_new1_cube_random_09,6,7eb2ba87b0cd0f971698,True,True,True,True,False,False
new1,baseline,cube_random,v3_new1_cube_random_10,1,d9346a9db37a5d3c8e59,False,False,False,False,False,False
new1,baseline,cube_random,v3_new1_cube_random_10,3,d9346a9db37a5d3c8e59,False,False,False,False,False,False
new1,baseline,cube_random,v3_new1_cube_random_10,6,d9346a9db37a5d3c8e59,False,False,False,False,False,False
new1,baseline,cube_random,v3_new1_cube_random_11,1,1f7c1b3b970c1ff4217f,True,True,True,True,False,False
new1,baseline,cube_random,v3_new1_cube_random_11,3,1f7c1b3b970c1ff4217f,True,True,True,True,False,False
new1,baseline,cube_random,v3_new1_cube_random_11,6,1f7c1b3b970c1ff4217f,True,True,True,True,False,False
new1,baseline,cube_random,v3_new1_cube_random_12,1,e0fb19437a563f4e2297,False,False,False,False,False,False
new1,baseline,cube_random,v3_new1_cube_random_12,3,1b00e67f0eb85d6a0ef7,True,True,True,True,False,False
new1,baseline,cube_random,v3_new1_cube_random_12,6,1b00e67f0eb85d6a0ef7,True,True,True,True,False,False
new1,baseline,cube_random,v3_new1_cube_random_13,1,332feceae03afdd49bae,False,False,False,False,False,False
new1,baseline,cube_random,v3_new1_cube_random_13,3,332feceae03afdd49bae,False,False,False,False,False,False
new1,baseline,cube_random,v3_new1_cube_random_13,6,332feceae03afdd49bae,False,False,False,False,False,False
new1,baseline,cube_random,v3_new1_cube_random_14,1,21e83a4f9cf0d45f6319,False,False,False,False,False,False
new1,baseline,cube_random,v3_new1_cube_random_14,3,bf846adb5e57fc29e589,True,True,True,True,False,False
new1,baseline,cube_random,v3_new1_cube_random_14,6,bf846adb5e57fc29e589,True,True,True,True,False,False
new1,baseline,cube_random,v3_new1_cube_random_15,1,0baa60ea00da6a226cd4,True,True,True,True,False,False
new1,baseline,cube_random,v3_new1_cube_random_15,3,0baa60ea00da6a226cd4,True,True,True,True,False,False
new1,baseline,cube_random,v3_new1_cube_random_15,6,0baa60ea00da6a226cd4,True,True,True,True,False,False
new1,baseline,cube_random,v3_new1_cube_random_16,1,dc515f3c0936e21c6aa3,True,True,True,True,False,False
new1,baseline,cube_random,v3_new1_cube_random_16,3,dc515f3c0936e21c6aa3,True,True,True,True,False,False
new1,baseline,cube_random,v3_new1_cube_random_16,6,dc515f3c0936e21c6aa3,True,True,True,True,False,False
new1,baseline,cube_random,v3_new1_cube_random_17,1,df7f3d0235cf8c6620d6,True,True,True,True,False,False
new1,baseline,cube_random,v3_new1_cube_random_17,3,1e39c8938b5b24fe9da0,True,True,True,True,False,False
new1,baseline,cube_random,v3_new1_cube_random_17,6,1e39c8938b5b24fe9da0,True,True,True,True,False,False
new1,baseline,cube_random,v3_new1_cube_random_18,1,33cba35890fe1d900031,True,True,True,True,False,False
new1,baseline,cube_random,v3_new1_cube_random_18,3,33cba35890fe1d900031,True,True,True,True,False,False
new1,baseline,cube_random,v3_new1_cube_random_18,6,33cba35890fe1d900031,True,True,True,True,False,False
new1,baseline,cube_random,v3_new1_cube_random_19,1,fbfcc119ae2492bc7733,False,False,False,False,False,False
new1,baseline,cube_random,v3_new1_cube_random_19,3,c3325f9c2fcd37c34aa6,True,True,True,True,False,False
new1,baseline,cube_random,v3_new1_cube_random_19,6,c3325f9c2fcd37c34aa6,True,True,True,True,False,False
new1,baseline,cylinder_random,v3_new1_cylinder_random_00,1,b992e5193063c0bab047,False,False,False,False,False,False
new1,baseline,cylinder_random,v3_new1_cylinder_random_00,3,5b2fa2054779402afefa,False,False,False,False,False,False
new1,baseline,cylinder_random,v3_new1_cylinder_random_00,6,5b2fa2054779402afefa,False,False,False,False,False,False
new1,baseline,cylinder_random,v3_new1_cylinder_random_01,1,562262ee1aa87627abcf,False,False,False,False,False,False
new1,baseline,cylinder_random,v3_new1_cylinder_random_01,3,c508e2207dcbbc0dff11,False,False,False,False,False,False
new1,baseline,cylinder_random,v3_new1_cylinder_random_01,6,0ce90f69b803bedf3b80,False,False,False,False,False,False
new1,baseline,cylinder_random,v3_new1_cylinder_random_02,1,a2869f76c642570052b6,False,False,False,False,False,False
new1,baseline,cylinder_random,v3_new1_cylinder_random_02,3,42c6e00e0c5aec936215,True,True,True,True,True,True
new1,baseline,cylinder_random,v3_new1_cylinder_random_02,6,42c6e00e0c5aec936215,True,True,True,True,True,True
new1,baseline,cylinder_random,v3_new1_cylinder_random_03,1,25c9a95702b8c60ab111,True,True,True,True,True,True
new1,baseline,cylinder_random,v3_new1_cylinder_random_03,3,25c9a95702b8c60ab111,True,True,True,True,True,True
new1,baseline,cylinder_random,v3_new1_cylinder_random_03,6,1b895a21c6fc7b1c63df,True,True,True,True,True,True
new1,baseline,cylinder_random,v3_new1_cylinder_random_04,1,98354c2eb733170c5c73,False,False,False,False,False,False
new1,baseline,cylinder_random,v3_new1_cylinder_random_04,3,98354c2eb733170c5c73,False,False,False,False,False,False
new1,baseline,cylinder_random,v3_new1_cylinder_random_04,6,98354c2eb733170c5c73,False,False,False,False,False,False
new1,baseline,cylinder_random,v3_new1_cylinder_random_05,1,abf562494ff3c8ec898f,False,False,False,False,False,False
new1,baseline,cylinder_random,v3_new1_cylinder_random_05,3,7eaa2444a5a33482f2a6,False,False,False,False,False,False
new1,baseline,cylinder_random,v3_new1_cylinder_random_05,6,7eaa2444a5a33482f2a6,False,False,False,False,False,False
new1,baseline,cylinder_random,v3_new1_cylinder_random_06,1,187f2a3aa000bdcb4b1f,True,True,True,True,True,True
new1,baseline,cylinder_random,v3_new1_cylinder_random_06,3,187f2a3aa000bdcb4b1f,True,True,True,True,True,True
new1,baseline,cylinder_random,v3_new1_cylinder_random_06,6,187f2a3aa000bdcb4b1f,True,True,True,True,True,True
new1,baseline,cylinder_random,v3_new1_cylinder_random_07,1,0b12013342865e5a05e0,False,False,False,False,False,False
new1,baseline,cylinder_random,v3_new1_cylinder_random_07,3,0b12013342865e5a05e0,False,False,False,False,False,False
new1,baseline,cylinder_random,v3_new1_cylinder_random_07,6,525135cf62211caa822b,False,False,False,False,False,False
new1,baseline,cylinder_random,v3_new1_cylinder_random_08,1,78f800f6ef5782a48bd8,False,False,False,False,False,False
new1,baseline,cylinder_random,v3_new1_cylinder_random_08,3,530384d9a69440b603ec,True,True,True,True,True,True
new1,baseline,cylinder_random,v3_new1_cylinder_random_08,6,530384d9a69440b603ec,True,True,True,True,True,True
new1,baseline,cylinder_random,v3_new1_cylinder_random_09,1,7128d1b5a0a323535e98,False,False,False,False,False,False
new1,baseline,cylinder_random,v3_new1_cylinder_random_09,3,21f0f49b506c0493c2ca,False,False,False,False,False,False
new1,baseline,cylinder_random,v3_new1_cylinder_random_09,6,21f0f49b506c0493c2ca,False,False,False,False,False,False
new1,baseline,cylinder_random,v3_new1_cylinder_random_10,1,984bdfa20198cc7a9f6d,False,False,False,False,False,False
new1,baseline,cylinder_random,v3_new1_cylinder_random_10,3,984bdfa20198cc7a9f6d,False,False,False,False,False,False
new1,baseline,cylinder_random,v3_new1_cylinder_random_10,6,97a14c817f54b26b8875,False,False,False,False,False,False
new1,baseline,cylinder_random,v3_new1_cylinder_random_11,1,fe712968934da1786f49,True,True,True,True,True,True
new1,baseline,cylinder_random,v3_new1_cylinder_random_11,3,fe712968934da1786f49,True,True,True,True,True,True
new1,baseline,cylinder_random,v3_new1_cylinder_random_11,6,fe712968934da1786f49,True,True,True,True,True,True
new1,baseline,cylinder_random,v3_new1_cylinder_random_12,1,59b6c710eb4c20655735,False,False,False,False,False,False
new1,baseline,cylinder_random,v3_new1_cylinder_random_12,3,59b6c710eb4c20655735,False,False,False,False,False,False
new1,baseline,cylinder_random,v3_new1_cylinder_random_12,6,59b6c710eb4c20655735,False,False,False,False,False,False
new1,baseline,cylinder_random,v3_new1_cylinder_random_13,1,b55e865377ac7718bc6a,False,False,False,False,False,False
new1,baseline,cylinder_random,v3_new1_cylinder_random_13,3,1b6d19db43e3f8f01f21,False,False,False,False,False,False
new1,baseline,cylinder_random,v3_new1_cylinder_random_13,6,091824588a122076a7d7,True,True,True,True,True,True
new1,baseline,cylinder_random,v3_new1_cylinder_random_14,1,295cacba636a6a6cdb26,False,False,False,False,False,False
new1,baseline,cylinder_random,v3_new1_cylinder_random_14,3,9ef00cce83ade8eec5f5,False,False,False,False,False,False
new1,baseline,cylinder_random,v3_new1_cylinder_random_14,6,98704f0e2a881b2e00cc,False,False,False,False,False,False
new1,baseline,cylinder_random,v3_new1_cylinder_random_15,1,28d8522d548b13ac3812,False,False,False,False,False,False
new1,baseline,cylinder_random,v3_new1_cylinder_random_15,3,f54d9af556b5d9c33cd1,True,True,True,True,True,True
new1,baseline,cylinder_random,v3_new1_cylinder_random_15,6,f54d9af556b5d9c33cd1,True,True,True,True,True,True
new1,baseline,cylinder_random,v3_new1_cylinder_random_16,1,4422e0f47277ab3e1eb4,False,False,False,False,False,False
new1,baseline,cylinder_random,v3_new1_cylinder_random_16,3,5bcc099a3922cfc4a31c,False,False,False,False,False,False
new1,baseline,cylinder_random,v3_new1_cylinder_random_16,6,999829e09a6606357cb2,True,True,True,True,True,True
new1,baseline,cylinder_random,v3_new1_cylinder_random_17,1,198f7994a6ab0f3bbec3,False,False,False,False,False,False
new1,baseline,cylinder_random,v3_new1_cylinder_random_17,3,198f7994a6ab0f3bbec3,False,False,False,False,False,False
new1,baseline,cylinder_random,v3_new1_cylinder_random_17,6,bce138e3918f33459d27,True,True,True,True,True,True
new1,baseline,cylinder_random,v3_new1_cylinder_random_18,1,c51e5c6ef629b62f1976,False,False,False,False,False,False
new1,baseline,cylinder_random,v3_new1_cylinder_random_18,3,da4d7da57469ed034d03,False,False,False,False,False,False
new1,baseline,cylinder_random,v3_new1_cylinder_random_18,6,f1a98f7e8e80778ca62e,False,False,False,False,False,False
new1,baseline,cylinder_random,v3_new1_cylinder_random_19,1,ce6b03eb413296c16335,True,True,True,True,True,True
new1,baseline,cylinder_random,v3_new1_cylinder_random_19,3,ce6b03eb413296c16335,True,True,True,True,True,True
new1,baseline,cylinder_random,v3_new1_cylinder_random_19,6,ce6b03eb413296c16335,True,True,True,True,True,True
new1,baseline,flat_box_random,v3_new1_flat_box_random_00,1,c095b8de07239021b1ea,False,False,False,False,False,False
new1,baseline,flat_box_random,v3_new1_flat_box_random_00,3,ab307c827a34ce9fffbf,False,False,False,False,False,False
new1,baseline,flat_box_random,v3_new1_flat_box_random_00,6,a357a6a5b73d431fe1c4,False,False,False,False,False,False
new1,baseline,flat_box_random,v3_new1_flat_box_random_01,1,ed6b395966da55aeff53,False,False,False,False,False,False
new1,baseline,flat_box_random,v3_new1_flat_box_random_01,3,ed6b395966da55aeff53,False,False,False,False,False,False
new1,baseline,flat_box_random,v3_new1_flat_box_random_01,6,ed6b395966da55aeff53,False,False,False,False,False,False
new1,baseline,flat_box_random,v3_new1_flat_box_random_02,1,ab5c39337aa88658461e,False,False,False,False,False,False
new1,baseline,flat_box_random,v3_new1_flat_box_random_02,3,d53067182e8be35077a9,False,False,False,False,False,False
new1,baseline,flat_box_random,v3_new1_flat_box_random_02,6,d53067182e8be35077a9,False,False,False,False,False,False
new1,baseline,flat_box_random,v3_new1_flat_box_random_03,1,047caf68c067f2a7e95c,False,False,False,False,False,False
new1,baseline,flat_box_random,v3_new1_flat_box_random_03,3,047caf68c067f2a7e95c,False,False,False,False,False,False
new1,baseline,flat_box_random,v3_new1_flat_box_random_03,6,047caf68c067f2a7e95c,False,False,False,False,False,False
new1,baseline,flat_box_random,v3_new1_flat_box_random_04,1,bb746289e72c868348f7,False,False,False,False,False,False
new1,baseline,flat_box_random,v3_new1_flat_box_random_04,3,18268551816c7d2815ee,False,False,False,False,False,False
new1,baseline,flat_box_random,v3_new1_flat_box_random_04,6,18268551816c7d2815ee,False,False,False,False,False,False
new1,baseline,flat_box_random,v3_new1_flat_box_random_05,1,b3e81fa890ba12138a9a,False,False,False,False,False,False
new1,baseline,flat_box_random,v3_new1_flat_box_random_05,3,b1fe4dbcbbf9be46b06b,True,True,True,True,False,False
new1,baseline,flat_box_random,v3_new1_flat_box_random_05,6,b1fe4dbcbbf9be46b06b,True,True,True,True,False,False
new1,baseline,flat_box_random,v3_new1_flat_box_random_06,1,1238901ea4fc91d99ab8,False,False,False,False,False,False
new1,baseline,flat_box_random,v3_new1_flat_box_random_06,3,1238901ea4fc91d99ab8,False,False,False,False,False,False
new1,baseline,flat_box_random,v3_new1_flat_box_random_06,6,604393cde77f49dd92da,True,True,True,True,False,False
new1,baseline,flat_box_random,v3_new1_flat_box_random_07,1,f008c8b4392e1a7e646a,False,False,False,False,False,False
new1,baseline,flat_box_random,v3_new1_flat_box_random_07,3,f008c8b4392e1a7e646a,False,False,False,False,False,False
new1,baseline,flat_box_random,v3_new1_flat_box_random_07,6,f008c8b4392e1a7e646a,False,False,False,False,False,False
new1,baseline,flat_box_random,v3_new1_flat_box_random_08,1,e087f8e8431409aab4d9,False,False,False,False,False,False
new1,baseline,flat_box_random,v3_new1_flat_box_random_08,3,e087f8e8431409aab4d9,False,False,False,False,False,False
new1,baseline,flat_box_random,v3_new1_flat_box_random_08,6,cdb1d60f064164b4d834,False,False,False,False,False,False
new1,baseline,flat_box_random,v3_new1_flat_box_random_09,1,be5fa8e1f7a567a1a260,False,False,False,False,False,False
new1,baseline,flat_box_random,v3_new1_flat_box_random_09,3,9cdf377c60dcd79c040c,True,True,True,True,False,False
new1,baseline,flat_box_random,v3_new1_flat_box_random_09,6,9cdf377c60dcd79c040c,True,True,True,True,False,False
new1,baseline,flat_box_random,v3_new1_flat_box_random_10,1,b9647b8ed41cd6c2c394,False,False,False,False,False,False
new1,baseline,flat_box_random,v3_new1_flat_box_random_10,3,b9647b8ed41cd6c2c394,False,False,False,False,False,False
new1,baseline,flat_box_random,v3_new1_flat_box_random_10,6,6105da58a85691cc5dd4,False,False,False,False,False,False
new1,baseline,flat_box_random,v3_new1_flat_box_random_11,1,d694dcf25716d1221723,False,False,False,False,False,False
new1,baseline,flat_box_random,v3_new1_flat_box_random_11,3,56cfbfb1d2b02843015c,True,True,True,True,False,False
new1,baseline,flat_box_random,v3_new1_flat_box_random_11,6,56cfbfb1d2b02843015c,True,True,True,True,False,False
new1,baseline,flat_box_random,v3_new1_flat_box_random_12,1,dc6910e05573f071bc38,False,False,False,False,False,False
new1,baseline,flat_box_random,v3_new1_flat_box_random_12,3,dc6910e05573f071bc38,False,False,False,False,False,False
new1,baseline,flat_box_random,v3_new1_flat_box_random_12,6,dc6910e05573f071bc38,False,False,False,False,False,False
new1,baseline,flat_box_random,v3_new1_flat_box_random_13,1,569b7912234e9c180a8f,False,False,False,False,False,False
new1,baseline,flat_box_random,v3_new1_flat_box_random_13,3,569b7912234e9c180a8f,False,False,False,False,False,False
new1,baseline,flat_box_random,v3_new1_flat_box_random_13,6,569b7912234e9c180a8f,False,False,False,False,False,False
new1,baseline,flat_box_random,v3_new1_flat_box_random_14,1,5e884c3abd8d53f531b3,False,False,False,False,False,False
new1,baseline,flat_box_random,v3_new1_flat_box_random_14,3,5e884c3abd8d53f531b3,False,False,False,False,False,False
new1,baseline,flat_box_random,v3_new1_flat_box_random_14,6,5e884c3abd8d53f531b3,False,False,False,False,False,False
new1,baseline,flat_box_random,v3_new1_flat_box_random_15,1,8f560a7ec13f155c2452,False,False,False,False,False,False
new1,baseline,flat_box_random,v3_new1_flat_box_random_15,3,8f560a7ec13f155c2452,False,False,False,False,False,False
new1,baseline,flat_box_random,v3_new1_flat_box_random_15,6,8f560a7ec13f155c2452,False,False,False,False,False,False
new1,baseline,flat_box_random,v3_new1_flat_box_random_16,1,1bf569f6745a27107d1e,False,False,False,False,False,False
new1,baseline,flat_box_random,v3_new1_flat_box_random_16,3,e4160af481811de4ffcc,True,True,True,True,False,False
new1,baseline,flat_box_random,v3_new1_flat_box_random_16,6,e4160af481811de4ffcc,True,True,True,True,False,False
new1,baseline,flat_box_random,v3_new1_flat_box_random_17,1,0e6519a45aee982e4dd2,False,False,False,False,False,False
new1,baseline,flat_box_random,v3_new1_flat_box_random_17,3,0e6519a45aee982e4dd2,False,False,False,False,False,False
new1,baseline,flat_box_random,v3_new1_flat_box_random_17,6,0e6519a45aee982e4dd2,False,False,False,False,False,False
new1,baseline,flat_box_random,v3_new1_flat_box_random_18,1,784a9115a50898bd9e68,False,False,False,False,False,False
new1,baseline,flat_box_random,v3_new1_flat_box_random_18,3,e5c4260b7e1e7bbd6cee,True,True,False,False,False,False
new1,baseline,flat_box_random,v3_new1_flat_box_random_18,6,e5c4260b7e1e7bbd6cee,True,True,False,False,False,False
new1,baseline,flat_box_random,v3_new1_flat_box_random_19,1,168d8226c024ca9e98b4,False,False,False,False,False,False
new1,baseline,flat_box_random,v3_new1_flat_box_random_19,3,168d8226c024ca9e98b4,False,False,False,False,False,False
new1,baseline,flat_box_random,v3_new1_flat_box_random_19,6,168d8226c024ca9e98b4,False,False,False,False,False,False
new1,baseline,sphere_random,v3_new1_sphere_random_00,1,120afe140e013a4c7aab,False,False,False,False,False,False
new1,baseline,sphere_random,v3_new1_sphere_random_00,3,120afe140e013a4c7aab,False,False,False,False,False,False
new1,baseline,sphere_random,v3_new1_sphere_random_00,6,120afe140e013a4c7aab,False,False,False,False,False,False
new1,baseline,sphere_random,v3_new1_sphere_random_01,1,c2a09226d24f215054a6,False,False,False,False,False,False
new1,baseline,sphere_random,v3_new1_sphere_random_01,3,c2a09226d24f215054a6,False,False,False,False,False,False
new1,baseline,sphere_random,v3_new1_sphere_random_01,6,c2a09226d24f215054a6,False,False,False,False,False,False
new1,baseline,sphere_random,v3_new1_sphere_random_02,1,5fa087cf9286b4c555dc,False,False,False,False,False,False
new1,baseline,sphere_random,v3_new1_sphere_random_02,3,4b7f15979338be8a3dc6,False,False,False,False,False,False
new1,baseline,sphere_random,v3_new1_sphere_random_02,6,21f78e33412235ab1b8d,False,False,False,False,False,False
new1,baseline,sphere_random,v3_new1_sphere_random_03,1,371e9d092b9e3ec9db5f,False,False,False,False,False,False
new1,baseline,sphere_random,v3_new1_sphere_random_03,3,a6a875cc16746154f704,False,False,False,False,False,False
new1,baseline,sphere_random,v3_new1_sphere_random_03,6,a6a875cc16746154f704,False,False,False,False,False,False
new1,baseline,sphere_random,v3_new1_sphere_random_04,1,8ae7f9ce76b237113379,False,False,False,False,False,False
new1,baseline,sphere_random,v3_new1_sphere_random_04,3,8ae7f9ce76b237113379,False,False,False,False,False,False
new1,baseline,sphere_random,v3_new1_sphere_random_04,6,8ae7f9ce76b237113379,False,False,False,False,False,False
new1,baseline,sphere_random,v3_new1_sphere_random_05,1,ef47c74897413acdec26,False,False,False,False,False,False
new1,baseline,sphere_random,v3_new1_sphere_random_05,3,8ef46262d5ece4bea85f,False,False,False,False,False,False
new1,baseline,sphere_random,v3_new1_sphere_random_05,6,1dd3ef31fca5714e9a06,False,False,False,False,False,False
new1,baseline,sphere_random,v3_new1_sphere_random_06,1,f65eb7e1ba5ee759ca7f,False,False,False,False,False,False
new1,baseline,sphere_random,v3_new1_sphere_random_06,3,f65eb7e1ba5ee759ca7f,False,False,False,False,False,False
new1,baseline,sphere_random,v3_new1_sphere_random_06,6,57b1a13da5d1d23afde0,False,False,False,False,False,False
new1,baseline,sphere_random,v3_new1_sphere_random_07,1,8e6425e01d2e519f9556,False,False,False,False,False,False
new1,baseline,sphere_random,v3_new1_sphere_random_07,3,2e8556c9dd6c2fe07434,False,False,False,False,False,False
new1,baseline,sphere_random,v3_new1_sphere_random_07,6,2e8556c9dd6c2fe07434,False,False,False,False,False,False
new1,baseline,sphere_random,v3_new1_sphere_random_08,1,b22e2821b0d0049e2c3e,False,False,False,False,False,False
new1,baseline,sphere_random,v3_new1_sphere_random_08,3,a13b08cf729b0a0de4a9,False,False,False,False,False,False
new1,baseline,sphere_random,v3_new1_sphere_random_08,6,8f3e47f83c5821348b3b,False,False,False,False,False,False
new1,baseline,sphere_random,v3_new1_sphere_random_09,1,02a2e72582466fcd9e9c,False,False,False,False,False,False
new1,baseline,sphere_random,v3_new1_sphere_random_09,3,d005db1b414df872be04,False,False,False,False,False,False
new1,baseline,sphere_random,v3_new1_sphere_random_09,6,d005db1b414df872be04,False,False,False,False,False,False
new1,baseline,sphere_random,v3_new1_sphere_random_10,1,662ab4eb7f5e243d6f9b,False,False,False,False,False,False
new1,baseline,sphere_random,v3_new1_sphere_random_10,3,662ab4eb7f5e243d6f9b,False,False,False,False,False,False
new1,baseline,sphere_random,v3_new1_sphere_random_10,6,71a5d3bd63240444d6ed,False,False,False,False,False,False
new1,baseline,sphere_random,v3_new1_sphere_random_11,1,dae93eab42eaf6fd661b,False,False,False,False,False,False
new1,baseline,sphere_random,v3_new1_sphere_random_11,3,dae93eab42eaf6fd661b,False,False,False,False,False,False
new1,baseline,sphere_random,v3_new1_sphere_random_11,6,dae93eab42eaf6fd661b,False,False,False,False,False,False
new1,baseline,sphere_random,v3_new1_sphere_random_12,1,be5c2b9ceef9e3504e53,False,False,False,False,False,False
new1,baseline,sphere_random,v3_new1_sphere_random_12,3,1669d643c885d7726fe2,False,False,False,False,False,False
new1,baseline,sphere_random,v3_new1_sphere_random_12,6,1669d643c885d7726fe2,False,False,False,False,False,False
new1,baseline,sphere_random,v3_new1_sphere_random_13,1,bf7a165fb0a2ec036234,False,False,False,False,False,False
new1,baseline,sphere_random,v3_new1_sphere_random_13,3,7de8b011b49d69cca8ac,False,False,False,False,False,False
new1,baseline,sphere_random,v3_new1_sphere_random_13,6,1f63b4d32daf26c1349c,False,False,False,False,False,False
new1,baseline,sphere_random,v3_new1_sphere_random_14,1,7b617af0243bc8731a4b,False,False,False,False,False,False
new1,baseline,sphere_random,v3_new1_sphere_random_14,3,6dcf9ad92f7347a62931,False,False,False,False,False,False
new1,baseline,sphere_random,v3_new1_sphere_random_14,6,6dcf9ad92f7347a62931,False,False,False,False,False,False
new1,baseline,sphere_random,v3_new1_sphere_random_15,1,757dad33c363cd6ce577,False,False,False,False,False,False
new1,baseline,sphere_random,v3_new1_sphere_random_15,3,5196c78d33e521c0e919,False,False,False,False,False,False
new1,baseline,sphere_random,v3_new1_sphere_random_15,6,4ca512a721380cf3a32f,False,False,False,False,False,False
new1,baseline,sphere_random,v3_new1_sphere_random_16,1,ec0d1e681f694b3c74fd,False,False,False,False,False,False
new1,baseline,sphere_random,v3_new1_sphere_random_16,3,16667cb5a8c5ba3ff19e,False,False,False,False,False,False
new1,baseline,sphere_random,v3_new1_sphere_random_16,6,16667cb5a8c5ba3ff19e,False,False,False,False,False,False
new1,baseline,sphere_random,v3_new1_sphere_random_17,1,cfdb0f74cf850cf46afa,False,False,False,False,False,False
new1,baseline,sphere_random,v3_new1_sphere_random_17,3,fb062ace44d6957227fd,False,False,False,False,False,False
new1,baseline,sphere_random,v3_new1_sphere_random_17,6,791f331a0f49b198d4a4,False,False,False,False,False,False
new1,baseline,sphere_random,v3_new1_sphere_random_18,1,39b97a7ead8aa71acdc3,False,False,False,False,False,False
new1,baseline,sphere_random,v3_new1_sphere_random_18,3,a1e438bc4282fd2dd3d4,False,False,False,False,False,False
new1,baseline,sphere_random,v3_new1_sphere_random_18,6,c7612248f6bc53c99711,True,True,True,True,True,True
new1,baseline,sphere_random,v3_new1_sphere_random_19,1,e8e86db64e2e9e17fb65,False,False,False,False,False,False
new1,baseline,sphere_random,v3_new1_sphere_random_19,3,dbe643958b944280418e,False,False,False,False,False,False
new1,baseline,sphere_random,v3_new1_sphere_random_19,6,dbe643958b944280418e,False,False,False,False,False,False
new1,no_extra,bar_random,v3_new1_bar_random_00,6,55e73945f71f329d0eb9,False,False,False,False,False,False
new1,no_extra,bar_random,v3_new1_bar_random_01,6,02147417426ee07f4d39,False,False,False,False,False,False
new1,no_extra,bar_random,v3_new1_bar_random_02,6,efd97f0ae1ba419b9a84,False,False,False,False,False,False
new1,no_extra,bar_random,v3_new1_bar_random_03,6,5ae0d311b7241fa2c0dd,False,False,False,False,False,False
new1,no_extra,bar_random,v3_new1_bar_random_04,6,6e2d96328faaa6f2ad7e,False,False,False,False,False,False
new1,no_extra,bar_random,v3_new1_bar_random_05,6,043e5a9f3c5c4a21f8c5,False,False,False,False,False,False
new1,no_extra,bar_random,v3_new1_bar_random_06,6,e334ec6b89cfd40c11cc,False,False,False,False,False,False
new1,no_extra,bar_random,v3_new1_bar_random_07,6,a1d554287902b6723c99,True,True,True,True,False,False
new1,no_extra,bar_random,v3_new1_bar_random_08,6,123fc595fd196458c13c,True,True,True,True,False,False
new1,no_extra,bar_random,v3_new1_bar_random_09,6,0bacd5e0c11e556e0b6d,False,False,False,False,False,False
new1,no_extra,bar_random,v3_new1_bar_random_10,6,027ef8f86bdb698208c4,False,False,False,False,False,False
new1,no_extra,bar_random,v3_new1_bar_random_11,6,f32d538a7399a0a4d210,False,False,False,False,False,False
new1,no_extra,bar_random,v3_new1_bar_random_12,6,2a25254bdc662dcd3c09,False,False,False,False,False,False
new1,no_extra,bar_random,v3_new1_bar_random_13,6,da2a97ec3805ece461aa,False,False,False,False,False,False
new1,no_extra,bar_random,v3_new1_bar_random_14,6,a1f32af4f2645eae5b0c,False,False,False,False,False,False
new1,no_extra,bar_random,v3_new1_bar_random_15,6,cf6a5215dbeec07b950b,False,False,False,False,False,False
new1,no_extra,bar_random,v3_new1_bar_random_16,6,3b9e0615e11a1c7d9a32,False,False,False,False,False,False
new1,no_extra,bar_random,v3_new1_bar_random_17,6,ab6760804cb48a5f0fe3,True,True,True,True,False,False
new1,no_extra,bar_random,v3_new1_bar_random_18,6,94ceedc9f5c9c9ff845c,False,False,False,False,False,False
new1,no_extra,bar_random,v3_new1_bar_random_19,6,908428fd32c37101ed3c,True,True,True,True,False,False
new1,no_extra,capsule_random,v3_new1_capsule_random_00,6,768370fdc9c5d0657455,False,False,False,False,False,False
new1,no_extra,capsule_random,v3_new1_capsule_random_01,6,1e3b6cbf43404045a428,False,False,False,False,False,False
new1,no_extra,capsule_random,v3_new1_capsule_random_02,6,235b05d261074c46f1ef,False,False,False,False,False,False
new1,no_extra,capsule_random,v3_new1_capsule_random_03,6,1ce140b52aaa38d9ac20,False,False,False,False,False,False
new1,no_extra,capsule_random,v3_new1_capsule_random_04,6,d9f7cd9eefb485d7b501,False,False,False,False,False,False
new1,no_extra,capsule_random,v3_new1_capsule_random_05,6,63ce56e9435d290f33e0,False,False,False,False,False,False
new1,no_extra,capsule_random,v3_new1_capsule_random_06,6,5b99b39b128ba9deb11c,False,False,False,False,False,False
new1,no_extra,capsule_random,v3_new1_capsule_random_07,6,77859aa69ae9357d386b,False,False,False,False,False,False
new1,no_extra,capsule_random,v3_new1_capsule_random_08,6,8587ff646a64e339dac1,False,False,False,False,False,False
new1,no_extra,capsule_random,v3_new1_capsule_random_09,6,50f04ac44bff606d1738,False,False,False,False,False,False
new1,no_extra,capsule_random,v3_new1_capsule_random_10,6,e04e99cfdf518c894184,False,False,False,False,False,False
new1,no_extra,capsule_random,v3_new1_capsule_random_11,6,6e959b8c71426579ae12,False,False,False,False,False,False
new1,no_extra,capsule_random,v3_new1_capsule_random_12,6,01ec7b0d482f3f88be16,False,False,False,False,False,False
new1,no_extra,capsule_random,v3_new1_capsule_random_13,6,0d2c6ea7ec33550008bd,False,False,False,False,False,False
new1,no_extra,capsule_random,v3_new1_capsule_random_14,6,f78a2f83af06b4940f13,False,False,False,False,False,False
new1,no_extra,capsule_random,v3_new1_capsule_random_15,6,eb87384cea8b735f185d,False,False,False,False,False,False
new1,no_extra,capsule_random,v3_new1_capsule_random_16,6,a21163eb1a49eed62438,False,False,False,False,False,False
new1,no_extra,capsule_random,v3_new1_capsule_random_17,6,0e8aea722e583ce1d0dd,False,False,False,False,False,False
new1,no_extra,capsule_random,v3_new1_capsule_random_18,6,536f11e27fd0ea00ec59,False,False,False,False,False,False
new1,no_extra,capsule_random,v3_new1_capsule_random_19,6,08cd8b4d47819121d9f3,False,False,False,False,False,False
new1,no_extra,cube_random,v3_new1_cube_random_00,6,43a9cb66538f71ebcb24,True,True,True,True,False,False
new1,no_extra,cube_random,v3_new1_cube_random_01,6,6d8e9aa6ca32918012c9,False,False,False,False,False,False
new1,no_extra,cube_random,v3_new1_cube_random_02,6,de3c137e9da63c131ea5,True,True,True,True,False,False
new1,no_extra,cube_random,v3_new1_cube_random_03,6,c442e36582af28860f2e,True,True,True,True,False,False
new1,no_extra,cube_random,v3_new1_cube_random_04,6,54cfaa13e80cc022c894,True,True,True,True,False,False
new1,no_extra,cube_random,v3_new1_cube_random_05,6,69120071ddb9fdbeedbf,True,True,True,True,False,False
new1,no_extra,cube_random,v3_new1_cube_random_06,6,b5fdf87d1a4b99641e97,False,False,False,False,False,False
new1,no_extra,cube_random,v3_new1_cube_random_07,6,8cf0412fd620986b62a6,True,True,True,True,False,False
new1,no_extra,cube_random,v3_new1_cube_random_08,6,010a8063861c63b878ee,True,True,True,True,False,False
new1,no_extra,cube_random,v3_new1_cube_random_09,6,7eb2ba87b0cd0f971698,True,True,True,True,False,False
new1,no_extra,cube_random,v3_new1_cube_random_10,6,d9346a9db37a5d3c8e59,False,False,False,False,False,False
new1,no_extra,cube_random,v3_new1_cube_random_11,6,1f7c1b3b970c1ff4217f,True,True,True,True,False,False
new1,no_extra,cube_random,v3_new1_cube_random_12,6,1b00e67f0eb85d6a0ef7,True,True,True,True,False,False
new1,no_extra,cube_random,v3_new1_cube_random_13,6,332feceae03afdd49bae,False,False,False,False,False,False
new1,no_extra,cube_random,v3_new1_cube_random_14,6,bf846adb5e57fc29e589,True,True,True,True,False,False
new1,no_extra,cube_random,v3_new1_cube_random_15,6,0baa60ea00da6a226cd4,True,True,True,True,False,False
new1,no_extra,cube_random,v3_new1_cube_random_16,6,dc515f3c0936e21c6aa3,True,True,True,True,False,False
new1,no_extra,cube_random,v3_new1_cube_random_17,6,1e39c8938b5b24fe9da0,True,True,True,True,False,False
new1,no_extra,cube_random,v3_new1_cube_random_18,6,33cba35890fe1d900031,True,True,True,True,False,False
new1,no_extra,cube_random,v3_new1_cube_random_19,6,c3325f9c2fcd37c34aa6,True,True,True,True,False,False
new1,no_extra,cylinder_random,v3_new1_cylinder_random_00,6,5b2fa2054779402afefa,False,False,False,False,False,False
new1,no_extra,cylinder_random,v3_new1_cylinder_random_01,6,0ce90f69b803bedf3b80,False,False,False,False,False,False
new1,no_extra,cylinder_random,v3_new1_cylinder_random_02,6,42c6e00e0c5aec936215,True,True,True,True,True,True
new1,no_extra,cylinder_random,v3_new1_cylinder_random_03,6,1b895a21c6fc7b1c63df,True,True,True,True,True,True
new1,no_extra,cylinder_random,v3_new1_cylinder_random_04,6,98354c2eb733170c5c73,False,False,False,False,False,False
new1,no_extra,cylinder_random,v3_new1_cylinder_random_05,6,7eaa2444a5a33482f2a6,False,False,False,False,False,False
new1,no_extra,cylinder_random,v3_new1_cylinder_random_06,6,187f2a3aa000bdcb4b1f,True,True,True,True,True,True
new1,no_extra,cylinder_random,v3_new1_cylinder_random_07,6,525135cf62211caa822b,False,False,False,False,False,False
new1,no_extra,cylinder_random,v3_new1_cylinder_random_08,6,530384d9a69440b603ec,True,True,True,True,True,True
new1,no_extra,cylinder_random,v3_new1_cylinder_random_09,6,21f0f49b506c0493c2ca,False,False,False,False,False,False
new1,no_extra,cylinder_random,v3_new1_cylinder_random_10,6,97a14c817f54b26b8875,False,False,False,False,False,False
new1,no_extra,cylinder_random,v3_new1_cylinder_random_11,6,fe712968934da1786f49,True,True,True,True,True,True
new1,no_extra,cylinder_random,v3_new1_cylinder_random_12,6,59b6c710eb4c20655735,False,False,False,False,False,False
new1,no_extra,cylinder_random,v3_new1_cylinder_random_13,6,091824588a122076a7d7,True,True,True,True,True,True
new1,no_extra,cylinder_random,v3_new1_cylinder_random_14,6,98704f0e2a881b2e00cc,False,False,False,False,False,False
new1,no_extra,cylinder_random,v3_new1_cylinder_random_15,6,f54d9af556b5d9c33cd1,True,True,True,True,True,True
new1,no_extra,cylinder_random,v3_new1_cylinder_random_16,6,999829e09a6606357cb2,True,True,True,True,True,True
new1,no_extra,cylinder_random,v3_new1_cylinder_random_17,6,bce138e3918f33459d27,True,True,True,True,True,True
new1,no_extra,cylinder_random,v3_new1_cylinder_random_18,6,f1a98f7e8e80778ca62e,False,False,False,False,False,False
new1,no_extra,cylinder_random,v3_new1_cylinder_random_19,6,ce6b03eb413296c16335,True,True,True,True,True,True
new1,no_extra,flat_box_random,v3_new1_flat_box_random_00,6,a357a6a5b73d431fe1c4,False,False,False,False,False,False
new1,no_extra,flat_box_random,v3_new1_flat_box_random_01,6,ed6b395966da55aeff53,False,False,False,False,False,False
new1,no_extra,flat_box_random,v3_new1_flat_box_random_02,6,d53067182e8be35077a9,False,False,False,False,False,False
new1,no_extra,flat_box_random,v3_new1_flat_box_random_03,6,047caf68c067f2a7e95c,False,False,False,False,False,False
new1,no_extra,flat_box_random,v3_new1_flat_box_random_04,6,18268551816c7d2815ee,False,False,False,False,False,False
new1,no_extra,flat_box_random,v3_new1_flat_box_random_05,6,b1fe4dbcbbf9be46b06b,True,True,True,True,False,False
new1,no_extra,flat_box_random,v3_new1_flat_box_random_06,6,604393cde77f49dd92da,True,True,True,True,False,False
new1,no_extra,flat_box_random,v3_new1_flat_box_random_07,6,f008c8b4392e1a7e646a,False,False,False,False,False,False
new1,no_extra,flat_box_random,v3_new1_flat_box_random_08,6,cdb1d60f064164b4d834,False,False,False,False,False,False
new1,no_extra,flat_box_random,v3_new1_flat_box_random_09,6,9cdf377c60dcd79c040c,True,True,True,True,False,False
new1,no_extra,flat_box_random,v3_new1_flat_box_random_10,6,6105da58a85691cc5dd4,False,False,False,False,False,False
new1,no_extra,flat_box_random,v3_new1_flat_box_random_11,6,56cfbfb1d2b02843015c,True,True,True,True,False,False
new1,no_extra,flat_box_random,v3_new1_flat_box_random_12,6,dc6910e05573f071bc38,False,False,False,False,False,False
new1,no_extra,flat_box_random,v3_new1_flat_box_random_13,6,569b7912234e9c180a8f,False,False,False,False,False,False
new1,no_extra,flat_box_random,v3_new1_flat_box_random_14,6,5e884c3abd8d53f531b3,False,False,False,False,False,False
new1,no_extra,flat_box_random,v3_new1_flat_box_random_15,6,8f560a7ec13f155c2452,False,False,False,False,False,False
new1,no_extra,flat_box_random,v3_new1_flat_box_random_16,6,e4160af481811de4ffcc,True,True,True,True,False,False
new1,no_extra,flat_box_random,v3_new1_flat_box_random_17,6,0e6519a45aee982e4dd2,False,False,False,False,False,False
new1,no_extra,flat_box_random,v3_new1_flat_box_random_18,6,e5c4260b7e1e7bbd6cee,True,True,False,False,False,False
new1,no_extra,flat_box_random,v3_new1_flat_box_random_19,6,168d8226c024ca9e98b4,False,False,False,False,False,False
new1,no_extra,sphere_random,v3_new1_sphere_random_00,6,120afe140e013a4c7aab,False,False,False,False,False,False
new1,no_extra,sphere_random,v3_new1_sphere_random_01,6,c2a09226d24f215054a6,False,False,False,False,False,False
new1,no_extra,sphere_random,v3_new1_sphere_random_02,6,21f78e33412235ab1b8d,False,False,False,False,False,False
new1,no_extra,sphere_random,v3_new1_sphere_random_03,6,a6a875cc16746154f704,False,False,False,False,False,False
new1,no_extra,sphere_random,v3_new1_sphere_random_04,6,8ae7f9ce76b237113379,False,False,False,False,False,False
new1,no_extra,sphere_random,v3_new1_sphere_random_05,6,1dd3ef31fca5714e9a06,False,False,False,False,False,False
new1,no_extra,sphere_random,v3_new1_sphere_random_06,6,57b1a13da5d1d23afde0,False,False,False,False,False,False
new1,no_extra,sphere_random,v3_new1_sphere_random_07,6,2e8556c9dd6c2fe07434,False,False,False,False,False,False
new1,no_extra,sphere_random,v3_new1_sphere_random_08,6,8f3e47f83c5821348b3b,False,False,False,False,False,False
new1,no_extra,sphere_random,v3_new1_sphere_random_09,6,d005db1b414df872be04,False,False,False,False,False,False
new1,no_extra,sphere_random,v3_new1_sphere_random_10,6,71a5d3bd63240444d6ed,False,False,False,False,False,False
new1,no_extra,sphere_random,v3_new1_sphere_random_11,6,dae93eab42eaf6fd661b,False,False,False,False,False,False
new1,no_extra,sphere_random,v3_new1_sphere_random_12,6,1669d643c885d7726fe2,False,False,False,False,False,False
new1,no_extra,sphere_random,v3_new1_sphere_random_13,6,1f63b4d32daf26c1349c,False,False,False,False,False,False
new1,no_extra,sphere_random,v3_new1_sphere_random_14,6,6dcf9ad92f7347a62931,False,False,False,False,False,False
new1,no_extra,sphere_random,v3_new1_sphere_random_15,6,4ca512a721380cf3a32f,False,False,False,False,False,False
new1,no_extra,sphere_random,v3_new1_sphere_random_16,6,16667cb5a8c5ba3ff19e,False,False,False,False,False,False
new1,no_extra,sphere_random,v3_new1_sphere_random_17,6,791f331a0f49b198d4a4,False,False,False,False,False,False
new1,no_extra,sphere_random,v3_new1_sphere_random_18,6,c7612248f6bc53c99711,True,True,True,True,True,True
new1,no_extra,sphere_random,v3_new1_sphere_random_19,6,dbe643958b944280418e,False,False,False,False,False,False
new1,repair,bar_random,v3_new1_bar_random_00,1,9a7877db21f1ad77baa4,False,False,False,False,False,False
new1,repair,bar_random,v3_new1_bar_random_00,3,224ce19b5b7c03568982,False,False,False,False,False,False
new1,repair,bar_random,v3_new1_bar_random_00,6,55e73945f71f329d0eb9,False,False,False,False,False,False
new1,repair,bar_random,v3_new1_bar_random_01,1,02147417426ee07f4d39,False,False,False,False,False,False
new1,repair,bar_random,v3_new1_bar_random_01,3,02147417426ee07f4d39,False,False,False,False,False,False
new1,repair,bar_random,v3_new1_bar_random_01,6,02147417426ee07f4d39,False,False,False,False,False,False
new1,repair,bar_random,v3_new1_bar_random_02,1,73359b8cb38ba96ff98e,False,False,False,False,False,False
new1,repair,bar_random,v3_new1_bar_random_02,3,b742c654d8dee0aaf48a,False,False,False,False,False,False
new1,repair,bar_random,v3_new1_bar_random_02,6,efd97f0ae1ba419b9a84,False,False,False,False,False,False
new1,repair,bar_random,v3_new1_bar_random_03,1,5ae0d311b7241fa2c0dd,False,False,False,False,False,False
new1,repair,bar_random,v3_new1_bar_random_03,3,5ae0d311b7241fa2c0dd,False,False,False,False,False,False
new1,repair,bar_random,v3_new1_bar_random_03,6,5ae0d311b7241fa2c0dd,False,False,False,False,False,False
new1,repair,bar_random,v3_new1_bar_random_04,1,83c1af7be861ebe86b6b,False,False,False,False,False,False
new1,repair,bar_random,v3_new1_bar_random_04,3,6e2d96328faaa6f2ad7e,False,False,False,False,False,False
new1,repair,bar_random,v3_new1_bar_random_04,6,6e2d96328faaa6f2ad7e,False,False,False,False,False,False
new1,repair,bar_random,v3_new1_bar_random_05,1,b7daabd343bf73df1d7c,False,False,False,False,False,False
new1,repair,bar_random,v3_new1_bar_random_05,3,b7daabd343bf73df1d7c,False,False,False,False,False,False
new1,repair,bar_random,v3_new1_bar_random_05,6,043e5a9f3c5c4a21f8c5,False,False,False,False,False,False
new1,repair,bar_random,v3_new1_bar_random_06,1,d5a4da29d6e4fa962f1e,False,False,False,False,False,False
new1,repair,bar_random,v3_new1_bar_random_06,3,795b3290069c178ab78c,False,False,False,False,False,False
new1,repair,bar_random,v3_new1_bar_random_06,6,e334ec6b89cfd40c11cc,False,False,False,False,False,False
new1,repair,bar_random,v3_new1_bar_random_07,1,c3da5130e64bdddc9d9c,False,False,False,False,False,False
new1,repair,bar_random,v3_new1_bar_random_07,3,a1d554287902b6723c99,True,True,True,True,False,False
new1,repair,bar_random,v3_new1_bar_random_07,6,a1d554287902b6723c99,True,True,True,True,False,False
new1,repair,bar_random,v3_new1_bar_random_08,1,a2b5f163218b423df585,True,True,True,True,False,False
new1,repair,bar_random,v3_new1_bar_random_08,3,123fc595fd196458c13c,True,True,True,True,False,False
new1,repair,bar_random,v3_new1_bar_random_08,6,123fc595fd196458c13c,True,True,True,True,False,False
new1,repair,bar_random,v3_new1_bar_random_09,1,083fadd3c0f566e7f41b,False,False,False,False,False,False
new1,repair,bar_random,v3_new1_bar_random_09,3,7e9effe923457592a9ed,False,False,False,False,False,False
new1,repair,bar_random,v3_new1_bar_random_09,6,0bacd5e0c11e556e0b6d,False,False,False,False,False,False
new1,repair,bar_random,v3_new1_bar_random_10,1,c9709ccdbcf7d825f2fd,False,False,False,False,False,False
new1,repair,bar_random,v3_new1_bar_random_10,3,027ef8f86bdb698208c4,False,False,False,False,False,False
new1,repair,bar_random,v3_new1_bar_random_10,6,027ef8f86bdb698208c4,False,False,False,False,False,False
new1,repair,bar_random,v3_new1_bar_random_11,1,066ff83a955494bb92c1,False,False,False,False,False,False
new1,repair,bar_random,v3_new1_bar_random_11,3,f32d538a7399a0a4d210,False,False,False,False,False,False
new1,repair,bar_random,v3_new1_bar_random_11,6,f32d538a7399a0a4d210,False,False,False,False,False,False
new1,repair,bar_random,v3_new1_bar_random_12,1,96b9a4e3f32762dff1bc,False,False,False,False,False,False
new1,repair,bar_random,v3_new1_bar_random_12,3,96b9a4e3f32762dff1bc,False,False,False,False,False,False
new1,repair,bar_random,v3_new1_bar_random_12,6,2a25254bdc662dcd3c09,False,False,False,False,False,False
new1,repair,bar_random,v3_new1_bar_random_13,1,6c5a2d471c0f093fcbe7,False,False,False,False,False,False
new1,repair,bar_random,v3_new1_bar_random_13,3,da2a97ec3805ece461aa,False,False,False,False,False,False
new1,repair,bar_random,v3_new1_bar_random_13,6,da2a97ec3805ece461aa,False,False,False,False,False,False
new1,repair,bar_random,v3_new1_bar_random_14,1,a4d728129691ef029edb,False,False,False,False,False,False
new1,repair,bar_random,v3_new1_bar_random_14,3,a4d728129691ef029edb,False,False,False,False,False,False
new1,repair,bar_random,v3_new1_bar_random_14,6,a1f32af4f2645eae5b0c,False,False,False,False,False,False
new1,repair,bar_random,v3_new1_bar_random_15,1,cf6a5215dbeec07b950b,False,False,False,False,False,False
new1,repair,bar_random,v3_new1_bar_random_15,3,cf6a5215dbeec07b950b,False,False,False,False,False,False
new1,repair,bar_random,v3_new1_bar_random_15,6,cf6a5215dbeec07b950b,False,False,False,False,False,False
new1,repair,bar_random,v3_new1_bar_random_16,1,c94cac68d1c756bc11f5,False,False,False,False,False,False
new1,repair,bar_random,v3_new1_bar_random_16,3,c94cac68d1c756bc11f5,False,False,False,False,False,False
new1,repair,bar_random,v3_new1_bar_random_16,6,3b9e0615e11a1c7d9a32,False,False,False,False,False,False
new1,repair,bar_random,v3_new1_bar_random_17,1,1d7b3382f59c289feb96,False,False,False,False,False,False
new1,repair,bar_random,v3_new1_bar_random_17,3,7dc86f1448b1e5a7d914,False,False,False,False,False,False
new1,repair,bar_random,v3_new1_bar_random_17,6,ab6760804cb48a5f0fe3,True,True,True,True,False,False
new1,repair,bar_random,v3_new1_bar_random_18,1,1f3271094e24397a69dc,False,False,False,False,False,False
new1,repair,bar_random,v3_new1_bar_random_18,3,94ceedc9f5c9c9ff845c,False,False,False,False,False,False
new1,repair,bar_random,v3_new1_bar_random_18,6,94ceedc9f5c9c9ff845c,False,False,False,False,False,False
new1,repair,bar_random,v3_new1_bar_random_19,1,7ecd3212844b080473f9,True,True,True,True,False,False
new1,repair,bar_random,v3_new1_bar_random_19,3,908428fd32c37101ed3c,True,True,True,True,False,False
new1,repair,bar_random,v3_new1_bar_random_19,6,908428fd32c37101ed3c,True,True,True,True,False,False
new1,repair,capsule_random,v3_new1_capsule_random_00,1,daa33f550f88a9ba1c44,False,False,False,False,False,False
new1,repair,capsule_random,v3_new1_capsule_random_00,3,768370fdc9c5d0657455,False,False,False,False,False,False
new1,repair,capsule_random,v3_new1_capsule_random_00,6,768370fdc9c5d0657455,False,False,False,False,False,False
new1,repair,capsule_random,v3_new1_capsule_random_01,1,eb2dc08926455ddc52df,False,False,False,False,False,False
new1,repair,capsule_random,v3_new1_capsule_random_01,3,1e3b6cbf43404045a428,False,False,False,False,False,False
new1,repair,capsule_random,v3_new1_capsule_random_01,6,1e3b6cbf43404045a428,False,False,False,False,False,False
new1,repair,capsule_random,v3_new1_capsule_random_02,1,1d6b578dc34bcfc13757,False,False,False,False,False,False
new1,repair,capsule_random,v3_new1_capsule_random_02,3,235b05d261074c46f1ef,False,False,False,False,False,False
new1,repair,capsule_random,v3_new1_capsule_random_02,6,235b05d261074c46f1ef,False,False,False,False,False,False
new1,repair,capsule_random,v3_new1_capsule_random_03,1,df6062ef5c00e4de8062,False,False,False,False,False,False
new1,repair,capsule_random,v3_new1_capsule_random_03,3,df6062ef5c00e4de8062,False,False,False,False,False,False
new1,repair,capsule_random,v3_new1_capsule_random_03,6,1ce140b52aaa38d9ac20,False,False,False,False,False,False
new1,repair,capsule_random,v3_new1_capsule_random_04,1,1c11c9c1a98a4ff82e80,False,False,False,False,False,False
new1,repair,capsule_random,v3_new1_capsule_random_04,3,8715cfdc807aebd93e91,False,False,False,False,False,False
new1,repair,capsule_random,v3_new1_capsule_random_04,6,d9f7cd9eefb485d7b501,False,False,False,False,False,False
new1,repair,capsule_random,v3_new1_capsule_random_05,1,a84d292e9057a9848f7d,False,False,False,False,False,False
new1,repair,capsule_random,v3_new1_capsule_random_05,3,6e257fe76063da6ed2c8,False,False,False,False,False,False
new1,repair,capsule_random,v3_new1_capsule_random_05,6,63ce56e9435d290f33e0,False,False,False,False,False,False
new1,repair,capsule_random,v3_new1_capsule_random_06,1,c4069390f7dc6743b12a,False,False,False,False,False,False
new1,repair,capsule_random,v3_new1_capsule_random_06,3,83b4698b4a32465d76d6,False,False,False,False,False,False
new1,repair,capsule_random,v3_new1_capsule_random_06,6,5b99b39b128ba9deb11c,False,False,False,False,False,False
new1,repair,capsule_random,v3_new1_capsule_random_07,1,5fb92a2c612e44323ee5,False,False,False,False,False,False
new1,repair,capsule_random,v3_new1_capsule_random_07,3,35da5f555b48092778ce,False,False,False,False,False,False
new1,repair,capsule_random,v3_new1_capsule_random_07,6,77859aa69ae9357d386b,False,False,False,False,False,False
new1,repair,capsule_random,v3_new1_capsule_random_08,1,e82eb50f19726a0a823b,False,False,False,False,False,False
new1,repair,capsule_random,v3_new1_capsule_random_08,3,e82eb50f19726a0a823b,False,False,False,False,False,False
new1,repair,capsule_random,v3_new1_capsule_random_08,6,8587ff646a64e339dac1,False,False,False,False,False,False
new1,repair,capsule_random,v3_new1_capsule_random_09,1,be131d348cf3b9cef5c6,False,False,False,False,False,False
new1,repair,capsule_random,v3_new1_capsule_random_09,3,f364524930f42ea1c1de,False,False,False,False,False,False
new1,repair,capsule_random,v3_new1_capsule_random_09,6,50f04ac44bff606d1738,False,False,False,False,False,False
new1,repair,capsule_random,v3_new1_capsule_random_10,1,23eb3caa6e719f08a362,False,False,False,False,False,False
new1,repair,capsule_random,v3_new1_capsule_random_10,3,e04e99cfdf518c894184,False,False,False,False,False,False
new1,repair,capsule_random,v3_new1_capsule_random_10,6,e04e99cfdf518c894184,False,False,False,False,False,False
new1,repair,capsule_random,v3_new1_capsule_random_11,1,6e959b8c71426579ae12,False,False,False,False,False,False
new1,repair,capsule_random,v3_new1_capsule_random_11,3,6e959b8c71426579ae12,False,False,False,False,False,False
new1,repair,capsule_random,v3_new1_capsule_random_11,6,6e959b8c71426579ae12,False,False,False,False,False,False
new1,repair,capsule_random,v3_new1_capsule_random_12,1,ff790ef38257f252f464,False,False,False,False,False,False
new1,repair,capsule_random,v3_new1_capsule_random_12,3,82053412f35a57a1a60f,False,False,False,False,False,False
new1,repair,capsule_random,v3_new1_capsule_random_12,6,01ec7b0d482f3f88be16,False,False,False,False,False,False
new1,repair,capsule_random,v3_new1_capsule_random_13,1,95bad67a441deefaac91,False,False,False,False,False,False
new1,repair,capsule_random,v3_new1_capsule_random_13,3,95bad67a441deefaac91,False,False,False,False,False,False
new1,repair,capsule_random,v3_new1_capsule_random_13,6,0d2c6ea7ec33550008bd,False,False,False,False,False,False
new1,repair,capsule_random,v3_new1_capsule_random_14,1,f78a2f83af06b4940f13,False,False,False,False,False,False
new1,repair,capsule_random,v3_new1_capsule_random_14,3,f78a2f83af06b4940f13,False,False,False,False,False,False
new1,repair,capsule_random,v3_new1_capsule_random_14,6,f78a2f83af06b4940f13,False,False,False,False,False,False
new1,repair,capsule_random,v3_new1_capsule_random_15,1,03872abba68a62dba236,False,False,False,False,False,False
new1,repair,capsule_random,v3_new1_capsule_random_15,3,c894764e6319eb6dfb3c,False,False,False,False,False,False
new1,repair,capsule_random,v3_new1_capsule_random_15,6,eb87384cea8b735f185d,False,False,False,False,False,False
new1,repair,capsule_random,v3_new1_capsule_random_16,1,f2da668550c7fd6f40b9,False,False,False,False,False,False
new1,repair,capsule_random,v3_new1_capsule_random_16,3,906c1849a1ff16740d71,False,False,False,False,False,False
new1,repair,capsule_random,v3_new1_capsule_random_16,6,a21163eb1a49eed62438,False,False,False,False,False,False
new1,repair,capsule_random,v3_new1_capsule_random_17,1,27ca9be0854ed78a8c7a,False,False,False,False,False,False
new1,repair,capsule_random,v3_new1_capsule_random_17,3,fedbbd9cefdd477fd9f6,False,False,False,False,False,False
new1,repair,capsule_random,v3_new1_capsule_random_17,6,0e8aea722e583ce1d0dd,False,False,False,False,False,False
new1,repair,capsule_random,v3_new1_capsule_random_18,1,c4dcef2dbe9395911c42,False,False,False,False,False,False
new1,repair,capsule_random,v3_new1_capsule_random_18,3,c4dcef2dbe9395911c42,False,False,False,False,False,False
new1,repair,capsule_random,v3_new1_capsule_random_18,6,536f11e27fd0ea00ec59,False,False,False,False,False,False
new1,repair,capsule_random,v3_new1_capsule_random_19,1,4f4e2c0030b50ae10e8c,False,False,False,False,False,False
new1,repair,capsule_random,v3_new1_capsule_random_19,3,08cd8b4d47819121d9f3,False,False,False,False,False,False
new1,repair,capsule_random,v3_new1_capsule_random_19,6,08cd8b4d47819121d9f3,False,False,False,False,False,False
new1,repair,cube_random,v3_new1_cube_random_00,1,1156d7c7a5591a189bd5,True,True,True,True,False,False
new1,repair,cube_random,v3_new1_cube_random_00,3,43a9cb66538f71ebcb24,True,True,True,True,False,False
new1,repair,cube_random,v3_new1_cube_random_00,6,43a9cb66538f71ebcb24,True,True,True,True,False,False
new1,repair,cube_random,v3_new1_cube_random_01,1,050089eb38c627808b10,False,False,False,False,False,False
new1,repair,cube_random,v3_new1_cube_random_01,3,050089eb38c627808b10,False,False,False,False,False,False
new1,repair,cube_random,v3_new1_cube_random_01,6,6d8e9aa6ca32918012c9,False,False,False,False,False,False
new1,repair,cube_random,v3_new1_cube_random_02,1,905ee62224e4a67d84c3,False,False,False,False,False,False
new1,repair,cube_random,v3_new1_cube_random_02,3,de3c137e9da63c131ea5,True,True,True,True,False,False
new1,repair,cube_random,v3_new1_cube_random_02,6,de3c137e9da63c131ea5,True,True,True,True,False,False
new1,repair,cube_random,v3_new1_cube_random_03,1,8db9d07ae01141636ee8,False,False,False,False,False,False
new1,repair,cube_random,v3_new1_cube_random_03,3,c442e36582af28860f2e,True,True,True,True,False,False
new1,repair,cube_random,v3_new1_cube_random_03,6,c442e36582af28860f2e,True,True,True,True,False,False
new1,repair,cube_random,v3_new1_cube_random_04,1,be17d16f0276b13a5a3f,False,False,False,False,False,False
new1,repair,cube_random,v3_new1_cube_random_04,3,54cfaa13e80cc022c894,True,True,True,True,False,False
new1,repair,cube_random,v3_new1_cube_random_04,6,54cfaa13e80cc022c894,True,True,True,True,False,False
new1,repair,cube_random,v3_new1_cube_random_05,1,eea35d3228c60e585891,False,False,False,False,False,False
new1,repair,cube_random,v3_new1_cube_random_05,3,69120071ddb9fdbeedbf,True,True,True,True,False,False
new1,repair,cube_random,v3_new1_cube_random_05,6,69120071ddb9fdbeedbf,True,True,True,True,False,False
new1,repair,cube_random,v3_new1_cube_random_06,1,9096903b003c1c2cc558,False,False,False,False,False,False
new1,repair,cube_random,v3_new1_cube_random_06,3,9096903b003c1c2cc558,False,False,False,False,False,False
new1,repair,cube_random,v3_new1_cube_random_06,6,b5fdf87d1a4b99641e97,False,False,False,False,False,False
new1,repair,cube_random,v3_new1_cube_random_07,1,cc979c845723e159ef53,False,False,False,False,False,False
new1,repair,cube_random,v3_new1_cube_random_07,3,8cf0412fd620986b62a6,True,True,True,True,False,False
new1,repair,cube_random,v3_new1_cube_random_07,6,8cf0412fd620986b62a6,True,True,True,True,False,False
new1,repair,cube_random,v3_new1_cube_random_08,1,010a8063861c63b878ee,True,True,True,True,False,False
new1,repair,cube_random,v3_new1_cube_random_08,3,010a8063861c63b878ee,True,True,True,True,False,False
new1,repair,cube_random,v3_new1_cube_random_08,6,010a8063861c63b878ee,True,True,True,True,False,False
new1,repair,cube_random,v3_new1_cube_random_09,1,7eb2ba87b0cd0f971698,True,True,True,True,False,False
new1,repair,cube_random,v3_new1_cube_random_09,3,7eb2ba87b0cd0f971698,True,True,True,True,False,False
new1,repair,cube_random,v3_new1_cube_random_09,6,7eb2ba87b0cd0f971698,True,True,True,True,False,False
new1,repair,cube_random,v3_new1_cube_random_10,1,d9346a9db37a5d3c8e59,False,False,False,False,False,False
new1,repair,cube_random,v3_new1_cube_random_10,3,d9346a9db37a5d3c8e59,False,False,False,False,False,False
new1,repair,cube_random,v3_new1_cube_random_10,6,d9346a9db37a5d3c8e59,False,False,False,False,False,False
new1,repair,cube_random,v3_new1_cube_random_11,1,1f7c1b3b970c1ff4217f,True,True,True,True,False,False
new1,repair,cube_random,v3_new1_cube_random_11,3,1f7c1b3b970c1ff4217f,True,True,True,True,False,False
new1,repair,cube_random,v3_new1_cube_random_11,6,1f7c1b3b970c1ff4217f,True,True,True,True,False,False
new1,repair,cube_random,v3_new1_cube_random_12,1,e0fb19437a563f4e2297,False,False,False,False,False,False
new1,repair,cube_random,v3_new1_cube_random_12,3,1b00e67f0eb85d6a0ef7,True,True,True,True,False,False
new1,repair,cube_random,v3_new1_cube_random_12,6,1b00e67f0eb85d6a0ef7,True,True,True,True,False,False
new1,repair,cube_random,v3_new1_cube_random_13,1,332feceae03afdd49bae,False,False,False,False,False,False
new1,repair,cube_random,v3_new1_cube_random_13,3,332feceae03afdd49bae,False,False,False,False,False,False
new1,repair,cube_random,v3_new1_cube_random_13,6,332feceae03afdd49bae,False,False,False,False,False,False
new1,repair,cube_random,v3_new1_cube_random_14,1,21e83a4f9cf0d45f6319,False,False,False,False,False,False
new1,repair,cube_random,v3_new1_cube_random_14,3,bf846adb5e57fc29e589,True,True,True,True,False,False
new1,repair,cube_random,v3_new1_cube_random_14,6,bf846adb5e57fc29e589,True,True,True,True,False,False
new1,repair,cube_random,v3_new1_cube_random_15,1,0baa60ea00da6a226cd4,True,True,True,True,False,False
new1,repair,cube_random,v3_new1_cube_random_15,3,0baa60ea00da6a226cd4,True,True,True,True,False,False
new1,repair,cube_random,v3_new1_cube_random_15,6,0baa60ea00da6a226cd4,True,True,True,True,False,False
new1,repair,cube_random,v3_new1_cube_random_16,1,dc515f3c0936e21c6aa3,True,True,True,True,False,False
new1,repair,cube_random,v3_new1_cube_random_16,3,dc515f3c0936e21c6aa3,True,True,True,True,False,False
new1,repair,cube_random,v3_new1_cube_random_16,6,dc515f3c0936e21c6aa3,True,True,True,True,False,False
new1,repair,cube_random,v3_new1_cube_random_17,1,df7f3d0235cf8c6620d6,True,True,True,True,False,False
new1,repair,cube_random,v3_new1_cube_random_17,3,1e39c8938b5b24fe9da0,True,True,True,True,False,False
new1,repair,cube_random,v3_new1_cube_random_17,6,1e39c8938b5b24fe9da0,True,True,True,True,False,False
new1,repair,cube_random,v3_new1_cube_random_18,1,33cba35890fe1d900031,True,True,True,True,False,False
new1,repair,cube_random,v3_new1_cube_random_18,3,33cba35890fe1d900031,True,True,True,True,False,False
new1,repair,cube_random,v3_new1_cube_random_18,6,33cba35890fe1d900031,True,True,True,True,False,False
new1,repair,cube_random,v3_new1_cube_random_19,1,fbfcc119ae2492bc7733,False,False,False,False,False,False
new1,repair,cube_random,v3_new1_cube_random_19,3,c3325f9c2fcd37c34aa6,True,True,True,True,False,False
new1,repair,cube_random,v3_new1_cube_random_19,6,c3325f9c2fcd37c34aa6,True,True,True,True,False,False
new1,repair,cylinder_random,v3_new1_cylinder_random_00,1,b992e5193063c0bab047,False,False,False,False,False,False
new1,repair,cylinder_random,v3_new1_cylinder_random_00,3,5b2fa2054779402afefa,False,False,False,False,False,False
new1,repair,cylinder_random,v3_new1_cylinder_random_00,6,5b2fa2054779402afefa,False,False,False,False,False,False
new1,repair,cylinder_random,v3_new1_cylinder_random_01,1,562262ee1aa87627abcf,False,False,False,False,False,False
new1,repair,cylinder_random,v3_new1_cylinder_random_01,3,c508e2207dcbbc0dff11,False,False,False,False,False,False
new1,repair,cylinder_random,v3_new1_cylinder_random_01,6,0ce90f69b803bedf3b80,False,False,False,False,False,False
new1,repair,cylinder_random,v3_new1_cylinder_random_02,1,a2869f76c642570052b6,False,False,False,False,False,False
new1,repair,cylinder_random,v3_new1_cylinder_random_02,3,42c6e00e0c5aec936215,True,True,True,True,True,True
new1,repair,cylinder_random,v3_new1_cylinder_random_02,6,42c6e00e0c5aec936215,True,True,True,True,True,True
new1,repair,cylinder_random,v3_new1_cylinder_random_03,1,25c9a95702b8c60ab111,True,True,True,True,True,True
new1,repair,cylinder_random,v3_new1_cylinder_random_03,3,25c9a95702b8c60ab111,True,True,True,True,True,True
new1,repair,cylinder_random,v3_new1_cylinder_random_03,6,1b895a21c6fc7b1c63df,True,True,True,True,True,True
new1,repair,cylinder_random,v3_new1_cylinder_random_04,1,98354c2eb733170c5c73,False,False,False,False,False,False
new1,repair,cylinder_random,v3_new1_cylinder_random_04,3,98354c2eb733170c5c73,False,False,False,False,False,False
new1,repair,cylinder_random,v3_new1_cylinder_random_04,6,98354c2eb733170c5c73,False,False,False,False,False,False
new1,repair,cylinder_random,v3_new1_cylinder_random_05,1,abf562494ff3c8ec898f,False,False,False,False,False,False
new1,repair,cylinder_random,v3_new1_cylinder_random_05,3,7eaa2444a5a33482f2a6,False,False,False,False,False,False
new1,repair,cylinder_random,v3_new1_cylinder_random_05,6,7eaa2444a5a33482f2a6,False,False,False,False,False,False
new1,repair,cylinder_random,v3_new1_cylinder_random_06,1,187f2a3aa000bdcb4b1f,True,True,True,True,True,True
new1,repair,cylinder_random,v3_new1_cylinder_random_06,3,187f2a3aa000bdcb4b1f,True,True,True,True,True,True
new1,repair,cylinder_random,v3_new1_cylinder_random_06,6,187f2a3aa000bdcb4b1f,True,True,True,True,True,True
new1,repair,cylinder_random,v3_new1_cylinder_random_07,1,0b12013342865e5a05e0,False,False,False,False,False,False
new1,repair,cylinder_random,v3_new1_cylinder_random_07,3,0b12013342865e5a05e0,False,False,False,False,False,False
new1,repair,cylinder_random,v3_new1_cylinder_random_07,6,525135cf62211caa822b,False,False,False,False,False,False
new1,repair,cylinder_random,v3_new1_cylinder_random_08,1,78f800f6ef5782a48bd8,False,False,False,False,False,False
new1,repair,cylinder_random,v3_new1_cylinder_random_08,3,530384d9a69440b603ec,True,True,True,True,True,True
new1,repair,cylinder_random,v3_new1_cylinder_random_08,6,530384d9a69440b603ec,True,True,True,True,True,True
new1,repair,cylinder_random,v3_new1_cylinder_random_09,1,7128d1b5a0a323535e98,False,False,False,False,False,False
new1,repair,cylinder_random,v3_new1_cylinder_random_09,3,21f0f49b506c0493c2ca,False,False,False,False,False,False
new1,repair,cylinder_random,v3_new1_cylinder_random_09,6,21f0f49b506c0493c2ca,False,False,False,False,False,False
new1,repair,cylinder_random,v3_new1_cylinder_random_10,1,984bdfa20198cc7a9f6d,False,False,False,False,False,False
new1,repair,cylinder_random,v3_new1_cylinder_random_10,3,984bdfa20198cc7a9f6d,False,False,False,False,False,False
new1,repair,cylinder_random,v3_new1_cylinder_random_10,6,97a14c817f54b26b8875,False,False,False,False,False,False
new1,repair,cylinder_random,v3_new1_cylinder_random_11,1,fe712968934da1786f49,True,True,True,True,True,True
new1,repair,cylinder_random,v3_new1_cylinder_random_11,3,fe712968934da1786f49,True,True,True,True,True,True
new1,repair,cylinder_random,v3_new1_cylinder_random_11,6,fe712968934da1786f49,True,True,True,True,True,True
new1,repair,cylinder_random,v3_new1_cylinder_random_12,1,59b6c710eb4c20655735,False,False,False,False,False,False
new1,repair,cylinder_random,v3_new1_cylinder_random_12,3,59b6c710eb4c20655735,False,False,False,False,False,False
new1,repair,cylinder_random,v3_new1_cylinder_random_12,6,59b6c710eb4c20655735,False,False,False,False,False,False
new1,repair,cylinder_random,v3_new1_cylinder_random_13,1,b55e865377ac7718bc6a,False,False,False,False,False,False
new1,repair,cylinder_random,v3_new1_cylinder_random_13,3,1b6d19db43e3f8f01f21,False,False,False,False,False,False
new1,repair,cylinder_random,v3_new1_cylinder_random_13,6,091824588a122076a7d7,True,True,True,True,True,True
new1,repair,cylinder_random,v3_new1_cylinder_random_14,1,295cacba636a6a6cdb26,False,False,False,False,False,False
new1,repair,cylinder_random,v3_new1_cylinder_random_14,3,9ef00cce83ade8eec5f5,False,False,False,False,False,False
new1,repair,cylinder_random,v3_new1_cylinder_random_14,6,98704f0e2a881b2e00cc,False,False,False,False,False,False
new1,repair,cylinder_random,v3_new1_cylinder_random_15,1,28d8522d548b13ac3812,False,False,False,False,False,False
new1,repair,cylinder_random,v3_new1_cylinder_random_15,3,f54d9af556b5d9c33cd1,True,True,True,True,True,True
new1,repair,cylinder_random,v3_new1_cylinder_random_15,6,f54d9af556b5d9c33cd1,True,True,True,True,True,True
new1,repair,cylinder_random,v3_new1_cylinder_random_16,1,4422e0f47277ab3e1eb4,False,False,False,False,False,False
new1,repair,cylinder_random,v3_new1_cylinder_random_16,3,5bcc099a3922cfc4a31c,False,False,False,False,False,False
new1,repair,cylinder_random,v3_new1_cylinder_random_16,6,999829e09a6606357cb2,True,True,True,True,True,True
new1,repair,cylinder_random,v3_new1_cylinder_random_17,1,198f7994a6ab0f3bbec3,False,False,False,False,False,False
new1,repair,cylinder_random,v3_new1_cylinder_random_17,3,198f7994a6ab0f3bbec3,False,False,False,False,False,False
new1,repair,cylinder_random,v3_new1_cylinder_random_17,6,bce138e3918f33459d27,True,True,True,True,True,True
new1,repair,cylinder_random,v3_new1_cylinder_random_18,1,c51e5c6ef629b62f1976,False,False,False,False,False,False
new1,repair,cylinder_random,v3_new1_cylinder_random_18,3,da4d7da57469ed034d03,False,False,False,False,False,False
new1,repair,cylinder_random,v3_new1_cylinder_random_18,6,f1a98f7e8e80778ca62e,False,False,False,False,False,False
new1,repair,cylinder_random,v3_new1_cylinder_random_19,1,ce6b03eb413296c16335,True,True,True,True,True,True
new1,repair,cylinder_random,v3_new1_cylinder_random_19,3,ce6b03eb413296c16335,True,True,True,True,True,True
new1,repair,cylinder_random,v3_new1_cylinder_random_19,6,ce6b03eb413296c16335,True,True,True,True,True,True
new1,repair,flat_box_random,v3_new1_flat_box_random_00,1,c095b8de07239021b1ea,False,False,False,False,False,False
new1,repair,flat_box_random,v3_new1_flat_box_random_00,3,ab307c827a34ce9fffbf,False,False,False,False,False,False
new1,repair,flat_box_random,v3_new1_flat_box_random_00,6,a357a6a5b73d431fe1c4,False,False,False,False,False,False
new1,repair,flat_box_random,v3_new1_flat_box_random_01,1,ed6b395966da55aeff53,False,False,False,False,False,False
new1,repair,flat_box_random,v3_new1_flat_box_random_01,3,ed6b395966da55aeff53,False,False,False,False,False,False
new1,repair,flat_box_random,v3_new1_flat_box_random_01,6,ed6b395966da55aeff53,False,False,False,False,False,False
new1,repair,flat_box_random,v3_new1_flat_box_random_02,1,ab5c39337aa88658461e,False,False,False,False,False,False
new1,repair,flat_box_random,v3_new1_flat_box_random_02,3,d53067182e8be35077a9,False,False,False,False,False,False
new1,repair,flat_box_random,v3_new1_flat_box_random_02,6,d53067182e8be35077a9,False,False,False,False,False,False
new1,repair,flat_box_random,v3_new1_flat_box_random_03,1,047caf68c067f2a7e95c,False,False,False,False,False,False
new1,repair,flat_box_random,v3_new1_flat_box_random_03,3,047caf68c067f2a7e95c,False,False,False,False,False,False
new1,repair,flat_box_random,v3_new1_flat_box_random_03,6,047caf68c067f2a7e95c,False,False,False,False,False,False
new1,repair,flat_box_random,v3_new1_flat_box_random_04,1,bb746289e72c868348f7,False,False,False,False,False,False
new1,repair,flat_box_random,v3_new1_flat_box_random_04,3,18268551816c7d2815ee,False,False,False,False,False,False
new1,repair,flat_box_random,v3_new1_flat_box_random_04,6,18268551816c7d2815ee,False,False,False,False,False,False
new1,repair,flat_box_random,v3_new1_flat_box_random_05,1,b3e81fa890ba12138a9a,False,False,False,False,False,False
new1,repair,flat_box_random,v3_new1_flat_box_random_05,3,b1fe4dbcbbf9be46b06b,True,True,True,True,False,False
new1,repair,flat_box_random,v3_new1_flat_box_random_05,6,b1fe4dbcbbf9be46b06b,True,True,True,True,False,False
new1,repair,flat_box_random,v3_new1_flat_box_random_06,1,1238901ea4fc91d99ab8,False,False,False,False,False,False
new1,repair,flat_box_random,v3_new1_flat_box_random_06,3,1238901ea4fc91d99ab8,False,False,False,False,False,False
new1,repair,flat_box_random,v3_new1_flat_box_random_06,6,604393cde77f49dd92da,True,True,True,True,False,False
new1,repair,flat_box_random,v3_new1_flat_box_random_07,1,f008c8b4392e1a7e646a,False,False,False,False,False,False
new1,repair,flat_box_random,v3_new1_flat_box_random_07,3,f008c8b4392e1a7e646a,False,False,False,False,False,False
new1,repair,flat_box_random,v3_new1_flat_box_random_07,6,f008c8b4392e1a7e646a,False,False,False,False,False,False
new1,repair,flat_box_random,v3_new1_flat_box_random_08,1,e087f8e8431409aab4d9,False,False,False,False,False,False
new1,repair,flat_box_random,v3_new1_flat_box_random_08,3,e087f8e8431409aab4d9,False,False,False,False,False,False
new1,repair,flat_box_random,v3_new1_flat_box_random_08,6,cdb1d60f064164b4d834,False,False,False,False,False,False
new1,repair,flat_box_random,v3_new1_flat_box_random_09,1,be5fa8e1f7a567a1a260,False,False,False,False,False,False
new1,repair,flat_box_random,v3_new1_flat_box_random_09,3,9cdf377c60dcd79c040c,True,True,True,True,False,False
new1,repair,flat_box_random,v3_new1_flat_box_random_09,6,9cdf377c60dcd79c040c,True,True,True,True,False,False
new1,repair,flat_box_random,v3_new1_flat_box_random_10,1,b9647b8ed41cd6c2c394,False,False,False,False,False,False
new1,repair,flat_box_random,v3_new1_flat_box_random_10,3,b9647b8ed41cd6c2c394,False,False,False,False,False,False
new1,repair,flat_box_random,v3_new1_flat_box_random_10,6,6105da58a85691cc5dd4,False,False,False,False,False,False
new1,repair,flat_box_random,v3_new1_flat_box_random_11,1,d694dcf25716d1221723,False,False,False,False,False,False
new1,repair,flat_box_random,v3_new1_flat_box_random_11,3,56cfbfb1d2b02843015c,True,True,True,True,False,False
new1,repair,flat_box_random,v3_new1_flat_box_random_11,6,56cfbfb1d2b02843015c,True,True,True,True,False,False
new1,repair,flat_box_random,v3_new1_flat_box_random_12,1,dc6910e05573f071bc38,False,False,False,False,False,False
new1,repair,flat_box_random,v3_new1_flat_box_random_12,3,dc6910e05573f071bc38,False,False,False,False,False,False
new1,repair,flat_box_random,v3_new1_flat_box_random_12,6,dc6910e05573f071bc38,False,False,False,False,False,False
new1,repair,flat_box_random,v3_new1_flat_box_random_13,1,569b7912234e9c180a8f,False,False,False,False,False,False
new1,repair,flat_box_random,v3_new1_flat_box_random_13,3,569b7912234e9c180a8f,False,False,False,False,False,False
new1,repair,flat_box_random,v3_new1_flat_box_random_13,6,569b7912234e9c180a8f,False,False,False,False,False,False
new1,repair,flat_box_random,v3_new1_flat_box_random_14,1,5e884c3abd8d53f531b3,False,False,False,False,False,False
new1,repair,flat_box_random,v3_new1_flat_box_random_14,3,5e884c3abd8d53f531b3,False,False,False,False,False,False
new1,repair,flat_box_random,v3_new1_flat_box_random_14,6,5e884c3abd8d53f531b3,False,False,False,False,False,False
new1,repair,flat_box_random,v3_new1_flat_box_random_15,1,8f560a7ec13f155c2452,False,False,False,False,False,False
new1,repair,flat_box_random,v3_new1_flat_box_random_15,3,8f560a7ec13f155c2452,False,False,False,False,False,False
new1,repair,flat_box_random,v3_new1_flat_box_random_15,6,8f560a7ec13f155c2452,False,False,False,False,False,False
new1,repair,flat_box_random,v3_new1_flat_box_random_16,1,1bf569f6745a27107d1e,False,False,False,False,False,False
new1,repair,flat_box_random,v3_new1_flat_box_random_16,3,e4160af481811de4ffcc,True,True,True,True,False,False
new1,repair,flat_box_random,v3_new1_flat_box_random_16,6,e4160af481811de4ffcc,True,True,True,True,False,False
new1,repair,flat_box_random,v3_new1_flat_box_random_17,1,0e6519a45aee982e4dd2,False,False,False,False,False,False
new1,repair,flat_box_random,v3_new1_flat_box_random_17,3,0e6519a45aee982e4dd2,False,False,False,False,False,False
new1,repair,flat_box_random,v3_new1_flat_box_random_17,6,0e6519a45aee982e4dd2,False,False,False,False,False,False
new1,repair,flat_box_random,v3_new1_flat_box_random_18,1,784a9115a50898bd9e68,False,False,False,False,False,False
new1,repair,flat_box_random,v3_new1_flat_box_random_18,3,e5c4260b7e1e7bbd6cee,True,True,False,False,False,False
new1,repair,flat_box_random,v3_new1_flat_box_random_18,6,e5c4260b7e1e7bbd6cee,True,True,False,False,False,False
new1,repair,flat_box_random,v3_new1_flat_box_random_19,1,168d8226c024ca9e98b4,False,False,False,False,False,False
new1,repair,flat_box_random,v3_new1_flat_box_random_19,3,168d8226c024ca9e98b4,False,False,False,False,False,False
new1,repair,flat_box_random,v3_new1_flat_box_random_19,6,168d8226c024ca9e98b4,False,False,False,False,False,False
new1,repair,sphere_random,v3_new1_sphere_random_00,1,120afe140e013a4c7aab,False,False,False,False,False,False
new1,repair,sphere_random,v3_new1_sphere_random_00,3,120afe140e013a4c7aab,False,False,False,False,False,False
new1,repair,sphere_random,v3_new1_sphere_random_00,6,120afe140e013a4c7aab,False,False,False,False,False,False
new1,repair,sphere_random,v3_new1_sphere_random_01,1,c2a09226d24f215054a6,False,False,False,False,False,False
new1,repair,sphere_random,v3_new1_sphere_random_01,3,c2a09226d24f215054a6,False,False,False,False,False,False
new1,repair,sphere_random,v3_new1_sphere_random_01,6,c2a09226d24f215054a6,False,False,False,False,False,False
new1,repair,sphere_random,v3_new1_sphere_random_02,1,5fa087cf9286b4c555dc,False,False,False,False,False,False
new1,repair,sphere_random,v3_new1_sphere_random_02,3,f278e2e15353bf135dd4,False,False,False,False,False,False
new1,repair,sphere_random,v3_new1_sphere_random_02,6,f278e2e15353bf135dd4,False,False,False,False,False,False
new1,repair,sphere_random,v3_new1_sphere_random_03,1,81f18e6e8936bcf48231,True,True,False,False,False,False
new1,repair,sphere_random,v3_new1_sphere_random_03,3,81f18e6e8936bcf48231,True,True,False,False,False,False
new1,repair,sphere_random,v3_new1_sphere_random_03,6,81f18e6e8936bcf48231,True,True,False,False,False,False
new1,repair,sphere_random,v3_new1_sphere_random_04,1,2038c7cad096e9eb826b,False,False,False,False,False,False
new1,repair,sphere_random,v3_new1_sphere_random_04,3,e83167ae835999cb5ed4,True,True,True,True,True,True
new1,repair,sphere_random,v3_new1_sphere_random_04,6,e83167ae835999cb5ed4,True,True,True,True,True,True
new1,repair,sphere_random,v3_new1_sphere_random_05,1,ef47c74897413acdec26,False,False,False,False,False,False
new1,repair,sphere_random,v3_new1_sphere_random_05,3,8ef46262d5ece4bea85f,False,False,False,False,False,False
new1,repair,sphere_random,v3_new1_sphere_random_05,6,1dd3ef31fca5714e9a06,False,False,False,False,False,False
new1,repair,sphere_random,v3_new1_sphere_random_06,1,f65eb7e1ba5ee759ca7f,False,False,False,False,False,False
new1,repair,sphere_random,v3_new1_sphere_random_06,3,f65eb7e1ba5ee759ca7f,False,False,False,False,False,False
new1,repair,sphere_random,v3_new1_sphere_random_06,6,57b1a13da5d1d23afde0,False,False,False,False,False,False
new1,repair,sphere_random,v3_new1_sphere_random_07,1,984a487200f90c519897,True,True,True,True,True,True
new1,repair,sphere_random,v3_new1_sphere_random_07,3,984a487200f90c519897,True,True,True,True,True,True
new1,repair,sphere_random,v3_new1_sphere_random_07,6,984a487200f90c519897,True,True,True,True,True,True
new1,repair,sphere_random,v3_new1_sphere_random_08,1,b22e2821b0d0049e2c3e,False,False,False,False,False,False
new1,repair,sphere_random,v3_new1_sphere_random_08,3,a13b08cf729b0a0de4a9,False,False,False,False,False,False
new1,repair,sphere_random,v3_new1_sphere_random_08,6,8f3e47f83c5821348b3b,False,False,False,False,False,False
new1,repair,sphere_random,v3_new1_sphere_random_09,1,02a2e72582466fcd9e9c,False,False,False,False,False,False
new1,repair,sphere_random,v3_new1_sphere_random_09,3,dd0219281c7587a5f16a,False,False,False,False,False,False
new1,repair,sphere_random,v3_new1_sphere_random_09,6,dd0219281c7587a5f16a,False,False,False,False,False,False
new1,repair,sphere_random,v3_new1_sphere_random_10,1,16da1458b63532c24f79,False,False,False,False,False,False
new1,repair,sphere_random,v3_new1_sphere_random_10,3,a914d739d8db609be6eb,False,False,False,False,False,False
new1,repair,sphere_random,v3_new1_sphere_random_10,6,893295b61cd14e8f7c7d,True,True,True,True,True,True
new1,repair,sphere_random,v3_new1_sphere_random_11,1,d809b3951d05bdc7a014,False,False,False,False,False,False
new1,repair,sphere_random,v3_new1_sphere_random_11,3,dae93eab42eaf6fd661b,False,False,False,False,False,False
new1,repair,sphere_random,v3_new1_sphere_random_11,6,dae93eab42eaf6fd661b,False,False,False,False,False,False
new1,repair,sphere_random,v3_new1_sphere_random_12,1,be5c2b9ceef9e3504e53,False,False,False,False,False,False
new1,repair,sphere_random,v3_new1_sphere_random_12,3,1669d643c885d7726fe2,False,False,False,False,False,False
new1,repair,sphere_random,v3_new1_sphere_random_12,6,732299770be8efa69595,False,False,False,False,False,False
new1,repair,sphere_random,v3_new1_sphere_random_13,1,bf7a165fb0a2ec036234,False,False,False,False,False,False
new1,repair,sphere_random,v3_new1_sphere_random_13,3,7de8b011b49d69cca8ac,False,False,False,False,False,False
new1,repair,sphere_random,v3_new1_sphere_random_13,6,75e30f0ff61f18f12cbb,False,False,False,False,False,False
new1,repair,sphere_random,v3_new1_sphere_random_14,1,aaccf6e710d65f613a98,False,False,False,False,False,False
new1,repair,sphere_random,v3_new1_sphere_random_14,3,aaccf6e710d65f613a98,False,False,False,False,False,False
new1,repair,sphere_random,v3_new1_sphere_random_14,6,aaccf6e710d65f613a98,False,False,False,False,False,False
new1,repair,sphere_random,v3_new1_sphere_random_15,1,3b81f529d03236a4be81,True,True,True,True,True,True
new1,repair,sphere_random,v3_new1_sphere_random_15,3,3b81f529d03236a4be81,True,True,True,True,True,True
new1,repair,sphere_random,v3_new1_sphere_random_15,6,3b81f529d03236a4be81,True,True,True,True,True,True
new1,repair,sphere_random,v3_new1_sphere_random_16,1,ec0d1e681f694b3c74fd,False,False,False,False,False,False
new1,repair,sphere_random,v3_new1_sphere_random_16,3,16667cb5a8c5ba3ff19e,False,False,False,False,False,False
new1,repair,sphere_random,v3_new1_sphere_random_16,6,16667cb5a8c5ba3ff19e,False,False,False,False,False,False
new1,repair,sphere_random,v3_new1_sphere_random_17,1,cfdb0f74cf850cf46afa,False,False,False,False,False,False
new1,repair,sphere_random,v3_new1_sphere_random_17,3,6731e640e206e4502538,False,False,False,False,False,False
new1,repair,sphere_random,v3_new1_sphere_random_17,6,6731e640e206e4502538,False,False,False,False,False,False
new1,repair,sphere_random,v3_new1_sphere_random_18,1,39b97a7ead8aa71acdc3,False,False,False,False,False,False
new1,repair,sphere_random,v3_new1_sphere_random_18,3,a1e438bc4282fd2dd3d4,False,False,False,False,False,False
new1,repair,sphere_random,v3_new1_sphere_random_18,6,c7612248f6bc53c99711,True,True,True,True,True,True
new1,repair,sphere_random,v3_new1_sphere_random_19,1,56d174c2751d70667937,False,False,False,False,False,False
new1,repair,sphere_random,v3_new1_sphere_random_19,3,56d174c2751d70667937,False,False,False,False,False,False
new1,repair,sphere_random,v3_new1_sphere_random_19,6,56d174c2751d70667937,False,False,False,False,False,False
new2,baseline,bar_random,v3_new2_bar_random_00,1,e646b4d8097a60a001e0,False,False,False,False,False,False
new2,baseline,bar_random,v3_new2_bar_random_00,3,afe80b34acf79a4b906c,False,False,False,False,False,False
new2,baseline,bar_random,v3_new2_bar_random_00,6,e06e9cfc7bd7c42f1fcc,False,False,False,False,False,False
new2,baseline,bar_random,v3_new2_bar_random_01,1,c513bf0f2b71560be8a0,False,False,False,False,False,False
new2,baseline,bar_random,v3_new2_bar_random_01,3,1d7dac40dd58d6aff44a,False,False,False,False,False,False
new2,baseline,bar_random,v3_new2_bar_random_01,6,0a0ffcbc8177c656ee66,True,True,True,True,False,False
new2,baseline,bar_random,v3_new2_bar_random_02,1,510a7a91d40a3c7b12b6,False,False,False,False,False,False
new2,baseline,bar_random,v3_new2_bar_random_02,3,a8f989ebffcd7c6050c1,False,False,False,False,False,False
new2,baseline,bar_random,v3_new2_bar_random_02,6,4a289ff9eddb55a0a1dd,True,True,True,True,False,False
new2,baseline,bar_random,v3_new2_bar_random_03,1,a014c69c06ef162298cc,True,True,True,True,False,False
new2,baseline,bar_random,v3_new2_bar_random_03,3,a014c69c06ef162298cc,True,True,True,True,False,False
new2,baseline,bar_random,v3_new2_bar_random_03,6,a014c69c06ef162298cc,True,True,True,True,False,False
new2,baseline,bar_random,v3_new2_bar_random_04,1,c41b68e24c106527c4c8,False,False,False,False,False,False
new2,baseline,bar_random,v3_new2_bar_random_04,3,ffccd6c9e87c30635155,False,False,False,False,False,False
new2,baseline,bar_random,v3_new2_bar_random_04,6,ffccd6c9e87c30635155,False,False,False,False,False,False
new2,baseline,bar_random,v3_new2_bar_random_05,1,16ba0326e99a5426e94d,False,False,False,False,False,False
new2,baseline,bar_random,v3_new2_bar_random_05,3,d5aefd4d3a0321c82609,False,False,False,False,False,False
new2,baseline,bar_random,v3_new2_bar_random_05,6,f31f2c06e98b5d78f6b9,False,False,False,False,False,False
new2,baseline,bar_random,v3_new2_bar_random_06,1,8d10b5e2a86461fcb322,False,False,False,False,False,False
new2,baseline,bar_random,v3_new2_bar_random_06,3,7fa3793a0492c1fd4b90,False,False,False,False,False,False
new2,baseline,bar_random,v3_new2_bar_random_06,6,fcc0cf1dab5c5b01a737,False,False,False,False,False,False
new2,baseline,bar_random,v3_new2_bar_random_07,1,2d128f5491019c2f1a5f,False,False,False,False,False,False
new2,baseline,bar_random,v3_new2_bar_random_07,3,084a72a0b176317c50b9,False,False,False,False,False,False
new2,baseline,bar_random,v3_new2_bar_random_07,6,084a72a0b176317c50b9,False,False,False,False,False,False
new2,baseline,bar_random,v3_new2_bar_random_08,1,70655777fa359b9ffd61,False,False,False,False,False,False
new2,baseline,bar_random,v3_new2_bar_random_08,3,3e6faf1d4e103f166bec,False,False,False,False,False,False
new2,baseline,bar_random,v3_new2_bar_random_08,6,3e6faf1d4e103f166bec,False,False,False,False,False,False
new2,baseline,bar_random,v3_new2_bar_random_09,1,99726e96bd88eade6145,False,False,False,False,False,False
new2,baseline,bar_random,v3_new2_bar_random_09,3,daea9644caf0b78ea05a,False,False,False,False,False,False
new2,baseline,bar_random,v3_new2_bar_random_09,6,daea9644caf0b78ea05a,False,False,False,False,False,False
new2,baseline,bar_random,v3_new2_bar_random_10,1,29eacfe16285d90dca56,False,False,False,False,False,False
new2,baseline,bar_random,v3_new2_bar_random_10,3,29eacfe16285d90dca56,False,False,False,False,False,False
new2,baseline,bar_random,v3_new2_bar_random_10,6,29eacfe16285d90dca56,False,False,False,False,False,False
new2,baseline,bar_random,v3_new2_bar_random_11,1,19a8dbe677ea8ddd6ce2,True,True,True,True,False,False
new2,baseline,bar_random,v3_new2_bar_random_11,3,0b45ba6d941ca2034a78,True,True,True,True,False,False
new2,baseline,bar_random,v3_new2_bar_random_11,6,71070f10b48640c41998,True,True,True,True,False,False
new2,baseline,bar_random,v3_new2_bar_random_12,1,c2ea4925982b4101cda3,True,True,True,True,False,False
new2,baseline,bar_random,v3_new2_bar_random_12,3,641b1fe9ee1de7fd49ec,True,True,True,True,False,False
new2,baseline,bar_random,v3_new2_bar_random_12,6,641b1fe9ee1de7fd49ec,True,True,True,True,False,False
new2,baseline,bar_random,v3_new2_bar_random_13,1,0b9b0e82e7411e45adc8,False,False,False,False,False,False
new2,baseline,bar_random,v3_new2_bar_random_13,3,c3030c8d601781ed8683,True,True,True,True,False,False
new2,baseline,bar_random,v3_new2_bar_random_13,6,fd64dc32253fcf3bb0ab,True,True,True,True,False,False
new2,baseline,bar_random,v3_new2_bar_random_14,1,e340958e581eb1b2e0cf,False,False,False,False,False,False
new2,baseline,bar_random,v3_new2_bar_random_14,3,e340958e581eb1b2e0cf,False,False,False,False,False,False
new2,baseline,bar_random,v3_new2_bar_random_14,6,ed3ec904644e177ad2ab,False,False,False,False,False,False
new2,baseline,bar_random,v3_new2_bar_random_15,1,2739721df4b73a14b626,False,False,False,False,False,False
new2,baseline,bar_random,v3_new2_bar_random_15,3,f988c43706bfe85de6c6,False,False,False,False,False,False
new2,baseline,bar_random,v3_new2_bar_random_15,6,f988c43706bfe85de6c6,False,False,False,False,False,False
new2,baseline,bar_random,v3_new2_bar_random_16,1,0f46e112e49b74860e16,False,False,False,False,False,False
new2,baseline,bar_random,v3_new2_bar_random_16,3,ef1a1f5dd5b4c6e29344,False,False,False,False,False,False
new2,baseline,bar_random,v3_new2_bar_random_16,6,ef1a1f5dd5b4c6e29344,False,False,False,False,False,False
new2,baseline,bar_random,v3_new2_bar_random_17,1,b352f30625e01dc269fd,False,False,False,False,False,False
new2,baseline,bar_random,v3_new2_bar_random_17,3,b352f30625e01dc269fd,False,False,False,False,False,False
new2,baseline,bar_random,v3_new2_bar_random_17,6,b352f30625e01dc269fd,False,False,False,False,False,False
new2,baseline,bar_random,v3_new2_bar_random_18,1,ac286dd7572b22b867f8,False,False,False,False,False,False
new2,baseline,bar_random,v3_new2_bar_random_18,3,f8ac4ef827198a041094,False,False,False,False,False,False
new2,baseline,bar_random,v3_new2_bar_random_18,6,f8ac4ef827198a041094,False,False,False,False,False,False
new2,baseline,bar_random,v3_new2_bar_random_19,1,0e21aea6f2d41b66ed7b,True,True,True,True,False,False
new2,baseline,bar_random,v3_new2_bar_random_19,3,c75ecb76b39241594a6a,True,True,True,True,False,False
new2,baseline,bar_random,v3_new2_bar_random_19,6,c75ecb76b39241594a6a,True,True,True,True,False,False
new2,baseline,capsule_random,v3_new2_capsule_random_00,1,b70cbac95de856d44075,False,False,False,False,False,False
new2,baseline,capsule_random,v3_new2_capsule_random_00,3,b70cbac95de856d44075,False,False,False,False,False,False
new2,baseline,capsule_random,v3_new2_capsule_random_00,6,d2d6134cb14fe214fd8a,False,False,False,False,False,False
new2,baseline,capsule_random,v3_new2_capsule_random_01,1,3ac9c4b935623cfccdfe,False,False,False,False,False,False
new2,baseline,capsule_random,v3_new2_capsule_random_01,3,5213c8454ddef45280c0,False,False,False,False,False,False
new2,baseline,capsule_random,v3_new2_capsule_random_01,6,2755e6fd16ab0554513f,False,False,False,False,False,False
new2,baseline,capsule_random,v3_new2_capsule_random_02,1,974e1afa3d4d168f2fa7,False,False,False,False,False,False
new2,baseline,capsule_random,v3_new2_capsule_random_02,3,8d9074bceaea046754c7,False,False,False,False,False,False
new2,baseline,capsule_random,v3_new2_capsule_random_02,6,6c5b7eeba9b74dd5daeb,False,False,False,False,False,False
new2,baseline,capsule_random,v3_new2_capsule_random_03,1,9c46cd64288ac92b0c78,False,False,False,False,False,False
new2,baseline,capsule_random,v3_new2_capsule_random_03,3,ad23aa266ce473c6df4e,False,False,False,False,False,False
new2,baseline,capsule_random,v3_new2_capsule_random_03,6,ad23aa266ce473c6df4e,False,False,False,False,False,False
new2,baseline,capsule_random,v3_new2_capsule_random_04,1,bb7d955b03dd8635410e,False,False,False,False,False,False
new2,baseline,capsule_random,v3_new2_capsule_random_04,3,2d47f29fe1a6cdc92820,False,False,False,False,False,False
new2,baseline,capsule_random,v3_new2_capsule_random_04,6,2d47f29fe1a6cdc92820,False,False,False,False,False,False
new2,baseline,capsule_random,v3_new2_capsule_random_05,1,f7c448e9ad1adf0a29e6,False,False,False,False,False,False
new2,baseline,capsule_random,v3_new2_capsule_random_05,3,f7c448e9ad1adf0a29e6,False,False,False,False,False,False
new2,baseline,capsule_random,v3_new2_capsule_random_05,6,f7c448e9ad1adf0a29e6,False,False,False,False,False,False
new2,baseline,capsule_random,v3_new2_capsule_random_06,1,f123bcae0d34d8e35e97,False,False,False,False,False,False
new2,baseline,capsule_random,v3_new2_capsule_random_06,3,7f6b466d059739acca8e,False,False,False,False,False,False
new2,baseline,capsule_random,v3_new2_capsule_random_06,6,5b83004828fa51907102,False,False,False,False,False,False
new2,baseline,capsule_random,v3_new2_capsule_random_07,1,6c5220c85e4c5e1b6e37,False,False,False,False,False,False
new2,baseline,capsule_random,v3_new2_capsule_random_07,3,f9bd743b31a4136da21b,False,False,False,False,False,False
new2,baseline,capsule_random,v3_new2_capsule_random_07,6,f9bd743b31a4136da21b,False,False,False,False,False,False
new2,baseline,capsule_random,v3_new2_capsule_random_08,1,434c27a69456b3793c4f,False,False,False,False,False,False
new2,baseline,capsule_random,v3_new2_capsule_random_08,3,f55c230141e56b93352d,False,False,False,False,False,False
new2,baseline,capsule_random,v3_new2_capsule_random_08,6,f55c230141e56b93352d,False,False,False,False,False,False
new2,baseline,capsule_random,v3_new2_capsule_random_09,1,cbaf30fad9a1a2f8f65e,False,False,False,False,False,False
new2,baseline,capsule_random,v3_new2_capsule_random_09,3,92b183eac2a4564f9861,False,False,False,False,False,False
new2,baseline,capsule_random,v3_new2_capsule_random_09,6,7636dc1b6b22c844181a,False,False,False,False,False,False
new2,baseline,capsule_random,v3_new2_capsule_random_10,1,c6dfd668922ff49450b8,False,False,False,False,False,False
new2,baseline,capsule_random,v3_new2_capsule_random_10,3,c6dfd668922ff49450b8,False,False,False,False,False,False
new2,baseline,capsule_random,v3_new2_capsule_random_10,6,94a203d473336f0e6bc3,False,False,False,False,False,False
new2,baseline,capsule_random,v3_new2_capsule_random_11,1,0418ccf90438f52981b0,False,False,False,False,False,False
new2,baseline,capsule_random,v3_new2_capsule_random_11,3,0418ccf90438f52981b0,False,False,False,False,False,False
new2,baseline,capsule_random,v3_new2_capsule_random_11,6,9520ab4afa5d91ef15e5,True,True,True,True,True,True
new2,baseline,capsule_random,v3_new2_capsule_random_12,1,75d4dc1ab579036007e7,False,False,False,False,False,False
new2,baseline,capsule_random,v3_new2_capsule_random_12,3,34f6199d191a20e46030,False,False,False,False,False,False
new2,baseline,capsule_random,v3_new2_capsule_random_12,6,fb275376f85990384ce8,False,False,False,False,False,False
new2,baseline,capsule_random,v3_new2_capsule_random_13,1,49d892ed90d4722137a9,False,False,False,False,False,False
new2,baseline,capsule_random,v3_new2_capsule_random_13,3,b6ecdd6e8b96e73cdaa5,False,False,False,False,False,False
new2,baseline,capsule_random,v3_new2_capsule_random_13,6,e20ade211db50592f86f,False,False,False,False,False,False
new2,baseline,capsule_random,v3_new2_capsule_random_14,1,7a98df98353927bf202f,False,False,False,False,False,False
new2,baseline,capsule_random,v3_new2_capsule_random_14,3,06b702b685de9e92f740,False,False,False,False,False,False
new2,baseline,capsule_random,v3_new2_capsule_random_14,6,2d56c1fb31c0cd65439e,False,False,False,False,False,False
new2,baseline,capsule_random,v3_new2_capsule_random_15,1,721899db1c0979342bbc,False,False,False,False,False,False
new2,baseline,capsule_random,v3_new2_capsule_random_15,3,57bfa9a6be939883ab13,False,False,False,False,False,False
new2,baseline,capsule_random,v3_new2_capsule_random_15,6,14fab29498034cd3eb86,False,False,False,False,False,False
new2,baseline,capsule_random,v3_new2_capsule_random_16,1,adaea1c1e2baaf80d549,False,False,False,False,False,False
new2,baseline,capsule_random,v3_new2_capsule_random_16,3,9b80fe5610e679a38284,False,False,False,False,False,False
new2,baseline,capsule_random,v3_new2_capsule_random_16,6,9b80fe5610e679a38284,False,False,False,False,False,False
new2,baseline,capsule_random,v3_new2_capsule_random_17,1,e998349418cee677986b,False,False,False,False,False,False
new2,baseline,capsule_random,v3_new2_capsule_random_17,3,e998349418cee677986b,False,False,False,False,False,False
new2,baseline,capsule_random,v3_new2_capsule_random_17,6,e998349418cee677986b,False,False,False,False,False,False
new2,baseline,capsule_random,v3_new2_capsule_random_18,1,2eb4454f1c9e0d80b7a0,False,False,False,False,False,False
new2,baseline,capsule_random,v3_new2_capsule_random_18,3,0d768953b115abe497e4,False,False,False,False,False,False
new2,baseline,capsule_random,v3_new2_capsule_random_18,6,a250f01b62cf4afbde9e,False,False,False,False,False,False
new2,baseline,capsule_random,v3_new2_capsule_random_19,1,e06bf5cc7f175cc306cb,False,False,False,False,False,False
new2,baseline,capsule_random,v3_new2_capsule_random_19,3,e06bf5cc7f175cc306cb,False,False,False,False,False,False
new2,baseline,capsule_random,v3_new2_capsule_random_19,6,490271cb2fec1efc445b,False,False,False,False,False,False
new2,baseline,cube_random,v3_new2_cube_random_00,1,d0480ebec817ae1e80df,True,True,True,True,False,False
new2,baseline,cube_random,v3_new2_cube_random_00,3,1a19afc8b692eca1e794,True,True,True,True,False,False
new2,baseline,cube_random,v3_new2_cube_random_00,6,1a19afc8b692eca1e794,True,True,True,True,False,False
new2,baseline,cube_random,v3_new2_cube_random_01,1,cc4c13057b8ad11aef64,False,False,False,False,False,False
new2,baseline,cube_random,v3_new2_cube_random_01,3,8d8a564cbe22d62aade0,False,False,False,False,False,False
new2,baseline,cube_random,v3_new2_cube_random_01,6,ab43a06d2e52fdf6938f,True,True,True,True,False,False
new2,baseline,cube_random,v3_new2_cube_random_02,1,cd6fb912a6626d5a8ba0,False,False,False,False,False,False
new2,baseline,cube_random,v3_new2_cube_random_02,3,751d43d5f3880de7466b,True,True,True,True,False,False
new2,baseline,cube_random,v3_new2_cube_random_02,6,751d43d5f3880de7466b,True,True,True,True,False,False
new2,baseline,cube_random,v3_new2_cube_random_03,1,c5424769ce0a3400e27c,False,False,False,False,False,False
new2,baseline,cube_random,v3_new2_cube_random_03,3,42ca461c12484e2fc753,True,True,True,True,False,False
new2,baseline,cube_random,v3_new2_cube_random_03,6,42ca461c12484e2fc753,True,True,True,True,False,False
new2,baseline,cube_random,v3_new2_cube_random_04,1,82c45364b0b630fa40b3,False,False,False,False,False,False
new2,baseline,cube_random,v3_new2_cube_random_04,3,82c45364b0b630fa40b3,False,False,False,False,False,False
new2,baseline,cube_random,v3_new2_cube_random_04,6,82c45364b0b630fa40b3,False,False,False,False,False,False
new2,baseline,cube_random,v3_new2_cube_random_05,1,061068bea9418d4b7a89,True,True,True,True,False,False
new2,baseline,cube_random,v3_new2_cube_random_05,3,061068bea9418d4b7a89,True,True,True,True,False,False
new2,baseline,cube_random,v3_new2_cube_random_05,6,061068bea9418d4b7a89,True,True,True,True,False,False
new2,baseline,cube_random,v3_new2_cube_random_06,1,20aeff2c975d2089a55b,False,False,False,False,False,False
new2,baseline,cube_random,v3_new2_cube_random_06,3,20aeff2c975d2089a55b,False,False,False,False,False,False
new2,baseline,cube_random,v3_new2_cube_random_06,6,20aeff2c975d2089a55b,False,False,False,False,False,False
new2,baseline,cube_random,v3_new2_cube_random_07,1,113bee4e5fa6da5ac613,False,False,False,False,False,False
new2,baseline,cube_random,v3_new2_cube_random_07,3,a363c9af16aeceb3d6e0,True,True,True,True,False,False
new2,baseline,cube_random,v3_new2_cube_random_07,6,a363c9af16aeceb3d6e0,True,True,True,True,False,False
new2,baseline,cube_random,v3_new2_cube_random_08,1,a7b2dc8ab980cd87b64d,True,True,True,True,False,False
new2,baseline,cube_random,v3_new2_cube_random_08,3,a7b2dc8ab980cd87b64d,True,True,True,True,False,False
new2,baseline,cube_random,v3_new2_cube_random_08,6,a7b2dc8ab980cd87b64d,True,True,True,True,False,False
new2,baseline,cube_random,v3_new2_cube_random_09,1,daf45bc5ac15a59d3069,True,True,True,True,False,False
new2,baseline,cube_random,v3_new2_cube_random_09,3,daf45bc5ac15a59d3069,True,True,True,True,False,False
new2,baseline,cube_random,v3_new2_cube_random_09,6,daf45bc5ac15a59d3069,True,True,True,True,False,False
new2,baseline,cube_random,v3_new2_cube_random_10,1,12a92306a026be7474ee,False,False,False,False,False,False
new2,baseline,cube_random,v3_new2_cube_random_10,3,12a92306a026be7474ee,False,False,False,False,False,False
new2,baseline,cube_random,v3_new2_cube_random_10,6,12a92306a026be7474ee,False,False,False,False,False,False
new2,baseline,cube_random,v3_new2_cube_random_11,1,2b4edf07cd8a65ef6986,False,False,False,False,False,False
new2,baseline,cube_random,v3_new2_cube_random_11,3,6d22d07a22d0d37d04e7,True,True,True,True,False,False
new2,baseline,cube_random,v3_new2_cube_random_11,6,6d22d07a22d0d37d04e7,True,True,True,True,False,False
new2,baseline,cube_random,v3_new2_cube_random_12,1,6ad93bc4e5fed202f444,False,False,False,False,False,False
new2,baseline,cube_random,v3_new2_cube_random_12,3,0b97b25b77043ad04947,True,True,True,True,False,False
new2,baseline,cube_random,v3_new2_cube_random_12,6,0b97b25b77043ad04947,True,True,True,True,False,False
new2,baseline,cube_random,v3_new2_cube_random_13,1,209225234d25292a669e,True,True,True,True,False,False
new2,baseline,cube_random,v3_new2_cube_random_13,3,209225234d25292a669e,True,True,True,True,False,False
new2,baseline,cube_random,v3_new2_cube_random_13,6,209225234d25292a669e,True,True,True,True,False,False
new2,baseline,cube_random,v3_new2_cube_random_14,1,67139696dd2e6bbc4a5e,False,False,False,False,False,False
new2,baseline,cube_random,v3_new2_cube_random_14,3,67139696dd2e6bbc4a5e,False,False,False,False,False,False
new2,baseline,cube_random,v3_new2_cube_random_14,6,9d96af67730e04afc2d4,False,False,False,False,False,False
new2,baseline,cube_random,v3_new2_cube_random_15,1,e046d83180d774efc2e2,False,False,False,False,False,False
new2,baseline,cube_random,v3_new2_cube_random_15,3,520e98b2658a37e0e613,True,True,True,True,False,False
new2,baseline,cube_random,v3_new2_cube_random_15,6,520e98b2658a37e0e613,True,True,True,True,False,False
new2,baseline,cube_random,v3_new2_cube_random_16,1,0156af6b35d4be1c9ba2,False,False,False,False,False,False
new2,baseline,cube_random,v3_new2_cube_random_16,3,0156af6b35d4be1c9ba2,False,False,False,False,False,False
new2,baseline,cube_random,v3_new2_cube_random_16,6,0156af6b35d4be1c9ba2,False,False,False,False,False,False
new2,baseline,cube_random,v3_new2_cube_random_17,1,9a22bb77a475e49f808c,False,False,False,False,False,False
new2,baseline,cube_random,v3_new2_cube_random_17,3,9eb023c6b49c36129684,True,True,True,True,False,False
new2,baseline,cube_random,v3_new2_cube_random_17,6,9eb023c6b49c36129684,True,True,True,True,False,False
new2,baseline,cube_random,v3_new2_cube_random_18,1,c38adb40350da64f20e2,False,False,False,False,False,False
new2,baseline,cube_random,v3_new2_cube_random_18,3,c38adb40350da64f20e2,False,False,False,False,False,False
new2,baseline,cube_random,v3_new2_cube_random_18,6,c38adb40350da64f20e2,False,False,False,False,False,False
new2,baseline,cube_random,v3_new2_cube_random_19,1,9b3ab65437c1f85ba08b,True,True,True,True,False,False
new2,baseline,cube_random,v3_new2_cube_random_19,3,9b3ab65437c1f85ba08b,True,True,True,True,False,False
new2,baseline,cube_random,v3_new2_cube_random_19,6,9b3ab65437c1f85ba08b,True,True,True,True,False,False
new2,baseline,cylinder_random,v3_new2_cylinder_random_00,1,74b066795c4c9f56197b,False,False,False,False,False,False
new2,baseline,cylinder_random,v3_new2_cylinder_random_00,3,4a4156d4f18d4eb8dce9,False,False,False,False,False,False
new2,baseline,cylinder_random,v3_new2_cylinder_random_00,6,22d535be23206073f735,False,False,False,False,False,False
new2,baseline,cylinder_random,v3_new2_cylinder_random_01,1,8ff48e086ea98e975a09,False,False,False,False,False,False
new2,baseline,cylinder_random,v3_new2_cylinder_random_01,3,aa11057e014afc0fd97d,True,True,True,True,True,True
new2,baseline,cylinder_random,v3_new2_cylinder_random_01,6,6b491c70ccc7918a8c6f,True,True,True,True,True,True
new2,baseline,cylinder_random,v3_new2_cylinder_random_02,1,ffe1cdef8a470d07f2b3,False,False,False,False,False,False
new2,baseline,cylinder_random,v3_new2_cylinder_random_02,3,a27249c2ba8f3b43f46c,True,True,True,True,True,True
new2,baseline,cylinder_random,v3_new2_cylinder_random_02,6,a27249c2ba8f3b43f46c,True,True,True,True,True,True
new2,baseline,cylinder_random,v3_new2_cylinder_random_03,1,71191b4fb1a99bec42d4,False,False,False,False,False,False
new2,baseline,cylinder_random,v3_new2_cylinder_random_03,3,4a677cf666106ce0612d,False,False,False,False,False,False
new2,baseline,cylinder_random,v3_new2_cylinder_random_03,6,d151c065b8acd3001ac9,False,False,False,False,False,False
new2,baseline,cylinder_random,v3_new2_cylinder_random_04,1,e9e30eeafc63f17d9251,False,False,False,False,False,False
new2,baseline,cylinder_random,v3_new2_cylinder_random_04,3,72292d3a257bfc2cbd48,True,True,True,True,True,True
new2,baseline,cylinder_random,v3_new2_cylinder_random_04,6,72292d3a257bfc2cbd48,True,True,True,True,True,True
new2,baseline,cylinder_random,v3_new2_cylinder_random_05,1,9b16c137348a37184b1e,False,False,False,False,False,False
new2,baseline,cylinder_random,v3_new2_cylinder_random_05,3,2cdf333d4242bb536149,False,False,False,False,False,False
new2,baseline,cylinder_random,v3_new2_cylinder_random_05,6,e152365a213c8d7ebd30,False,False,False,False,False,False
new2,baseline,cylinder_random,v3_new2_cylinder_random_06,1,991fe2d6d025a71d767e,False,False,False,False,False,False
new2,baseline,cylinder_random,v3_new2_cylinder_random_06,3,e12abd1e30f6a4788e19,False,False,False,False,False,False
new2,baseline,cylinder_random,v3_new2_cylinder_random_06,6,2bd07e9842f0bd0e28c0,True,True,True,True,True,True
new2,baseline,cylinder_random,v3_new2_cylinder_random_07,1,8c1c9eaf1e12ebe21612,True,True,True,True,True,True
new2,baseline,cylinder_random,v3_new2_cylinder_random_07,3,3a09f5b47eba22f8cc1f,True,True,True,True,True,True
new2,baseline,cylinder_random,v3_new2_cylinder_random_07,6,3a09f5b47eba22f8cc1f,True,True,True,True,True,True
new2,baseline,cylinder_random,v3_new2_cylinder_random_08,1,5f5c63f4603c9f171827,False,False,False,False,False,False
new2,baseline,cylinder_random,v3_new2_cylinder_random_08,3,d63b9b9ea302823ae05d,True,True,True,True,True,True
new2,baseline,cylinder_random,v3_new2_cylinder_random_08,6,d63b9b9ea302823ae05d,True,True,True,True,True,True
new2,baseline,cylinder_random,v3_new2_cylinder_random_09,1,58929d05c23ac8e11494,False,False,False,False,False,False
new2,baseline,cylinder_random,v3_new2_cylinder_random_09,3,a39367fb434ebc724ac9,True,True,True,True,True,True
new2,baseline,cylinder_random,v3_new2_cylinder_random_09,6,34e5aca914aa4887ca9a,True,True,True,True,True,True
new2,baseline,cylinder_random,v3_new2_cylinder_random_10,1,b23206c29ca92a3956eb,False,False,False,False,False,False
new2,baseline,cylinder_random,v3_new2_cylinder_random_10,3,00cb4b054ba7fa922389,False,False,False,False,False,False
new2,baseline,cylinder_random,v3_new2_cylinder_random_10,6,de08fdf0c071f7b6f944,False,False,False,False,False,False
new2,baseline,cylinder_random,v3_new2_cylinder_random_11,1,4859134bbe09253a994b,True,True,True,True,True,True
new2,baseline,cylinder_random,v3_new2_cylinder_random_11,3,4859134bbe09253a994b,True,True,True,True,True,True
new2,baseline,cylinder_random,v3_new2_cylinder_random_11,6,4859134bbe09253a994b,True,True,True,True,True,True
new2,baseline,cylinder_random,v3_new2_cylinder_random_12,1,e969b48e52c4fd665580,False,False,False,False,False,False
new2,baseline,cylinder_random,v3_new2_cylinder_random_12,3,fea27b14fd921059b993,False,False,False,False,False,False
new2,baseline,cylinder_random,v3_new2_cylinder_random_12,6,fea27b14fd921059b993,False,False,False,False,False,False
new2,baseline,cylinder_random,v3_new2_cylinder_random_13,1,cdbb45579280207a929d,True,True,True,True,True,True
new2,baseline,cylinder_random,v3_new2_cylinder_random_13,3,cdbb45579280207a929d,True,True,True,True,True,True
new2,baseline,cylinder_random,v3_new2_cylinder_random_13,6,cdbb45579280207a929d,True,True,True,True,True,True
new2,baseline,cylinder_random,v3_new2_cylinder_random_14,1,8aef4eceab25a5129779,True,True,True,True,True,True
new2,baseline,cylinder_random,v3_new2_cylinder_random_14,3,8aef4eceab25a5129779,True,True,True,True,True,True
new2,baseline,cylinder_random,v3_new2_cylinder_random_14,6,fd5bbb1b1679ff3bfa4a,True,True,True,True,True,True
new2,baseline,cylinder_random,v3_new2_cylinder_random_15,1,e7100edc62932a918f81,False,False,False,False,False,False
new2,baseline,cylinder_random,v3_new2_cylinder_random_15,3,9131f0b8aed6e7d5e7a8,True,True,True,True,True,True
new2,baseline,cylinder_random,v3_new2_cylinder_random_15,6,6f6c6e9f839aaed44b9b,True,True,True,True,True,True
new2,baseline,cylinder_random,v3_new2_cylinder_random_16,1,47cfcfb71c681dafa1dd,False,False,False,False,False,False
new2,baseline,cylinder_random,v3_new2_cylinder_random_16,3,47cfcfb71c681dafa1dd,False,False,False,False,False,False
new2,baseline,cylinder_random,v3_new2_cylinder_random_16,6,c6eb2aa639c4aa8bbfce,False,False,False,False,False,False
new2,baseline,cylinder_random,v3_new2_cylinder_random_17,1,295ba3efe525b1727975,False,False,False,False,False,False
new2,baseline,cylinder_random,v3_new2_cylinder_random_17,3,974770f2c122b01aec28,False,False,False,False,False,False
new2,baseline,cylinder_random,v3_new2_cylinder_random_17,6,31954cbc500a4d7e4953,True,True,True,True,True,True
new2,baseline,cylinder_random,v3_new2_cylinder_random_18,1,7f892e7fd0de6dfb1929,False,False,False,False,False,False
new2,baseline,cylinder_random,v3_new2_cylinder_random_18,3,cdabc8b98acd425393f2,False,False,False,False,False,False
new2,baseline,cylinder_random,v3_new2_cylinder_random_18,6,3e3e8916ae5d43a37b25,False,False,False,False,False,False
new2,baseline,cylinder_random,v3_new2_cylinder_random_19,1,b21e9ff4ce6399a668b0,False,False,False,False,False,False
new2,baseline,cylinder_random,v3_new2_cylinder_random_19,3,b21e9ff4ce6399a668b0,False,False,False,False,False,False
new2,baseline,cylinder_random,v3_new2_cylinder_random_19,6,8a950b1853079c945c24,False,False,False,False,False,False
new2,baseline,flat_box_random,v3_new2_flat_box_random_00,1,8c1f4525ee4681903e20,False,False,False,False,False,False
new2,baseline,flat_box_random,v3_new2_flat_box_random_00,3,8c1f4525ee4681903e20,False,False,False,False,False,False
new2,baseline,flat_box_random,v3_new2_flat_box_random_00,6,8c1f4525ee4681903e20,False,False,False,False,False,False
new2,baseline,flat_box_random,v3_new2_flat_box_random_01,1,793f820bfe2c9312ab73,False,False,False,False,False,False
new2,baseline,flat_box_random,v3_new2_flat_box_random_01,3,793f820bfe2c9312ab73,False,False,False,False,False,False
new2,baseline,flat_box_random,v3_new2_flat_box_random_01,6,793f820bfe2c9312ab73,False,False,False,False,False,False
new2,baseline,flat_box_random,v3_new2_flat_box_random_02,1,f8a0a8bd77cb4d010747,False,False,False,False,False,False
new2,baseline,flat_box_random,v3_new2_flat_box_random_02,3,f8a0a8bd77cb4d010747,False,False,False,False,False,False
new2,baseline,flat_box_random,v3_new2_flat_box_random_02,6,f8a0a8bd77cb4d010747,False,False,False,False,False,False
new2,baseline,flat_box_random,v3_new2_flat_box_random_03,1,9a7a28f53e8856f6fedd,False,False,False,False,False,False
new2,baseline,flat_box_random,v3_new2_flat_box_random_03,3,303a6f8f3cd29206e1da,False,False,False,False,False,False
new2,baseline,flat_box_random,v3_new2_flat_box_random_03,6,303a6f8f3cd29206e1da,False,False,False,False,False,False
new2,baseline,flat_box_random,v3_new2_flat_box_random_04,1,de31808076824bb60bba,False,False,False,False,False,False
new2,baseline,flat_box_random,v3_new2_flat_box_random_04,3,32f000adb7b733e75ee0,False,False,False,False,False,False
new2,baseline,flat_box_random,v3_new2_flat_box_random_04,6,32f000adb7b733e75ee0,False,False,False,False,False,False
new2,baseline,flat_box_random,v3_new2_flat_box_random_05,1,ae2e21c2ef15627188a0,False,False,False,False,False,False
new2,baseline,flat_box_random,v3_new2_flat_box_random_05,3,ae2e21c2ef15627188a0,False,False,False,False,False,False
new2,baseline,flat_box_random,v3_new2_flat_box_random_05,6,ae2e21c2ef15627188a0,False,False,False,False,False,False
new2,baseline,flat_box_random,v3_new2_flat_box_random_06,1,b8d5e4e4028b9372eebe,False,False,False,False,False,False
new2,baseline,flat_box_random,v3_new2_flat_box_random_06,3,9635277a1c60cce2e696,True,True,True,True,False,False
new2,baseline,flat_box_random,v3_new2_flat_box_random_06,6,9635277a1c60cce2e696,True,True,True,True,False,False
new2,baseline,flat_box_random,v3_new2_flat_box_random_07,1,c7ed10668be34c898612,False,False,False,False,False,False
new2,baseline,flat_box_random,v3_new2_flat_box_random_07,3,c7ed10668be34c898612,False,False,False,False,False,False
new2,baseline,flat_box_random,v3_new2_flat_box_random_07,6,c7ed10668be34c898612,False,False,False,False,False,False
new2,baseline,flat_box_random,v3_new2_flat_box_random_08,1,9280c5b55294f522257b,False,False,False,False,False,False
new2,baseline,flat_box_random,v3_new2_flat_box_random_08,3,9280c5b55294f522257b,False,False,False,False,False,False
new2,baseline,flat_box_random,v3_new2_flat_box_random_08,6,9280c5b55294f522257b,False,False,False,False,False,False
new2,baseline,flat_box_random,v3_new2_flat_box_random_09,1,510917157dfd9190af0b,False,False,False,False,False,False
new2,baseline,flat_box_random,v3_new2_flat_box_random_09,3,510917157dfd9190af0b,False,False,False,False,False,False
new2,baseline,flat_box_random,v3_new2_flat_box_random_09,6,510917157dfd9190af0b,False,False,False,False,False,False
new2,baseline,flat_box_random,v3_new2_flat_box_random_10,1,ab4c1f0368697975eef9,False,False,False,False,False,False
new2,baseline,flat_box_random,v3_new2_flat_box_random_10,3,e9496e2b11033c3d77d0,False,False,False,False,False,False
new2,baseline,flat_box_random,v3_new2_flat_box_random_10,6,e9496e2b11033c3d77d0,False,False,False,False,False,False
new2,baseline,flat_box_random,v3_new2_flat_box_random_11,1,80e89cc8ba209e203a3a,False,False,False,False,False,False
new2,baseline,flat_box_random,v3_new2_flat_box_random_11,3,a2c2e7ba7e72daa546b3,False,False,False,False,False,False
new2,baseline,flat_box_random,v3_new2_flat_box_random_11,6,a2c2e7ba7e72daa546b3,False,False,False,False,False,False
new2,baseline,flat_box_random,v3_new2_flat_box_random_12,1,15009c6cb7350106b677,False,False,False,False,False,False
new2,baseline,flat_box_random,v3_new2_flat_box_random_12,3,15009c6cb7350106b677,False,False,False,False,False,False
new2,baseline,flat_box_random,v3_new2_flat_box_random_12,6,15009c6cb7350106b677,False,False,False,False,False,False
new2,baseline,flat_box_random,v3_new2_flat_box_random_13,1,197d5cfee7ad00cca509,False,False,False,False,False,False
new2,baseline,flat_box_random,v3_new2_flat_box_random_13,3,e86ff2a3a7e536779238,True,True,True,True,False,False
new2,baseline,flat_box_random,v3_new2_flat_box_random_13,6,e86ff2a3a7e536779238,True,True,True,True,False,False
new2,baseline,flat_box_random,v3_new2_flat_box_random_14,1,338d649d99a7abf5cb04,False,False,False,False,False,False
new2,baseline,flat_box_random,v3_new2_flat_box_random_14,3,338d649d99a7abf5cb04,False,False,False,False,False,False
new2,baseline,flat_box_random,v3_new2_flat_box_random_14,6,33cedc59638c52e2f378,False,False,False,False,False,False
new2,baseline,flat_box_random,v3_new2_flat_box_random_15,1,c96e03da8b3784a4f78a,True,True,False,False,False,False
new2,baseline,flat_box_random,v3_new2_flat_box_random_15,3,c96e03da8b3784a4f78a,True,True,False,False,False,False
new2,baseline,flat_box_random,v3_new2_flat_box_random_15,6,c96e03da8b3784a4f78a,True,True,False,False,False,False
new2,baseline,flat_box_random,v3_new2_flat_box_random_16,1,ff80b8ccfaa71a8a5b42,False,False,False,False,False,False
new2,baseline,flat_box_random,v3_new2_flat_box_random_16,3,c6542787c305c189e51e,False,False,False,False,False,False
new2,baseline,flat_box_random,v3_new2_flat_box_random_16,6,c6542787c305c189e51e,False,False,False,False,False,False
new2,baseline,flat_box_random,v3_new2_flat_box_random_17,1,96a11ad1b1dd52bfa125,False,False,False,False,False,False
new2,baseline,flat_box_random,v3_new2_flat_box_random_17,3,96a11ad1b1dd52bfa125,False,False,False,False,False,False
new2,baseline,flat_box_random,v3_new2_flat_box_random_17,6,96a11ad1b1dd52bfa125,False,False,False,False,False,False
new2,baseline,flat_box_random,v3_new2_flat_box_random_18,1,61cf1aab78b942257f41,False,False,False,False,False,False
new2,baseline,flat_box_random,v3_new2_flat_box_random_18,3,61cf1aab78b942257f41,False,False,False,False,False,False
new2,baseline,flat_box_random,v3_new2_flat_box_random_18,6,61cf1aab78b942257f41,False,False,False,False,False,False
new2,baseline,flat_box_random,v3_new2_flat_box_random_19,1,1af0a070b1a390b758fe,False,False,False,False,False,False
new2,baseline,flat_box_random,v3_new2_flat_box_random_19,3,08f235b657dfa89d4613,True,True,False,False,False,False
new2,baseline,flat_box_random,v3_new2_flat_box_random_19,6,08f235b657dfa89d4613,True,True,False,False,False,False
new2,baseline,sphere_random,v3_new2_sphere_random_00,1,1743e3095c246c9ac8c9,False,False,False,False,False,False
new2,baseline,sphere_random,v3_new2_sphere_random_00,3,1743e3095c246c9ac8c9,False,False,False,False,False,False
new2,baseline,sphere_random,v3_new2_sphere_random_00,6,1743e3095c246c9ac8c9,False,False,False,False,False,False
new2,baseline,sphere_random,v3_new2_sphere_random_01,1,2e316cfa50b10805265c,False,False,False,False,False,False
new2,baseline,sphere_random,v3_new2_sphere_random_01,3,2e316cfa50b10805265c,False,False,False,False,False,False
new2,baseline,sphere_random,v3_new2_sphere_random_01,6,2e316cfa50b10805265c,False,False,False,False,False,False
new2,baseline,sphere_random,v3_new2_sphere_random_02,1,e3079ce96e9a71abde61,False,False,False,False,False,False
new2,baseline,sphere_random,v3_new2_sphere_random_02,3,e8e01ac0d5f566030fcf,False,False,False,False,False,False
new2,baseline,sphere_random,v3_new2_sphere_random_02,6,18961c58886fbcdadbd6,False,False,False,False,False,False
new2,baseline,sphere_random,v3_new2_sphere_random_03,1,5e2489a993f6d6297dd5,False,False,False,False,False,False
new2,baseline,sphere_random,v3_new2_sphere_random_03,3,050a81f61c92c89c86a7,False,False,False,False,False,False
new2,baseline,sphere_random,v3_new2_sphere_random_03,6,cf1a0060ba5b41234851,False,False,False,False,False,False
new2,baseline,sphere_random,v3_new2_sphere_random_04,1,a3e4a3efbf2d3200f2ff,False,False,False,False,False,False
new2,baseline,sphere_random,v3_new2_sphere_random_04,3,a3e4a3efbf2d3200f2ff,False,False,False,False,False,False
new2,baseline,sphere_random,v3_new2_sphere_random_04,6,a3e4a3efbf2d3200f2ff,False,False,False,False,False,False
new2,baseline,sphere_random,v3_new2_sphere_random_05,1,4e4d692c3da215634b99,False,False,False,False,False,False
new2,baseline,sphere_random,v3_new2_sphere_random_05,3,fb77e21b82c61a3802cc,False,False,False,False,False,False
new2,baseline,sphere_random,v3_new2_sphere_random_05,6,fb77e21b82c61a3802cc,False,False,False,False,False,False
new2,baseline,sphere_random,v3_new2_sphere_random_06,1,ac415e7a765a31ce5fac,False,False,False,False,False,False
new2,baseline,sphere_random,v3_new2_sphere_random_06,3,ac415e7a765a31ce5fac,False,False,False,False,False,False
new2,baseline,sphere_random,v3_new2_sphere_random_06,6,1d9a6d32329fd7c51bf1,False,False,False,False,False,False
new2,baseline,sphere_random,v3_new2_sphere_random_07,1,494b0bd30585d4fb73d1,False,False,False,False,False,False
new2,baseline,sphere_random,v3_new2_sphere_random_07,3,494b0bd30585d4fb73d1,False,False,False,False,False,False
new2,baseline,sphere_random,v3_new2_sphere_random_07,6,f187f64bdd47ff5f49d5,False,False,False,False,False,False
new2,baseline,sphere_random,v3_new2_sphere_random_08,1,e30f40d374c7e9f24b95,False,False,False,False,False,False
new2,baseline,sphere_random,v3_new2_sphere_random_08,3,e30f40d374c7e9f24b95,False,False,False,False,False,False
new2,baseline,sphere_random,v3_new2_sphere_random_08,6,5baad4a07fef1598c27b,False,False,False,False,False,False
new2,baseline,sphere_random,v3_new2_sphere_random_09,1,580af8e2748fc3f915c8,False,False,False,False,False,False
new2,baseline,sphere_random,v3_new2_sphere_random_09,3,580af8e2748fc3f915c8,False,False,False,False,False,False
new2,baseline,sphere_random,v3_new2_sphere_random_09,6,3df06dbd9fc0c46b39e5,False,False,False,False,False,False
new2,baseline,sphere_random,v3_new2_sphere_random_10,1,1b22bbe83c709d53feea,False,False,False,False,False,False
new2,baseline,sphere_random,v3_new2_sphere_random_10,3,1e6acbe0bebecf7de9d5,False,False,False,False,False,False
new2,baseline,sphere_random,v3_new2_sphere_random_10,6,1e6acbe0bebecf7de9d5,False,False,False,False,False,False
new2,baseline,sphere_random,v3_new2_sphere_random_11,1,872a98cc3d16b58f80ee,False,False,False,False,False,False
new2,baseline,sphere_random,v3_new2_sphere_random_11,3,872a98cc3d16b58f80ee,False,False,False,False,False,False
new2,baseline,sphere_random,v3_new2_sphere_random_11,6,72488eede589c032a80f,False,False,False,False,False,False
new2,baseline,sphere_random,v3_new2_sphere_random_12,1,aefbc9bd1680f06bf3a1,False,False,False,False,False,False
new2,baseline,sphere_random,v3_new2_sphere_random_12,3,aefbc9bd1680f06bf3a1,False,False,False,False,False,False
new2,baseline,sphere_random,v3_new2_sphere_random_12,6,e7c92406dfcd752678b6,False,False,False,False,False,False
new2,baseline,sphere_random,v3_new2_sphere_random_13,1,64871e4434f7b3e636ff,False,False,False,False,False,False
new2,baseline,sphere_random,v3_new2_sphere_random_13,3,dd20b62de363f3550ccf,False,False,False,False,False,False
new2,baseline,sphere_random,v3_new2_sphere_random_13,6,db0b59ea5092b8dbcfb8,False,False,False,False,False,False
new2,baseline,sphere_random,v3_new2_sphere_random_14,1,e924c22c09eba214ef1d,False,False,False,False,False,False
new2,baseline,sphere_random,v3_new2_sphere_random_14,3,ae1923d1fbc2b7914bf9,False,False,False,False,False,False
new2,baseline,sphere_random,v3_new2_sphere_random_14,6,ae1923d1fbc2b7914bf9,False,False,False,False,False,False
new2,baseline,sphere_random,v3_new2_sphere_random_15,1,45a3f6bdcdf620213227,False,False,False,False,False,False
new2,baseline,sphere_random,v3_new2_sphere_random_15,3,5af7a16e5ab81e5bf171,False,False,False,False,False,False
new2,baseline,sphere_random,v3_new2_sphere_random_15,6,7dde014edf29167503d1,False,False,False,False,False,False
new2,baseline,sphere_random,v3_new2_sphere_random_16,1,0db541dc97b3c5127a4e,False,False,False,False,False,False
new2,baseline,sphere_random,v3_new2_sphere_random_16,3,a117edb4424ca972c2ba,False,False,False,False,False,False
new2,baseline,sphere_random,v3_new2_sphere_random_16,6,a117edb4424ca972c2ba,False,False,False,False,False,False
new2,baseline,sphere_random,v3_new2_sphere_random_17,1,2122a237a0f967b2854c,False,False,False,False,False,False
new2,baseline,sphere_random,v3_new2_sphere_random_17,3,8c7397eb2208ab387173,False,False,False,False,False,False
new2,baseline,sphere_random,v3_new2_sphere_random_17,6,8c7397eb2208ab387173,False,False,False,False,False,False
new2,baseline,sphere_random,v3_new2_sphere_random_18,1,c2df98c3e9d3d6cbb674,False,False,False,False,False,False
new2,baseline,sphere_random,v3_new2_sphere_random_18,3,8e11c26863168803373d,False,False,False,False,False,False
new2,baseline,sphere_random,v3_new2_sphere_random_18,6,4f31f6d41fbb8406e446,False,False,False,False,False,False
new2,baseline,sphere_random,v3_new2_sphere_random_19,1,f74e14a0b62448bb4ff9,False,False,False,False,False,False
new2,baseline,sphere_random,v3_new2_sphere_random_19,3,f62f996ccf5a90abb827,False,False,False,False,False,False
new2,baseline,sphere_random,v3_new2_sphere_random_19,6,f62f996ccf5a90abb827,False,False,False,False,False,False
new2,no_extra,bar_random,v3_new2_bar_random_00,6,e06e9cfc7bd7c42f1fcc,False,False,False,False,False,False
new2,no_extra,bar_random,v3_new2_bar_random_01,6,0a0ffcbc8177c656ee66,True,True,True,True,False,False
new2,no_extra,bar_random,v3_new2_bar_random_02,6,4a289ff9eddb55a0a1dd,True,True,True,True,False,False
new2,no_extra,bar_random,v3_new2_bar_random_03,6,a014c69c06ef162298cc,True,True,True,True,False,False
new2,no_extra,bar_random,v3_new2_bar_random_04,6,ffccd6c9e87c30635155,False,False,False,False,False,False
new2,no_extra,bar_random,v3_new2_bar_random_05,6,f31f2c06e98b5d78f6b9,False,False,False,False,False,False
new2,no_extra,bar_random,v3_new2_bar_random_06,6,fcc0cf1dab5c5b01a737,False,False,False,False,False,False
new2,no_extra,bar_random,v3_new2_bar_random_07,6,084a72a0b176317c50b9,False,False,False,False,False,False
new2,no_extra,bar_random,v3_new2_bar_random_08,6,3e6faf1d4e103f166bec,False,False,False,False,False,False
new2,no_extra,bar_random,v3_new2_bar_random_09,6,daea9644caf0b78ea05a,False,False,False,False,False,False
new2,no_extra,bar_random,v3_new2_bar_random_10,6,29eacfe16285d90dca56,False,False,False,False,False,False
new2,no_extra,bar_random,v3_new2_bar_random_11,6,71070f10b48640c41998,True,True,True,True,False,False
new2,no_extra,bar_random,v3_new2_bar_random_12,6,641b1fe9ee1de7fd49ec,True,True,True,True,False,False
new2,no_extra,bar_random,v3_new2_bar_random_13,6,fd64dc32253fcf3bb0ab,True,True,True,True,False,False
new2,no_extra,bar_random,v3_new2_bar_random_14,6,ed3ec904644e177ad2ab,False,False,False,False,False,False
new2,no_extra,bar_random,v3_new2_bar_random_15,6,f988c43706bfe85de6c6,False,False,False,False,False,False
new2,no_extra,bar_random,v3_new2_bar_random_16,6,ef1a1f5dd5b4c6e29344,False,False,False,False,False,False
new2,no_extra,bar_random,v3_new2_bar_random_17,6,b352f30625e01dc269fd,False,False,False,False,False,False
new2,no_extra,bar_random,v3_new2_bar_random_18,6,f8ac4ef827198a041094,False,False,False,False,False,False
new2,no_extra,bar_random,v3_new2_bar_random_19,6,c75ecb76b39241594a6a,True,True,True,True,False,False
new2,no_extra,capsule_random,v3_new2_capsule_random_00,6,d2d6134cb14fe214fd8a,False,False,False,False,False,False
new2,no_extra,capsule_random,v3_new2_capsule_random_01,6,2755e6fd16ab0554513f,False,False,False,False,False,False
new2,no_extra,capsule_random,v3_new2_capsule_random_02,6,6c5b7eeba9b74dd5daeb,False,False,False,False,False,False
new2,no_extra,capsule_random,v3_new2_capsule_random_03,6,ad23aa266ce473c6df4e,False,False,False,False,False,False
new2,no_extra,capsule_random,v3_new2_capsule_random_04,6,2d47f29fe1a6cdc92820,False,False,False,False,False,False
new2,no_extra,capsule_random,v3_new2_capsule_random_05,6,f7c448e9ad1adf0a29e6,False,False,False,False,False,False
new2,no_extra,capsule_random,v3_new2_capsule_random_06,6,5b83004828fa51907102,False,False,False,False,False,False
new2,no_extra,capsule_random,v3_new2_capsule_random_07,6,f9bd743b31a4136da21b,False,False,False,False,False,False
new2,no_extra,capsule_random,v3_new2_capsule_random_08,6,f55c230141e56b93352d,False,False,False,False,False,False
new2,no_extra,capsule_random,v3_new2_capsule_random_09,6,7636dc1b6b22c844181a,False,False,False,False,False,False
new2,no_extra,capsule_random,v3_new2_capsule_random_10,6,94a203d473336f0e6bc3,False,False,False,False,False,False
new2,no_extra,capsule_random,v3_new2_capsule_random_11,6,9520ab4afa5d91ef15e5,True,True,True,True,True,True
new2,no_extra,capsule_random,v3_new2_capsule_random_12,6,fb275376f85990384ce8,False,False,False,False,False,False
new2,no_extra,capsule_random,v3_new2_capsule_random_13,6,e20ade211db50592f86f,False,False,False,False,False,False
new2,no_extra,capsule_random,v3_new2_capsule_random_14,6,2d56c1fb31c0cd65439e,False,False,False,False,False,False
new2,no_extra,capsule_random,v3_new2_capsule_random_15,6,14fab29498034cd3eb86,False,False,False,False,False,False
new2,no_extra,capsule_random,v3_new2_capsule_random_16,6,9b80fe5610e679a38284,False,False,False,False,False,False
new2,no_extra,capsule_random,v3_new2_capsule_random_17,6,e998349418cee677986b,False,False,False,False,False,False
new2,no_extra,capsule_random,v3_new2_capsule_random_18,6,a250f01b62cf4afbde9e,False,False,False,False,False,False
new2,no_extra,capsule_random,v3_new2_capsule_random_19,6,490271cb2fec1efc445b,False,False,False,False,False,False
new2,no_extra,cube_random,v3_new2_cube_random_00,6,1a19afc8b692eca1e794,True,True,True,True,False,False
new2,no_extra,cube_random,v3_new2_cube_random_01,6,ab43a06d2e52fdf6938f,True,True,True,True,False,False
new2,no_extra,cube_random,v3_new2_cube_random_02,6,751d43d5f3880de7466b,True,True,True,True,False,False
new2,no_extra,cube_random,v3_new2_cube_random_03,6,42ca461c12484e2fc753,True,True,True,True,False,False
new2,no_extra,cube_random,v3_new2_cube_random_04,6,82c45364b0b630fa40b3,False,False,False,False,False,False
new2,no_extra,cube_random,v3_new2_cube_random_05,6,061068bea9418d4b7a89,True,True,True,True,False,False
new2,no_extra,cube_random,v3_new2_cube_random_06,6,20aeff2c975d2089a55b,False,False,False,False,False,False
new2,no_extra,cube_random,v3_new2_cube_random_07,6,a363c9af16aeceb3d6e0,True,True,True,True,False,False
new2,no_extra,cube_random,v3_new2_cube_random_08,6,a7b2dc8ab980cd87b64d,True,True,True,True,False,False
new2,no_extra,cube_random,v3_new2_cube_random_09,6,daf45bc5ac15a59d3069,True,True,True,True,False,False
new2,no_extra,cube_random,v3_new2_cube_random_10,6,12a92306a026be7474ee,False,False,False,False,False,False
new2,no_extra,cube_random,v3_new2_cube_random_11,6,6d22d07a22d0d37d04e7,True,True,True,True,False,False
new2,no_extra,cube_random,v3_new2_cube_random_12,6,0b97b25b77043ad04947,True,True,True,True,False,False
new2,no_extra,cube_random,v3_new2_cube_random_13,6,209225234d25292a669e,True,True,True,True,False,False
new2,no_extra,cube_random,v3_new2_cube_random_14,6,9d96af67730e04afc2d4,False,False,False,False,False,False
new2,no_extra,cube_random,v3_new2_cube_random_15,6,520e98b2658a37e0e613,True,True,True,True,False,False
new2,no_extra,cube_random,v3_new2_cube_random_16,6,0156af6b35d4be1c9ba2,False,False,False,False,False,False
new2,no_extra,cube_random,v3_new2_cube_random_17,6,9eb023c6b49c36129684,True,True,True,True,False,False
new2,no_extra,cube_random,v3_new2_cube_random_18,6,c38adb40350da64f20e2,False,False,False,False,False,False
new2,no_extra,cube_random,v3_new2_cube_random_19,6,9b3ab65437c1f85ba08b,True,True,True,True,False,False
new2,no_extra,cylinder_random,v3_new2_cylinder_random_00,6,22d535be23206073f735,False,False,False,False,False,False
new2,no_extra,cylinder_random,v3_new2_cylinder_random_01,6,6b491c70ccc7918a8c6f,True,True,True,True,True,True
new2,no_extra,cylinder_random,v3_new2_cylinder_random_02,6,a27249c2ba8f3b43f46c,True,True,True,True,True,True
new2,no_extra,cylinder_random,v3_new2_cylinder_random_03,6,d151c065b8acd3001ac9,False,False,False,False,False,False
new2,no_extra,cylinder_random,v3_new2_cylinder_random_04,6,72292d3a257bfc2cbd48,True,True,True,True,True,True
new2,no_extra,cylinder_random,v3_new2_cylinder_random_05,6,e152365a213c8d7ebd30,False,False,False,False,False,False
new2,no_extra,cylinder_random,v3_new2_cylinder_random_06,6,2bd07e9842f0bd0e28c0,True,True,True,True,True,True
new2,no_extra,cylinder_random,v3_new2_cylinder_random_07,6,3a09f5b47eba22f8cc1f,True,True,True,True,True,True
new2,no_extra,cylinder_random,v3_new2_cylinder_random_08,6,d63b9b9ea302823ae05d,True,True,True,True,True,True
new2,no_extra,cylinder_random,v3_new2_cylinder_random_09,6,34e5aca914aa4887ca9a,True,True,True,True,True,True
new2,no_extra,cylinder_random,v3_new2_cylinder_random_10,6,de08fdf0c071f7b6f944,False,False,False,False,False,False
new2,no_extra,cylinder_random,v3_new2_cylinder_random_11,6,4859134bbe09253a994b,True,True,True,True,True,True
new2,no_extra,cylinder_random,v3_new2_cylinder_random_12,6,fea27b14fd921059b993,False,False,False,False,False,False
new2,no_extra,cylinder_random,v3_new2_cylinder_random_13,6,cdbb45579280207a929d,True,True,True,True,True,True
new2,no_extra,cylinder_random,v3_new2_cylinder_random_14,6,fd5bbb1b1679ff3bfa4a,True,True,True,True,True,True
new2,no_extra,cylinder_random,v3_new2_cylinder_random_15,6,6f6c6e9f839aaed44b9b,True,True,True,True,True,True
new2,no_extra,cylinder_random,v3_new2_cylinder_random_16,6,c6eb2aa639c4aa8bbfce,False,False,False,False,False,False
new2,no_extra,cylinder_random,v3_new2_cylinder_random_17,6,31954cbc500a4d7e4953,True,True,True,True,True,True
new2,no_extra,cylinder_random,v3_new2_cylinder_random_18,6,3e3e8916ae5d43a37b25,False,False,False,False,False,False
new2,no_extra,cylinder_random,v3_new2_cylinder_random_19,6,8a950b1853079c945c24,False,False,False,False,False,False
new2,no_extra,flat_box_random,v3_new2_flat_box_random_00,6,8c1f4525ee4681903e20,False,False,False,False,False,False
new2,no_extra,flat_box_random,v3_new2_flat_box_random_01,6,793f820bfe2c9312ab73,False,False,False,False,False,False
new2,no_extra,flat_box_random,v3_new2_flat_box_random_02,6,f8a0a8bd77cb4d010747,False,False,False,False,False,False
new2,no_extra,flat_box_random,v3_new2_flat_box_random_03,6,303a6f8f3cd29206e1da,False,False,False,False,False,False
new2,no_extra,flat_box_random,v3_new2_flat_box_random_04,6,32f000adb7b733e75ee0,False,False,False,False,False,False
new2,no_extra,flat_box_random,v3_new2_flat_box_random_05,6,ae2e21c2ef15627188a0,False,False,False,False,False,False
new2,no_extra,flat_box_random,v3_new2_flat_box_random_06,6,9635277a1c60cce2e696,True,True,True,True,False,False
new2,no_extra,flat_box_random,v3_new2_flat_box_random_07,6,c7ed10668be34c898612,False,False,False,False,False,False
new2,no_extra,flat_box_random,v3_new2_flat_box_random_08,6,9280c5b55294f522257b,False,False,False,False,False,False
new2,no_extra,flat_box_random,v3_new2_flat_box_random_09,6,510917157dfd9190af0b,False,False,False,False,False,False
new2,no_extra,flat_box_random,v3_new2_flat_box_random_10,6,e9496e2b11033c3d77d0,False,False,False,False,False,False
new2,no_extra,flat_box_random,v3_new2_flat_box_random_11,6,a2c2e7ba7e72daa546b3,False,False,False,False,False,False
new2,no_extra,flat_box_random,v3_new2_flat_box_random_12,6,15009c6cb7350106b677,False,False,False,False,False,False
new2,no_extra,flat_box_random,v3_new2_flat_box_random_13,6,e86ff2a3a7e536779238,True,True,True,True,False,False
new2,no_extra,flat_box_random,v3_new2_flat_box_random_14,6,33cedc59638c52e2f378,False,False,False,False,False,False
new2,no_extra,flat_box_random,v3_new2_flat_box_random_15,6,c96e03da8b3784a4f78a,True,True,False,False,False,False
new2,no_extra,flat_box_random,v3_new2_flat_box_random_16,6,c6542787c305c189e51e,False,False,False,False,False,False
new2,no_extra,flat_box_random,v3_new2_flat_box_random_17,6,96a11ad1b1dd52bfa125,False,False,False,False,False,False
new2,no_extra,flat_box_random,v3_new2_flat_box_random_18,6,61cf1aab78b942257f41,False,False,False,False,False,False
new2,no_extra,flat_box_random,v3_new2_flat_box_random_19,6,08f235b657dfa89d4613,True,True,False,False,False,False
new2,no_extra,sphere_random,v3_new2_sphere_random_00,6,1743e3095c246c9ac8c9,False,False,False,False,False,False
new2,no_extra,sphere_random,v3_new2_sphere_random_01,6,2e316cfa50b10805265c,False,False,False,False,False,False
new2,no_extra,sphere_random,v3_new2_sphere_random_02,6,18961c58886fbcdadbd6,False,False,False,False,False,False
new2,no_extra,sphere_random,v3_new2_sphere_random_03,6,cf1a0060ba5b41234851,False,False,False,False,False,False
new2,no_extra,sphere_random,v3_new2_sphere_random_04,6,a3e4a3efbf2d3200f2ff,False,False,False,False,False,False
new2,no_extra,sphere_random,v3_new2_sphere_random_05,6,fb77e21b82c61a3802cc,False,False,False,False,False,False
new2,no_extra,sphere_random,v3_new2_sphere_random_06,6,1d9a6d32329fd7c51bf1,False,False,False,False,False,False
new2,no_extra,sphere_random,v3_new2_sphere_random_07,6,f187f64bdd47ff5f49d5,False,False,False,False,False,False
new2,no_extra,sphere_random,v3_new2_sphere_random_08,6,5baad4a07fef1598c27b,False,False,False,False,False,False
new2,no_extra,sphere_random,v3_new2_sphere_random_09,6,3df06dbd9fc0c46b39e5,False,False,False,False,False,False
new2,no_extra,sphere_random,v3_new2_sphere_random_10,6,1e6acbe0bebecf7de9d5,False,False,False,False,False,False
new2,no_extra,sphere_random,v3_new2_sphere_random_11,6,72488eede589c032a80f,False,False,False,False,False,False
new2,no_extra,sphere_random,v3_new2_sphere_random_12,6,e7c92406dfcd752678b6,False,False,False,False,False,False
new2,no_extra,sphere_random,v3_new2_sphere_random_13,6,db0b59ea5092b8dbcfb8,False,False,False,False,False,False
new2,no_extra,sphere_random,v3_new2_sphere_random_14,6,ae1923d1fbc2b7914bf9,False,False,False,False,False,False
new2,no_extra,sphere_random,v3_new2_sphere_random_15,6,7dde014edf29167503d1,False,False,False,False,False,False
new2,no_extra,sphere_random,v3_new2_sphere_random_16,6,a117edb4424ca972c2ba,False,False,False,False,False,False
new2,no_extra,sphere_random,v3_new2_sphere_random_17,6,8c7397eb2208ab387173,False,False,False,False,False,False
new2,no_extra,sphere_random,v3_new2_sphere_random_18,6,4f31f6d41fbb8406e446,False,False,False,False,False,False
new2,no_extra,sphere_random,v3_new2_sphere_random_19,6,f62f996ccf5a90abb827,False,False,False,False,False,False
new2,repair,bar_random,v3_new2_bar_random_00,1,e646b4d8097a60a001e0,False,False,False,False,False,False
new2,repair,bar_random,v3_new2_bar_random_00,3,afe80b34acf79a4b906c,False,False,False,False,False,False
new2,repair,bar_random,v3_new2_bar_random_00,6,e06e9cfc7bd7c42f1fcc,False,False,False,False,False,False
new2,repair,bar_random,v3_new2_bar_random_01,1,c513bf0f2b71560be8a0,False,False,False,False,False,False
new2,repair,bar_random,v3_new2_bar_random_01,3,1d7dac40dd58d6aff44a,False,False,False,False,False,False
new2,repair,bar_random,v3_new2_bar_random_01,6,0a0ffcbc8177c656ee66,True,True,True,True,False,False
new2,repair,bar_random,v3_new2_bar_random_02,1,510a7a91d40a3c7b12b6,False,False,False,False,False,False
new2,repair,bar_random,v3_new2_bar_random_02,3,a8f989ebffcd7c6050c1,False,False,False,False,False,False
new2,repair,bar_random,v3_new2_bar_random_02,6,4a289ff9eddb55a0a1dd,True,True,True,True,False,False
new2,repair,bar_random,v3_new2_bar_random_03,1,a014c69c06ef162298cc,True,True,True,True,False,False
new2,repair,bar_random,v3_new2_bar_random_03,3,a014c69c06ef162298cc,True,True,True,True,False,False
new2,repair,bar_random,v3_new2_bar_random_03,6,a014c69c06ef162298cc,True,True,True,True,False,False
new2,repair,bar_random,v3_new2_bar_random_04,1,c41b68e24c106527c4c8,False,False,False,False,False,False
new2,repair,bar_random,v3_new2_bar_random_04,3,ffccd6c9e87c30635155,False,False,False,False,False,False
new2,repair,bar_random,v3_new2_bar_random_04,6,ffccd6c9e87c30635155,False,False,False,False,False,False
new2,repair,bar_random,v3_new2_bar_random_05,1,16ba0326e99a5426e94d,False,False,False,False,False,False
new2,repair,bar_random,v3_new2_bar_random_05,3,d5aefd4d3a0321c82609,False,False,False,False,False,False
new2,repair,bar_random,v3_new2_bar_random_05,6,f31f2c06e98b5d78f6b9,False,False,False,False,False,False
new2,repair,bar_random,v3_new2_bar_random_06,1,8d10b5e2a86461fcb322,False,False,False,False,False,False
new2,repair,bar_random,v3_new2_bar_random_06,3,7fa3793a0492c1fd4b90,False,False,False,False,False,False
new2,repair,bar_random,v3_new2_bar_random_06,6,fcc0cf1dab5c5b01a737,False,False,False,False,False,False
new2,repair,bar_random,v3_new2_bar_random_07,1,2d128f5491019c2f1a5f,False,False,False,False,False,False
new2,repair,bar_random,v3_new2_bar_random_07,3,084a72a0b176317c50b9,False,False,False,False,False,False
new2,repair,bar_random,v3_new2_bar_random_07,6,084a72a0b176317c50b9,False,False,False,False,False,False
new2,repair,bar_random,v3_new2_bar_random_08,1,70655777fa359b9ffd61,False,False,False,False,False,False
new2,repair,bar_random,v3_new2_bar_random_08,3,3e6faf1d4e103f166bec,False,False,False,False,False,False
new2,repair,bar_random,v3_new2_bar_random_08,6,3e6faf1d4e103f166bec,False,False,False,False,False,False
new2,repair,bar_random,v3_new2_bar_random_09,1,99726e96bd88eade6145,False,False,False,False,False,False
new2,repair,bar_random,v3_new2_bar_random_09,3,daea9644caf0b78ea05a,False,False,False,False,False,False
new2,repair,bar_random,v3_new2_bar_random_09,6,daea9644caf0b78ea05a,False,False,False,False,False,False
new2,repair,bar_random,v3_new2_bar_random_10,1,29eacfe16285d90dca56,False,False,False,False,False,False
new2,repair,bar_random,v3_new2_bar_random_10,3,29eacfe16285d90dca56,False,False,False,False,False,False
new2,repair,bar_random,v3_new2_bar_random_10,6,29eacfe16285d90dca56,False,False,False,False,False,False
new2,repair,bar_random,v3_new2_bar_random_11,1,19a8dbe677ea8ddd6ce2,True,True,True,True,False,False
new2,repair,bar_random,v3_new2_bar_random_11,3,0b45ba6d941ca2034a78,True,True,True,True,False,False
new2,repair,bar_random,v3_new2_bar_random_11,6,71070f10b48640c41998,True,True,True,True,False,False
new2,repair,bar_random,v3_new2_bar_random_12,1,c2ea4925982b4101cda3,True,True,True,True,False,False
new2,repair,bar_random,v3_new2_bar_random_12,3,641b1fe9ee1de7fd49ec,True,True,True,True,False,False
new2,repair,bar_random,v3_new2_bar_random_12,6,641b1fe9ee1de7fd49ec,True,True,True,True,False,False
new2,repair,bar_random,v3_new2_bar_random_13,1,0b9b0e82e7411e45adc8,False,False,False,False,False,False
new2,repair,bar_random,v3_new2_bar_random_13,3,c3030c8d601781ed8683,True,True,True,True,False,False
new2,repair,bar_random,v3_new2_bar_random_13,6,fd64dc32253fcf3bb0ab,True,True,True,True,False,False
new2,repair,bar_random,v3_new2_bar_random_14,1,e340958e581eb1b2e0cf,False,False,False,False,False,False
new2,repair,bar_random,v3_new2_bar_random_14,3,e340958e581eb1b2e0cf,False,False,False,False,False,False
new2,repair,bar_random,v3_new2_bar_random_14,6,ed3ec904644e177ad2ab,False,False,False,False,False,False
new2,repair,bar_random,v3_new2_bar_random_15,1,2739721df4b73a14b626,False,False,False,False,False,False
new2,repair,bar_random,v3_new2_bar_random_15,3,f988c43706bfe85de6c6,False,False,False,False,False,False
new2,repair,bar_random,v3_new2_bar_random_15,6,f988c43706bfe85de6c6,False,False,False,False,False,False
new2,repair,bar_random,v3_new2_bar_random_16,1,0f46e112e49b74860e16,False,False,False,False,False,False
new2,repair,bar_random,v3_new2_bar_random_16,3,ef1a1f5dd5b4c6e29344,False,False,False,False,False,False
new2,repair,bar_random,v3_new2_bar_random_16,6,ef1a1f5dd5b4c6e29344,False,False,False,False,False,False
new2,repair,bar_random,v3_new2_bar_random_17,1,b352f30625e01dc269fd,False,False,False,False,False,False
new2,repair,bar_random,v3_new2_bar_random_17,3,b352f30625e01dc269fd,False,False,False,False,False,False
new2,repair,bar_random,v3_new2_bar_random_17,6,b352f30625e01dc269fd,False,False,False,False,False,False
new2,repair,bar_random,v3_new2_bar_random_18,1,ac286dd7572b22b867f8,False,False,False,False,False,False
new2,repair,bar_random,v3_new2_bar_random_18,3,f8ac4ef827198a041094,False,False,False,False,False,False
new2,repair,bar_random,v3_new2_bar_random_18,6,f8ac4ef827198a041094,False,False,False,False,False,False
new2,repair,bar_random,v3_new2_bar_random_19,1,0e21aea6f2d41b66ed7b,True,True,True,True,False,False
new2,repair,bar_random,v3_new2_bar_random_19,3,c75ecb76b39241594a6a,True,True,True,True,False,False
new2,repair,bar_random,v3_new2_bar_random_19,6,c75ecb76b39241594a6a,True,True,True,True,False,False
new2,repair,capsule_random,v3_new2_capsule_random_00,1,b70cbac95de856d44075,False,False,False,False,False,False
new2,repair,capsule_random,v3_new2_capsule_random_00,3,b70cbac95de856d44075,False,False,False,False,False,False
new2,repair,capsule_random,v3_new2_capsule_random_00,6,d2d6134cb14fe214fd8a,False,False,False,False,False,False
new2,repair,capsule_random,v3_new2_capsule_random_01,1,3ac9c4b935623cfccdfe,False,False,False,False,False,False
new2,repair,capsule_random,v3_new2_capsule_random_01,3,5213c8454ddef45280c0,False,False,False,False,False,False
new2,repair,capsule_random,v3_new2_capsule_random_01,6,2755e6fd16ab0554513f,False,False,False,False,False,False
new2,repair,capsule_random,v3_new2_capsule_random_02,1,974e1afa3d4d168f2fa7,False,False,False,False,False,False
new2,repair,capsule_random,v3_new2_capsule_random_02,3,8d9074bceaea046754c7,False,False,False,False,False,False
new2,repair,capsule_random,v3_new2_capsule_random_02,6,6c5b7eeba9b74dd5daeb,False,False,False,False,False,False
new2,repair,capsule_random,v3_new2_capsule_random_03,1,9c46cd64288ac92b0c78,False,False,False,False,False,False
new2,repair,capsule_random,v3_new2_capsule_random_03,3,ad23aa266ce473c6df4e,False,False,False,False,False,False
new2,repair,capsule_random,v3_new2_capsule_random_03,6,ad23aa266ce473c6df4e,False,False,False,False,False,False
new2,repair,capsule_random,v3_new2_capsule_random_04,1,bb7d955b03dd8635410e,False,False,False,False,False,False
new2,repair,capsule_random,v3_new2_capsule_random_04,3,2d47f29fe1a6cdc92820,False,False,False,False,False,False
new2,repair,capsule_random,v3_new2_capsule_random_04,6,2d47f29fe1a6cdc92820,False,False,False,False,False,False
new2,repair,capsule_random,v3_new2_capsule_random_05,1,f7c448e9ad1adf0a29e6,False,False,False,False,False,False
new2,repair,capsule_random,v3_new2_capsule_random_05,3,f7c448e9ad1adf0a29e6,False,False,False,False,False,False
new2,repair,capsule_random,v3_new2_capsule_random_05,6,f7c448e9ad1adf0a29e6,False,False,False,False,False,False
new2,repair,capsule_random,v3_new2_capsule_random_06,1,f123bcae0d34d8e35e97,False,False,False,False,False,False
new2,repair,capsule_random,v3_new2_capsule_random_06,3,7f6b466d059739acca8e,False,False,False,False,False,False
new2,repair,capsule_random,v3_new2_capsule_random_06,6,5b83004828fa51907102,False,False,False,False,False,False
new2,repair,capsule_random,v3_new2_capsule_random_07,1,6c5220c85e4c5e1b6e37,False,False,False,False,False,False
new2,repair,capsule_random,v3_new2_capsule_random_07,3,f9bd743b31a4136da21b,False,False,False,False,False,False
new2,repair,capsule_random,v3_new2_capsule_random_07,6,f9bd743b31a4136da21b,False,False,False,False,False,False
new2,repair,capsule_random,v3_new2_capsule_random_08,1,434c27a69456b3793c4f,False,False,False,False,False,False
new2,repair,capsule_random,v3_new2_capsule_random_08,3,f55c230141e56b93352d,False,False,False,False,False,False
new2,repair,capsule_random,v3_new2_capsule_random_08,6,f55c230141e56b93352d,False,False,False,False,False,False
new2,repair,capsule_random,v3_new2_capsule_random_09,1,cbaf30fad9a1a2f8f65e,False,False,False,False,False,False
new2,repair,capsule_random,v3_new2_capsule_random_09,3,92b183eac2a4564f9861,False,False,False,False,False,False
new2,repair,capsule_random,v3_new2_capsule_random_09,6,7636dc1b6b22c844181a,False,False,False,False,False,False
new2,repair,capsule_random,v3_new2_capsule_random_10,1,c6dfd668922ff49450b8,False,False,False,False,False,False
new2,repair,capsule_random,v3_new2_capsule_random_10,3,c6dfd668922ff49450b8,False,False,False,False,False,False
new2,repair,capsule_random,v3_new2_capsule_random_10,6,94a203d473336f0e6bc3,False,False,False,False,False,False
new2,repair,capsule_random,v3_new2_capsule_random_11,1,0418ccf90438f52981b0,False,False,False,False,False,False
new2,repair,capsule_random,v3_new2_capsule_random_11,3,0418ccf90438f52981b0,False,False,False,False,False,False
new2,repair,capsule_random,v3_new2_capsule_random_11,6,9520ab4afa5d91ef15e5,True,True,True,True,True,True
new2,repair,capsule_random,v3_new2_capsule_random_12,1,75d4dc1ab579036007e7,False,False,False,False,False,False
new2,repair,capsule_random,v3_new2_capsule_random_12,3,34f6199d191a20e46030,False,False,False,False,False,False
new2,repair,capsule_random,v3_new2_capsule_random_12,6,fb275376f85990384ce8,False,False,False,False,False,False
new2,repair,capsule_random,v3_new2_capsule_random_13,1,49d892ed90d4722137a9,False,False,False,False,False,False
new2,repair,capsule_random,v3_new2_capsule_random_13,3,b6ecdd6e8b96e73cdaa5,False,False,False,False,False,False
new2,repair,capsule_random,v3_new2_capsule_random_13,6,e20ade211db50592f86f,False,False,False,False,False,False
new2,repair,capsule_random,v3_new2_capsule_random_14,1,7a98df98353927bf202f,False,False,False,False,False,False
new2,repair,capsule_random,v3_new2_capsule_random_14,3,06b702b685de9e92f740,False,False,False,False,False,False
new2,repair,capsule_random,v3_new2_capsule_random_14,6,2d56c1fb31c0cd65439e,False,False,False,False,False,False
new2,repair,capsule_random,v3_new2_capsule_random_15,1,721899db1c0979342bbc,False,False,False,False,False,False
new2,repair,capsule_random,v3_new2_capsule_random_15,3,57bfa9a6be939883ab13,False,False,False,False,False,False
new2,repair,capsule_random,v3_new2_capsule_random_15,6,14fab29498034cd3eb86,False,False,False,False,False,False
new2,repair,capsule_random,v3_new2_capsule_random_16,1,adaea1c1e2baaf80d549,False,False,False,False,False,False
new2,repair,capsule_random,v3_new2_capsule_random_16,3,9b80fe5610e679a38284,False,False,False,False,False,False
new2,repair,capsule_random,v3_new2_capsule_random_16,6,9b80fe5610e679a38284,False,False,False,False,False,False
new2,repair,capsule_random,v3_new2_capsule_random_17,1,e998349418cee677986b,False,False,False,False,False,False
new2,repair,capsule_random,v3_new2_capsule_random_17,3,e998349418cee677986b,False,False,False,False,False,False
new2,repair,capsule_random,v3_new2_capsule_random_17,6,e998349418cee677986b,False,False,False,False,False,False
new2,repair,capsule_random,v3_new2_capsule_random_18,1,2eb4454f1c9e0d80b7a0,False,False,False,False,False,False
new2,repair,capsule_random,v3_new2_capsule_random_18,3,0d768953b115abe497e4,False,False,False,False,False,False
new2,repair,capsule_random,v3_new2_capsule_random_18,6,a250f01b62cf4afbde9e,False,False,False,False,False,False
new2,repair,capsule_random,v3_new2_capsule_random_19,1,e06bf5cc7f175cc306cb,False,False,False,False,False,False
new2,repair,capsule_random,v3_new2_capsule_random_19,3,e06bf5cc7f175cc306cb,False,False,False,False,False,False
new2,repair,capsule_random,v3_new2_capsule_random_19,6,490271cb2fec1efc445b,False,False,False,False,False,False
new2,repair,cube_random,v3_new2_cube_random_00,1,d0480ebec817ae1e80df,True,True,True,True,False,False
new2,repair,cube_random,v3_new2_cube_random_00,3,1a19afc8b692eca1e794,True,True,True,True,False,False
new2,repair,cube_random,v3_new2_cube_random_00,6,1a19afc8b692eca1e794,True,True,True,True,False,False
new2,repair,cube_random,v3_new2_cube_random_01,1,cc4c13057b8ad11aef64,False,False,False,False,False,False
new2,repair,cube_random,v3_new2_cube_random_01,3,8d8a564cbe22d62aade0,False,False,False,False,False,False
new2,repair,cube_random,v3_new2_cube_random_01,6,ab43a06d2e52fdf6938f,True,True,True,True,False,False
new2,repair,cube_random,v3_new2_cube_random_02,1,cd6fb912a6626d5a8ba0,False,False,False,False,False,False
new2,repair,cube_random,v3_new2_cube_random_02,3,751d43d5f3880de7466b,True,True,True,True,False,False
new2,repair,cube_random,v3_new2_cube_random_02,6,751d43d5f3880de7466b,True,True,True,True,False,False
new2,repair,cube_random,v3_new2_cube_random_03,1,c5424769ce0a3400e27c,False,False,False,False,False,False
new2,repair,cube_random,v3_new2_cube_random_03,3,42ca461c12484e2fc753,True,True,True,True,False,False
new2,repair,cube_random,v3_new2_cube_random_03,6,42ca461c12484e2fc753,True,True,True,True,False,False
new2,repair,cube_random,v3_new2_cube_random_04,1,82c45364b0b630fa40b3,False,False,False,False,False,False
new2,repair,cube_random,v3_new2_cube_random_04,3,82c45364b0b630fa40b3,False,False,False,False,False,False
new2,repair,cube_random,v3_new2_cube_random_04,6,82c45364b0b630fa40b3,False,False,False,False,False,False
new2,repair,cube_random,v3_new2_cube_random_05,1,061068bea9418d4b7a89,True,True,True,True,False,False
new2,repair,cube_random,v3_new2_cube_random_05,3,061068bea9418d4b7a89,True,True,True,True,False,False
new2,repair,cube_random,v3_new2_cube_random_05,6,061068bea9418d4b7a89,True,True,True,True,False,False
new2,repair,cube_random,v3_new2_cube_random_06,1,20aeff2c975d2089a55b,False,False,False,False,False,False
new2,repair,cube_random,v3_new2_cube_random_06,3,20aeff2c975d2089a55b,False,False,False,False,False,False
new2,repair,cube_random,v3_new2_cube_random_06,6,20aeff2c975d2089a55b,False,False,False,False,False,False
new2,repair,cube_random,v3_new2_cube_random_07,1,113bee4e5fa6da5ac613,False,False,False,False,False,False
new2,repair,cube_random,v3_new2_cube_random_07,3,a363c9af16aeceb3d6e0,True,True,True,True,False,False
new2,repair,cube_random,v3_new2_cube_random_07,6,a363c9af16aeceb3d6e0,True,True,True,True,False,False
new2,repair,cube_random,v3_new2_cube_random_08,1,a7b2dc8ab980cd87b64d,True,True,True,True,False,False
new2,repair,cube_random,v3_new2_cube_random_08,3,a7b2dc8ab980cd87b64d,True,True,True,True,False,False
new2,repair,cube_random,v3_new2_cube_random_08,6,a7b2dc8ab980cd87b64d,True,True,True,True,False,False
new2,repair,cube_random,v3_new2_cube_random_09,1,daf45bc5ac15a59d3069,True,True,True,True,False,False
new2,repair,cube_random,v3_new2_cube_random_09,3,daf45bc5ac15a59d3069,True,True,True,True,False,False
new2,repair,cube_random,v3_new2_cube_random_09,6,daf45bc5ac15a59d3069,True,True,True,True,False,False
new2,repair,cube_random,v3_new2_cube_random_10,1,12a92306a026be7474ee,False,False,False,False,False,False
new2,repair,cube_random,v3_new2_cube_random_10,3,12a92306a026be7474ee,False,False,False,False,False,False
new2,repair,cube_random,v3_new2_cube_random_10,6,12a92306a026be7474ee,False,False,False,False,False,False
new2,repair,cube_random,v3_new2_cube_random_11,1,2b4edf07cd8a65ef6986,False,False,False,False,False,False
new2,repair,cube_random,v3_new2_cube_random_11,3,6d22d07a22d0d37d04e7,True,True,True,True,False,False
new2,repair,cube_random,v3_new2_cube_random_11,6,6d22d07a22d0d37d04e7,True,True,True,True,False,False
new2,repair,cube_random,v3_new2_cube_random_12,1,6ad93bc4e5fed202f444,False,False,False,False,False,False
new2,repair,cube_random,v3_new2_cube_random_12,3,0b97b25b77043ad04947,True,True,True,True,False,False
new2,repair,cube_random,v3_new2_cube_random_12,6,0b97b25b77043ad04947,True,True,True,True,False,False
new2,repair,cube_random,v3_new2_cube_random_13,1,209225234d25292a669e,True,True,True,True,False,False
new2,repair,cube_random,v3_new2_cube_random_13,3,209225234d25292a669e,True,True,True,True,False,False
new2,repair,cube_random,v3_new2_cube_random_13,6,209225234d25292a669e,True,True,True,True,False,False
new2,repair,cube_random,v3_new2_cube_random_14,1,67139696dd2e6bbc4a5e,False,False,False,False,False,False
new2,repair,cube_random,v3_new2_cube_random_14,3,67139696dd2e6bbc4a5e,False,False,False,False,False,False
new2,repair,cube_random,v3_new2_cube_random_14,6,9d96af67730e04afc2d4,False,False,False,False,False,False
new2,repair,cube_random,v3_new2_cube_random_15,1,e046d83180d774efc2e2,False,False,False,False,False,False
new2,repair,cube_random,v3_new2_cube_random_15,3,520e98b2658a37e0e613,True,True,True,True,False,False
new2,repair,cube_random,v3_new2_cube_random_15,6,520e98b2658a37e0e613,True,True,True,True,False,False
new2,repair,cube_random,v3_new2_cube_random_16,1,0156af6b35d4be1c9ba2,False,False,False,False,False,False
new2,repair,cube_random,v3_new2_cube_random_16,3,0156af6b35d4be1c9ba2,False,False,False,False,False,False
new2,repair,cube_random,v3_new2_cube_random_16,6,0156af6b35d4be1c9ba2,False,False,False,False,False,False
new2,repair,cube_random,v3_new2_cube_random_17,1,9a22bb77a475e49f808c,False,False,False,False,False,False
new2,repair,cube_random,v3_new2_cube_random_17,3,9eb023c6b49c36129684,True,True,True,True,False,False
new2,repair,cube_random,v3_new2_cube_random_17,6,9eb023c6b49c36129684,True,True,True,True,False,False
new2,repair,cube_random,v3_new2_cube_random_18,1,c38adb40350da64f20e2,False,False,False,False,False,False
new2,repair,cube_random,v3_new2_cube_random_18,3,c38adb40350da64f20e2,False,False,False,False,False,False
new2,repair,cube_random,v3_new2_cube_random_18,6,c38adb40350da64f20e2,False,False,False,False,False,False
new2,repair,cube_random,v3_new2_cube_random_19,1,9b3ab65437c1f85ba08b,True,True,True,True,False,False
new2,repair,cube_random,v3_new2_cube_random_19,3,9b3ab65437c1f85ba08b,True,True,True,True,False,False
new2,repair,cube_random,v3_new2_cube_random_19,6,9b3ab65437c1f85ba08b,True,True,True,True,False,False
new2,repair,cylinder_random,v3_new2_cylinder_random_00,1,74b066795c4c9f56197b,False,False,False,False,False,False
new2,repair,cylinder_random,v3_new2_cylinder_random_00,3,4a4156d4f18d4eb8dce9,False,False,False,False,False,False
new2,repair,cylinder_random,v3_new2_cylinder_random_00,6,22d535be23206073f735,False,False,False,False,False,False
new2,repair,cylinder_random,v3_new2_cylinder_random_01,1,8ff48e086ea98e975a09,False,False,False,False,False,False
new2,repair,cylinder_random,v3_new2_cylinder_random_01,3,aa11057e014afc0fd97d,True,True,True,True,True,True
new2,repair,cylinder_random,v3_new2_cylinder_random_01,6,6b491c70ccc7918a8c6f,True,True,True,True,True,True
new2,repair,cylinder_random,v3_new2_cylinder_random_02,1,ffe1cdef8a470d07f2b3,False,False,False,False,False,False
new2,repair,cylinder_random,v3_new2_cylinder_random_02,3,a27249c2ba8f3b43f46c,True,True,True,True,True,True
new2,repair,cylinder_random,v3_new2_cylinder_random_02,6,a27249c2ba8f3b43f46c,True,True,True,True,True,True
new2,repair,cylinder_random,v3_new2_cylinder_random_03,1,71191b4fb1a99bec42d4,False,False,False,False,False,False
new2,repair,cylinder_random,v3_new2_cylinder_random_03,3,4a677cf666106ce0612d,False,False,False,False,False,False
new2,repair,cylinder_random,v3_new2_cylinder_random_03,6,d151c065b8acd3001ac9,False,False,False,False,False,False
new2,repair,cylinder_random,v3_new2_cylinder_random_04,1,e9e30eeafc63f17d9251,False,False,False,False,False,False
new2,repair,cylinder_random,v3_new2_cylinder_random_04,3,72292d3a257bfc2cbd48,True,True,True,True,True,True
new2,repair,cylinder_random,v3_new2_cylinder_random_04,6,72292d3a257bfc2cbd48,True,True,True,True,True,True
new2,repair,cylinder_random,v3_new2_cylinder_random_05,1,9b16c137348a37184b1e,False,False,False,False,False,False
new2,repair,cylinder_random,v3_new2_cylinder_random_05,3,2cdf333d4242bb536149,False,False,False,False,False,False
new2,repair,cylinder_random,v3_new2_cylinder_random_05,6,e152365a213c8d7ebd30,False,False,False,False,False,False
new2,repair,cylinder_random,v3_new2_cylinder_random_06,1,991fe2d6d025a71d767e,False,False,False,False,False,False
new2,repair,cylinder_random,v3_new2_cylinder_random_06,3,e12abd1e30f6a4788e19,False,False,False,False,False,False
new2,repair,cylinder_random,v3_new2_cylinder_random_06,6,2bd07e9842f0bd0e28c0,True,True,True,True,True,True
new2,repair,cylinder_random,v3_new2_cylinder_random_07,1,8c1c9eaf1e12ebe21612,True,True,True,True,True,True
new2,repair,cylinder_random,v3_new2_cylinder_random_07,3,3a09f5b47eba22f8cc1f,True,True,True,True,True,True
new2,repair,cylinder_random,v3_new2_cylinder_random_07,6,3a09f5b47eba22f8cc1f,True,True,True,True,True,True
new2,repair,cylinder_random,v3_new2_cylinder_random_08,1,5f5c63f4603c9f171827,False,False,False,False,False,False
new2,repair,cylinder_random,v3_new2_cylinder_random_08,3,d63b9b9ea302823ae05d,True,True,True,True,True,True
new2,repair,cylinder_random,v3_new2_cylinder_random_08,6,d63b9b9ea302823ae05d,True,True,True,True,True,True
new2,repair,cylinder_random,v3_new2_cylinder_random_09,1,58929d05c23ac8e11494,False,False,False,False,False,False
new2,repair,cylinder_random,v3_new2_cylinder_random_09,3,a39367fb434ebc724ac9,True,True,True,True,True,True
new2,repair,cylinder_random,v3_new2_cylinder_random_09,6,34e5aca914aa4887ca9a,True,True,True,True,True,True
new2,repair,cylinder_random,v3_new2_cylinder_random_10,1,b23206c29ca92a3956eb,False,False,False,False,False,False
new2,repair,cylinder_random,v3_new2_cylinder_random_10,3,00cb4b054ba7fa922389,False,False,False,False,False,False
new2,repair,cylinder_random,v3_new2_cylinder_random_10,6,de08fdf0c071f7b6f944,False,False,False,False,False,False
new2,repair,cylinder_random,v3_new2_cylinder_random_11,1,4859134bbe09253a994b,True,True,True,True,True,True
new2,repair,cylinder_random,v3_new2_cylinder_random_11,3,4859134bbe09253a994b,True,True,True,True,True,True
new2,repair,cylinder_random,v3_new2_cylinder_random_11,6,4859134bbe09253a994b,True,True,True,True,True,True
new2,repair,cylinder_random,v3_new2_cylinder_random_12,1,e969b48e52c4fd665580,False,False,False,False,False,False
new2,repair,cylinder_random,v3_new2_cylinder_random_12,3,fea27b14fd921059b993,False,False,False,False,False,False
new2,repair,cylinder_random,v3_new2_cylinder_random_12,6,fea27b14fd921059b993,False,False,False,False,False,False
new2,repair,cylinder_random,v3_new2_cylinder_random_13,1,cdbb45579280207a929d,True,True,True,True,True,True
new2,repair,cylinder_random,v3_new2_cylinder_random_13,3,cdbb45579280207a929d,True,True,True,True,True,True
new2,repair,cylinder_random,v3_new2_cylinder_random_13,6,cdbb45579280207a929d,True,True,True,True,True,True
new2,repair,cylinder_random,v3_new2_cylinder_random_14,1,8aef4eceab25a5129779,True,True,True,True,True,True
new2,repair,cylinder_random,v3_new2_cylinder_random_14,3,8aef4eceab25a5129779,True,True,True,True,True,True
new2,repair,cylinder_random,v3_new2_cylinder_random_14,6,fd5bbb1b1679ff3bfa4a,True,True,True,True,True,True
new2,repair,cylinder_random,v3_new2_cylinder_random_15,1,e7100edc62932a918f81,False,False,False,False,False,False
new2,repair,cylinder_random,v3_new2_cylinder_random_15,3,9131f0b8aed6e7d5e7a8,True,True,True,True,True,True
new2,repair,cylinder_random,v3_new2_cylinder_random_15,6,6f6c6e9f839aaed44b9b,True,True,True,True,True,True
new2,repair,cylinder_random,v3_new2_cylinder_random_16,1,47cfcfb71c681dafa1dd,False,False,False,False,False,False
new2,repair,cylinder_random,v3_new2_cylinder_random_16,3,47cfcfb71c681dafa1dd,False,False,False,False,False,False
new2,repair,cylinder_random,v3_new2_cylinder_random_16,6,c6eb2aa639c4aa8bbfce,False,False,False,False,False,False
new2,repair,cylinder_random,v3_new2_cylinder_random_17,1,295ba3efe525b1727975,False,False,False,False,False,False
new2,repair,cylinder_random,v3_new2_cylinder_random_17,3,974770f2c122b01aec28,False,False,False,False,False,False
new2,repair,cylinder_random,v3_new2_cylinder_random_17,6,31954cbc500a4d7e4953,True,True,True,True,True,True
new2,repair,cylinder_random,v3_new2_cylinder_random_18,1,7f892e7fd0de6dfb1929,False,False,False,False,False,False
new2,repair,cylinder_random,v3_new2_cylinder_random_18,3,cdabc8b98acd425393f2,False,False,False,False,False,False
new2,repair,cylinder_random,v3_new2_cylinder_random_18,6,3e3e8916ae5d43a37b25,False,False,False,False,False,False
new2,repair,cylinder_random,v3_new2_cylinder_random_19,1,b21e9ff4ce6399a668b0,False,False,False,False,False,False
new2,repair,cylinder_random,v3_new2_cylinder_random_19,3,b21e9ff4ce6399a668b0,False,False,False,False,False,False
new2,repair,cylinder_random,v3_new2_cylinder_random_19,6,8a950b1853079c945c24,False,False,False,False,False,False
new2,repair,flat_box_random,v3_new2_flat_box_random_00,1,8c1f4525ee4681903e20,False,False,False,False,False,False
new2,repair,flat_box_random,v3_new2_flat_box_random_00,3,8c1f4525ee4681903e20,False,False,False,False,False,False
new2,repair,flat_box_random,v3_new2_flat_box_random_00,6,8c1f4525ee4681903e20,False,False,False,False,False,False
new2,repair,flat_box_random,v3_new2_flat_box_random_01,1,793f820bfe2c9312ab73,False,False,False,False,False,False
new2,repair,flat_box_random,v3_new2_flat_box_random_01,3,793f820bfe2c9312ab73,False,False,False,False,False,False
new2,repair,flat_box_random,v3_new2_flat_box_random_01,6,793f820bfe2c9312ab73,False,False,False,False,False,False
new2,repair,flat_box_random,v3_new2_flat_box_random_02,1,f8a0a8bd77cb4d010747,False,False,False,False,False,False
new2,repair,flat_box_random,v3_new2_flat_box_random_02,3,f8a0a8bd77cb4d010747,False,False,False,False,False,False
new2,repair,flat_box_random,v3_new2_flat_box_random_02,6,f8a0a8bd77cb4d010747,False,False,False,False,False,False
new2,repair,flat_box_random,v3_new2_flat_box_random_03,1,9a7a28f53e8856f6fedd,False,False,False,False,False,False
new2,repair,flat_box_random,v3_new2_flat_box_random_03,3,303a6f8f3cd29206e1da,False,False,False,False,False,False
new2,repair,flat_box_random,v3_new2_flat_box_random_03,6,303a6f8f3cd29206e1da,False,False,False,False,False,False
new2,repair,flat_box_random,v3_new2_flat_box_random_04,1,de31808076824bb60bba,False,False,False,False,False,False
new2,repair,flat_box_random,v3_new2_flat_box_random_04,3,32f000adb7b733e75ee0,False,False,False,False,False,False
new2,repair,flat_box_random,v3_new2_flat_box_random_04,6,32f000adb7b733e75ee0,False,False,False,False,False,False
new2,repair,flat_box_random,v3_new2_flat_box_random_05,1,ae2e21c2ef15627188a0,False,False,False,False,False,False
new2,repair,flat_box_random,v3_new2_flat_box_random_05,3,ae2e21c2ef15627188a0,False,False,False,False,False,False
new2,repair,flat_box_random,v3_new2_flat_box_random_05,6,ae2e21c2ef15627188a0,False,False,False,False,False,False
new2,repair,flat_box_random,v3_new2_flat_box_random_06,1,b8d5e4e4028b9372eebe,False,False,False,False,False,False
new2,repair,flat_box_random,v3_new2_flat_box_random_06,3,9635277a1c60cce2e696,True,True,True,True,False,False
new2,repair,flat_box_random,v3_new2_flat_box_random_06,6,9635277a1c60cce2e696,True,True,True,True,False,False
new2,repair,flat_box_random,v3_new2_flat_box_random_07,1,c7ed10668be34c898612,False,False,False,False,False,False
new2,repair,flat_box_random,v3_new2_flat_box_random_07,3,c7ed10668be34c898612,False,False,False,False,False,False
new2,repair,flat_box_random,v3_new2_flat_box_random_07,6,c7ed10668be34c898612,False,False,False,False,False,False
new2,repair,flat_box_random,v3_new2_flat_box_random_08,1,9280c5b55294f522257b,False,False,False,False,False,False
new2,repair,flat_box_random,v3_new2_flat_box_random_08,3,9280c5b55294f522257b,False,False,False,False,False,False
new2,repair,flat_box_random,v3_new2_flat_box_random_08,6,9280c5b55294f522257b,False,False,False,False,False,False
new2,repair,flat_box_random,v3_new2_flat_box_random_09,1,510917157dfd9190af0b,False,False,False,False,False,False
new2,repair,flat_box_random,v3_new2_flat_box_random_09,3,510917157dfd9190af0b,False,False,False,False,False,False
new2,repair,flat_box_random,v3_new2_flat_box_random_09,6,510917157dfd9190af0b,False,False,False,False,False,False
new2,repair,flat_box_random,v3_new2_flat_box_random_10,1,ab4c1f0368697975eef9,False,False,False,False,False,False
new2,repair,flat_box_random,v3_new2_flat_box_random_10,3,e9496e2b11033c3d77d0,False,False,False,False,False,False
new2,repair,flat_box_random,v3_new2_flat_box_random_10,6,e9496e2b11033c3d77d0,False,False,False,False,False,False
new2,repair,flat_box_random,v3_new2_flat_box_random_11,1,80e89cc8ba209e203a3a,False,False,False,False,False,False
new2,repair,flat_box_random,v3_new2_flat_box_random_11,3,a2c2e7ba7e72daa546b3,False,False,False,False,False,False
new2,repair,flat_box_random,v3_new2_flat_box_random_11,6,a2c2e7ba7e72daa546b3,False,False,False,False,False,False
new2,repair,flat_box_random,v3_new2_flat_box_random_12,1,15009c6cb7350106b677,False,False,False,False,False,False
new2,repair,flat_box_random,v3_new2_flat_box_random_12,3,15009c6cb7350106b677,False,False,False,False,False,False
new2,repair,flat_box_random,v3_new2_flat_box_random_12,6,15009c6cb7350106b677,False,False,False,False,False,False
new2,repair,flat_box_random,v3_new2_flat_box_random_13,1,197d5cfee7ad00cca509,False,False,False,False,False,False
new2,repair,flat_box_random,v3_new2_flat_box_random_13,3,e86ff2a3a7e536779238,True,True,True,True,False,False
new2,repair,flat_box_random,v3_new2_flat_box_random_13,6,e86ff2a3a7e536779238,True,True,True,True,False,False
new2,repair,flat_box_random,v3_new2_flat_box_random_14,1,338d649d99a7abf5cb04,False,False,False,False,False,False
new2,repair,flat_box_random,v3_new2_flat_box_random_14,3,338d649d99a7abf5cb04,False,False,False,False,False,False
new2,repair,flat_box_random,v3_new2_flat_box_random_14,6,33cedc59638c52e2f378,False,False,False,False,False,False
new2,repair,flat_box_random,v3_new2_flat_box_random_15,1,c96e03da8b3784a4f78a,True,True,False,False,False,False
new2,repair,flat_box_random,v3_new2_flat_box_random_15,3,c96e03da8b3784a4f78a,True,True,False,False,False,False
new2,repair,flat_box_random,v3_new2_flat_box_random_15,6,c96e03da8b3784a4f78a,True,True,False,False,False,False
new2,repair,flat_box_random,v3_new2_flat_box_random_16,1,ff80b8ccfaa71a8a5b42,False,False,False,False,False,False
new2,repair,flat_box_random,v3_new2_flat_box_random_16,3,c6542787c305c189e51e,False,False,False,False,False,False
new2,repair,flat_box_random,v3_new2_flat_box_random_16,6,c6542787c305c189e51e,False,False,False,False,False,False
new2,repair,flat_box_random,v3_new2_flat_box_random_17,1,96a11ad1b1dd52bfa125,False,False,False,False,False,False
new2,repair,flat_box_random,v3_new2_flat_box_random_17,3,96a11ad1b1dd52bfa125,False,False,False,False,False,False
new2,repair,flat_box_random,v3_new2_flat_box_random_17,6,96a11ad1b1dd52bfa125,False,False,False,False,False,False
new2,repair,flat_box_random,v3_new2_flat_box_random_18,1,61cf1aab78b942257f41,False,False,False,False,False,False
new2,repair,flat_box_random,v3_new2_flat_box_random_18,3,61cf1aab78b942257f41,False,False,False,False,False,False
new2,repair,flat_box_random,v3_new2_flat_box_random_18,6,61cf1aab78b942257f41,False,False,False,False,False,False
new2,repair,flat_box_random,v3_new2_flat_box_random_19,1,1af0a070b1a390b758fe,False,False,False,False,False,False
new2,repair,flat_box_random,v3_new2_flat_box_random_19,3,08f235b657dfa89d4613,True,True,False,False,False,False
new2,repair,flat_box_random,v3_new2_flat_box_random_19,6,08f235b657dfa89d4613,True,True,False,False,False,False
new2,repair,sphere_random,v3_new2_sphere_random_00,1,1743e3095c246c9ac8c9,False,False,False,False,False,False
new2,repair,sphere_random,v3_new2_sphere_random_00,3,1743e3095c246c9ac8c9,False,False,False,False,False,False
new2,repair,sphere_random,v3_new2_sphere_random_00,6,1743e3095c246c9ac8c9,False,False,False,False,False,False
new2,repair,sphere_random,v3_new2_sphere_random_01,1,2e316cfa50b10805265c,False,False,False,False,False,False
new2,repair,sphere_random,v3_new2_sphere_random_01,3,2e316cfa50b10805265c,False,False,False,False,False,False
new2,repair,sphere_random,v3_new2_sphere_random_01,6,2e316cfa50b10805265c,False,False,False,False,False,False
new2,repair,sphere_random,v3_new2_sphere_random_02,1,7e0eda828b1c18b698d4,False,False,False,False,False,False
new2,repair,sphere_random,v3_new2_sphere_random_02,3,7e0eda828b1c18b698d4,False,False,False,False,False,False
new2,repair,sphere_random,v3_new2_sphere_random_02,6,553fa6650e816721307a,False,False,False,False,False,False
new2,repair,sphere_random,v3_new2_sphere_random_03,1,5e2489a993f6d6297dd5,False,False,False,False,False,False
new2,repair,sphere_random,v3_new2_sphere_random_03,3,2bc77363d691990660b7,False,False,False,False,False,False
new2,repair,sphere_random,v3_new2_sphere_random_03,6,2bc77363d691990660b7,False,False,False,False,False,False
new2,repair,sphere_random,v3_new2_sphere_random_04,1,a3e4a3efbf2d3200f2ff,False,False,False,False,False,False
new2,repair,sphere_random,v3_new2_sphere_random_04,3,61a6e5be21f101338d6f,True,True,True,True,True,True
new2,repair,sphere_random,v3_new2_sphere_random_04,6,a1b718819d51f224aff5,True,True,True,True,True,True
new2,repair,sphere_random,v3_new2_sphere_random_05,1,4e4d692c3da215634b99,False,False,False,False,False,False
new2,repair,sphere_random,v3_new2_sphere_random_05,3,ff079fd86021404d1e8d,False,False,False,False,False,False
new2,repair,sphere_random,v3_new2_sphere_random_05,6,ff079fd86021404d1e8d,False,False,False,False,False,False
new2,repair,sphere_random,v3_new2_sphere_random_06,1,ac415e7a765a31ce5fac,False,False,False,False,False,False
new2,repair,sphere_random,v3_new2_sphere_random_06,3,e0d58739acb3e1d70fb1,True,True,True,True,True,True
new2,repair,sphere_random,v3_new2_sphere_random_06,6,e0d58739acb3e1d70fb1,True,True,True,True,True,True
new2,repair,sphere_random,v3_new2_sphere_random_07,1,f56856a2fdb6b01689d5,False,False,False,False,False,False
new2,repair,sphere_random,v3_new2_sphere_random_07,3,d426fef0a072f345f955,True,True,False,False,False,False
new2,repair,sphere_random,v3_new2_sphere_random_07,6,d426fef0a072f345f955,True,True,False,False,False,False
new2,repair,sphere_random,v3_new2_sphere_random_08,1,e30f40d374c7e9f24b95,False,False,False,False,False,False
new2,repair,sphere_random,v3_new2_sphere_random_08,3,c8d04afd7069b9cb0bee,True,True,True,True,True,True
new2,repair,sphere_random,v3_new2_sphere_random_08,6,c8d04afd7069b9cb0bee,True,True,True,True,True,True
new2,repair,sphere_random,v3_new2_sphere_random_09,1,0d54d3faaa8d9bedcbda,True,True,True,True,True,True
new2,repair,sphere_random,v3_new2_sphere_random_09,3,de3cdd2fda8f5e440940,True,True,True,True,True,True
new2,repair,sphere_random,v3_new2_sphere_random_09,6,de3cdd2fda8f5e440940,True,True,True,True,True,True
new2,repair,sphere_random,v3_new2_sphere_random_10,1,1b22bbe83c709d53feea,False,False,False,False,False,False
new2,repair,sphere_random,v3_new2_sphere_random_10,3,1e6acbe0bebecf7de9d5,False,False,False,False,False,False
new2,repair,sphere_random,v3_new2_sphere_random_10,6,1e6acbe0bebecf7de9d5,False,False,False,False,False,False
new2,repair,sphere_random,v3_new2_sphere_random_11,1,fd42dcc2d92210599c78,False,False,False,False,False,False
new2,repair,sphere_random,v3_new2_sphere_random_11,3,fd42dcc2d92210599c78,False,False,False,False,False,False
new2,repair,sphere_random,v3_new2_sphere_random_11,6,fd42dcc2d92210599c78,False,False,False,False,False,False
new2,repair,sphere_random,v3_new2_sphere_random_12,1,54528c7bc45e4e5cae82,False,False,False,False,False,False
new2,repair,sphere_random,v3_new2_sphere_random_12,3,54528c7bc45e4e5cae82,False,False,False,False,False,False
new2,repair,sphere_random,v3_new2_sphere_random_12,6,54528c7bc45e4e5cae82,False,False,False,False,False,False
new2,repair,sphere_random,v3_new2_sphere_random_13,1,64871e4434f7b3e636ff,False,False,False,False,False,False
new2,repair,sphere_random,v3_new2_sphere_random_13,3,dd20b62de363f3550ccf,False,False,False,False,False,False
new2,repair,sphere_random,v3_new2_sphere_random_13,6,2f5f07a0320b625e331d,False,False,False,False,False,False
new2,repair,sphere_random,v3_new2_sphere_random_14,1,e924c22c09eba214ef1d,False,False,False,False,False,False
new2,repair,sphere_random,v3_new2_sphere_random_14,3,ae1923d1fbc2b7914bf9,False,False,False,False,False,False
new2,repair,sphere_random,v3_new2_sphere_random_14,6,ae1923d1fbc2b7914bf9,False,False,False,False,False,False
new2,repair,sphere_random,v3_new2_sphere_random_15,1,92e80d682429c319c7d6,False,False,False,False,False,False
new2,repair,sphere_random,v3_new2_sphere_random_15,3,92e80d682429c319c7d6,False,False,False,False,False,False
new2,repair,sphere_random,v3_new2_sphere_random_15,6,92e80d682429c319c7d6,False,False,False,False,False,False
new2,repair,sphere_random,v3_new2_sphere_random_16,1,0db541dc97b3c5127a4e,False,False,False,False,False,False
new2,repair,sphere_random,v3_new2_sphere_random_16,3,9ca9426ab375ba0c4d17,False,False,False,False,False,False
new2,repair,sphere_random,v3_new2_sphere_random_16,6,9ca9426ab375ba0c4d17,False,False,False,False,False,False
new2,repair,sphere_random,v3_new2_sphere_random_17,1,2122a237a0f967b2854c,False,False,False,False,False,False
new2,repair,sphere_random,v3_new2_sphere_random_17,3,8c7397eb2208ab387173,False,False,False,False,False,False
new2,repair,sphere_random,v3_new2_sphere_random_17,6,4ff783907b783f508955,False,False,False,False,False,False
new2,repair,sphere_random,v3_new2_sphere_random_18,1,03c8c909918a56c329f3,False,False,False,False,False,False
new2,repair,sphere_random,v3_new2_sphere_random_18,3,03c8c909918a56c329f3,False,False,False,False,False,False
new2,repair,sphere_random,v3_new2_sphere_random_18,6,03c8c909918a56c329f3,False,False,False,False,False,False
new2,repair,sphere_random,v3_new2_sphere_random_19,1,f74e14a0b62448bb4ff9,False,False,False,False,False,False
new2,repair,sphere_random,v3_new2_sphere_random_19,3,e60afa4391bb38a7fe27,False,False,False,False,False,False
new2,repair,sphere_random,v3_new2_sphere_random_19,6,e60afa4391bb38a7fe27,False,False,False,False,False,False
new3,baseline,bar_random,v3_new3_bar_random_00,1,97b545d25697cfd2479e,True,True,True,True,False,False
new3,baseline,bar_random,v3_new3_bar_random_00,3,2c83c954f73b940851d9,True,True,True,True,False,False
new3,baseline,bar_random,v3_new3_bar_random_00,6,2c83c954f73b940851d9,True,True,True,True,False,False
new3,baseline,bar_random,v3_new3_bar_random_01,1,6b2a32e58609c9fd808d,False,False,False,False,False,False
new3,baseline,bar_random,v3_new3_bar_random_01,3,793e2aa8a101a35275a7,True,True,True,True,False,False
new3,baseline,bar_random,v3_new3_bar_random_01,6,793e2aa8a101a35275a7,True,True,True,True,False,False
new3,baseline,bar_random,v3_new3_bar_random_02,1,4f01ba02077dc7840915,False,False,False,False,False,False
new3,baseline,bar_random,v3_new3_bar_random_02,3,f015626683767e5a234e,True,True,True,True,False,False
new3,baseline,bar_random,v3_new3_bar_random_02,6,f015626683767e5a234e,True,True,True,True,False,False
new3,baseline,bar_random,v3_new3_bar_random_03,1,67a965ed7d8e88eeab5f,False,False,False,False,False,False
new3,baseline,bar_random,v3_new3_bar_random_03,3,a43f67bdf9702dea3fd3,False,False,False,False,False,False
new3,baseline,bar_random,v3_new3_bar_random_03,6,a43f67bdf9702dea3fd3,False,False,False,False,False,False
new3,baseline,bar_random,v3_new3_bar_random_04,1,ec496b3c24fd66bffd1a,False,False,False,False,False,False
new3,baseline,bar_random,v3_new3_bar_random_04,3,d649de70f7a9c76e4ae9,False,False,False,False,False,False
new3,baseline,bar_random,v3_new3_bar_random_04,6,d649de70f7a9c76e4ae9,False,False,False,False,False,False
new3,baseline,bar_random,v3_new3_bar_random_05,1,21f8d90ea02c9ae8069e,True,True,True,True,False,False
new3,baseline,bar_random,v3_new3_bar_random_05,3,21f8d90ea02c9ae8069e,True,True,True,True,False,False
new3,baseline,bar_random,v3_new3_bar_random_05,6,dd40f1f1098d092ee5c4,True,True,True,True,False,False
new3,baseline,bar_random,v3_new3_bar_random_06,1,1c92cc1227bb1d424e64,False,False,False,False,False,False
new3,baseline,bar_random,v3_new3_bar_random_06,3,1c92cc1227bb1d424e64,False,False,False,False,False,False
new3,baseline,bar_random,v3_new3_bar_random_06,6,3cf1dc9e573038250e00,False,False,False,False,False,False
new3,baseline,bar_random,v3_new3_bar_random_07,1,9facb6d9060125a1fdaa,False,False,False,False,False,False
new3,baseline,bar_random,v3_new3_bar_random_07,3,71d6a6b14fd9606f7034,False,False,False,False,False,False
new3,baseline,bar_random,v3_new3_bar_random_07,6,71d6a6b14fd9606f7034,False,False,False,False,False,False
new3,baseline,bar_random,v3_new3_bar_random_08,1,fb707eeb3e64b297ad3a,False,False,False,False,False,False
new3,baseline,bar_random,v3_new3_bar_random_08,3,35f053eb82d95de541db,False,False,False,False,False,False
new3,baseline,bar_random,v3_new3_bar_random_08,6,b2c21cb48d2b9f7827c9,False,False,False,False,False,False
new3,baseline,bar_random,v3_new3_bar_random_09,1,4b69139623526ef5cc6e,False,False,False,False,False,False
new3,baseline,bar_random,v3_new3_bar_random_09,3,6f774dcd372c4886d2b2,True,True,True,True,False,False
new3,baseline,bar_random,v3_new3_bar_random_09,6,6f774dcd372c4886d2b2,True,True,True,True,False,False
new3,baseline,bar_random,v3_new3_bar_random_10,1,dbc6ac6a2d573159c06a,True,True,True,True,False,False
new3,baseline,bar_random,v3_new3_bar_random_10,3,dbc6ac6a2d573159c06a,True,True,True,True,False,False
new3,baseline,bar_random,v3_new3_bar_random_10,6,008da7e74f78f588b3ec,True,True,True,True,False,False
new3,baseline,bar_random,v3_new3_bar_random_11,1,655b2032f31fac46ad0b,False,False,False,False,False,False
new3,baseline,bar_random,v3_new3_bar_random_11,3,655b2032f31fac46ad0b,False,False,False,False,False,False
new3,baseline,bar_random,v3_new3_bar_random_11,6,172164789e02d47b7441,False,False,False,False,False,False
new3,baseline,bar_random,v3_new3_bar_random_12,1,22883faa361099e8d2d5,True,True,True,True,False,False
new3,baseline,bar_random,v3_new3_bar_random_12,3,22883faa361099e8d2d5,True,True,True,True,False,False
new3,baseline,bar_random,v3_new3_bar_random_12,6,22883faa361099e8d2d5,True,True,True,True,False,False
new3,baseline,bar_random,v3_new3_bar_random_13,1,15e5df971b4bac4019d0,False,False,False,False,False,False
new3,baseline,bar_random,v3_new3_bar_random_13,3,5b430a349ce56c8c6646,False,False,False,False,False,False
new3,baseline,bar_random,v3_new3_bar_random_13,6,5b430a349ce56c8c6646,False,False,False,False,False,False
new3,baseline,bar_random,v3_new3_bar_random_14,1,02c061b3a4327415e392,False,False,False,False,False,False
new3,baseline,bar_random,v3_new3_bar_random_14,3,f201c6e455318fb64188,False,False,False,False,False,False
new3,baseline,bar_random,v3_new3_bar_random_14,6,8422e8d59645f23e66b5,False,False,False,False,False,False
new3,baseline,bar_random,v3_new3_bar_random_15,1,201086aa45c5cc147335,False,False,False,False,False,False
new3,baseline,bar_random,v3_new3_bar_random_15,3,8076d972020a223805e1,False,False,False,False,False,False
new3,baseline,bar_random,v3_new3_bar_random_15,6,d51671a9d7dee86f2940,True,True,True,True,False,False
new3,baseline,bar_random,v3_new3_bar_random_16,1,9f554396406df227e5de,True,True,True,True,False,False
new3,baseline,bar_random,v3_new3_bar_random_16,3,9f554396406df227e5de,True,True,True,True,False,False
new3,baseline,bar_random,v3_new3_bar_random_16,6,9f554396406df227e5de,True,True,True,True,False,False
new3,baseline,bar_random,v3_new3_bar_random_17,1,6ea19705de327434bc42,False,False,False,False,False,False
new3,baseline,bar_random,v3_new3_bar_random_17,3,6ea19705de327434bc42,False,False,False,False,False,False
new3,baseline,bar_random,v3_new3_bar_random_17,6,b58ba3cd30abbc4705bb,False,False,False,False,False,False
new3,baseline,bar_random,v3_new3_bar_random_18,1,caed6618a2f7b9f7113b,True,True,True,True,False,False
new3,baseline,bar_random,v3_new3_bar_random_18,3,caed6618a2f7b9f7113b,True,True,True,True,False,False
new3,baseline,bar_random,v3_new3_bar_random_18,6,caed6618a2f7b9f7113b,True,True,True,True,False,False
new3,baseline,bar_random,v3_new3_bar_random_19,1,2b0a0b6bdb1b53c9d0c5,False,False,False,False,False,False
new3,baseline,bar_random,v3_new3_bar_random_19,3,83fd4c9affefa260707d,False,False,False,False,False,False
new3,baseline,bar_random,v3_new3_bar_random_19,6,83fd4c9affefa260707d,False,False,False,False,False,False
new3,baseline,capsule_random,v3_new3_capsule_random_00,1,ce94fda530a9cfeec7b4,False,False,False,False,False,False
new3,baseline,capsule_random,v3_new3_capsule_random_00,3,bfc30dd13f12bcfa3012,False,False,False,False,False,False
new3,baseline,capsule_random,v3_new3_capsule_random_00,6,fee505e0235469264996,False,False,False,False,False,False
new3,baseline,capsule_random,v3_new3_capsule_random_01,1,719988f60729af6f2fee,False,False,False,False,False,False
new3,baseline,capsule_random,v3_new3_capsule_random_01,3,f1bec3a6265cf2fd3bd6,False,False,False,False,False,False
new3,baseline,capsule_random,v3_new3_capsule_random_01,6,776aef1fb036aab34556,False,False,False,False,False,False
new3,baseline,capsule_random,v3_new3_capsule_random_02,1,6ab133e7f2134f3b5b50,False,False,False,False,False,False
new3,baseline,capsule_random,v3_new3_capsule_random_02,3,6ab133e7f2134f3b5b50,False,False,False,False,False,False
new3,baseline,capsule_random,v3_new3_capsule_random_02,6,3f9268c9cbc9cc77cf6f,False,False,False,False,False,False
new3,baseline,capsule_random,v3_new3_capsule_random_03,1,66e35933c34e4e0b9468,False,False,False,False,False,False
new3,baseline,capsule_random,v3_new3_capsule_random_03,3,4f498a311d892011e28f,False,False,False,False,False,False
new3,baseline,capsule_random,v3_new3_capsule_random_03,6,4f498a311d892011e28f,False,False,False,False,False,False
new3,baseline,capsule_random,v3_new3_capsule_random_04,1,94e3b5da566e5b2411f9,False,False,False,False,False,False
new3,baseline,capsule_random,v3_new3_capsule_random_04,3,94e3b5da566e5b2411f9,False,False,False,False,False,False
new3,baseline,capsule_random,v3_new3_capsule_random_04,6,94e3b5da566e5b2411f9,False,False,False,False,False,False
new3,baseline,capsule_random,v3_new3_capsule_random_05,1,ec6766001e80715f05db,False,False,False,False,False,False
new3,baseline,capsule_random,v3_new3_capsule_random_05,3,23aba62f4bcb6025d4f1,False,False,False,False,False,False
new3,baseline,capsule_random,v3_new3_capsule_random_05,6,abf0c925c65231f4323b,False,False,False,False,False,False
new3,baseline,capsule_random,v3_new3_capsule_random_06,1,27321ab3220b9587fc92,False,False,False,False,False,False
new3,baseline,capsule_random,v3_new3_capsule_random_06,3,5b6967aa7bb86521c1a2,False,False,False,False,False,False
new3,baseline,capsule_random,v3_new3_capsule_random_06,6,5b6967aa7bb86521c1a2,False,False,False,False,False,False
new3,baseline,capsule_random,v3_new3_capsule_random_07,1,a092ba7aba5364d86c60,False,False,False,False,False,False
new3,baseline,capsule_random,v3_new3_capsule_random_07,3,18563c1e7fd4df2aff7e,False,False,False,False,False,False
new3,baseline,capsule_random,v3_new3_capsule_random_07,6,707d0a5057a8d389190d,False,False,False,False,False,False
new3,baseline,capsule_random,v3_new3_capsule_random_08,1,66c3864b614a27986c99,False,False,False,False,False,False
new3,baseline,capsule_random,v3_new3_capsule_random_08,3,66c3864b614a27986c99,False,False,False,False,False,False
new3,baseline,capsule_random,v3_new3_capsule_random_08,6,d81adf2d29c2bd63db9d,False,False,False,False,False,False
new3,baseline,capsule_random,v3_new3_capsule_random_09,1,faf10eeab93cbf1f633b,False,False,False,False,False,False
new3,baseline,capsule_random,v3_new3_capsule_random_09,3,faf10eeab93cbf1f633b,False,False,False,False,False,False
new3,baseline,capsule_random,v3_new3_capsule_random_09,6,faf10eeab93cbf1f633b,False,False,False,False,False,False
new3,baseline,capsule_random,v3_new3_capsule_random_10,1,764f84937aaf0bdd027f,False,False,False,False,False,False
new3,baseline,capsule_random,v3_new3_capsule_random_10,3,764f84937aaf0bdd027f,False,False,False,False,False,False
new3,baseline,capsule_random,v3_new3_capsule_random_10,6,764f84937aaf0bdd027f,False,False,False,False,False,False
new3,baseline,capsule_random,v3_new3_capsule_random_11,1,272f7888480831ec66a4,False,False,False,False,False,False
new3,baseline,capsule_random,v3_new3_capsule_random_11,3,ffe30813e2ddc572e38f,False,False,False,False,False,False
new3,baseline,capsule_random,v3_new3_capsule_random_11,6,ffe30813e2ddc572e38f,False,False,False,False,False,False
new3,baseline,capsule_random,v3_new3_capsule_random_12,1,d90902fc47c53e88d95d,False,False,False,False,False,False
new3,baseline,capsule_random,v3_new3_capsule_random_12,3,136e36c3c1bf2759d3fe,False,False,False,False,False,False
new3,baseline,capsule_random,v3_new3_capsule_random_12,6,a6f612617c2e4457e9b9,False,False,False,False,False,False
new3,baseline,capsule_random,v3_new3_capsule_random_13,1,79e2a90d726421da6699,False,False,False,False,False,False
new3,baseline,capsule_random,v3_new3_capsule_random_13,3,22bac7be4c32fc0b035c,False,False,False,False,False,False
new3,baseline,capsule_random,v3_new3_capsule_random_13,6,0dd637eeb61c0af9d2a7,False,False,False,False,False,False
new3,baseline,capsule_random,v3_new3_capsule_random_14,1,96551e55d914c92299d2,False,False,False,False,False,False
new3,baseline,capsule_random,v3_new3_capsule_random_14,3,96551e55d914c92299d2,False,False,False,False,False,False
new3,baseline,capsule_random,v3_new3_capsule_random_14,6,bd0d55db300211f413a9,False,False,False,False,False,False
new3,baseline,capsule_random,v3_new3_capsule_random_15,1,7af750e49c3b17ed62ed,False,False,False,False,False,False
new3,baseline,capsule_random,v3_new3_capsule_random_15,3,348def8620da3c235a35,False,False,False,False,False,False
new3,baseline,capsule_random,v3_new3_capsule_random_15,6,f70a4feaea74cd3580b8,False,False,False,False,False,False
new3,baseline,capsule_random,v3_new3_capsule_random_16,1,36157d40839ad3ff5425,False,False,False,False,False,False
new3,baseline,capsule_random,v3_new3_capsule_random_16,3,36157d40839ad3ff5425,False,False,False,False,False,False
new3,baseline,capsule_random,v3_new3_capsule_random_16,6,db66a69617e76df684fe,False,False,False,False,False,False
new3,baseline,capsule_random,v3_new3_capsule_random_17,1,6a3ea5540f3ef648d3af,False,False,False,False,False,False
new3,baseline,capsule_random,v3_new3_capsule_random_17,3,6a3ea5540f3ef648d3af,False,False,False,False,False,False
new3,baseline,capsule_random,v3_new3_capsule_random_17,6,6a3ea5540f3ef648d3af,False,False,False,False,False,False
new3,baseline,capsule_random,v3_new3_capsule_random_18,1,35a038e8feed9177c98b,False,False,False,False,False,False
new3,baseline,capsule_random,v3_new3_capsule_random_18,3,c91de892bd8e9e8edcb4,False,False,False,False,False,False
new3,baseline,capsule_random,v3_new3_capsule_random_18,6,1aded41747c2255d0675,False,False,False,False,False,False
new3,baseline,capsule_random,v3_new3_capsule_random_19,1,5670d8aa4a83dcf4ca6b,False,False,False,False,False,False
new3,baseline,capsule_random,v3_new3_capsule_random_19,3,5670d8aa4a83dcf4ca6b,False,False,False,False,False,False
new3,baseline,capsule_random,v3_new3_capsule_random_19,6,9c6bef588fc492ed2dce,False,False,False,False,False,False
new3,baseline,cube_random,v3_new3_cube_random_00,1,fabd5fde1f16779afe02,False,False,False,False,False,False
new3,baseline,cube_random,v3_new3_cube_random_00,3,fabd5fde1f16779afe02,False,False,False,False,False,False
new3,baseline,cube_random,v3_new3_cube_random_00,6,fabd5fde1f16779afe02,False,False,False,False,False,False
new3,baseline,cube_random,v3_new3_cube_random_01,1,8e2d395b57c4b8c7f72d,False,False,False,False,False,False
new3,baseline,cube_random,v3_new3_cube_random_01,3,feb0d2cc45bc104c9e6b,True,True,True,True,False,False
new3,baseline,cube_random,v3_new3_cube_random_01,6,feb0d2cc45bc104c9e6b,True,True,True,True,False,False
new3,baseline,cube_random,v3_new3_cube_random_02,1,a7a6295207867128e9e9,True,True,True,True,False,False
new3,baseline,cube_random,v3_new3_cube_random_02,3,a7a6295207867128e9e9,True,True,True,True,False,False
new3,baseline,cube_random,v3_new3_cube_random_02,6,a7a6295207867128e9e9,True,True,True,True,False,False
new3,baseline,cube_random,v3_new3_cube_random_03,1,759cd10ed39bef94d39a,False,False,False,False,False,False
new3,baseline,cube_random,v3_new3_cube_random_03,3,7145e6a6c696da941241,True,True,True,True,False,False
new3,baseline,cube_random,v3_new3_cube_random_03,6,7145e6a6c696da941241,True,True,True,True,False,False
new3,baseline,cube_random,v3_new3_cube_random_04,1,7673b7b0fa3bcdc26aa8,True,True,True,True,False,False
new3,baseline,cube_random,v3_new3_cube_random_04,3,7673b7b0fa3bcdc26aa8,True,True,True,True,False,False
new3,baseline,cube_random,v3_new3_cube_random_04,6,7673b7b0fa3bcdc26aa8,True,True,True,True,False,False
new3,baseline,cube_random,v3_new3_cube_random_05,1,42d7f6bc04675545b739,False,False,False,False,False,False
new3,baseline,cube_random,v3_new3_cube_random_05,3,44dbf6b18159f9dbf0e7,True,True,True,True,False,False
new3,baseline,cube_random,v3_new3_cube_random_05,6,44dbf6b18159f9dbf0e7,True,True,True,True,False,False
new3,baseline,cube_random,v3_new3_cube_random_06,1,6b1a08511246b55a6861,True,True,True,True,False,False
new3,baseline,cube_random,v3_new3_cube_random_06,3,6beead62e671ed559e4a,True,True,True,True,False,False
new3,baseline,cube_random,v3_new3_cube_random_06,6,6beead62e671ed559e4a,True,True,True,True,False,False
new3,baseline,cube_random,v3_new3_cube_random_07,1,e2360b2b085dec1062b1,True,True,True,True,False,False
new3,baseline,cube_random,v3_new3_cube_random_07,3,661fd0dd85ee226b4086,True,True,True,True,False,False
new3,baseline,cube_random,v3_new3_cube_random_07,6,661fd0dd85ee226b4086,True,True,True,True,False,False
new3,baseline,cube_random,v3_new3_cube_random_08,1,70d289bde58356c602cd,True,True,True,True,False,False
new3,baseline,cube_random,v3_new3_cube_random_08,3,70d289bde58356c602cd,True,True,True,True,False,False
new3,baseline,cube_random,v3_new3_cube_random_08,6,70d289bde58356c602cd,True,True,True,True,False,False
new3,baseline,cube_random,v3_new3_cube_random_09,1,34eb7993ace16735dc93,True,True,True,True,False,False
new3,baseline,cube_random,v3_new3_cube_random_09,3,34eb7993ace16735dc93,True,True,True,True,False,False
new3,baseline,cube_random,v3_new3_cube_random_09,6,4fee91e90730d6d35404,True,True,True,True,False,False
new3,baseline,cube_random,v3_new3_cube_random_10,1,44c72d866d9b721836db,False,False,False,False,False,False
new3,baseline,cube_random,v3_new3_cube_random_10,3,cc26afc8565a710572e9,True,True,True,True,False,False
new3,baseline,cube_random,v3_new3_cube_random_10,6,cc26afc8565a710572e9,True,True,True,True,False,False
new3,baseline,cube_random,v3_new3_cube_random_11,1,9f78b867ab5f5a761b0a,False,False,False,False,False,False
new3,baseline,cube_random,v3_new3_cube_random_11,3,71e766638c36de144c11,True,True,True,True,False,False
new3,baseline,cube_random,v3_new3_cube_random_11,6,71e766638c36de144c11,True,True,True,True,False,False
new3,baseline,cube_random,v3_new3_cube_random_12,1,622d6446ccbdfdd0f6c6,False,False,False,False,False,False
new3,baseline,cube_random,v3_new3_cube_random_12,3,30f058bc76d41f3f1a96,True,True,True,True,False,False
new3,baseline,cube_random,v3_new3_cube_random_12,6,30f058bc76d41f3f1a96,True,True,True,True,False,False
new3,baseline,cube_random,v3_new3_cube_random_13,1,c5eed1152b8fa25913c7,True,True,True,True,False,False
new3,baseline,cube_random,v3_new3_cube_random_13,3,b3475d4c2db4c299df74,True,True,True,True,False,False
new3,baseline,cube_random,v3_new3_cube_random_13,6,b3475d4c2db4c299df74,True,True,True,True,False,False
new3,baseline,cube_random,v3_new3_cube_random_14,1,e10ff1b145ae6d97e3fa,False,False,False,False,False,False
new3,baseline,cube_random,v3_new3_cube_random_14,3,a8771e00744f3379160e,True,True,True,True,False,False
new3,baseline,cube_random,v3_new3_cube_random_14,6,a8771e00744f3379160e,True,True,True,True,False,False
new3,baseline,cube_random,v3_new3_cube_random_15,1,eb2ca70710ab65de68c2,False,False,False,False,False,False
new3,baseline,cube_random,v3_new3_cube_random_15,3,e75fd3e250b2dae3f752,True,True,True,True,False,False
new3,baseline,cube_random,v3_new3_cube_random_15,6,e75fd3e250b2dae3f752,True,True,True,True,False,False
new3,baseline,cube_random,v3_new3_cube_random_16,1,e4080c25564d2b017c79,True,True,True,True,False,False
new3,baseline,cube_random,v3_new3_cube_random_16,3,e4080c25564d2b017c79,True,True,True,True,False,False
new3,baseline,cube_random,v3_new3_cube_random_16,6,e4080c25564d2b017c79,True,True,True,True,False,False
new3,baseline,cube_random,v3_new3_cube_random_17,1,d3631c2f61c59a11e94c,True,True,True,True,False,False
new3,baseline,cube_random,v3_new3_cube_random_17,3,d3631c2f61c59a11e94c,True,True,True,True,False,False
new3,baseline,cube_random,v3_new3_cube_random_17,6,d3631c2f61c59a11e94c,True,True,True,True,False,False
new3,baseline,cube_random,v3_new3_cube_random_18,1,a66d0fe2aa2fc20396e4,False,False,False,False,False,False
new3,baseline,cube_random,v3_new3_cube_random_18,3,66c2f65f9b96319d5e20,True,True,True,True,False,False
new3,baseline,cube_random,v3_new3_cube_random_18,6,66c2f65f9b96319d5e20,True,True,True,True,False,False
new3,baseline,cube_random,v3_new3_cube_random_19,1,5004e7957ef7ecb42076,False,False,False,False,False,False
new3,baseline,cube_random,v3_new3_cube_random_19,3,6d170f875af262320109,True,True,True,True,False,False
new3,baseline,cube_random,v3_new3_cube_random_19,6,6d170f875af262320109,True,True,True,True,False,False
new3,baseline,cylinder_random,v3_new3_cylinder_random_00,1,149819b300e1b9e6a087,False,False,False,False,False,False
new3,baseline,cylinder_random,v3_new3_cylinder_random_00,3,149819b300e1b9e6a087,False,False,False,False,False,False
new3,baseline,cylinder_random,v3_new3_cylinder_random_00,6,fa8e4fc50e45d6ded4ac,True,True,False,False,False,False
new3,baseline,cylinder_random,v3_new3_cylinder_random_01,1,c6f612e4902983e4fb8d,False,False,False,False,False,False
new3,baseline,cylinder_random,v3_new3_cylinder_random_01,3,19c0f0245669ab0790e6,False,False,False,False,False,False
new3,baseline,cylinder_random,v3_new3_cylinder_random_01,6,92a98073a77921487ca9,True,True,True,True,True,True
new3,baseline,cylinder_random,v3_new3_cylinder_random_02,1,59bbaab23e9fe6e2fd15,False,False,False,False,False,False
new3,baseline,cylinder_random,v3_new3_cylinder_random_02,3,59bbaab23e9fe6e2fd15,False,False,False,False,False,False
new3,baseline,cylinder_random,v3_new3_cylinder_random_02,6,59bbaab23e9fe6e2fd15,False,False,False,False,False,False
new3,baseline,cylinder_random,v3_new3_cylinder_random_03,1,f2087ef3793ae9cc0995,False,False,False,False,False,False
new3,baseline,cylinder_random,v3_new3_cylinder_random_03,3,edf38848bed78d065da9,True,True,True,True,True,True
new3,baseline,cylinder_random,v3_new3_cylinder_random_03,6,edf38848bed78d065da9,True,True,True,True,True,True
new3,baseline,cylinder_random,v3_new3_cylinder_random_04,1,b38a4f821535868077f6,False,False,False,False,False,False
new3,baseline,cylinder_random,v3_new3_cylinder_random_04,3,18bf9407e9b00e194bc6,False,False,False,False,False,False
new3,baseline,cylinder_random,v3_new3_cylinder_random_04,6,e419dda9474962197f80,False,False,False,False,False,False
new3,baseline,cylinder_random,v3_new3_cylinder_random_05,1,5a71c6bd6611fd586039,True,True,True,True,True,True
new3,baseline,cylinder_random,v3_new3_cylinder_random_05,3,5a71c6bd6611fd586039,True,True,True,True,True,True
new3,baseline,cylinder_random,v3_new3_cylinder_random_05,6,5a71c6bd6611fd586039,True,True,True,True,True,True
new3,baseline,cylinder_random,v3_new3_cylinder_random_06,1,9abf5dae8cd8f6fcb43c,True,True,True,True,True,True
new3,baseline,cylinder_random,v3_new3_cylinder_random_06,3,0b3f17a61ba719f27e41,True,True,True,True,True,True
new3,baseline,cylinder_random,v3_new3_cylinder_random_06,6,0b3f17a61ba719f27e41,True,True,True,True,True,True
new3,baseline,cylinder_random,v3_new3_cylinder_random_07,1,c2b2fc1702f78b4f9a78,False,False,False,False,False,False
new3,baseline,cylinder_random,v3_new3_cylinder_random_07,3,ad4d745abdf904ab496e,False,False,False,False,False,False
new3,baseline,cylinder_random,v3_new3_cylinder_random_07,6,1e0c316354daa90f8d9c,False,False,False,False,False,False
new3,baseline,cylinder_random,v3_new3_cylinder_random_08,1,91cc5471ab4fdd5c278b,False,False,False,False,False,False
new3,baseline,cylinder_random,v3_new3_cylinder_random_08,3,5a7047cf67c559dae63b,True,True,True,True,True,True
new3,baseline,cylinder_random,v3_new3_cylinder_random_08,6,5a7047cf67c559dae63b,True,True,True,True,True,True
new3,baseline,cylinder_random,v3_new3_cylinder_random_09,1,08678010a6771b246116,False,False,False,False,False,False
new3,baseline,cylinder_random,v3_new3_cylinder_random_09,3,8dd0112a97fbc4af717c,True,True,True,True,True,True
new3,baseline,cylinder_random,v3_new3_cylinder_random_09,6,8dd0112a97fbc4af717c,True,True,True,True,True,True
new3,baseline,cylinder_random,v3_new3_cylinder_random_10,1,765e32026134ee56cff5,False,False,False,False,False,False
new3,baseline,cylinder_random,v3_new3_cylinder_random_10,3,765e32026134ee56cff5,False,False,False,False,False,False
new3,baseline,cylinder_random,v3_new3_cylinder_random_10,6,765e32026134ee56cff5,False,False,False,False,False,False
new3,baseline,cylinder_random,v3_new3_cylinder_random_11,1,6b9159cc3607d10ef151,False,False,False,False,False,False
new3,baseline,cylinder_random,v3_new3_cylinder_random_11,3,b88cd6cfce1710e2627e,False,False,False,False,False,False
new3,baseline,cylinder_random,v3_new3_cylinder_random_11,6,2d9d322a7884c085051c,False,False,False,False,False,False
new3,baseline,cylinder_random,v3_new3_cylinder_random_12,1,b42b1c1b46a1968c8b68,False,False,False,False,False,False
new3,baseline,cylinder_random,v3_new3_cylinder_random_12,3,bbc5690d05f8befe52b6,True,True,True,True,True,True
new3,baseline,cylinder_random,v3_new3_cylinder_random_12,6,bbc5690d05f8befe52b6,True,True,True,True,True,True
new3,baseline,cylinder_random,v3_new3_cylinder_random_13,1,fa6d245c3b59d4bc7f7a,False,False,False,False,False,False
new3,baseline,cylinder_random,v3_new3_cylinder_random_13,3,4ec77105dce1b41b739f,False,False,False,False,False,False
new3,baseline,cylinder_random,v3_new3_cylinder_random_13,6,dd0293ed328498d0cf1d,True,True,True,True,True,True
new3,baseline,cylinder_random,v3_new3_cylinder_random_14,1,9036770f374d56d82cd3,True,True,True,True,True,True
new3,baseline,cylinder_random,v3_new3_cylinder_random_14,3,9036770f374d56d82cd3,True,True,True,True,True,True
new3,baseline,cylinder_random,v3_new3_cylinder_random_14,6,26d60d7d8cb7ae5744c4,True,True,True,True,True,True
new3,baseline,cylinder_random,v3_new3_cylinder_random_15,1,66a56d8a30d4a34ac449,False,False,False,False,False,False
new3,baseline,cylinder_random,v3_new3_cylinder_random_15,3,085a43e0cf76ddfa65e6,False,False,False,False,False,False
new3,baseline,cylinder_random,v3_new3_cylinder_random_15,6,291b6bec90d8fa2525b1,True,True,True,True,True,True
new3,baseline,cylinder_random,v3_new3_cylinder_random_16,1,d2c231cf318ab55bc7a4,False,False,False,False,False,False
new3,baseline,cylinder_random,v3_new3_cylinder_random_16,3,e2636d36fb3b6434701a,False,False,False,False,False,False
new3,baseline,cylinder_random,v3_new3_cylinder_random_16,6,91f2b90699fd79274224,False,False,False,False,False,False
new3,baseline,cylinder_random,v3_new3_cylinder_random_17,1,dea0e169d8a3f29a94ae,False,False,False,False,False,False
new3,baseline,cylinder_random,v3_new3_cylinder_random_17,3,382096062c76fc0a5e3f,True,True,True,True,True,True
new3,baseline,cylinder_random,v3_new3_cylinder_random_17,6,382096062c76fc0a5e3f,True,True,True,True,True,True
new3,baseline,cylinder_random,v3_new3_cylinder_random_18,1,4097ad83ab79b5fa09e7,False,False,False,False,False,False
new3,baseline,cylinder_random,v3_new3_cylinder_random_18,3,efed7b537920f1d201a4,True,True,True,True,True,True
new3,baseline,cylinder_random,v3_new3_cylinder_random_18,6,96359139f226e261084d,True,True,True,True,True,True
new3,baseline,cylinder_random,v3_new3_cylinder_random_19,1,7b090a1ddf49f5cfd0c4,False,False,False,False,False,False
new3,baseline,cylinder_random,v3_new3_cylinder_random_19,3,a2bac40ca60437d1a5e9,False,False,False,False,False,False
new3,baseline,cylinder_random,v3_new3_cylinder_random_19,6,afab7ce25ed4fa0d4c01,False,False,False,False,False,False
new3,baseline,flat_box_random,v3_new3_flat_box_random_00,1,553e3bdc1deec347e898,True,True,False,False,False,False
new3,baseline,flat_box_random,v3_new3_flat_box_random_00,3,4a9304a2c28934e1d9a9,True,True,True,True,False,False
new3,baseline,flat_box_random,v3_new3_flat_box_random_00,6,4a9304a2c28934e1d9a9,True,True,True,True,False,False
new3,baseline,flat_box_random,v3_new3_flat_box_random_01,1,170a2c602787b1438683,False,False,False,False,False,False
new3,baseline,flat_box_random,v3_new3_flat_box_random_01,3,670f333848db002c899c,True,True,False,False,False,False
new3,baseline,flat_box_random,v3_new3_flat_box_random_01,6,670f333848db002c899c,True,True,False,False,False,False
new3,baseline,flat_box_random,v3_new3_flat_box_random_02,1,d51214e1236685ca5ca7,False,False,False,False,False,False
new3,baseline,flat_box_random,v3_new3_flat_box_random_02,3,b1cf010a4f86d30005a8,True,True,False,False,False,False
new3,baseline,flat_box_random,v3_new3_flat_box_random_02,6,b1cf010a4f86d30005a8,True,True,False,False,False,False
new3,baseline,flat_box_random,v3_new3_flat_box_random_03,1,e043d6df7ccd5aa972b4,False,False,False,False,False,False
new3,baseline,flat_box_random,v3_new3_flat_box_random_03,3,230830c9473fcb484f0e,False,False,False,False,False,False
new3,baseline,flat_box_random,v3_new3_flat_box_random_03,6,230830c9473fcb484f0e,False,False,False,False,False,False
new3,baseline,flat_box_random,v3_new3_flat_box_random_04,1,249e2358649da04e8869,False,False,False,False,False,False
new3,baseline,flat_box_random,v3_new3_flat_box_random_04,3,249e2358649da04e8869,False,False,False,False,False,False
new3,baseline,flat_box_random,v3_new3_flat_box_random_04,6,249e2358649da04e8869,False,False,False,False,False,False
new3,baseline,flat_box_random,v3_new3_flat_box_random_05,1,b8f6a2958876839284d5,False,False,False,False,False,False
new3,baseline,flat_box_random,v3_new3_flat_box_random_05,3,b8f6a2958876839284d5,False,False,False,False,False,False
new3,baseline,flat_box_random,v3_new3_flat_box_random_05,6,8b92d2279506ef7e540f,False,False,False,False,False,False
new3,baseline,flat_box_random,v3_new3_flat_box_random_06,1,65046bddd74f454ad913,False,False,False,False,False,False
new3,baseline,flat_box_random,v3_new3_flat_box_random_06,3,706ea8939674ba46fbc4,True,True,True,True,False,False
new3,baseline,flat_box_random,v3_new3_flat_box_random_06,6,706ea8939674ba46fbc4,True,True,True,True,False,False
new3,baseline,flat_box_random,v3_new3_flat_box_random_07,1,f62d8bd7d9d27a7f3f48,False,False,False,False,False,False
new3,baseline,flat_box_random,v3_new3_flat_box_random_07,3,f62d8bd7d9d27a7f3f48,False,False,False,False,False,False
new3,baseline,flat_box_random,v3_new3_flat_box_random_07,6,f1e0e1b7a25fe2085709,False,False,False,False,False,False
new3,baseline,flat_box_random,v3_new3_flat_box_random_08,1,ae86f0413f5cea9ab7bf,False,False,False,False,False,False
new3,baseline,flat_box_random,v3_new3_flat_box_random_08,3,ae86f0413f5cea9ab7bf,False,False,False,False,False,False
new3,baseline,flat_box_random,v3_new3_flat_box_random_08,6,ae86f0413f5cea9ab7bf,False,False,False,False,False,False
new3,baseline,flat_box_random,v3_new3_flat_box_random_09,1,5e466313f70b67c05c88,False,False,False,False,False,False
new3,baseline,flat_box_random,v3_new3_flat_box_random_09,3,24af05a83d2b6a8d9a1d,True,True,True,True,False,False
new3,baseline,flat_box_random,v3_new3_flat_box_random_09,6,24af05a83d2b6a8d9a1d,True,True,True,True,False,False
new3,baseline,flat_box_random,v3_new3_flat_box_random_10,1,1323a8ecdf3133ee86df,False,False,False,False,False,False
new3,baseline,flat_box_random,v3_new3_flat_box_random_10,3,1323a8ecdf3133ee86df,False,False,False,False,False,False
new3,baseline,flat_box_random,v3_new3_flat_box_random_10,6,1323a8ecdf3133ee86df,False,False,False,False,False,False
new3,baseline,flat_box_random,v3_new3_flat_box_random_11,1,f3665752d81a9d6ade24,False,False,False,False,False,False
new3,baseline,flat_box_random,v3_new3_flat_box_random_11,3,aafedf4c388f11c8a83e,True,True,True,True,False,False
new3,baseline,flat_box_random,v3_new3_flat_box_random_11,6,33fd0db2cf963265ab5a,True,True,True,True,False,False
new3,baseline,flat_box_random,v3_new3_flat_box_random_12,1,c851ecfd7a81435e78e9,False,False,False,False,False,False
new3,baseline,flat_box_random,v3_new3_flat_box_random_12,3,0595e356e7747a5f25f2,True,True,True,True,False,False
new3,baseline,flat_box_random,v3_new3_flat_box_random_12,6,0595e356e7747a5f25f2,True,True,True,True,False,False
new3,baseline,flat_box_random,v3_new3_flat_box_random_13,1,93c47e3cb9fcea55dd93,False,False,False,False,False,False
new3,baseline,flat_box_random,v3_new3_flat_box_random_13,3,7a27eea47543420761dd,True,True,True,True,False,False
new3,baseline,flat_box_random,v3_new3_flat_box_random_13,6,7a27eea47543420761dd,True,True,True,True,False,False
new3,baseline,flat_box_random,v3_new3_flat_box_random_14,1,a248bcb3a6cfb751b4ca,False,False,False,False,False,False
new3,baseline,flat_box_random,v3_new3_flat_box_random_14,3,a248bcb3a6cfb751b4ca,False,False,False,False,False,False
new3,baseline,flat_box_random,v3_new3_flat_box_random_14,6,a248bcb3a6cfb751b4ca,False,False,False,False,False,False
new3,baseline,flat_box_random,v3_new3_flat_box_random_15,1,fc07af77a2aaac20eb23,False,False,False,False,False,False
new3,baseline,flat_box_random,v3_new3_flat_box_random_15,3,7f105c57f2e5e1a2d43a,False,False,False,False,False,False
new3,baseline,flat_box_random,v3_new3_flat_box_random_15,6,7f105c57f2e5e1a2d43a,False,False,False,False,False,False
new3,baseline,flat_box_random,v3_new3_flat_box_random_16,1,ddfae441bf41097418f3,False,False,False,False,False,False
new3,baseline,flat_box_random,v3_new3_flat_box_random_16,3,ddfae441bf41097418f3,False,False,False,False,False,False
new3,baseline,flat_box_random,v3_new3_flat_box_random_16,6,ddfae441bf41097418f3,False,False,False,False,False,False
new3,baseline,flat_box_random,v3_new3_flat_box_random_17,1,7e527545760e3e477e7e,False,False,False,False,False,False
new3,baseline,flat_box_random,v3_new3_flat_box_random_17,3,ff59f48992c9d06b4398,True,True,True,True,False,False
new3,baseline,flat_box_random,v3_new3_flat_box_random_17,6,ff59f48992c9d06b4398,True,True,True,True,False,False
new3,baseline,flat_box_random,v3_new3_flat_box_random_18,1,ee94b795f3b33fffb313,False,False,False,False,False,False
new3,baseline,flat_box_random,v3_new3_flat_box_random_18,3,b86e8efcd169088efcce,True,True,True,True,False,False
new3,baseline,flat_box_random,v3_new3_flat_box_random_18,6,e3243adb62a690238cd3,True,True,True,True,False,False
new3,baseline,flat_box_random,v3_new3_flat_box_random_19,1,68d133990436fe3a8dc6,False,False,False,False,False,False
new3,baseline,flat_box_random,v3_new3_flat_box_random_19,3,6d3db4b1b3ba06cb4435,False,False,False,False,False,False
new3,baseline,flat_box_random,v3_new3_flat_box_random_19,6,6d3db4b1b3ba06cb4435,False,False,False,False,False,False
new3,baseline,sphere_random,v3_new3_sphere_random_00,1,da37cffb722eb18ae793,False,False,False,False,False,False
new3,baseline,sphere_random,v3_new3_sphere_random_00,3,cdb6c54d3356982a0c3d,False,False,False,False,False,False
new3,baseline,sphere_random,v3_new3_sphere_random_00,6,cdb6c54d3356982a0c3d,False,False,False,False,False,False
new3,baseline,sphere_random,v3_new3_sphere_random_01,1,6d0551446ccaaffbcd78,False,False,False,False,False,False
new3,baseline,sphere_random,v3_new3_sphere_random_01,3,6d0551446ccaaffbcd78,False,False,False,False,False,False
new3,baseline,sphere_random,v3_new3_sphere_random_01,6,6d0551446ccaaffbcd78,False,False,False,False,False,False
new3,baseline,sphere_random,v3_new3_sphere_random_02,1,049f20adaf8a25693d6c,False,False,False,False,False,False
new3,baseline,sphere_random,v3_new3_sphere_random_02,3,049f20adaf8a25693d6c,False,False,False,False,False,False
new3,baseline,sphere_random,v3_new3_sphere_random_02,6,905a38fc7ce94fe717d8,False,False,False,False,False,False
new3,baseline,sphere_random,v3_new3_sphere_random_03,1,50ff18290db451229215,False,False,False,False,False,False
new3,baseline,sphere_random,v3_new3_sphere_random_03,3,38fc7a947662413c5b0b,False,False,False,False,False,False
new3,baseline,sphere_random,v3_new3_sphere_random_03,6,0b077e0abb206c63c5ca,False,False,False,False,False,False
new3,baseline,sphere_random,v3_new3_sphere_random_04,1,f4aac6486432ac48dcd4,False,False,False,False,False,False
new3,baseline,sphere_random,v3_new3_sphere_random_04,3,f4aac6486432ac48dcd4,False,False,False,False,False,False
new3,baseline,sphere_random,v3_new3_sphere_random_04,6,293ae4f2544c5d5b4192,False,False,False,False,False,False
new3,baseline,sphere_random,v3_new3_sphere_random_05,1,ffff6612724b500dbab4,False,False,False,False,False,False
new3,baseline,sphere_random,v3_new3_sphere_random_05,3,28fdf203b54ce10f71e8,False,False,False,False,False,False
new3,baseline,sphere_random,v3_new3_sphere_random_05,6,28fdf203b54ce10f71e8,False,False,False,False,False,False
new3,baseline,sphere_random,v3_new3_sphere_random_06,1,3c4a273bb91880f0e056,False,False,False,False,False,False
new3,baseline,sphere_random,v3_new3_sphere_random_06,3,c2bd3bfc38edf4ce8f91,True,True,True,True,True,True
new3,baseline,sphere_random,v3_new3_sphere_random_06,6,c2bd3bfc38edf4ce8f91,True,True,True,True,True,True
new3,baseline,sphere_random,v3_new3_sphere_random_07,1,a7f0607cc1c4e5f11b44,False,False,False,False,False,False
new3,baseline,sphere_random,v3_new3_sphere_random_07,3,a7f0607cc1c4e5f11b44,False,False,False,False,False,False
new3,baseline,sphere_random,v3_new3_sphere_random_07,6,1af029408b61d5cb8594,False,False,False,False,False,False
new3,baseline,sphere_random,v3_new3_sphere_random_08,1,35fdd702b0efa6582c44,False,False,False,False,False,False
new3,baseline,sphere_random,v3_new3_sphere_random_08,3,b276ddf4a8188e6b2093,False,False,False,False,False,False
new3,baseline,sphere_random,v3_new3_sphere_random_08,6,c2b839e2fb2ded844a4d,False,False,False,False,False,False
new3,baseline,sphere_random,v3_new3_sphere_random_09,1,ca88ba1bd9b0be5adffb,False,False,False,False,False,False
new3,baseline,sphere_random,v3_new3_sphere_random_09,3,9c06eded2f26895a7917,False,False,False,False,False,False
new3,baseline,sphere_random,v3_new3_sphere_random_09,6,b8f761cdf703724b2328,False,False,False,False,False,False
new3,baseline,sphere_random,v3_new3_sphere_random_10,1,16fcb48ba81f21c5e5c0,False,False,False,False,False,False
new3,baseline,sphere_random,v3_new3_sphere_random_10,3,2fe368fc580ca1277ce0,False,False,False,False,False,False
new3,baseline,sphere_random,v3_new3_sphere_random_10,6,2fe368fc580ca1277ce0,False,False,False,False,False,False
new3,baseline,sphere_random,v3_new3_sphere_random_11,1,11b518bfc132953fff46,False,False,False,False,False,False
new3,baseline,sphere_random,v3_new3_sphere_random_11,3,11b518bfc132953fff46,False,False,False,False,False,False
new3,baseline,sphere_random,v3_new3_sphere_random_11,6,11b518bfc132953fff46,False,False,False,False,False,False
new3,baseline,sphere_random,v3_new3_sphere_random_12,1,4b51f1512f975b9ea520,False,False,False,False,False,False
new3,baseline,sphere_random,v3_new3_sphere_random_12,3,4b51f1512f975b9ea520,False,False,False,False,False,False
new3,baseline,sphere_random,v3_new3_sphere_random_12,6,e9e9eb699e0452236ae7,False,False,False,False,False,False
new3,baseline,sphere_random,v3_new3_sphere_random_13,1,a829f1e2d6bbb7d4314f,False,False,False,False,False,False
new3,baseline,sphere_random,v3_new3_sphere_random_13,3,a829f1e2d6bbb7d4314f,False,False,False,False,False,False
new3,baseline,sphere_random,v3_new3_sphere_random_13,6,a829f1e2d6bbb7d4314f,False,False,False,False,False,False
new3,baseline,sphere_random,v3_new3_sphere_random_14,1,8cdf9db239d7a623db4f,False,False,False,False,False,False
new3,baseline,sphere_random,v3_new3_sphere_random_14,3,ec616b11eac1b44f939e,False,False,False,False,False,False
new3,baseline,sphere_random,v3_new3_sphere_random_14,6,ec616b11eac1b44f939e,False,False,False,False,False,False
new3,baseline,sphere_random,v3_new3_sphere_random_15,1,1ae487f01a57210162cc,False,False,False,False,False,False
new3,baseline,sphere_random,v3_new3_sphere_random_15,3,83cbf8b3103b7a1b6790,False,False,False,False,False,False
new3,baseline,sphere_random,v3_new3_sphere_random_15,6,83cbf8b3103b7a1b6790,False,False,False,False,False,False
new3,baseline,sphere_random,v3_new3_sphere_random_16,1,9fa0ab7153a01122a5d2,False,False,False,False,False,False
new3,baseline,sphere_random,v3_new3_sphere_random_16,3,9fa0ab7153a01122a5d2,False,False,False,False,False,False
new3,baseline,sphere_random,v3_new3_sphere_random_16,6,8b55e910f490c1e779e1,False,False,False,False,False,False
new3,baseline,sphere_random,v3_new3_sphere_random_17,1,c23ab803dc3b6ba81120,False,False,False,False,False,False
new3,baseline,sphere_random,v3_new3_sphere_random_17,3,b72e9e6ba107fa5a4baa,False,False,False,False,False,False
new3,baseline,sphere_random,v3_new3_sphere_random_17,6,23e70759e95ad2fe2bc4,False,False,False,False,False,False
new3,baseline,sphere_random,v3_new3_sphere_random_18,1,1fd5dd76ae4a52a98ed3,False,False,False,False,False,False
new3,baseline,sphere_random,v3_new3_sphere_random_18,3,1fd5dd76ae4a52a98ed3,False,False,False,False,False,False
new3,baseline,sphere_random,v3_new3_sphere_random_18,6,83b4b1b233b22c5a81d9,False,False,False,False,False,False
new3,baseline,sphere_random,v3_new3_sphere_random_19,1,3246044e75a5c1c698ea,False,False,False,False,False,False
new3,baseline,sphere_random,v3_new3_sphere_random_19,3,3246044e75a5c1c698ea,False,False,False,False,False,False
new3,baseline,sphere_random,v3_new3_sphere_random_19,6,3246044e75a5c1c698ea,False,False,False,False,False,False
new3,no_extra,bar_random,v3_new3_bar_random_00,6,2c83c954f73b940851d9,True,True,True,True,False,False
new3,no_extra,bar_random,v3_new3_bar_random_01,6,793e2aa8a101a35275a7,True,True,True,True,False,False
new3,no_extra,bar_random,v3_new3_bar_random_02,6,f015626683767e5a234e,True,True,True,True,False,False
new3,no_extra,bar_random,v3_new3_bar_random_03,6,a43f67bdf9702dea3fd3,False,False,False,False,False,False
new3,no_extra,bar_random,v3_new3_bar_random_04,6,d649de70f7a9c76e4ae9,False,False,False,False,False,False
new3,no_extra,bar_random,v3_new3_bar_random_05,6,dd40f1f1098d092ee5c4,True,True,True,True,False,False
new3,no_extra,bar_random,v3_new3_bar_random_06,6,3cf1dc9e573038250e00,False,False,False,False,False,False
new3,no_extra,bar_random,v3_new3_bar_random_07,6,71d6a6b14fd9606f7034,False,False,False,False,False,False
new3,no_extra,bar_random,v3_new3_bar_random_08,6,b2c21cb48d2b9f7827c9,False,False,False,False,False,False
new3,no_extra,bar_random,v3_new3_bar_random_09,6,6f774dcd372c4886d2b2,True,True,True,True,False,False
new3,no_extra,bar_random,v3_new3_bar_random_10,6,008da7e74f78f588b3ec,True,True,True,True,False,False
new3,no_extra,bar_random,v3_new3_bar_random_11,6,172164789e02d47b7441,False,False,False,False,False,False
new3,no_extra,bar_random,v3_new3_bar_random_12,6,22883faa361099e8d2d5,True,True,True,True,False,False
new3,no_extra,bar_random,v3_new3_bar_random_13,6,5b430a349ce56c8c6646,False,False,False,False,False,False
new3,no_extra,bar_random,v3_new3_bar_random_14,6,8422e8d59645f23e66b5,False,False,False,False,False,False
new3,no_extra,bar_random,v3_new3_bar_random_15,6,d51671a9d7dee86f2940,True,True,True,True,False,False
new3,no_extra,bar_random,v3_new3_bar_random_16,6,9f554396406df227e5de,True,True,True,True,False,False
new3,no_extra,bar_random,v3_new3_bar_random_17,6,b58ba3cd30abbc4705bb,False,False,False,False,False,False
new3,no_extra,bar_random,v3_new3_bar_random_18,6,caed6618a2f7b9f7113b,True,True,True,True,False,False
new3,no_extra,bar_random,v3_new3_bar_random_19,6,83fd4c9affefa260707d,False,False,False,False,False,False
new3,no_extra,capsule_random,v3_new3_capsule_random_00,6,fee505e0235469264996,False,False,False,False,False,False
new3,no_extra,capsule_random,v3_new3_capsule_random_01,6,776aef1fb036aab34556,False,False,False,False,False,False
new3,no_extra,capsule_random,v3_new3_capsule_random_02,6,3f9268c9cbc9cc77cf6f,False,False,False,False,False,False
new3,no_extra,capsule_random,v3_new3_capsule_random_03,6,4f498a311d892011e28f,False,False,False,False,False,False
new3,no_extra,capsule_random,v3_new3_capsule_random_04,6,94e3b5da566e5b2411f9,False,False,False,False,False,False
new3,no_extra,capsule_random,v3_new3_capsule_random_05,6,abf0c925c65231f4323b,False,False,False,False,False,False
new3,no_extra,capsule_random,v3_new3_capsule_random_06,6,5b6967aa7bb86521c1a2,False,False,False,False,False,False
new3,no_extra,capsule_random,v3_new3_capsule_random_07,6,707d0a5057a8d389190d,False,False,False,False,False,False
new3,no_extra,capsule_random,v3_new3_capsule_random_08,6,d81adf2d29c2bd63db9d,False,False,False,False,False,False
new3,no_extra,capsule_random,v3_new3_capsule_random_09,6,faf10eeab93cbf1f633b,False,False,False,False,False,False
new3,no_extra,capsule_random,v3_new3_capsule_random_10,6,764f84937aaf0bdd027f,False,False,False,False,False,False
new3,no_extra,capsule_random,v3_new3_capsule_random_11,6,ffe30813e2ddc572e38f,False,False,False,False,False,False
new3,no_extra,capsule_random,v3_new3_capsule_random_12,6,a6f612617c2e4457e9b9,False,False,False,False,False,False
new3,no_extra,capsule_random,v3_new3_capsule_random_13,6,0dd637eeb61c0af9d2a7,False,False,False,False,False,False
new3,no_extra,capsule_random,v3_new3_capsule_random_14,6,bd0d55db300211f413a9,False,False,False,False,False,False
new3,no_extra,capsule_random,v3_new3_capsule_random_15,6,f70a4feaea74cd3580b8,False,False,False,False,False,False
new3,no_extra,capsule_random,v3_new3_capsule_random_16,6,db66a69617e76df684fe,False,False,False,False,False,False
new3,no_extra,capsule_random,v3_new3_capsule_random_17,6,6a3ea5540f3ef648d3af,False,False,False,False,False,False
new3,no_extra,capsule_random,v3_new3_capsule_random_18,6,1aded41747c2255d0675,False,False,False,False,False,False
new3,no_extra,capsule_random,v3_new3_capsule_random_19,6,9c6bef588fc492ed2dce,False,False,False,False,False,False
new3,no_extra,cube_random,v3_new3_cube_random_00,6,fabd5fde1f16779afe02,False,False,False,False,False,False
new3,no_extra,cube_random,v3_new3_cube_random_01,6,feb0d2cc45bc104c9e6b,True,True,True,True,False,False
new3,no_extra,cube_random,v3_new3_cube_random_02,6,a7a6295207867128e9e9,True,True,True,True,False,False
new3,no_extra,cube_random,v3_new3_cube_random_03,6,7145e6a6c696da941241,True,True,True,True,False,False
new3,no_extra,cube_random,v3_new3_cube_random_04,6,7673b7b0fa3bcdc26aa8,True,True,True,True,False,False
new3,no_extra,cube_random,v3_new3_cube_random_05,6,44dbf6b18159f9dbf0e7,True,True,True,True,False,False
new3,no_extra,cube_random,v3_new3_cube_random_06,6,6beead62e671ed559e4a,True,True,True,True,False,False
new3,no_extra,cube_random,v3_new3_cube_random_07,6,661fd0dd85ee226b4086,True,True,True,True,False,False
new3,no_extra,cube_random,v3_new3_cube_random_08,6,70d289bde58356c602cd,True,True,True,True,False,False
new3,no_extra,cube_random,v3_new3_cube_random_09,6,4fee91e90730d6d35404,True,True,True,True,False,False
new3,no_extra,cube_random,v3_new3_cube_random_10,6,cc26afc8565a710572e9,True,True,True,True,False,False
new3,no_extra,cube_random,v3_new3_cube_random_11,6,71e766638c36de144c11,True,True,True,True,False,False
new3,no_extra,cube_random,v3_new3_cube_random_12,6,30f058bc76d41f3f1a96,True,True,True,True,False,False
new3,no_extra,cube_random,v3_new3_cube_random_13,6,b3475d4c2db4c299df74,True,True,True,True,False,False
new3,no_extra,cube_random,v3_new3_cube_random_14,6,a8771e00744f3379160e,True,True,True,True,False,False
new3,no_extra,cube_random,v3_new3_cube_random_15,6,e75fd3e250b2dae3f752,True,True,True,True,False,False
new3,no_extra,cube_random,v3_new3_cube_random_16,6,e4080c25564d2b017c79,True,True,True,True,False,False
new3,no_extra,cube_random,v3_new3_cube_random_17,6,d3631c2f61c59a11e94c,True,True,True,True,False,False
new3,no_extra,cube_random,v3_new3_cube_random_18,6,66c2f65f9b96319d5e20,True,True,True,True,False,False
new3,no_extra,cube_random,v3_new3_cube_random_19,6,6d170f875af262320109,True,True,True,True,False,False
new3,no_extra,cylinder_random,v3_new3_cylinder_random_00,6,fa8e4fc50e45d6ded4ac,True,True,False,False,False,False
new3,no_extra,cylinder_random,v3_new3_cylinder_random_01,6,92a98073a77921487ca9,True,True,True,True,True,True
new3,no_extra,cylinder_random,v3_new3_cylinder_random_02,6,59bbaab23e9fe6e2fd15,False,False,False,False,False,False
new3,no_extra,cylinder_random,v3_new3_cylinder_random_03,6,edf38848bed78d065da9,True,True,True,True,True,True
new3,no_extra,cylinder_random,v3_new3_cylinder_random_04,6,e419dda9474962197f80,False,False,False,False,False,False
new3,no_extra,cylinder_random,v3_new3_cylinder_random_05,6,5a71c6bd6611fd586039,True,True,True,True,True,True
new3,no_extra,cylinder_random,v3_new3_cylinder_random_06,6,0b3f17a61ba719f27e41,True,True,True,True,True,True
new3,no_extra,cylinder_random,v3_new3_cylinder_random_07,6,1e0c316354daa90f8d9c,False,False,False,False,False,False
new3,no_extra,cylinder_random,v3_new3_cylinder_random_08,6,5a7047cf67c559dae63b,True,True,True,True,True,True
new3,no_extra,cylinder_random,v3_new3_cylinder_random_09,6,8dd0112a97fbc4af717c,True,True,True,True,True,True
new3,no_extra,cylinder_random,v3_new3_cylinder_random_10,6,765e32026134ee56cff5,False,False,False,False,False,False
new3,no_extra,cylinder_random,v3_new3_cylinder_random_11,6,2d9d322a7884c085051c,False,False,False,False,False,False
new3,no_extra,cylinder_random,v3_new3_cylinder_random_12,6,bbc5690d05f8befe52b6,True,True,True,True,True,True
new3,no_extra,cylinder_random,v3_new3_cylinder_random_13,6,dd0293ed328498d0cf1d,True,True,True,True,True,True
new3,no_extra,cylinder_random,v3_new3_cylinder_random_14,6,26d60d7d8cb7ae5744c4,True,True,True,True,True,True
new3,no_extra,cylinder_random,v3_new3_cylinder_random_15,6,291b6bec90d8fa2525b1,True,True,True,True,True,True
new3,no_extra,cylinder_random,v3_new3_cylinder_random_16,6,91f2b90699fd79274224,False,False,False,False,False,False
new3,no_extra,cylinder_random,v3_new3_cylinder_random_17,6,382096062c76fc0a5e3f,True,True,True,True,True,True
new3,no_extra,cylinder_random,v3_new3_cylinder_random_18,6,96359139f226e261084d,True,True,True,True,True,True
new3,no_extra,cylinder_random,v3_new3_cylinder_random_19,6,afab7ce25ed4fa0d4c01,False,False,False,False,False,False
new3,no_extra,flat_box_random,v3_new3_flat_box_random_00,6,4a9304a2c28934e1d9a9,True,True,True,True,False,False
new3,no_extra,flat_box_random,v3_new3_flat_box_random_01,6,670f333848db002c899c,True,True,False,False,False,False
new3,no_extra,flat_box_random,v3_new3_flat_box_random_02,6,b1cf010a4f86d30005a8,True,True,False,False,False,False
new3,no_extra,flat_box_random,v3_new3_flat_box_random_03,6,230830c9473fcb484f0e,False,False,False,False,False,False
new3,no_extra,flat_box_random,v3_new3_flat_box_random_04,6,249e2358649da04e8869,False,False,False,False,False,False
new3,no_extra,flat_box_random,v3_new3_flat_box_random_05,6,8b92d2279506ef7e540f,False,False,False,False,False,False
new3,no_extra,flat_box_random,v3_new3_flat_box_random_06,6,706ea8939674ba46fbc4,True,True,True,True,False,False
new3,no_extra,flat_box_random,v3_new3_flat_box_random_07,6,f1e0e1b7a25fe2085709,False,False,False,False,False,False
new3,no_extra,flat_box_random,v3_new3_flat_box_random_08,6,ae86f0413f5cea9ab7bf,False,False,False,False,False,False
new3,no_extra,flat_box_random,v3_new3_flat_box_random_09,6,24af05a83d2b6a8d9a1d,True,True,True,True,False,False
new3,no_extra,flat_box_random,v3_new3_flat_box_random_10,6,1323a8ecdf3133ee86df,False,False,False,False,False,False
new3,no_extra,flat_box_random,v3_new3_flat_box_random_11,6,33fd0db2cf963265ab5a,True,True,True,True,False,False
new3,no_extra,flat_box_random,v3_new3_flat_box_random_12,6,0595e356e7747a5f25f2,True,True,True,True,False,False
new3,no_extra,flat_box_random,v3_new3_flat_box_random_13,6,7a27eea47543420761dd,True,True,True,True,False,False
new3,no_extra,flat_box_random,v3_new3_flat_box_random_14,6,a248bcb3a6cfb751b4ca,False,False,False,False,False,False
new3,no_extra,flat_box_random,v3_new3_flat_box_random_15,6,7f105c57f2e5e1a2d43a,False,False,False,False,False,False
new3,no_extra,flat_box_random,v3_new3_flat_box_random_16,6,ddfae441bf41097418f3,False,False,False,False,False,False
new3,no_extra,flat_box_random,v3_new3_flat_box_random_17,6,ff59f48992c9d06b4398,True,True,True,True,False,False
new3,no_extra,flat_box_random,v3_new3_flat_box_random_18,6,e3243adb62a690238cd3,True,True,True,True,False,False
new3,no_extra,flat_box_random,v3_new3_flat_box_random_19,6,6d3db4b1b3ba06cb4435,False,False,False,False,False,False
new3,no_extra,sphere_random,v3_new3_sphere_random_00,6,cdb6c54d3356982a0c3d,False,False,False,False,False,False
new3,no_extra,sphere_random,v3_new3_sphere_random_01,6,6d0551446ccaaffbcd78,False,False,False,False,False,False
new3,no_extra,sphere_random,v3_new3_sphere_random_02,6,905a38fc7ce94fe717d8,False,False,False,False,False,False
new3,no_extra,sphere_random,v3_new3_sphere_random_03,6,0b077e0abb206c63c5ca,False,False,False,False,False,False
new3,no_extra,sphere_random,v3_new3_sphere_random_04,6,293ae4f2544c5d5b4192,False,False,False,False,False,False
new3,no_extra,sphere_random,v3_new3_sphere_random_05,6,28fdf203b54ce10f71e8,False,False,False,False,False,False
new3,no_extra,sphere_random,v3_new3_sphere_random_06,6,c2bd3bfc38edf4ce8f91,True,True,True,True,True,True
new3,no_extra,sphere_random,v3_new3_sphere_random_07,6,1af029408b61d5cb8594,False,False,False,False,False,False
new3,no_extra,sphere_random,v3_new3_sphere_random_08,6,c2b839e2fb2ded844a4d,False,False,False,False,False,False
new3,no_extra,sphere_random,v3_new3_sphere_random_09,6,b8f761cdf703724b2328,False,False,False,False,False,False
new3,no_extra,sphere_random,v3_new3_sphere_random_10,6,2fe368fc580ca1277ce0,False,False,False,False,False,False
new3,no_extra,sphere_random,v3_new3_sphere_random_11,6,11b518bfc132953fff46,False,False,False,False,False,False
new3,no_extra,sphere_random,v3_new3_sphere_random_12,6,e9e9eb699e0452236ae7,False,False,False,False,False,False
new3,no_extra,sphere_random,v3_new3_sphere_random_13,6,a829f1e2d6bbb7d4314f,False,False,False,False,False,False
new3,no_extra,sphere_random,v3_new3_sphere_random_14,6,ec616b11eac1b44f939e,False,False,False,False,False,False
new3,no_extra,sphere_random,v3_new3_sphere_random_15,6,83cbf8b3103b7a1b6790,False,False,False,False,False,False
new3,no_extra,sphere_random,v3_new3_sphere_random_16,6,8b55e910f490c1e779e1,False,False,False,False,False,False
new3,no_extra,sphere_random,v3_new3_sphere_random_17,6,23e70759e95ad2fe2bc4,False,False,False,False,False,False
new3,no_extra,sphere_random,v3_new3_sphere_random_18,6,83b4b1b233b22c5a81d9,False,False,False,False,False,False
new3,no_extra,sphere_random,v3_new3_sphere_random_19,6,3246044e75a5c1c698ea,False,False,False,False,False,False
new3,repair,bar_random,v3_new3_bar_random_00,1,97b545d25697cfd2479e,True,True,True,True,False,False
new3,repair,bar_random,v3_new3_bar_random_00,3,2c83c954f73b940851d9,True,True,True,True,False,False
new3,repair,bar_random,v3_new3_bar_random_00,6,2c83c954f73b940851d9,True,True,True,True,False,False
new3,repair,bar_random,v3_new3_bar_random_01,1,6b2a32e58609c9fd808d,False,False,False,False,False,False
new3,repair,bar_random,v3_new3_bar_random_01,3,793e2aa8a101a35275a7,True,True,True,True,False,False
new3,repair,bar_random,v3_new3_bar_random_01,6,793e2aa8a101a35275a7,True,True,True,True,False,False
new3,repair,bar_random,v3_new3_bar_random_02,1,4f01ba02077dc7840915,False,False,False,False,False,False
new3,repair,bar_random,v3_new3_bar_random_02,3,f015626683767e5a234e,True,True,True,True,False,False
new3,repair,bar_random,v3_new3_bar_random_02,6,f015626683767e5a234e,True,True,True,True,False,False
new3,repair,bar_random,v3_new3_bar_random_03,1,67a965ed7d8e88eeab5f,False,False,False,False,False,False
new3,repair,bar_random,v3_new3_bar_random_03,3,a43f67bdf9702dea3fd3,False,False,False,False,False,False
new3,repair,bar_random,v3_new3_bar_random_03,6,a43f67bdf9702dea3fd3,False,False,False,False,False,False
new3,repair,bar_random,v3_new3_bar_random_04,1,ec496b3c24fd66bffd1a,False,False,False,False,False,False
new3,repair,bar_random,v3_new3_bar_random_04,3,d649de70f7a9c76e4ae9,False,False,False,False,False,False
new3,repair,bar_random,v3_new3_bar_random_04,6,d649de70f7a9c76e4ae9,False,False,False,False,False,False
new3,repair,bar_random,v3_new3_bar_random_05,1,21f8d90ea02c9ae8069e,True,True,True,True,False,False
new3,repair,bar_random,v3_new3_bar_random_05,3,21f8d90ea02c9ae8069e,True,True,True,True,False,False
new3,repair,bar_random,v3_new3_bar_random_05,6,dd40f1f1098d092ee5c4,True,True,True,True,False,False
new3,repair,bar_random,v3_new3_bar_random_06,1,1c92cc1227bb1d424e64,False,False,False,False,False,False
new3,repair,bar_random,v3_new3_bar_random_06,3,1c92cc1227bb1d424e64,False,False,False,False,False,False
new3,repair,bar_random,v3_new3_bar_random_06,6,3cf1dc9e573038250e00,False,False,False,False,False,False
new3,repair,bar_random,v3_new3_bar_random_07,1,9facb6d9060125a1fdaa,False,False,False,False,False,False
new3,repair,bar_random,v3_new3_bar_random_07,3,71d6a6b14fd9606f7034,False,False,False,False,False,False
new3,repair,bar_random,v3_new3_bar_random_07,6,71d6a6b14fd9606f7034,False,False,False,False,False,False
new3,repair,bar_random,v3_new3_bar_random_08,1,fb707eeb3e64b297ad3a,False,False,False,False,False,False
new3,repair,bar_random,v3_new3_bar_random_08,3,35f053eb82d95de541db,False,False,False,False,False,False
new3,repair,bar_random,v3_new3_bar_random_08,6,b2c21cb48d2b9f7827c9,False,False,False,False,False,False
new3,repair,bar_random,v3_new3_bar_random_09,1,4b69139623526ef5cc6e,False,False,False,False,False,False
new3,repair,bar_random,v3_new3_bar_random_09,3,6f774dcd372c4886d2b2,True,True,True,True,False,False
new3,repair,bar_random,v3_new3_bar_random_09,6,6f774dcd372c4886d2b2,True,True,True,True,False,False
new3,repair,bar_random,v3_new3_bar_random_10,1,dbc6ac6a2d573159c06a,True,True,True,True,False,False
new3,repair,bar_random,v3_new3_bar_random_10,3,dbc6ac6a2d573159c06a,True,True,True,True,False,False
new3,repair,bar_random,v3_new3_bar_random_10,6,008da7e74f78f588b3ec,True,True,True,True,False,False
new3,repair,bar_random,v3_new3_bar_random_11,1,655b2032f31fac46ad0b,False,False,False,False,False,False
new3,repair,bar_random,v3_new3_bar_random_11,3,655b2032f31fac46ad0b,False,False,False,False,False,False
new3,repair,bar_random,v3_new3_bar_random_11,6,172164789e02d47b7441,False,False,False,False,False,False
new3,repair,bar_random,v3_new3_bar_random_12,1,22883faa361099e8d2d5,True,True,True,True,False,False
new3,repair,bar_random,v3_new3_bar_random_12,3,22883faa361099e8d2d5,True,True,True,True,False,False
new3,repair,bar_random,v3_new3_bar_random_12,6,22883faa361099e8d2d5,True,True,True,True,False,False
new3,repair,bar_random,v3_new3_bar_random_13,1,15e5df971b4bac4019d0,False,False,False,False,False,False
new3,repair,bar_random,v3_new3_bar_random_13,3,5b430a349ce56c8c6646,False,False,False,False,False,False
new3,repair,bar_random,v3_new3_bar_random_13,6,5b430a349ce56c8c6646,False,False,False,False,False,False
new3,repair,bar_random,v3_new3_bar_random_14,1,02c061b3a4327415e392,False,False,False,False,False,False
new3,repair,bar_random,v3_new3_bar_random_14,3,f201c6e455318fb64188,False,False,False,False,False,False
new3,repair,bar_random,v3_new3_bar_random_14,6,8422e8d59645f23e66b5,False,False,False,False,False,False
new3,repair,bar_random,v3_new3_bar_random_15,1,201086aa45c5cc147335,False,False,False,False,False,False
new3,repair,bar_random,v3_new3_bar_random_15,3,8076d972020a223805e1,False,False,False,False,False,False
new3,repair,bar_random,v3_new3_bar_random_15,6,d51671a9d7dee86f2940,True,True,True,True,False,False
new3,repair,bar_random,v3_new3_bar_random_16,1,9f554396406df227e5de,True,True,True,True,False,False
new3,repair,bar_random,v3_new3_bar_random_16,3,9f554396406df227e5de,True,True,True,True,False,False
new3,repair,bar_random,v3_new3_bar_random_16,6,9f554396406df227e5de,True,True,True,True,False,False
new3,repair,bar_random,v3_new3_bar_random_17,1,6ea19705de327434bc42,False,False,False,False,False,False
new3,repair,bar_random,v3_new3_bar_random_17,3,6ea19705de327434bc42,False,False,False,False,False,False
new3,repair,bar_random,v3_new3_bar_random_17,6,b58ba3cd30abbc4705bb,False,False,False,False,False,False
new3,repair,bar_random,v3_new3_bar_random_18,1,caed6618a2f7b9f7113b,True,True,True,True,False,False
new3,repair,bar_random,v3_new3_bar_random_18,3,caed6618a2f7b9f7113b,True,True,True,True,False,False
new3,repair,bar_random,v3_new3_bar_random_18,6,caed6618a2f7b9f7113b,True,True,True,True,False,False
new3,repair,bar_random,v3_new3_bar_random_19,1,2b0a0b6bdb1b53c9d0c5,False,False,False,False,False,False
new3,repair,bar_random,v3_new3_bar_random_19,3,83fd4c9affefa260707d,False,False,False,False,False,False
new3,repair,bar_random,v3_new3_bar_random_19,6,83fd4c9affefa260707d,False,False,False,False,False,False
new3,repair,capsule_random,v3_new3_capsule_random_00,1,ce94fda530a9cfeec7b4,False,False,False,False,False,False
new3,repair,capsule_random,v3_new3_capsule_random_00,3,bfc30dd13f12bcfa3012,False,False,False,False,False,False
new3,repair,capsule_random,v3_new3_capsule_random_00,6,fee505e0235469264996,False,False,False,False,False,False
new3,repair,capsule_random,v3_new3_capsule_random_01,1,719988f60729af6f2fee,False,False,False,False,False,False
new3,repair,capsule_random,v3_new3_capsule_random_01,3,f1bec3a6265cf2fd3bd6,False,False,False,False,False,False
new3,repair,capsule_random,v3_new3_capsule_random_01,6,776aef1fb036aab34556,False,False,False,False,False,False
new3,repair,capsule_random,v3_new3_capsule_random_02,1,6ab133e7f2134f3b5b50,False,False,False,False,False,False
new3,repair,capsule_random,v3_new3_capsule_random_02,3,6ab133e7f2134f3b5b50,False,False,False,False,False,False
new3,repair,capsule_random,v3_new3_capsule_random_02,6,3f9268c9cbc9cc77cf6f,False,False,False,False,False,False
new3,repair,capsule_random,v3_new3_capsule_random_03,1,66e35933c34e4e0b9468,False,False,False,False,False,False
new3,repair,capsule_random,v3_new3_capsule_random_03,3,4f498a311d892011e28f,False,False,False,False,False,False
new3,repair,capsule_random,v3_new3_capsule_random_03,6,4f498a311d892011e28f,False,False,False,False,False,False
new3,repair,capsule_random,v3_new3_capsule_random_04,1,94e3b5da566e5b2411f9,False,False,False,False,False,False
new3,repair,capsule_random,v3_new3_capsule_random_04,3,94e3b5da566e5b2411f9,False,False,False,False,False,False
new3,repair,capsule_random,v3_new3_capsule_random_04,6,94e3b5da566e5b2411f9,False,False,False,False,False,False
new3,repair,capsule_random,v3_new3_capsule_random_05,1,ec6766001e80715f05db,False,False,False,False,False,False
new3,repair,capsule_random,v3_new3_capsule_random_05,3,23aba62f4bcb6025d4f1,False,False,False,False,False,False
new3,repair,capsule_random,v3_new3_capsule_random_05,6,abf0c925c65231f4323b,False,False,False,False,False,False
new3,repair,capsule_random,v3_new3_capsule_random_06,1,27321ab3220b9587fc92,False,False,False,False,False,False
new3,repair,capsule_random,v3_new3_capsule_random_06,3,5b6967aa7bb86521c1a2,False,False,False,False,False,False
new3,repair,capsule_random,v3_new3_capsule_random_06,6,5b6967aa7bb86521c1a2,False,False,False,False,False,False
new3,repair,capsule_random,v3_new3_capsule_random_07,1,a092ba7aba5364d86c60,False,False,False,False,False,False
new3,repair,capsule_random,v3_new3_capsule_random_07,3,18563c1e7fd4df2aff7e,False,False,False,False,False,False
new3,repair,capsule_random,v3_new3_capsule_random_07,6,707d0a5057a8d389190d,False,False,False,False,False,False
new3,repair,capsule_random,v3_new3_capsule_random_08,1,66c3864b614a27986c99,False,False,False,False,False,False
new3,repair,capsule_random,v3_new3_capsule_random_08,3,66c3864b614a27986c99,False,False,False,False,False,False
new3,repair,capsule_random,v3_new3_capsule_random_08,6,d81adf2d29c2bd63db9d,False,False,False,False,False,False
new3,repair,capsule_random,v3_new3_capsule_random_09,1,faf10eeab93cbf1f633b,False,False,False,False,False,False
new3,repair,capsule_random,v3_new3_capsule_random_09,3,faf10eeab93cbf1f633b,False,False,False,False,False,False
new3,repair,capsule_random,v3_new3_capsule_random_09,6,faf10eeab93cbf1f633b,False,False,False,False,False,False
new3,repair,capsule_random,v3_new3_capsule_random_10,1,764f84937aaf0bdd027f,False,False,False,False,False,False
new3,repair,capsule_random,v3_new3_capsule_random_10,3,764f84937aaf0bdd027f,False,False,False,False,False,False
new3,repair,capsule_random,v3_new3_capsule_random_10,6,764f84937aaf0bdd027f,False,False,False,False,False,False
new3,repair,capsule_random,v3_new3_capsule_random_11,1,272f7888480831ec66a4,False,False,False,False,False,False
new3,repair,capsule_random,v3_new3_capsule_random_11,3,ffe30813e2ddc572e38f,False,False,False,False,False,False
new3,repair,capsule_random,v3_new3_capsule_random_11,6,ffe30813e2ddc572e38f,False,False,False,False,False,False
new3,repair,capsule_random,v3_new3_capsule_random_12,1,d90902fc47c53e88d95d,False,False,False,False,False,False
new3,repair,capsule_random,v3_new3_capsule_random_12,3,136e36c3c1bf2759d3fe,False,False,False,False,False,False
new3,repair,capsule_random,v3_new3_capsule_random_12,6,a6f612617c2e4457e9b9,False,False,False,False,False,False
new3,repair,capsule_random,v3_new3_capsule_random_13,1,79e2a90d726421da6699,False,False,False,False,False,False
new3,repair,capsule_random,v3_new3_capsule_random_13,3,22bac7be4c32fc0b035c,False,False,False,False,False,False
new3,repair,capsule_random,v3_new3_capsule_random_13,6,0dd637eeb61c0af9d2a7,False,False,False,False,False,False
new3,repair,capsule_random,v3_new3_capsule_random_14,1,96551e55d914c92299d2,False,False,False,False,False,False
new3,repair,capsule_random,v3_new3_capsule_random_14,3,96551e55d914c92299d2,False,False,False,False,False,False
new3,repair,capsule_random,v3_new3_capsule_random_14,6,bd0d55db300211f413a9,False,False,False,False,False,False
new3,repair,capsule_random,v3_new3_capsule_random_15,1,7af750e49c3b17ed62ed,False,False,False,False,False,False
new3,repair,capsule_random,v3_new3_capsule_random_15,3,348def8620da3c235a35,False,False,False,False,False,False
new3,repair,capsule_random,v3_new3_capsule_random_15,6,f70a4feaea74cd3580b8,False,False,False,False,False,False
new3,repair,capsule_random,v3_new3_capsule_random_16,1,36157d40839ad3ff5425,False,False,False,False,False,False
new3,repair,capsule_random,v3_new3_capsule_random_16,3,36157d40839ad3ff5425,False,False,False,False,False,False
new3,repair,capsule_random,v3_new3_capsule_random_16,6,db66a69617e76df684fe,False,False,False,False,False,False
new3,repair,capsule_random,v3_new3_capsule_random_17,1,6a3ea5540f3ef648d3af,False,False,False,False,False,False
new3,repair,capsule_random,v3_new3_capsule_random_17,3,6a3ea5540f3ef648d3af,False,False,False,False,False,False
new3,repair,capsule_random,v3_new3_capsule_random_17,6,6a3ea5540f3ef648d3af,False,False,False,False,False,False
new3,repair,capsule_random,v3_new3_capsule_random_18,1,35a038e8feed9177c98b,False,False,False,False,False,False
new3,repair,capsule_random,v3_new3_capsule_random_18,3,c91de892bd8e9e8edcb4,False,False,False,False,False,False
new3,repair,capsule_random,v3_new3_capsule_random_18,6,1aded41747c2255d0675,False,False,False,False,False,False
new3,repair,capsule_random,v3_new3_capsule_random_19,1,5670d8aa4a83dcf4ca6b,False,False,False,False,False,False
new3,repair,capsule_random,v3_new3_capsule_random_19,3,5670d8aa4a83dcf4ca6b,False,False,False,False,False,False
new3,repair,capsule_random,v3_new3_capsule_random_19,6,9c6bef588fc492ed2dce,False,False,False,False,False,False
new3,repair,cube_random,v3_new3_cube_random_00,1,fabd5fde1f16779afe02,False,False,False,False,False,False
new3,repair,cube_random,v3_new3_cube_random_00,3,fabd5fde1f16779afe02,False,False,False,False,False,False
new3,repair,cube_random,v3_new3_cube_random_00,6,fabd5fde1f16779afe02,False,False,False,False,False,False
new3,repair,cube_random,v3_new3_cube_random_01,1,8e2d395b57c4b8c7f72d,False,False,False,False,False,False
new3,repair,cube_random,v3_new3_cube_random_01,3,feb0d2cc45bc104c9e6b,True,True,True,True,False,False
new3,repair,cube_random,v3_new3_cube_random_01,6,feb0d2cc45bc104c9e6b,True,True,True,True,False,False
new3,repair,cube_random,v3_new3_cube_random_02,1,a7a6295207867128e9e9,True,True,True,True,False,False
new3,repair,cube_random,v3_new3_cube_random_02,3,a7a6295207867128e9e9,True,True,True,True,False,False
new3,repair,cube_random,v3_new3_cube_random_02,6,a7a6295207867128e9e9,True,True,True,True,False,False
new3,repair,cube_random,v3_new3_cube_random_03,1,759cd10ed39bef94d39a,False,False,False,False,False,False
new3,repair,cube_random,v3_new3_cube_random_03,3,7145e6a6c696da941241,True,True,True,True,False,False
new3,repair,cube_random,v3_new3_cube_random_03,6,7145e6a6c696da941241,True,True,True,True,False,False
new3,repair,cube_random,v3_new3_cube_random_04,1,7673b7b0fa3bcdc26aa8,True,True,True,True,False,False
new3,repair,cube_random,v3_new3_cube_random_04,3,7673b7b0fa3bcdc26aa8,True,True,True,True,False,False
new3,repair,cube_random,v3_new3_cube_random_04,6,7673b7b0fa3bcdc26aa8,True,True,True,True,False,False
new3,repair,cube_random,v3_new3_cube_random_05,1,42d7f6bc04675545b739,False,False,False,False,False,False
new3,repair,cube_random,v3_new3_cube_random_05,3,44dbf6b18159f9dbf0e7,True,True,True,True,False,False
new3,repair,cube_random,v3_new3_cube_random_05,6,44dbf6b18159f9dbf0e7,True,True,True,True,False,False
new3,repair,cube_random,v3_new3_cube_random_06,1,6b1a08511246b55a6861,True,True,True,True,False,False
new3,repair,cube_random,v3_new3_cube_random_06,3,6beead62e671ed559e4a,True,True,True,True,False,False
new3,repair,cube_random,v3_new3_cube_random_06,6,6beead62e671ed559e4a,True,True,True,True,False,False
new3,repair,cube_random,v3_new3_cube_random_07,1,e2360b2b085dec1062b1,True,True,True,True,False,False
new3,repair,cube_random,v3_new3_cube_random_07,3,661fd0dd85ee226b4086,True,True,True,True,False,False
new3,repair,cube_random,v3_new3_cube_random_07,6,661fd0dd85ee226b4086,True,True,True,True,False,False
new3,repair,cube_random,v3_new3_cube_random_08,1,70d289bde58356c602cd,True,True,True,True,False,False
new3,repair,cube_random,v3_new3_cube_random_08,3,70d289bde58356c602cd,True,True,True,True,False,False
new3,repair,cube_random,v3_new3_cube_random_08,6,70d289bde58356c602cd,True,True,True,True,False,False
new3,repair,cube_random,v3_new3_cube_random_09,1,34eb7993ace16735dc93,True,True,True,True,False,False
new3,repair,cube_random,v3_new3_cube_random_09,3,34eb7993ace16735dc93,True,True,True,True,False,False
new3,repair,cube_random,v3_new3_cube_random_09,6,4fee91e90730d6d35404,True,True,True,True,False,False
new3,repair,cube_random,v3_new3_cube_random_10,1,44c72d866d9b721836db,False,False,False,False,False,False
new3,repair,cube_random,v3_new3_cube_random_10,3,cc26afc8565a710572e9,True,True,True,True,False,False
new3,repair,cube_random,v3_new3_cube_random_10,6,cc26afc8565a710572e9,True,True,True,True,False,False
new3,repair,cube_random,v3_new3_cube_random_11,1,9f78b867ab5f5a761b0a,False,False,False,False,False,False
new3,repair,cube_random,v3_new3_cube_random_11,3,71e766638c36de144c11,True,True,True,True,False,False
new3,repair,cube_random,v3_new3_cube_random_11,6,71e766638c36de144c11,True,True,True,True,False,False
new3,repair,cube_random,v3_new3_cube_random_12,1,622d6446ccbdfdd0f6c6,False,False,False,False,False,False
new3,repair,cube_random,v3_new3_cube_random_12,3,30f058bc76d41f3f1a96,True,True,True,True,False,False
new3,repair,cube_random,v3_new3_cube_random_12,6,30f058bc76d41f3f1a96,True,True,True,True,False,False
new3,repair,cube_random,v3_new3_cube_random_13,1,c5eed1152b8fa25913c7,True,True,True,True,False,False
new3,repair,cube_random,v3_new3_cube_random_13,3,b3475d4c2db4c299df74,True,True,True,True,False,False
new3,repair,cube_random,v3_new3_cube_random_13,6,b3475d4c2db4c299df74,True,True,True,True,False,False
new3,repair,cube_random,v3_new3_cube_random_14,1,e10ff1b145ae6d97e3fa,False,False,False,False,False,False
new3,repair,cube_random,v3_new3_cube_random_14,3,a8771e00744f3379160e,True,True,True,True,False,False
new3,repair,cube_random,v3_new3_cube_random_14,6,a8771e00744f3379160e,True,True,True,True,False,False
new3,repair,cube_random,v3_new3_cube_random_15,1,eb2ca70710ab65de68c2,False,False,False,False,False,False
new3,repair,cube_random,v3_new3_cube_random_15,3,e75fd3e250b2dae3f752,True,True,True,True,False,False
new3,repair,cube_random,v3_new3_cube_random_15,6,e75fd3e250b2dae3f752,True,True,True,True,False,False
new3,repair,cube_random,v3_new3_cube_random_16,1,e4080c25564d2b017c79,True,True,True,True,False,False
new3,repair,cube_random,v3_new3_cube_random_16,3,e4080c25564d2b017c79,True,True,True,True,False,False
new3,repair,cube_random,v3_new3_cube_random_16,6,e4080c25564d2b017c79,True,True,True,True,False,False
new3,repair,cube_random,v3_new3_cube_random_17,1,d3631c2f61c59a11e94c,True,True,True,True,False,False
new3,repair,cube_random,v3_new3_cube_random_17,3,d3631c2f61c59a11e94c,True,True,True,True,False,False
new3,repair,cube_random,v3_new3_cube_random_17,6,d3631c2f61c59a11e94c,True,True,True,True,False,False
new3,repair,cube_random,v3_new3_cube_random_18,1,a66d0fe2aa2fc20396e4,False,False,False,False,False,False
new3,repair,cube_random,v3_new3_cube_random_18,3,66c2f65f9b96319d5e20,True,True,True,True,False,False
new3,repair,cube_random,v3_new3_cube_random_18,6,66c2f65f9b96319d5e20,True,True,True,True,False,False
new3,repair,cube_random,v3_new3_cube_random_19,1,5004e7957ef7ecb42076,False,False,False,False,False,False
new3,repair,cube_random,v3_new3_cube_random_19,3,6d170f875af262320109,True,True,True,True,False,False
new3,repair,cube_random,v3_new3_cube_random_19,6,6d170f875af262320109,True,True,True,True,False,False
new3,repair,cylinder_random,v3_new3_cylinder_random_00,1,149819b300e1b9e6a087,False,False,False,False,False,False
new3,repair,cylinder_random,v3_new3_cylinder_random_00,3,149819b300e1b9e6a087,False,False,False,False,False,False
new3,repair,cylinder_random,v3_new3_cylinder_random_00,6,fa8e4fc50e45d6ded4ac,True,True,False,False,False,False
new3,repair,cylinder_random,v3_new3_cylinder_random_01,1,c6f612e4902983e4fb8d,False,False,False,False,False,False
new3,repair,cylinder_random,v3_new3_cylinder_random_01,3,19c0f0245669ab0790e6,False,False,False,False,False,False
new3,repair,cylinder_random,v3_new3_cylinder_random_01,6,92a98073a77921487ca9,True,True,True,True,True,True
new3,repair,cylinder_random,v3_new3_cylinder_random_02,1,59bbaab23e9fe6e2fd15,False,False,False,False,False,False
new3,repair,cylinder_random,v3_new3_cylinder_random_02,3,59bbaab23e9fe6e2fd15,False,False,False,False,False,False
new3,repair,cylinder_random,v3_new3_cylinder_random_02,6,59bbaab23e9fe6e2fd15,False,False,False,False,False,False
new3,repair,cylinder_random,v3_new3_cylinder_random_03,1,f2087ef3793ae9cc0995,False,False,False,False,False,False
new3,repair,cylinder_random,v3_new3_cylinder_random_03,3,edf38848bed78d065da9,True,True,True,True,True,True
new3,repair,cylinder_random,v3_new3_cylinder_random_03,6,edf38848bed78d065da9,True,True,True,True,True,True
new3,repair,cylinder_random,v3_new3_cylinder_random_04,1,b38a4f821535868077f6,False,False,False,False,False,False
new3,repair,cylinder_random,v3_new3_cylinder_random_04,3,18bf9407e9b00e194bc6,False,False,False,False,False,False
new3,repair,cylinder_random,v3_new3_cylinder_random_04,6,e419dda9474962197f80,False,False,False,False,False,False
new3,repair,cylinder_random,v3_new3_cylinder_random_05,1,5a71c6bd6611fd586039,True,True,True,True,True,True
new3,repair,cylinder_random,v3_new3_cylinder_random_05,3,5a71c6bd6611fd586039,True,True,True,True,True,True
new3,repair,cylinder_random,v3_new3_cylinder_random_05,6,5a71c6bd6611fd586039,True,True,True,True,True,True
new3,repair,cylinder_random,v3_new3_cylinder_random_06,1,9abf5dae8cd8f6fcb43c,True,True,True,True,True,True
new3,repair,cylinder_random,v3_new3_cylinder_random_06,3,0b3f17a61ba719f27e41,True,True,True,True,True,True
new3,repair,cylinder_random,v3_new3_cylinder_random_06,6,0b3f17a61ba719f27e41,True,True,True,True,True,True
new3,repair,cylinder_random,v3_new3_cylinder_random_07,1,c2b2fc1702f78b4f9a78,False,False,False,False,False,False
new3,repair,cylinder_random,v3_new3_cylinder_random_07,3,ad4d745abdf904ab496e,False,False,False,False,False,False
new3,repair,cylinder_random,v3_new3_cylinder_random_07,6,1e0c316354daa90f8d9c,False,False,False,False,False,False
new3,repair,cylinder_random,v3_new3_cylinder_random_08,1,91cc5471ab4fdd5c278b,False,False,False,False,False,False
new3,repair,cylinder_random,v3_new3_cylinder_random_08,3,5a7047cf67c559dae63b,True,True,True,True,True,True
new3,repair,cylinder_random,v3_new3_cylinder_random_08,6,5a7047cf67c559dae63b,True,True,True,True,True,True
new3,repair,cylinder_random,v3_new3_cylinder_random_09,1,08678010a6771b246116,False,False,False,False,False,False
new3,repair,cylinder_random,v3_new3_cylinder_random_09,3,8dd0112a97fbc4af717c,True,True,True,True,True,True
new3,repair,cylinder_random,v3_new3_cylinder_random_09,6,8dd0112a97fbc4af717c,True,True,True,True,True,True
new3,repair,cylinder_random,v3_new3_cylinder_random_10,1,765e32026134ee56cff5,False,False,False,False,False,False
new3,repair,cylinder_random,v3_new3_cylinder_random_10,3,765e32026134ee56cff5,False,False,False,False,False,False
new3,repair,cylinder_random,v3_new3_cylinder_random_10,6,765e32026134ee56cff5,False,False,False,False,False,False
new3,repair,cylinder_random,v3_new3_cylinder_random_11,1,6b9159cc3607d10ef151,False,False,False,False,False,False
new3,repair,cylinder_random,v3_new3_cylinder_random_11,3,b88cd6cfce1710e2627e,False,False,False,False,False,False
new3,repair,cylinder_random,v3_new3_cylinder_random_11,6,2d9d322a7884c085051c,False,False,False,False,False,False
new3,repair,cylinder_random,v3_new3_cylinder_random_12,1,b42b1c1b46a1968c8b68,False,False,False,False,False,False
new3,repair,cylinder_random,v3_new3_cylinder_random_12,3,bbc5690d05f8befe52b6,True,True,True,True,True,True
new3,repair,cylinder_random,v3_new3_cylinder_random_12,6,bbc5690d05f8befe52b6,True,True,True,True,True,True
new3,repair,cylinder_random,v3_new3_cylinder_random_13,1,fa6d245c3b59d4bc7f7a,False,False,False,False,False,False
new3,repair,cylinder_random,v3_new3_cylinder_random_13,3,4ec77105dce1b41b739f,False,False,False,False,False,False
new3,repair,cylinder_random,v3_new3_cylinder_random_13,6,dd0293ed328498d0cf1d,True,True,True,True,True,True
new3,repair,cylinder_random,v3_new3_cylinder_random_14,1,9036770f374d56d82cd3,True,True,True,True,True,True
new3,repair,cylinder_random,v3_new3_cylinder_random_14,3,9036770f374d56d82cd3,True,True,True,True,True,True
new3,repair,cylinder_random,v3_new3_cylinder_random_14,6,26d60d7d8cb7ae5744c4,True,True,True,True,True,True
new3,repair,cylinder_random,v3_new3_cylinder_random_15,1,66a56d8a30d4a34ac449,False,False,False,False,False,False
new3,repair,cylinder_random,v3_new3_cylinder_random_15,3,085a43e0cf76ddfa65e6,False,False,False,False,False,False
new3,repair,cylinder_random,v3_new3_cylinder_random_15,6,291b6bec90d8fa2525b1,True,True,True,True,True,True
new3,repair,cylinder_random,v3_new3_cylinder_random_16,1,d2c231cf318ab55bc7a4,False,False,False,False,False,False
new3,repair,cylinder_random,v3_new3_cylinder_random_16,3,e2636d36fb3b6434701a,False,False,False,False,False,False
new3,repair,cylinder_random,v3_new3_cylinder_random_16,6,91f2b90699fd79274224,False,False,False,False,False,False
new3,repair,cylinder_random,v3_new3_cylinder_random_17,1,dea0e169d8a3f29a94ae,False,False,False,False,False,False
new3,repair,cylinder_random,v3_new3_cylinder_random_17,3,382096062c76fc0a5e3f,True,True,True,True,True,True
new3,repair,cylinder_random,v3_new3_cylinder_random_17,6,382096062c76fc0a5e3f,True,True,True,True,True,True
new3,repair,cylinder_random,v3_new3_cylinder_random_18,1,4097ad83ab79b5fa09e7,False,False,False,False,False,False
new3,repair,cylinder_random,v3_new3_cylinder_random_18,3,efed7b537920f1d201a4,True,True,True,True,True,True
new3,repair,cylinder_random,v3_new3_cylinder_random_18,6,96359139f226e261084d,True,True,True,True,True,True
new3,repair,cylinder_random,v3_new3_cylinder_random_19,1,7b090a1ddf49f5cfd0c4,False,False,False,False,False,False
new3,repair,cylinder_random,v3_new3_cylinder_random_19,3,a2bac40ca60437d1a5e9,False,False,False,False,False,False
new3,repair,cylinder_random,v3_new3_cylinder_random_19,6,afab7ce25ed4fa0d4c01,False,False,False,False,False,False
new3,repair,flat_box_random,v3_new3_flat_box_random_00,1,553e3bdc1deec347e898,True,True,False,False,False,False
new3,repair,flat_box_random,v3_new3_flat_box_random_00,3,4a9304a2c28934e1d9a9,True,True,True,True,False,False
new3,repair,flat_box_random,v3_new3_flat_box_random_00,6,4a9304a2c28934e1d9a9,True,True,True,True,False,False
new3,repair,flat_box_random,v3_new3_flat_box_random_01,1,170a2c602787b1438683,False,False,False,False,False,False
new3,repair,flat_box_random,v3_new3_flat_box_random_01,3,670f333848db002c899c,True,True,False,False,False,False
new3,repair,flat_box_random,v3_new3_flat_box_random_01,6,670f333848db002c899c,True,True,False,False,False,False
new3,repair,flat_box_random,v3_new3_flat_box_random_02,1,d51214e1236685ca5ca7,False,False,False,False,False,False
new3,repair,flat_box_random,v3_new3_flat_box_random_02,3,b1cf010a4f86d30005a8,True,True,False,False,False,False
new3,repair,flat_box_random,v3_new3_flat_box_random_02,6,b1cf010a4f86d30005a8,True,True,False,False,False,False
new3,repair,flat_box_random,v3_new3_flat_box_random_03,1,e043d6df7ccd5aa972b4,False,False,False,False,False,False
new3,repair,flat_box_random,v3_new3_flat_box_random_03,3,230830c9473fcb484f0e,False,False,False,False,False,False
new3,repair,flat_box_random,v3_new3_flat_box_random_03,6,230830c9473fcb484f0e,False,False,False,False,False,False
new3,repair,flat_box_random,v3_new3_flat_box_random_04,1,249e2358649da04e8869,False,False,False,False,False,False
new3,repair,flat_box_random,v3_new3_flat_box_random_04,3,249e2358649da04e8869,False,False,False,False,False,False
new3,repair,flat_box_random,v3_new3_flat_box_random_04,6,249e2358649da04e8869,False,False,False,False,False,False
new3,repair,flat_box_random,v3_new3_flat_box_random_05,1,b8f6a2958876839284d5,False,False,False,False,False,False
new3,repair,flat_box_random,v3_new3_flat_box_random_05,3,b8f6a2958876839284d5,False,False,False,False,False,False
new3,repair,flat_box_random,v3_new3_flat_box_random_05,6,8b92d2279506ef7e540f,False,False,False,False,False,False
new3,repair,flat_box_random,v3_new3_flat_box_random_06,1,65046bddd74f454ad913,False,False,False,False,False,False
new3,repair,flat_box_random,v3_new3_flat_box_random_06,3,706ea8939674ba46fbc4,True,True,True,True,False,False
new3,repair,flat_box_random,v3_new3_flat_box_random_06,6,706ea8939674ba46fbc4,True,True,True,True,False,False
new3,repair,flat_box_random,v3_new3_flat_box_random_07,1,f62d8bd7d9d27a7f3f48,False,False,False,False,False,False
new3,repair,flat_box_random,v3_new3_flat_box_random_07,3,f62d8bd7d9d27a7f3f48,False,False,False,False,False,False
new3,repair,flat_box_random,v3_new3_flat_box_random_07,6,f1e0e1b7a25fe2085709,False,False,False,False,False,False
new3,repair,flat_box_random,v3_new3_flat_box_random_08,1,ae86f0413f5cea9ab7bf,False,False,False,False,False,False
new3,repair,flat_box_random,v3_new3_flat_box_random_08,3,ae86f0413f5cea9ab7bf,False,False,False,False,False,False
new3,repair,flat_box_random,v3_new3_flat_box_random_08,6,ae86f0413f5cea9ab7bf,False,False,False,False,False,False
new3,repair,flat_box_random,v3_new3_flat_box_random_09,1,5e466313f70b67c05c88,False,False,False,False,False,False
new3,repair,flat_box_random,v3_new3_flat_box_random_09,3,24af05a83d2b6a8d9a1d,True,True,True,True,False,False
new3,repair,flat_box_random,v3_new3_flat_box_random_09,6,24af05a83d2b6a8d9a1d,True,True,True,True,False,False
new3,repair,flat_box_random,v3_new3_flat_box_random_10,1,1323a8ecdf3133ee86df,False,False,False,False,False,False
new3,repair,flat_box_random,v3_new3_flat_box_random_10,3,1323a8ecdf3133ee86df,False,False,False,False,False,False
new3,repair,flat_box_random,v3_new3_flat_box_random_10,6,1323a8ecdf3133ee86df,False,False,False,False,False,False
new3,repair,flat_box_random,v3_new3_flat_box_random_11,1,f3665752d81a9d6ade24,False,False,False,False,False,False
new3,repair,flat_box_random,v3_new3_flat_box_random_11,3,aafedf4c388f11c8a83e,True,True,True,True,False,False
new3,repair,flat_box_random,v3_new3_flat_box_random_11,6,33fd0db2cf963265ab5a,True,True,True,True,False,False
new3,repair,flat_box_random,v3_new3_flat_box_random_12,1,c851ecfd7a81435e78e9,False,False,False,False,False,False
new3,repair,flat_box_random,v3_new3_flat_box_random_12,3,0595e356e7747a5f25f2,True,True,True,True,False,False
new3,repair,flat_box_random,v3_new3_flat_box_random_12,6,0595e356e7747a5f25f2,True,True,True,True,False,False
new3,repair,flat_box_random,v3_new3_flat_box_random_13,1,93c47e3cb9fcea55dd93,False,False,False,False,False,False
new3,repair,flat_box_random,v3_new3_flat_box_random_13,3,7a27eea47543420761dd,True,True,True,True,False,False
new3,repair,flat_box_random,v3_new3_flat_box_random_13,6,7a27eea47543420761dd,True,True,True,True,False,False
new3,repair,flat_box_random,v3_new3_flat_box_random_14,1,a248bcb3a6cfb751b4ca,False,False,False,False,False,False
new3,repair,flat_box_random,v3_new3_flat_box_random_14,3,a248bcb3a6cfb751b4ca,False,False,False,False,False,False
new3,repair,flat_box_random,v3_new3_flat_box_random_14,6,a248bcb3a6cfb751b4ca,False,False,False,False,False,False
new3,repair,flat_box_random,v3_new3_flat_box_random_15,1,fc07af77a2aaac20eb23,False,False,False,False,False,False
new3,repair,flat_box_random,v3_new3_flat_box_random_15,3,7f105c57f2e5e1a2d43a,False,False,False,False,False,False
new3,repair,flat_box_random,v3_new3_flat_box_random_15,6,7f105c57f2e5e1a2d43a,False,False,False,False,False,False
new3,repair,flat_box_random,v3_new3_flat_box_random_16,1,ddfae441bf41097418f3,False,False,False,False,False,False
new3,repair,flat_box_random,v3_new3_flat_box_random_16,3,ddfae441bf41097418f3,False,False,False,False,False,False
new3,repair,flat_box_random,v3_new3_flat_box_random_16,6,ddfae441bf41097418f3,False,False,False,False,False,False
new3,repair,flat_box_random,v3_new3_flat_box_random_17,1,7e527545760e3e477e7e,False,False,False,False,False,False
new3,repair,flat_box_random,v3_new3_flat_box_random_17,3,ff59f48992c9d06b4398,True,True,True,True,False,False
new3,repair,flat_box_random,v3_new3_flat_box_random_17,6,ff59f48992c9d06b4398,True,True,True,True,False,False
new3,repair,flat_box_random,v3_new3_flat_box_random_18,1,ee94b795f3b33fffb313,False,False,False,False,False,False
new3,repair,flat_box_random,v3_new3_flat_box_random_18,3,b86e8efcd169088efcce,True,True,True,True,False,False
new3,repair,flat_box_random,v3_new3_flat_box_random_18,6,e3243adb62a690238cd3,True,True,True,True,False,False
new3,repair,flat_box_random,v3_new3_flat_box_random_19,1,68d133990436fe3a8dc6,False,False,False,False,False,False
new3,repair,flat_box_random,v3_new3_flat_box_random_19,3,6d3db4b1b3ba06cb4435,False,False,False,False,False,False
new3,repair,flat_box_random,v3_new3_flat_box_random_19,6,6d3db4b1b3ba06cb4435,False,False,False,False,False,False
new3,repair,sphere_random,v3_new3_sphere_random_00,1,da37cffb722eb18ae793,False,False,False,False,False,False
new3,repair,sphere_random,v3_new3_sphere_random_00,3,3bbed77daee6f4d4e4be,False,False,False,False,False,False
new3,repair,sphere_random,v3_new3_sphere_random_00,6,3bbed77daee6f4d4e4be,False,False,False,False,False,False
new3,repair,sphere_random,v3_new3_sphere_random_01,1,6d0551446ccaaffbcd78,False,False,False,False,False,False
new3,repair,sphere_random,v3_new3_sphere_random_01,3,98e4d356e8391231bdce,True,True,True,True,True,True
new3,repair,sphere_random,v3_new3_sphere_random_01,6,371c038a301df90debac,True,True,True,True,True,True
new3,repair,sphere_random,v3_new3_sphere_random_02,1,049f20adaf8a25693d6c,False,False,False,False,False,False
new3,repair,sphere_random,v3_new3_sphere_random_02,3,049f20adaf8a25693d6c,False,False,False,False,False,False
new3,repair,sphere_random,v3_new3_sphere_random_02,6,905a38fc7ce94fe717d8,False,False,False,False,False,False
new3,repair,sphere_random,v3_new3_sphere_random_03,1,7c39615f5fc5b583b4e3,False,False,False,False,False,False
new3,repair,sphere_random,v3_new3_sphere_random_03,3,7c39615f5fc5b583b4e3,False,False,False,False,False,False
new3,repair,sphere_random,v3_new3_sphere_random_03,6,472139c2b3e976b83aad,False,False,False,False,False,False
new3,repair,sphere_random,v3_new3_sphere_random_04,1,f4aac6486432ac48dcd4,False,False,False,False,False,False
new3,repair,sphere_random,v3_new3_sphere_random_04,3,f4aac6486432ac48dcd4,False,False,False,False,False,False
new3,repair,sphere_random,v3_new3_sphere_random_04,6,293ae4f2544c5d5b4192,False,False,False,False,False,False
new3,repair,sphere_random,v3_new3_sphere_random_05,1,ffff6612724b500dbab4,False,False,False,False,False,False
new3,repair,sphere_random,v3_new3_sphere_random_05,3,28fdf203b54ce10f71e8,False,False,False,False,False,False
new3,repair,sphere_random,v3_new3_sphere_random_05,6,28fdf203b54ce10f71e8,False,False,False,False,False,False
new3,repair,sphere_random,v3_new3_sphere_random_06,1,6466d771d3bc447fb933,False,False,False,False,False,False
new3,repair,sphere_random,v3_new3_sphere_random_06,3,7423f19e91e1e332f91f,False,False,False,False,False,False
new3,repair,sphere_random,v3_new3_sphere_random_06,6,c2bd3bfc38edf4ce8f91,True,True,True,True,True,True
new3,repair,sphere_random,v3_new3_sphere_random_07,1,a7f0607cc1c4e5f11b44,False,False,False,False,False,False
new3,repair,sphere_random,v3_new3_sphere_random_07,3,8f98671713dcc66e9140,True,True,True,True,True,True
new3,repair,sphere_random,v3_new3_sphere_random_07,6,d7797732d24f62f443e3,True,True,True,True,True,True
new3,repair,sphere_random,v3_new3_sphere_random_08,1,35fdd702b0efa6582c44,False,False,False,False,False,False
new3,repair,sphere_random,v3_new3_sphere_random_08,3,b276ddf4a8188e6b2093,False,False,False,False,False,False
new3,repair,sphere_random,v3_new3_sphere_random_08,6,abdc2a11864ade2f003e,False,False,False,False,False,False
new3,repair,sphere_random,v3_new3_sphere_random_09,1,5d32773207011024da4c,False,False,False,False,False,False
new3,repair,sphere_random,v3_new3_sphere_random_09,3,5d32773207011024da4c,False,False,False,False,False,False
new3,repair,sphere_random,v3_new3_sphere_random_09,6,5d32773207011024da4c,False,False,False,False,False,False
new3,repair,sphere_random,v3_new3_sphere_random_10,1,16fcb48ba81f21c5e5c0,False,False,False,False,False,False
new3,repair,sphere_random,v3_new3_sphere_random_10,3,2fe368fc580ca1277ce0,False,False,False,False,False,False
new3,repair,sphere_random,v3_new3_sphere_random_10,6,78659f182cd2d522470e,False,False,False,False,False,False
new3,repair,sphere_random,v3_new3_sphere_random_11,1,11b518bfc132953fff46,False,False,False,False,False,False
new3,repair,sphere_random,v3_new3_sphere_random_11,3,11b518bfc132953fff46,False,False,False,False,False,False
new3,repair,sphere_random,v3_new3_sphere_random_11,6,11b518bfc132953fff46,False,False,False,False,False,False
new3,repair,sphere_random,v3_new3_sphere_random_12,1,719db36925c55a983693,False,False,False,False,False,False
new3,repair,sphere_random,v3_new3_sphere_random_12,3,719db36925c55a983693,False,False,False,False,False,False
new3,repair,sphere_random,v3_new3_sphere_random_12,6,719db36925c55a983693,False,False,False,False,False,False
new3,repair,sphere_random,v3_new3_sphere_random_13,1,b71464e539f655a5324b,False,False,False,False,False,False
new3,repair,sphere_random,v3_new3_sphere_random_13,3,b71464e539f655a5324b,False,False,False,False,False,False
new3,repair,sphere_random,v3_new3_sphere_random_13,6,b71464e539f655a5324b,False,False,False,False,False,False
new3,repair,sphere_random,v3_new3_sphere_random_14,1,8cdf9db239d7a623db4f,False,False,False,False,False,False
new3,repair,sphere_random,v3_new3_sphere_random_14,3,ec616b11eac1b44f939e,False,False,False,False,False,False
new3,repair,sphere_random,v3_new3_sphere_random_14,6,6bfea0ec3b8be4e56249,False,False,False,False,False,False
new3,repair,sphere_random,v3_new3_sphere_random_15,1,0f78db8ca29a14eb4900,False,False,False,False,False,False
new3,repair,sphere_random,v3_new3_sphere_random_15,3,7f1e02c1c7b63294dd76,False,False,False,False,False,False
new3,repair,sphere_random,v3_new3_sphere_random_15,6,83cbf8b3103b7a1b6790,False,False,False,False,False,False
new3,repair,sphere_random,v3_new3_sphere_random_16,1,9fa0ab7153a01122a5d2,False,False,False,False,False,False
new3,repair,sphere_random,v3_new3_sphere_random_16,3,10c06b43ab3bf291f57f,False,False,False,False,False,False
new3,repair,sphere_random,v3_new3_sphere_random_16,6,10c06b43ab3bf291f57f,False,False,False,False,False,False
new3,repair,sphere_random,v3_new3_sphere_random_17,1,c23ab803dc3b6ba81120,False,False,False,False,False,False
new3,repair,sphere_random,v3_new3_sphere_random_17,3,b72e9e6ba107fa5a4baa,False,False,False,False,False,False
new3,repair,sphere_random,v3_new3_sphere_random_17,6,b9ffafc1989ab8555181,False,False,False,False,False,False
new3,repair,sphere_random,v3_new3_sphere_random_18,1,1fd5dd76ae4a52a98ed3,False,False,False,False,False,False
new3,repair,sphere_random,v3_new3_sphere_random_18,3,1fd5dd76ae4a52a98ed3,False,False,False,False,False,False
new3,repair,sphere_random,v3_new3_sphere_random_18,6,83b4b1b233b22c5a81d9,False,False,False,False,False,False
new3,repair,sphere_random,v3_new3_sphere_random_19,1,3246044e75a5c1c698ea,False,False,False,False,False,False
new3,repair,sphere_random,v3_new3_sphere_random_19,3,3440defa057b82f06688,True,True,True,True,True,True
new3,repair,sphere_random,v3_new3_sphere_random_19,6,3440defa057b82f06688,True,True,True,True,True,True
paired120,baseline,bar_random,prospective_20260930_bar_random_00,1,681d919fc2b8bba7e41f,True,True,True,True,False,False
paired120,baseline,bar_random,prospective_20260930_bar_random_00,3,681d919fc2b8bba7e41f,True,True,True,True,False,False
paired120,baseline,bar_random,prospective_20260930_bar_random_00,6,681d919fc2b8bba7e41f,True,True,True,True,False,False
paired120,baseline,bar_random,prospective_20260930_bar_random_01,1,196ffb15f4a8ef9ba70d,False,False,False,False,False,False
paired120,baseline,bar_random,prospective_20260930_bar_random_01,3,196ffb15f4a8ef9ba70d,False,False,False,False,False,False
paired120,baseline,bar_random,prospective_20260930_bar_random_01,6,b223c9093d42a82336b9,False,False,False,False,False,False
paired120,baseline,bar_random,prospective_20260930_bar_random_02,1,391f6b1122f5dccdc596,False,False,False,False,False,False
paired120,baseline,bar_random,prospective_20260930_bar_random_02,3,391f6b1122f5dccdc596,False,False,False,False,False,False
paired120,baseline,bar_random,prospective_20260930_bar_random_02,6,dc930c0bfc4f4dc4b5d9,False,False,False,False,False,False
paired120,baseline,bar_random,prospective_20260930_bar_random_03,1,1436b3c4b95a544b582b,False,False,False,False,False,False
paired120,baseline,bar_random,prospective_20260930_bar_random_03,3,b86f79d00501ebbb1bb2,False,False,False,False,False,False
paired120,baseline,bar_random,prospective_20260930_bar_random_03,6,b86f79d00501ebbb1bb2,False,False,False,False,False,False
paired120,baseline,bar_random,prospective_20260930_bar_random_04,1,2db7ee5c04cf9413ea6a,False,False,False,False,False,False
paired120,baseline,bar_random,prospective_20260930_bar_random_04,3,14746771eb1f40fa74d9,False,False,False,False,False,False
paired120,baseline,bar_random,prospective_20260930_bar_random_04,6,47f11f9bd7ec9e751f56,False,False,False,False,False,False
paired120,baseline,bar_random,prospective_20260930_bar_random_05,1,0aae5c5df2e1f8dc261a,False,False,False,False,False,False
paired120,baseline,bar_random,prospective_20260930_bar_random_05,3,0aae5c5df2e1f8dc261a,False,False,False,False,False,False
paired120,baseline,bar_random,prospective_20260930_bar_random_05,6,8b4bbef2085d143abf98,True,True,True,True,False,False
paired120,baseline,bar_random,prospective_20260930_bar_random_06,1,763a85e8e9a4cd4549af,False,False,False,False,False,False
paired120,baseline,bar_random,prospective_20260930_bar_random_06,3,a0167f468865a47b4b47,False,False,False,False,False,False
paired120,baseline,bar_random,prospective_20260930_bar_random_06,6,c658a47be838b93127a7,False,False,False,False,False,False
paired120,baseline,bar_random,prospective_20260930_bar_random_07,1,b95f1978cee4d3b7b8c0,False,False,False,False,False,False
paired120,baseline,bar_random,prospective_20260930_bar_random_07,3,6a259766dafe93ed6aaf,False,False,False,False,False,False
paired120,baseline,bar_random,prospective_20260930_bar_random_07,6,6a259766dafe93ed6aaf,False,False,False,False,False,False
paired120,baseline,bar_random,prospective_20260930_bar_random_08,1,4bff80e35e6403fdd2e8,False,False,False,False,False,False
paired120,baseline,bar_random,prospective_20260930_bar_random_08,3,93c07259688db645adaa,False,False,False,False,False,False
paired120,baseline,bar_random,prospective_20260930_bar_random_08,6,93c07259688db645adaa,False,False,False,False,False,False
paired120,baseline,bar_random,prospective_20260930_bar_random_09,1,406a5b438bfb0c72c080,False,False,False,False,False,False
paired120,baseline,bar_random,prospective_20260930_bar_random_09,3,5fd21fdea1ece2fe8cf8,False,False,False,False,False,False
paired120,baseline,bar_random,prospective_20260930_bar_random_09,6,5fd21fdea1ece2fe8cf8,False,False,False,False,False,False
paired120,baseline,bar_random,prospective_20260930_bar_random_10,1,6b3a2e55f10e8aaa7643,True,True,True,True,False,False
paired120,baseline,bar_random,prospective_20260930_bar_random_10,3,6b3a2e55f10e8aaa7643,True,True,True,True,False,False
paired120,baseline,bar_random,prospective_20260930_bar_random_10,6,6b3a2e55f10e8aaa7643,True,True,True,True,False,False
paired120,baseline,bar_random,prospective_20260930_bar_random_11,1,9c1742a81af18cb0ac3e,False,False,False,False,False,False
paired120,baseline,bar_random,prospective_20260930_bar_random_11,3,9c1742a81af18cb0ac3e,False,False,False,False,False,False
paired120,baseline,bar_random,prospective_20260930_bar_random_11,6,a0936774536aafb7a6f3,False,False,False,False,False,False
paired120,baseline,bar_random,prospective_20260930_bar_random_12,1,2363721573e71dd5cde2,False,False,False,False,False,False
paired120,baseline,bar_random,prospective_20260930_bar_random_12,3,661456375fa7d9cb9e4d,False,False,False,False,False,False
paired120,baseline,bar_random,prospective_20260930_bar_random_12,6,661456375fa7d9cb9e4d,False,False,False,False,False,False
paired120,baseline,bar_random,prospective_20260930_bar_random_13,1,3f19c623532ac5f7d982,True,True,True,True,False,False
paired120,baseline,bar_random,prospective_20260930_bar_random_13,3,537bf48026705b444707,True,True,True,True,False,False
paired120,baseline,bar_random,prospective_20260930_bar_random_13,6,9b2b12d3aeff19019858,True,True,True,True,False,False
paired120,baseline,bar_random,prospective_20260930_bar_random_14,1,977d787c2cb209410891,False,False,False,False,False,False
paired120,baseline,bar_random,prospective_20260930_bar_random_14,3,178fd4b27e568ecb3998,True,True,True,True,False,False
paired120,baseline,bar_random,prospective_20260930_bar_random_14,6,d0c62dda8175301bf85c,True,True,True,True,False,False
paired120,baseline,bar_random,prospective_20260930_bar_random_15,1,0959da8b1ebeeb03274c,False,False,False,False,False,False
paired120,baseline,bar_random,prospective_20260930_bar_random_15,3,cd35592f7ac70f770f50,False,False,False,False,False,False
paired120,baseline,bar_random,prospective_20260930_bar_random_15,6,cd35592f7ac70f770f50,False,False,False,False,False,False
paired120,baseline,bar_random,prospective_20260930_bar_random_16,1,9dce1e835ad99f07bab8,False,False,False,False,False,False
paired120,baseline,bar_random,prospective_20260930_bar_random_16,3,a05154d421c05ab77aec,False,False,False,False,False,False
paired120,baseline,bar_random,prospective_20260930_bar_random_16,6,a05154d421c05ab77aec,False,False,False,False,False,False
paired120,baseline,bar_random,prospective_20260930_bar_random_17,1,0e3db6d10c6ae9e2d3ba,False,False,False,False,False,False
paired120,baseline,bar_random,prospective_20260930_bar_random_17,3,b075121438acb1822017,False,False,False,False,False,False
paired120,baseline,bar_random,prospective_20260930_bar_random_17,6,b075121438acb1822017,False,False,False,False,False,False
paired120,baseline,bar_random,prospective_20260930_bar_random_18,1,8968a5f38ce2ef142d55,False,False,False,False,False,False
paired120,baseline,bar_random,prospective_20260930_bar_random_18,3,4bc2d839f5e5fae792ef,False,False,False,False,False,False
paired120,baseline,bar_random,prospective_20260930_bar_random_18,6,8c516dbb1683c6f3d7ca,False,False,False,False,False,False
paired120,baseline,bar_random,prospective_20260930_bar_random_19,1,df51c82bc5eaded97285,True,True,True,True,False,False
paired120,baseline,bar_random,prospective_20260930_bar_random_19,3,df51c82bc5eaded97285,True,True,True,True,False,False
paired120,baseline,bar_random,prospective_20260930_bar_random_19,6,df51c82bc5eaded97285,True,True,True,True,False,False
paired120,baseline,capsule_random,prospective_20260930_capsule_random_00,1,489db00e2800158c5156,False,False,False,False,False,False
paired120,baseline,capsule_random,prospective_20260930_capsule_random_00,3,54ded1812680ef8a5ecd,False,False,False,False,False,False
paired120,baseline,capsule_random,prospective_20260930_capsule_random_00,6,2c08bcaf24f9bf5f7739,False,False,False,False,False,False
paired120,baseline,capsule_random,prospective_20260930_capsule_random_01,1,a39f0d8830b8563abe92,False,False,False,False,False,False
paired120,baseline,capsule_random,prospective_20260930_capsule_random_01,3,e531994f2d6c7c666e0b,False,False,False,False,False,False
paired120,baseline,capsule_random,prospective_20260930_capsule_random_01,6,d6a30f843cbf8416478b,False,False,False,False,False,False
paired120,baseline,capsule_random,prospective_20260930_capsule_random_02,1,1cf63ccba6a52bafa349,False,False,False,False,False,False
paired120,baseline,capsule_random,prospective_20260930_capsule_random_02,3,118102c93c493da60445,False,False,False,False,False,False
paired120,baseline,capsule_random,prospective_20260930_capsule_random_02,6,7bad8be181c52510d0b5,False,False,False,False,False,False
paired120,baseline,capsule_random,prospective_20260930_capsule_random_03,1,751b6e9ea484b963e4a6,False,False,False,False,False,False
paired120,baseline,capsule_random,prospective_20260930_capsule_random_03,3,751b6e9ea484b963e4a6,False,False,False,False,False,False
paired120,baseline,capsule_random,prospective_20260930_capsule_random_03,6,751b6e9ea484b963e4a6,False,False,False,False,False,False
paired120,baseline,capsule_random,prospective_20260930_capsule_random_04,1,971bfe7eeb46bc1b9da0,False,False,False,False,False,False
paired120,baseline,capsule_random,prospective_20260930_capsule_random_04,3,019c2455f506046de2e4,False,False,False,False,False,False
paired120,baseline,capsule_random,prospective_20260930_capsule_random_04,6,01b05f1b41accbd7b186,False,False,False,False,False,False
paired120,baseline,capsule_random,prospective_20260930_capsule_random_05,1,7388813ba34ebe307e00,False,False,False,False,False,False
paired120,baseline,capsule_random,prospective_20260930_capsule_random_05,3,7388813ba34ebe307e00,False,False,False,False,False,False
paired120,baseline,capsule_random,prospective_20260930_capsule_random_05,6,7388813ba34ebe307e00,False,False,False,False,False,False
paired120,baseline,capsule_random,prospective_20260930_capsule_random_06,1,b011007083bcd904ff82,False,False,False,False,False,False
paired120,baseline,capsule_random,prospective_20260930_capsule_random_06,3,7b9d9e852b678e64bb5a,False,False,False,False,False,False
paired120,baseline,capsule_random,prospective_20260930_capsule_random_06,6,dc840539df1be85d7ee8,False,False,False,False,False,False
paired120,baseline,capsule_random,prospective_20260930_capsule_random_07,1,8499b49b92fcfb16b851,False,False,False,False,False,False
paired120,baseline,capsule_random,prospective_20260930_capsule_random_07,3,c295f993f0ba68532375,False,False,False,False,False,False
paired120,baseline,capsule_random,prospective_20260930_capsule_random_07,6,93bffddec3ae564f3c08,False,False,False,False,False,False
paired120,baseline,capsule_random,prospective_20260930_capsule_random_08,1,2413793644f9ea9b6a59,False,False,False,False,False,False
paired120,baseline,capsule_random,prospective_20260930_capsule_random_08,3,2413793644f9ea9b6a59,False,False,False,False,False,False
paired120,baseline,capsule_random,prospective_20260930_capsule_random_08,6,cea256b2c2f5793da902,False,False,False,False,False,False
paired120,baseline,capsule_random,prospective_20260930_capsule_random_09,1,423e1aa3eebc1b3205fd,False,False,False,False,False,False
paired120,baseline,capsule_random,prospective_20260930_capsule_random_09,3,423e1aa3eebc1b3205fd,False,False,False,False,False,False
paired120,baseline,capsule_random,prospective_20260930_capsule_random_09,6,634ea43882e35453397d,False,False,False,False,False,False
paired120,baseline,capsule_random,prospective_20260930_capsule_random_10,1,a25034ddd57ba6d05b3e,False,False,False,False,False,False
paired120,baseline,capsule_random,prospective_20260930_capsule_random_10,3,a25034ddd57ba6d05b3e,False,False,False,False,False,False
paired120,baseline,capsule_random,prospective_20260930_capsule_random_10,6,a25034ddd57ba6d05b3e,False,False,False,False,False,False
paired120,baseline,capsule_random,prospective_20260930_capsule_random_11,1,86b7f5dd0288d6b91ca2,False,False,False,False,False,False
paired120,baseline,capsule_random,prospective_20260930_capsule_random_11,3,86b7f5dd0288d6b91ca2,False,False,False,False,False,False
paired120,baseline,capsule_random,prospective_20260930_capsule_random_11,6,86b7f5dd0288d6b91ca2,False,False,False,False,False,False
paired120,baseline,capsule_random,prospective_20260930_capsule_random_12,1,dfc580f386fd3684fce9,False,False,False,False,False,False
paired120,baseline,capsule_random,prospective_20260930_capsule_random_12,3,ada9a6ef2e94366717d3,False,False,False,False,False,False
paired120,baseline,capsule_random,prospective_20260930_capsule_random_12,6,2f20a74df3f92fd4e5f7,False,False,False,False,False,False
paired120,baseline,capsule_random,prospective_20260930_capsule_random_13,1,ed26caa0fe4973bc61b2,False,False,False,False,False,False
paired120,baseline,capsule_random,prospective_20260930_capsule_random_13,3,ed26caa0fe4973bc61b2,False,False,False,False,False,False
paired120,baseline,capsule_random,prospective_20260930_capsule_random_13,6,ed26caa0fe4973bc61b2,False,False,False,False,False,False
paired120,baseline,capsule_random,prospective_20260930_capsule_random_14,1,ec5cd990e575ddc6dd54,False,False,False,False,False,False
paired120,baseline,capsule_random,prospective_20260930_capsule_random_14,3,f914cdc2934ec960f49f,False,False,False,False,False,False
paired120,baseline,capsule_random,prospective_20260930_capsule_random_14,6,8829df0b9bffc0a83fe1,False,False,False,False,False,False
paired120,baseline,capsule_random,prospective_20260930_capsule_random_15,1,e7273bef642947f604d2,False,False,False,False,False,False
paired120,baseline,capsule_random,prospective_20260930_capsule_random_15,3,e7273bef642947f604d2,False,False,False,False,False,False
paired120,baseline,capsule_random,prospective_20260930_capsule_random_15,6,fd00aa556240972bf398,False,False,False,False,False,False
paired120,baseline,capsule_random,prospective_20260930_capsule_random_16,1,aaf18bb84ab5c44b72cc,False,False,False,False,False,False
paired120,baseline,capsule_random,prospective_20260930_capsule_random_16,3,c51f05ed3dd532dd347e,False,False,False,False,False,False
paired120,baseline,capsule_random,prospective_20260930_capsule_random_16,6,c51f05ed3dd532dd347e,False,False,False,False,False,False
paired120,baseline,capsule_random,prospective_20260930_capsule_random_17,1,e855ac4602f08f1ec445,False,False,False,False,False,False
paired120,baseline,capsule_random,prospective_20260930_capsule_random_17,3,e855ac4602f08f1ec445,False,False,False,False,False,False
paired120,baseline,capsule_random,prospective_20260930_capsule_random_17,6,15a2baf4c3c9993c986f,False,False,False,False,False,False
paired120,baseline,capsule_random,prospective_20260930_capsule_random_18,1,7053be49b41604b8698e,False,False,False,False,False,False
paired120,baseline,capsule_random,prospective_20260930_capsule_random_18,3,708856ae863bc31cbf48,False,False,False,False,False,False
paired120,baseline,capsule_random,prospective_20260930_capsule_random_18,6,a8340c1309b8814dff3d,False,False,False,False,False,False
paired120,baseline,capsule_random,prospective_20260930_capsule_random_19,1,2616e2c38f7a29b96764,False,False,False,False,False,False
paired120,baseline,capsule_random,prospective_20260930_capsule_random_19,3,d4cdfa9f59ad478014d6,False,False,False,False,False,False
paired120,baseline,capsule_random,prospective_20260930_capsule_random_19,6,f591460e2decd2e886da,False,False,False,False,False,False
paired120,baseline,cube_random,prospective_20260930_cube_random_00,1,d836d1f5896f4d3dc404,False,False,False,False,False,False
paired120,baseline,cube_random,prospective_20260930_cube_random_00,3,db88eb83a87e83fd628b,True,True,True,True,False,False
paired120,baseline,cube_random,prospective_20260930_cube_random_00,6,db88eb83a87e83fd628b,True,True,True,True,False,False
paired120,baseline,cube_random,prospective_20260930_cube_random_01,1,f4aeca7c7a1dfae16994,False,False,False,False,False,False
paired120,baseline,cube_random,prospective_20260930_cube_random_01,3,f4aeca7c7a1dfae16994,False,False,False,False,False,False
paired120,baseline,cube_random,prospective_20260930_cube_random_01,6,f4aeca7c7a1dfae16994,False,False,False,False,False,False
paired120,baseline,cube_random,prospective_20260930_cube_random_02,1,515b55573b9bc1350d20,False,False,False,False,False,False
paired120,baseline,cube_random,prospective_20260930_cube_random_02,3,8378ddbd26c61ea44a82,True,True,True,True,False,False
paired120,baseline,cube_random,prospective_20260930_cube_random_02,6,8378ddbd26c61ea44a82,True,True,True,True,False,False
paired120,baseline,cube_random,prospective_20260930_cube_random_03,1,0b598a2d2ab4aedf3a3f,False,False,False,False,False,False
paired120,baseline,cube_random,prospective_20260930_cube_random_03,3,77ad43ce5371e8a1a2a4,True,True,True,True,False,False
paired120,baseline,cube_random,prospective_20260930_cube_random_03,6,77ad43ce5371e8a1a2a4,True,True,True,True,False,False
paired120,baseline,cube_random,prospective_20260930_cube_random_04,1,d1701b688f02c426e8dc,True,True,True,True,False,False
paired120,baseline,cube_random,prospective_20260930_cube_random_04,3,d1701b688f02c426e8dc,True,True,True,True,False,False
paired120,baseline,cube_random,prospective_20260930_cube_random_04,6,d1701b688f02c426e8dc,True,True,True,True,False,False
paired120,baseline,cube_random,prospective_20260930_cube_random_05,1,6aa90cd2f426a25ec67a,False,False,False,False,False,False
paired120,baseline,cube_random,prospective_20260930_cube_random_05,3,36ab479aa8d3ec8163f0,True,True,True,True,False,False
paired120,baseline,cube_random,prospective_20260930_cube_random_05,6,36ab479aa8d3ec8163f0,True,True,True,True,False,False
paired120,baseline,cube_random,prospective_20260930_cube_random_06,1,913603f32b5b9c21f9c7,False,False,False,False,False,False
paired120,baseline,cube_random,prospective_20260930_cube_random_06,3,528aa10a8f7236ae6fa2,True,True,True,True,False,False
paired120,baseline,cube_random,prospective_20260930_cube_random_06,6,528aa10a8f7236ae6fa2,True,True,True,True,False,False
paired120,baseline,cube_random,prospective_20260930_cube_random_07,1,548c74002d06eea68bd4,False,False,False,False,False,False
paired120,baseline,cube_random,prospective_20260930_cube_random_07,3,e3010356fe6d830d5234,False,False,False,False,False,False
paired120,baseline,cube_random,prospective_20260930_cube_random_07,6,540824b61860fa2ed694,False,False,False,False,False,False
paired120,baseline,cube_random,prospective_20260930_cube_random_08,1,3b0a587ad22cad7cefb6,False,False,False,False,False,False
paired120,baseline,cube_random,prospective_20260930_cube_random_08,3,5dc1d6ed074f1b894f20,True,True,True,True,False,False
paired120,baseline,cube_random,prospective_20260930_cube_random_08,6,5dc1d6ed074f1b894f20,True,True,True,True,False,False
paired120,baseline,cube_random,prospective_20260930_cube_random_09,1,a599049f329f322d6a59,True,True,True,True,False,False
paired120,baseline,cube_random,prospective_20260930_cube_random_09,3,a599049f329f322d6a59,True,True,True,True,False,False
paired120,baseline,cube_random,prospective_20260930_cube_random_09,6,a599049f329f322d6a59,True,True,True,True,False,False
paired120,baseline,cube_random,prospective_20260930_cube_random_10,1,7ecba6e147dfab5f01d2,True,True,True,True,False,False
paired120,baseline,cube_random,prospective_20260930_cube_random_10,3,7ecba6e147dfab5f01d2,True,True,True,True,False,False
paired120,baseline,cube_random,prospective_20260930_cube_random_10,6,7ecba6e147dfab5f01d2,True,True,True,True,False,False
paired120,baseline,cube_random,prospective_20260930_cube_random_11,1,fe265b57754de4b88b2b,True,True,True,True,False,False
paired120,baseline,cube_random,prospective_20260930_cube_random_11,3,9ba017725ffd09f6cbe7,True,True,True,True,False,False
paired120,baseline,cube_random,prospective_20260930_cube_random_11,6,9ba017725ffd09f6cbe7,True,True,True,True,False,False
paired120,baseline,cube_random,prospective_20260930_cube_random_12,1,a67b022c0f10701957b0,True,True,True,True,False,False
paired120,baseline,cube_random,prospective_20260930_cube_random_12,3,a67b022c0f10701957b0,True,True,True,True,False,False
paired120,baseline,cube_random,prospective_20260930_cube_random_12,6,d584d67bfdfb715b0333,True,True,True,True,False,False
paired120,baseline,cube_random,prospective_20260930_cube_random_13,1,9eace32a2229884ba9b6,False,False,False,False,False,False
paired120,baseline,cube_random,prospective_20260930_cube_random_13,3,23357a8be72c2fba3a39,True,True,True,True,False,False
paired120,baseline,cube_random,prospective_20260930_cube_random_13,6,23357a8be72c2fba3a39,True,True,True,True,False,False
paired120,baseline,cube_random,prospective_20260930_cube_random_14,1,e308579ff12465f6965a,False,False,False,False,False,False
paired120,baseline,cube_random,prospective_20260930_cube_random_14,3,a974c273b4159e01146f,False,False,False,False,False,False
paired120,baseline,cube_random,prospective_20260930_cube_random_14,6,a974c273b4159e01146f,False,False,False,False,False,False
paired120,baseline,cube_random,prospective_20260930_cube_random_15,1,62a59acd8f8862d75f6a,False,False,False,False,False,False
paired120,baseline,cube_random,prospective_20260930_cube_random_15,3,9ed17e381e0df8897af8,True,True,True,True,False,False
paired120,baseline,cube_random,prospective_20260930_cube_random_15,6,9ed17e381e0df8897af8,True,True,True,True,False,False
paired120,baseline,cube_random,prospective_20260930_cube_random_16,1,bec6b21be743aa8115c6,True,True,True,True,False,False
paired120,baseline,cube_random,prospective_20260930_cube_random_16,3,523f5915b51b8aecfa12,True,True,True,True,False,False
paired120,baseline,cube_random,prospective_20260930_cube_random_16,6,523f5915b51b8aecfa12,True,True,True,True,False,False
paired120,baseline,cube_random,prospective_20260930_cube_random_17,1,2fe17156f35710ec6248,True,True,True,True,False,False
paired120,baseline,cube_random,prospective_20260930_cube_random_17,3,4fb127e8d3d4579c4399,True,True,True,True,False,False
paired120,baseline,cube_random,prospective_20260930_cube_random_17,6,4fb127e8d3d4579c4399,True,True,True,True,False,False
paired120,baseline,cube_random,prospective_20260930_cube_random_18,1,c923ec317435cbf19ba7,False,False,False,False,False,False
paired120,baseline,cube_random,prospective_20260930_cube_random_18,3,feec7cc9dcfd3c843247,True,True,True,True,False,False
paired120,baseline,cube_random,prospective_20260930_cube_random_18,6,feec7cc9dcfd3c843247,True,True,True,True,False,False
paired120,baseline,cube_random,prospective_20260930_cube_random_19,1,767696f311fb398e8714,False,False,False,False,False,False
paired120,baseline,cube_random,prospective_20260930_cube_random_19,3,8839d4fb7e259a8eb0b3,True,True,True,True,False,False
paired120,baseline,cube_random,prospective_20260930_cube_random_19,6,8839d4fb7e259a8eb0b3,True,True,True,True,False,False
paired120,baseline,cylinder_random,prospective_20260930_cylinder_random_00,1,70ed26224704682fd019,False,False,False,False,False,False
paired120,baseline,cylinder_random,prospective_20260930_cylinder_random_00,3,094085296b6b841a4e76,True,True,True,True,True,True
paired120,baseline,cylinder_random,prospective_20260930_cylinder_random_00,6,094085296b6b841a4e76,True,True,True,True,True,True
paired120,baseline,cylinder_random,prospective_20260930_cylinder_random_01,1,b7ddd0203255a61cfb0c,False,False,False,False,False,False
paired120,baseline,cylinder_random,prospective_20260930_cylinder_random_01,3,ffa601f42be9d7e47e9b,False,False,False,False,False,False
paired120,baseline,cylinder_random,prospective_20260930_cylinder_random_01,6,ffa601f42be9d7e47e9b,False,False,False,False,False,False
paired120,baseline,cylinder_random,prospective_20260930_cylinder_random_02,1,d4e76b5a281ba42af4b9,False,False,False,False,False,False
paired120,baseline,cylinder_random,prospective_20260930_cylinder_random_02,3,b090e7982faded9ea844,False,False,False,False,False,False
paired120,baseline,cylinder_random,prospective_20260930_cylinder_random_02,6,87341d23f8fa6bcc89f4,False,False,False,False,False,False
paired120,baseline,cylinder_random,prospective_20260930_cylinder_random_03,1,7f47b54853cb9a026cac,False,False,False,False,False,False
paired120,baseline,cylinder_random,prospective_20260930_cylinder_random_03,3,05c9b6fca7ed91c87c2e,False,False,False,False,False,False
paired120,baseline,cylinder_random,prospective_20260930_cylinder_random_03,6,5487f85679a22366e02e,True,True,True,True,True,True
paired120,baseline,cylinder_random,prospective_20260930_cylinder_random_04,1,1854ef74d35fc29a9f24,False,False,False,False,False,False
paired120,baseline,cylinder_random,prospective_20260930_cylinder_random_04,3,1854ef74d35fc29a9f24,False,False,False,False,False,False
paired120,baseline,cylinder_random,prospective_20260930_cylinder_random_04,6,fb3a1cdd92fd7489e334,False,False,False,False,False,False
paired120,baseline,cylinder_random,prospective_20260930_cylinder_random_05,1,b8fa68ad06c7086fb97f,True,True,True,True,True,True
paired120,baseline,cylinder_random,prospective_20260930_cylinder_random_05,3,b8fa68ad06c7086fb97f,True,True,True,True,True,True
paired120,baseline,cylinder_random,prospective_20260930_cylinder_random_05,6,b8fa68ad06c7086fb97f,True,True,True,True,True,True
paired120,baseline,cylinder_random,prospective_20260930_cylinder_random_06,1,2f23e5d59128df2c58fd,False,False,False,False,False,False
paired120,baseline,cylinder_random,prospective_20260930_cylinder_random_06,3,461b118d3fc1c203ae34,True,True,True,True,True,True
paired120,baseline,cylinder_random,prospective_20260930_cylinder_random_06,6,461b118d3fc1c203ae34,True,True,True,True,True,True
paired120,baseline,cylinder_random,prospective_20260930_cylinder_random_07,1,504558fe70f4aa735d1c,False,False,False,False,False,False
paired120,baseline,cylinder_random,prospective_20260930_cylinder_random_07,3,0c4ee3183d0144e7f5d8,False,False,False,False,False,False
paired120,baseline,cylinder_random,prospective_20260930_cylinder_random_07,6,0c4ee3183d0144e7f5d8,False,False,False,False,False,False
paired120,baseline,cylinder_random,prospective_20260930_cylinder_random_08,1,87907c8240b8395348b2,False,False,False,False,False,False
paired120,baseline,cylinder_random,prospective_20260930_cylinder_random_08,3,03248d7612f2cf78e2e2,True,True,True,True,True,True
paired120,baseline,cylinder_random,prospective_20260930_cylinder_random_08,6,03248d7612f2cf78e2e2,True,True,True,True,True,True
paired120,baseline,cylinder_random,prospective_20260930_cylinder_random_09,1,e3b8c2c416ca58181b56,True,True,True,True,True,True
paired120,baseline,cylinder_random,prospective_20260930_cylinder_random_09,3,a2f5b210824589b7b270,True,True,True,True,True,True
paired120,baseline,cylinder_random,prospective_20260930_cylinder_random_09,6,a2f5b210824589b7b270,True,True,True,True,True,True
paired120,baseline,cylinder_random,prospective_20260930_cylinder_random_10,1,27573234e0bd73bb77e2,False,False,False,False,False,False
paired120,baseline,cylinder_random,prospective_20260930_cylinder_random_10,3,bdbce6a7265adcc80b80,True,True,True,True,True,True
paired120,baseline,cylinder_random,prospective_20260930_cylinder_random_10,6,bdbce6a7265adcc80b80,True,True,True,True,True,True
paired120,baseline,cylinder_random,prospective_20260930_cylinder_random_11,1,a720f98271518fd446d3,False,False,False,False,False,False
paired120,baseline,cylinder_random,prospective_20260930_cylinder_random_11,3,a720f98271518fd446d3,False,False,False,False,False,False
paired120,baseline,cylinder_random,prospective_20260930_cylinder_random_11,6,39937118f4984b5d306d,True,True,True,True,True,True
paired120,baseline,cylinder_random,prospective_20260930_cylinder_random_12,1,50663fc1e159536504cf,True,True,True,True,True,True
paired120,baseline,cylinder_random,prospective_20260930_cylinder_random_12,3,50663fc1e159536504cf,True,True,True,True,True,True
paired120,baseline,cylinder_random,prospective_20260930_cylinder_random_12,6,50663fc1e159536504cf,True,True,True,True,True,True
paired120,baseline,cylinder_random,prospective_20260930_cylinder_random_13,1,7e16f6883d6dcf64cb38,True,True,True,True,True,True
paired120,baseline,cylinder_random,prospective_20260930_cylinder_random_13,3,7e16f6883d6dcf64cb38,True,True,True,True,True,True
paired120,baseline,cylinder_random,prospective_20260930_cylinder_random_13,6,7e16f6883d6dcf64cb38,True,True,True,True,True,True
paired120,baseline,cylinder_random,prospective_20260930_cylinder_random_14,1,271525854543c7681027,False,False,False,False,False,False
paired120,baseline,cylinder_random,prospective_20260930_cylinder_random_14,3,e3a85a3f411681a1cc2a,True,True,True,True,True,True
paired120,baseline,cylinder_random,prospective_20260930_cylinder_random_14,6,e3a85a3f411681a1cc2a,True,True,True,True,True,True
paired120,baseline,cylinder_random,prospective_20260930_cylinder_random_15,1,f98924dd147d2c471e2d,False,False,False,False,False,False
paired120,baseline,cylinder_random,prospective_20260930_cylinder_random_15,3,cd81956e7bfdd498a525,False,False,False,False,False,False
paired120,baseline,cylinder_random,prospective_20260930_cylinder_random_15,6,bdf19a09c2aa436c6247,False,False,False,False,False,False
paired120,baseline,cylinder_random,prospective_20260930_cylinder_random_16,1,2a0a6c4960a1c4b7d077,False,False,False,False,False,False
paired120,baseline,cylinder_random,prospective_20260930_cylinder_random_16,3,d71b65d41450d6660da6,False,False,False,False,False,False
paired120,baseline,cylinder_random,prospective_20260930_cylinder_random_16,6,d71b65d41450d6660da6,False,False,False,False,False,False
paired120,baseline,cylinder_random,prospective_20260930_cylinder_random_17,1,2671ad53dbc16448c20c,False,False,False,False,False,False
paired120,baseline,cylinder_random,prospective_20260930_cylinder_random_17,3,96f23cbd2d4beec974c3,False,False,False,False,False,False
paired120,baseline,cylinder_random,prospective_20260930_cylinder_random_17,6,0295f12aeb5af4d66b46,True,True,True,True,True,True
paired120,baseline,cylinder_random,prospective_20260930_cylinder_random_18,1,efd11e193257d0f4613e,False,False,False,False,False,False
paired120,baseline,cylinder_random,prospective_20260930_cylinder_random_18,3,bba9b0241d98058a0ccb,False,False,False,False,False,False
paired120,baseline,cylinder_random,prospective_20260930_cylinder_random_18,6,88d219e2e0a59232fca5,False,False,False,False,False,False
paired120,baseline,cylinder_random,prospective_20260930_cylinder_random_19,1,06e8da8baf833e33cb79,False,False,False,False,False,False
paired120,baseline,cylinder_random,prospective_20260930_cylinder_random_19,3,e9c041991c08b6a40f06,False,False,False,False,False,False
paired120,baseline,cylinder_random,prospective_20260930_cylinder_random_19,6,21bf06578ff3f3fdf8dd,True,True,True,True,True,True
paired120,baseline,flat_box_random,prospective_20260930_flat_box_random_00,1,ee93836e496f9ea03973,False,False,False,False,False,False
paired120,baseline,flat_box_random,prospective_20260930_flat_box_random_00,3,6b4c979c7ab41ea42d3a,False,False,False,False,False,False
paired120,baseline,flat_box_random,prospective_20260930_flat_box_random_00,6,6b4c979c7ab41ea42d3a,False,False,False,False,False,False
paired120,baseline,flat_box_random,prospective_20260930_flat_box_random_01,1,1b796054eb8f4a7a92c0,False,False,False,False,False,False
paired120,baseline,flat_box_random,prospective_20260930_flat_box_random_01,3,1b796054eb8f4a7a92c0,False,False,False,False,False,False
paired120,baseline,flat_box_random,prospective_20260930_flat_box_random_01,6,1b796054eb8f4a7a92c0,False,False,False,False,False,False
paired120,baseline,flat_box_random,prospective_20260930_flat_box_random_02,1,be842433747025cdf3c3,False,False,False,False,False,False
paired120,baseline,flat_box_random,prospective_20260930_flat_box_random_02,3,be842433747025cdf3c3,False,False,False,False,False,False
paired120,baseline,flat_box_random,prospective_20260930_flat_box_random_02,6,8ddd3fae0e4666f45f7b,False,False,False,False,False,False
paired120,baseline,flat_box_random,prospective_20260930_flat_box_random_03,1,a6483304fbc8e68b27cb,False,False,False,False,False,False
paired120,baseline,flat_box_random,prospective_20260930_flat_box_random_03,3,05bbcaa09ddb596f62c3,False,False,False,False,False,False
paired120,baseline,flat_box_random,prospective_20260930_flat_box_random_03,6,05bbcaa09ddb596f62c3,False,False,False,False,False,False
paired120,baseline,flat_box_random,prospective_20260930_flat_box_random_04,1,2ff255693069a1b24da0,False,False,False,False,False,False
paired120,baseline,flat_box_random,prospective_20260930_flat_box_random_04,3,38a95f242b611ac7f819,False,False,False,False,False,False
paired120,baseline,flat_box_random,prospective_20260930_flat_box_random_04,6,38a95f242b611ac7f819,False,False,False,False,False,False
paired120,baseline,flat_box_random,prospective_20260930_flat_box_random_05,1,5b2b9bbc6861c92e5085,False,False,False,False,False,False
paired120,baseline,flat_box_random,prospective_20260930_flat_box_random_05,3,b923b731eabd8c254cb6,False,False,False,False,False,False
paired120,baseline,flat_box_random,prospective_20260930_flat_box_random_05,6,b923b731eabd8c254cb6,False,False,False,False,False,False
paired120,baseline,flat_box_random,prospective_20260930_flat_box_random_06,1,2baa983f4bd0e73b10d1,False,False,False,False,False,False
paired120,baseline,flat_box_random,prospective_20260930_flat_box_random_06,3,2bde346411d15de38317,False,False,False,False,False,False
paired120,baseline,flat_box_random,prospective_20260930_flat_box_random_06,6,2bde346411d15de38317,False,False,False,False,False,False
paired120,baseline,flat_box_random,prospective_20260930_flat_box_random_07,1,6eea6b3ac91903f6adcf,False,False,False,False,False,False
paired120,baseline,flat_box_random,prospective_20260930_flat_box_random_07,3,6eea6b3ac91903f6adcf,False,False,False,False,False,False
paired120,baseline,flat_box_random,prospective_20260930_flat_box_random_07,6,6eea6b3ac91903f6adcf,False,False,False,False,False,False
paired120,baseline,flat_box_random,prospective_20260930_flat_box_random_08,1,9114de9904682d8a2de3,False,False,False,False,False,False
paired120,baseline,flat_box_random,prospective_20260930_flat_box_random_08,3,df1e862a86d3cfbfdefc,False,False,False,False,False,False
paired120,baseline,flat_box_random,prospective_20260930_flat_box_random_08,6,df1e862a86d3cfbfdefc,False,False,False,False,False,False
paired120,baseline,flat_box_random,prospective_20260930_flat_box_random_09,1,e3c6a88cc21f3ac06d7b,False,False,False,False,False,False
paired120,baseline,flat_box_random,prospective_20260930_flat_box_random_09,3,a41a14db471a66a4d2a1,False,False,False,False,False,False
paired120,baseline,flat_box_random,prospective_20260930_flat_box_random_09,6,a41a14db471a66a4d2a1,False,False,False,False,False,False
paired120,baseline,flat_box_random,prospective_20260930_flat_box_random_10,1,4df073ed2bcce16e8ab9,False,False,False,False,False,False
paired120,baseline,flat_box_random,prospective_20260930_flat_box_random_10,3,4df073ed2bcce16e8ab9,False,False,False,False,False,False
paired120,baseline,flat_box_random,prospective_20260930_flat_box_random_10,6,4df073ed2bcce16e8ab9,False,False,False,False,False,False
paired120,baseline,flat_box_random,prospective_20260930_flat_box_random_11,1,b8f87e2e6cc2fae9ea53,False,False,False,False,False,False
paired120,baseline,flat_box_random,prospective_20260930_flat_box_random_11,3,b8f87e2e6cc2fae9ea53,False,False,False,False,False,False
paired120,baseline,flat_box_random,prospective_20260930_flat_box_random_11,6,b8f87e2e6cc2fae9ea53,False,False,False,False,False,False
paired120,baseline,flat_box_random,prospective_20260930_flat_box_random_12,1,3c1b09666efe049c8010,False,False,False,False,False,False
paired120,baseline,flat_box_random,prospective_20260930_flat_box_random_12,3,61579d1929f2501a8d0f,True,True,True,True,False,False
paired120,baseline,flat_box_random,prospective_20260930_flat_box_random_12,6,031c06149dbb407e610c,True,True,True,True,False,False
paired120,baseline,flat_box_random,prospective_20260930_flat_box_random_13,1,4b8e6077629eefe268d7,False,False,False,False,False,False
paired120,baseline,flat_box_random,prospective_20260930_flat_box_random_13,3,3bc7956f584dc5fada0e,False,False,False,False,False,False
paired120,baseline,flat_box_random,prospective_20260930_flat_box_random_13,6,3bc7956f584dc5fada0e,False,False,False,False,False,False
paired120,baseline,flat_box_random,prospective_20260930_flat_box_random_14,1,40b868980674ca0b68d5,False,False,False,False,False,False
paired120,baseline,flat_box_random,prospective_20260930_flat_box_random_14,3,40b868980674ca0b68d5,False,False,False,False,False,False
paired120,baseline,flat_box_random,prospective_20260930_flat_box_random_14,6,40b868980674ca0b68d5,False,False,False,False,False,False
paired120,baseline,flat_box_random,prospective_20260930_flat_box_random_15,1,7bbfcacdd27e7f95e41d,False,False,False,False,False,False
paired120,baseline,flat_box_random,prospective_20260930_flat_box_random_15,3,7341443241585a730513,False,False,False,False,False,False
paired120,baseline,flat_box_random,prospective_20260930_flat_box_random_15,6,7341443241585a730513,False,False,False,False,False,False
paired120,baseline,flat_box_random,prospective_20260930_flat_box_random_16,1,c651bbc16daf421a2e0a,False,False,False,False,False,False
paired120,baseline,flat_box_random,prospective_20260930_flat_box_random_16,3,ca41a2dff0af7777778e,False,False,False,False,False,False
paired120,baseline,flat_box_random,prospective_20260930_flat_box_random_16,6,ca41a2dff0af7777778e,False,False,False,False,False,False
paired120,baseline,flat_box_random,prospective_20260930_flat_box_random_17,1,508e6ada6f1c9268a939,False,False,False,False,False,False
paired120,baseline,flat_box_random,prospective_20260930_flat_box_random_17,3,e00680f71272d21d6389,False,False,False,False,False,False
paired120,baseline,flat_box_random,prospective_20260930_flat_box_random_17,6,e00680f71272d21d6389,False,False,False,False,False,False
paired120,baseline,flat_box_random,prospective_20260930_flat_box_random_18,1,9ff3112ed6447ffefefb,False,False,False,False,False,False
paired120,baseline,flat_box_random,prospective_20260930_flat_box_random_18,3,9ff3112ed6447ffefefb,False,False,False,False,False,False
paired120,baseline,flat_box_random,prospective_20260930_flat_box_random_18,6,9ff3112ed6447ffefefb,False,False,False,False,False,False
paired120,baseline,flat_box_random,prospective_20260930_flat_box_random_19,1,4b8b158c8283adbcaa50,False,False,False,False,False,False
paired120,baseline,flat_box_random,prospective_20260930_flat_box_random_19,3,11da8e4cac6f276f71eb,True,True,False,False,False,False
paired120,baseline,flat_box_random,prospective_20260930_flat_box_random_19,6,11da8e4cac6f276f71eb,True,True,False,False,False,False
paired120,baseline,sphere_random,prospective_20260930_sphere_random_00,1,6d288d8a679e7f5b93ff,False,False,False,False,False,False
paired120,baseline,sphere_random,prospective_20260930_sphere_random_00,3,6d288d8a679e7f5b93ff,False,False,False,False,False,False
paired120,baseline,sphere_random,prospective_20260930_sphere_random_00,6,daf397ce0dc209ce0053,False,False,False,False,False,False
paired120,baseline,sphere_random,prospective_20260930_sphere_random_01,1,3a1fd2d736f2c91e3823,False,False,False,False,False,False
paired120,baseline,sphere_random,prospective_20260930_sphere_random_01,3,3a1fd2d736f2c91e3823,False,False,False,False,False,False
paired120,baseline,sphere_random,prospective_20260930_sphere_random_01,6,9c6539b89ad75cb5c672,False,False,False,False,False,False
paired120,baseline,sphere_random,prospective_20260930_sphere_random_02,1,3cb3d50b0c154ff05700,False,False,False,False,False,False
paired120,baseline,sphere_random,prospective_20260930_sphere_random_02,3,3cb3d50b0c154ff05700,False,False,False,False,False,False
paired120,baseline,sphere_random,prospective_20260930_sphere_random_02,6,81d88524a889115a90c8,False,False,False,False,False,False
paired120,baseline,sphere_random,prospective_20260930_sphere_random_03,1,f3c3ca4fbe79557e15e5,False,False,False,False,False,False
paired120,baseline,sphere_random,prospective_20260930_sphere_random_03,3,f3c3ca4fbe79557e15e5,False,False,False,False,False,False
paired120,baseline,sphere_random,prospective_20260930_sphere_random_03,6,ac25c9d35fe5588513cc,False,False,False,False,False,False
paired120,baseline,sphere_random,prospective_20260930_sphere_random_04,1,b10e635705f62c971b6e,False,False,False,False,False,False
paired120,baseline,sphere_random,prospective_20260930_sphere_random_04,3,b10e635705f62c971b6e,False,False,False,False,False,False
paired120,baseline,sphere_random,prospective_20260930_sphere_random_04,6,b2c13a9781659a99af76,False,False,False,False,False,False
paired120,baseline,sphere_random,prospective_20260930_sphere_random_05,1,1623d712bb26ab72509e,False,False,False,False,False,False
paired120,baseline,sphere_random,prospective_20260930_sphere_random_05,3,c936a607272c96ee0291,False,False,False,False,False,False
paired120,baseline,sphere_random,prospective_20260930_sphere_random_05,6,dbba9541f6c9b69b878d,False,False,False,False,False,False
paired120,baseline,sphere_random,prospective_20260930_sphere_random_06,1,a4b06bd4ba7c43b1f8c9,False,False,False,False,False,False
paired120,baseline,sphere_random,prospective_20260930_sphere_random_06,3,a4b06bd4ba7c43b1f8c9,False,False,False,False,False,False
paired120,baseline,sphere_random,prospective_20260930_sphere_random_06,6,a4b06bd4ba7c43b1f8c9,False,False,False,False,False,False
paired120,baseline,sphere_random,prospective_20260930_sphere_random_07,1,6c14e5ca5bb0cb8e847b,False,False,False,False,False,False
paired120,baseline,sphere_random,prospective_20260930_sphere_random_07,3,dc82566de01744532123,False,False,False,False,False,False
paired120,baseline,sphere_random,prospective_20260930_sphere_random_07,6,5b987f4497e7a275b1a1,False,False,False,False,False,False
paired120,baseline,sphere_random,prospective_20260930_sphere_random_08,1,180a25343c239606abb3,False,False,False,False,False,False
paired120,baseline,sphere_random,prospective_20260930_sphere_random_08,3,180a25343c239606abb3,False,False,False,False,False,False
paired120,baseline,sphere_random,prospective_20260930_sphere_random_08,6,094484f586611e4a76d7,False,False,False,False,False,False
paired120,baseline,sphere_random,prospective_20260930_sphere_random_09,1,c24d0291b7515bac66ab,False,False,False,False,False,False
paired120,baseline,sphere_random,prospective_20260930_sphere_random_09,3,edaac8c391b90a6cad55,False,False,False,False,False,False
paired120,baseline,sphere_random,prospective_20260930_sphere_random_09,6,80b541162be75184a8ff,False,False,False,False,False,False
paired120,baseline,sphere_random,prospective_20260930_sphere_random_10,1,8461c81487224e853215,False,False,False,False,False,False
paired120,baseline,sphere_random,prospective_20260930_sphere_random_10,3,8461c81487224e853215,False,False,False,False,False,False
paired120,baseline,sphere_random,prospective_20260930_sphere_random_10,6,8461c81487224e853215,False,False,False,False,False,False
paired120,baseline,sphere_random,prospective_20260930_sphere_random_11,1,b5c1931cab0e8560c2a8,False,False,False,False,False,False
paired120,baseline,sphere_random,prospective_20260930_sphere_random_11,3,b5c1931cab0e8560c2a8,False,False,False,False,False,False
paired120,baseline,sphere_random,prospective_20260930_sphere_random_11,6,b5c1931cab0e8560c2a8,False,False,False,False,False,False
paired120,baseline,sphere_random,prospective_20260930_sphere_random_12,1,a0e9846ae70c777437a5,False,False,False,False,False,False
paired120,baseline,sphere_random,prospective_20260930_sphere_random_12,3,a0e9846ae70c777437a5,False,False,False,False,False,False
paired120,baseline,sphere_random,prospective_20260930_sphere_random_12,6,dbfd1ef3e8650288ec4b,False,False,False,False,False,False
paired120,baseline,sphere_random,prospective_20260930_sphere_random_13,1,0673091ffb8e0cb1d7d0,False,False,False,False,False,False
paired120,baseline,sphere_random,prospective_20260930_sphere_random_13,3,0673091ffb8e0cb1d7d0,False,False,False,False,False,False
paired120,baseline,sphere_random,prospective_20260930_sphere_random_13,6,0673091ffb8e0cb1d7d0,False,False,False,False,False,False
paired120,baseline,sphere_random,prospective_20260930_sphere_random_14,1,3d32011892f14123ca6e,False,False,False,False,False,False
paired120,baseline,sphere_random,prospective_20260930_sphere_random_14,3,b735704ae6773ded729b,False,False,False,False,False,False
paired120,baseline,sphere_random,prospective_20260930_sphere_random_14,6,b735704ae6773ded729b,False,False,False,False,False,False
paired120,baseline,sphere_random,prospective_20260930_sphere_random_15,1,783e9dd002e7d03d8423,False,False,False,False,False,False
paired120,baseline,sphere_random,prospective_20260930_sphere_random_15,3,783e9dd002e7d03d8423,False,False,False,False,False,False
paired120,baseline,sphere_random,prospective_20260930_sphere_random_15,6,a850af657fbda59b3c73,False,False,False,False,False,False
paired120,baseline,sphere_random,prospective_20260930_sphere_random_16,1,463a81068a6dc991c402,False,False,False,False,False,False
paired120,baseline,sphere_random,prospective_20260930_sphere_random_16,3,c6b2aaf47c422d9410d1,False,False,False,False,False,False
paired120,baseline,sphere_random,prospective_20260930_sphere_random_16,6,76bfe92aadc806172229,False,False,False,False,False,False
paired120,baseline,sphere_random,prospective_20260930_sphere_random_17,1,b202adb9f072646dc233,False,False,False,False,False,False
paired120,baseline,sphere_random,prospective_20260930_sphere_random_17,3,b202adb9f072646dc233,False,False,False,False,False,False
paired120,baseline,sphere_random,prospective_20260930_sphere_random_17,6,b202adb9f072646dc233,False,False,False,False,False,False
paired120,baseline,sphere_random,prospective_20260930_sphere_random_18,1,a85f543b4881daca2c0f,False,False,False,False,False,False
paired120,baseline,sphere_random,prospective_20260930_sphere_random_18,3,a85f543b4881daca2c0f,False,False,False,False,False,False
paired120,baseline,sphere_random,prospective_20260930_sphere_random_18,6,aff8efc703c8e2dccaf1,False,False,False,False,False,False
paired120,baseline,sphere_random,prospective_20260930_sphere_random_19,1,b02231fe920ba67cccff,False,False,False,False,False,False
paired120,baseline,sphere_random,prospective_20260930_sphere_random_19,3,47ff169686184e5a092a,False,False,False,False,False,False
paired120,baseline,sphere_random,prospective_20260930_sphere_random_19,6,5da40b2f34f4aaec50fc,False,False,False,False,False,False
paired120,no_extra,bar_random,prospective_20260930_bar_random_00,6,681d919fc2b8bba7e41f,True,True,True,True,False,False
paired120,no_extra,bar_random,prospective_20260930_bar_random_01,6,b223c9093d42a82336b9,False,False,False,False,False,False
paired120,no_extra,bar_random,prospective_20260930_bar_random_02,6,dc930c0bfc4f4dc4b5d9,False,False,False,False,False,False
paired120,no_extra,bar_random,prospective_20260930_bar_random_03,6,b86f79d00501ebbb1bb2,False,False,False,False,False,False
paired120,no_extra,bar_random,prospective_20260930_bar_random_04,6,47f11f9bd7ec9e751f56,False,False,False,False,False,False
paired120,no_extra,bar_random,prospective_20260930_bar_random_05,6,8b4bbef2085d143abf98,True,True,True,True,False,False
paired120,no_extra,bar_random,prospective_20260930_bar_random_06,6,c658a47be838b93127a7,False,False,False,False,False,False
paired120,no_extra,bar_random,prospective_20260930_bar_random_07,6,6a259766dafe93ed6aaf,False,False,False,False,False,False
paired120,no_extra,bar_random,prospective_20260930_bar_random_08,6,93c07259688db645adaa,False,False,False,False,False,False
paired120,no_extra,bar_random,prospective_20260930_bar_random_09,6,5fd21fdea1ece2fe8cf8,False,False,False,False,False,False
paired120,no_extra,bar_random,prospective_20260930_bar_random_10,6,6b3a2e55f10e8aaa7643,True,True,True,True,False,False
paired120,no_extra,bar_random,prospective_20260930_bar_random_11,6,a0936774536aafb7a6f3,False,False,False,False,False,False
paired120,no_extra,bar_random,prospective_20260930_bar_random_12,6,661456375fa7d9cb9e4d,False,False,False,False,False,False
paired120,no_extra,bar_random,prospective_20260930_bar_random_13,6,9b2b12d3aeff19019858,True,True,True,True,False,False
paired120,no_extra,bar_random,prospective_20260930_bar_random_14,6,d0c62dda8175301bf85c,True,True,True,True,False,False
paired120,no_extra,bar_random,prospective_20260930_bar_random_15,6,cd35592f7ac70f770f50,False,False,False,False,False,False
paired120,no_extra,bar_random,prospective_20260930_bar_random_16,6,a05154d421c05ab77aec,False,False,False,False,False,False
paired120,no_extra,bar_random,prospective_20260930_bar_random_17,6,b075121438acb1822017,False,False,False,False,False,False
paired120,no_extra,bar_random,prospective_20260930_bar_random_18,6,8c516dbb1683c6f3d7ca,False,False,False,False,False,False
paired120,no_extra,bar_random,prospective_20260930_bar_random_19,6,df51c82bc5eaded97285,True,True,True,True,False,False
paired120,no_extra,capsule_random,prospective_20260930_capsule_random_00,6,2c08bcaf24f9bf5f7739,False,False,False,False,False,False
paired120,no_extra,capsule_random,prospective_20260930_capsule_random_01,6,d6a30f843cbf8416478b,False,False,False,False,False,False
paired120,no_extra,capsule_random,prospective_20260930_capsule_random_02,6,7bad8be181c52510d0b5,False,False,False,False,False,False
paired120,no_extra,capsule_random,prospective_20260930_capsule_random_03,6,751b6e9ea484b963e4a6,False,False,False,False,False,False
paired120,no_extra,capsule_random,prospective_20260930_capsule_random_04,6,01b05f1b41accbd7b186,False,False,False,False,False,False
paired120,no_extra,capsule_random,prospective_20260930_capsule_random_05,6,7388813ba34ebe307e00,False,False,False,False,False,False
paired120,no_extra,capsule_random,prospective_20260930_capsule_random_06,6,dc840539df1be85d7ee8,False,False,False,False,False,False
paired120,no_extra,capsule_random,prospective_20260930_capsule_random_07,6,93bffddec3ae564f3c08,False,False,False,False,False,False
paired120,no_extra,capsule_random,prospective_20260930_capsule_random_08,6,cea256b2c2f5793da902,False,False,False,False,False,False
paired120,no_extra,capsule_random,prospective_20260930_capsule_random_09,6,634ea43882e35453397d,False,False,False,False,False,False
paired120,no_extra,capsule_random,prospective_20260930_capsule_random_10,6,a25034ddd57ba6d05b3e,False,False,False,False,False,False
paired120,no_extra,capsule_random,prospective_20260930_capsule_random_11,6,86b7f5dd0288d6b91ca2,False,False,False,False,False,False
paired120,no_extra,capsule_random,prospective_20260930_capsule_random_12,6,2f20a74df3f92fd4e5f7,False,False,False,False,False,False
paired120,no_extra,capsule_random,prospective_20260930_capsule_random_13,6,ed26caa0fe4973bc61b2,False,False,False,False,False,False
paired120,no_extra,capsule_random,prospective_20260930_capsule_random_14,6,8829df0b9bffc0a83fe1,False,False,False,False,False,False
paired120,no_extra,capsule_random,prospective_20260930_capsule_random_15,6,fd00aa556240972bf398,False,False,False,False,False,False
paired120,no_extra,capsule_random,prospective_20260930_capsule_random_16,6,c51f05ed3dd532dd347e,False,False,False,False,False,False
paired120,no_extra,capsule_random,prospective_20260930_capsule_random_17,6,15a2baf4c3c9993c986f,False,False,False,False,False,False
paired120,no_extra,capsule_random,prospective_20260930_capsule_random_18,6,a8340c1309b8814dff3d,False,False,False,False,False,False
paired120,no_extra,capsule_random,prospective_20260930_capsule_random_19,6,f591460e2decd2e886da,False,False,False,False,False,False
paired120,no_extra,cube_random,prospective_20260930_cube_random_00,6,db88eb83a87e83fd628b,True,True,True,True,False,False
paired120,no_extra,cube_random,prospective_20260930_cube_random_01,6,f4aeca7c7a1dfae16994,False,False,False,False,False,False
paired120,no_extra,cube_random,prospective_20260930_cube_random_02,6,8378ddbd26c61ea44a82,True,True,True,True,False,False
paired120,no_extra,cube_random,prospective_20260930_cube_random_03,6,77ad43ce5371e8a1a2a4,True,True,True,True,False,False
paired120,no_extra,cube_random,prospective_20260930_cube_random_04,6,d1701b688f02c426e8dc,True,True,True,True,False,False
paired120,no_extra,cube_random,prospective_20260930_cube_random_05,6,36ab479aa8d3ec8163f0,True,True,True,True,False,False
paired120,no_extra,cube_random,prospective_20260930_cube_random_06,6,528aa10a8f7236ae6fa2,True,True,True,True,False,False
paired120,no_extra,cube_random,prospective_20260930_cube_random_07,6,540824b61860fa2ed694,False,False,False,False,False,False
paired120,no_extra,cube_random,prospective_20260930_cube_random_08,6,5dc1d6ed074f1b894f20,True,True,True,True,False,False
paired120,no_extra,cube_random,prospective_20260930_cube_random_09,6,a599049f329f322d6a59,True,True,True,True,False,False
paired120,no_extra,cube_random,prospective_20260930_cube_random_10,6,7ecba6e147dfab5f01d2,True,True,True,True,False,False
paired120,no_extra,cube_random,prospective_20260930_cube_random_11,6,9ba017725ffd09f6cbe7,True,True,True,True,False,False
paired120,no_extra,cube_random,prospective_20260930_cube_random_12,6,d584d67bfdfb715b0333,True,True,True,True,False,False
paired120,no_extra,cube_random,prospective_20260930_cube_random_13,6,23357a8be72c2fba3a39,True,True,True,True,False,False
paired120,no_extra,cube_random,prospective_20260930_cube_random_14,6,a974c273b4159e01146f,False,False,False,False,False,False
paired120,no_extra,cube_random,prospective_20260930_cube_random_15,6,9ed17e381e0df8897af8,True,True,True,True,False,False
paired120,no_extra,cube_random,prospective_20260930_cube_random_16,6,523f5915b51b8aecfa12,True,True,True,True,False,False
paired120,no_extra,cube_random,prospective_20260930_cube_random_17,6,4fb127e8d3d4579c4399,True,True,True,True,False,False
paired120,no_extra,cube_random,prospective_20260930_cube_random_18,6,feec7cc9dcfd3c843247,True,True,True,True,False,False
paired120,no_extra,cube_random,prospective_20260930_cube_random_19,6,8839d4fb7e259a8eb0b3,True,True,True,True,False,False
paired120,no_extra,cylinder_random,prospective_20260930_cylinder_random_00,6,094085296b6b841a4e76,True,True,True,True,True,True
paired120,no_extra,cylinder_random,prospective_20260930_cylinder_random_01,6,ffa601f42be9d7e47e9b,False,False,False,False,False,False
paired120,no_extra,cylinder_random,prospective_20260930_cylinder_random_02,6,87341d23f8fa6bcc89f4,False,False,False,False,False,False
paired120,no_extra,cylinder_random,prospective_20260930_cylinder_random_03,6,5487f85679a22366e02e,True,True,True,True,True,True
paired120,no_extra,cylinder_random,prospective_20260930_cylinder_random_04,6,fb3a1cdd92fd7489e334,False,False,False,False,False,False
paired120,no_extra,cylinder_random,prospective_20260930_cylinder_random_05,6,b8fa68ad06c7086fb97f,True,True,True,True,True,True
paired120,no_extra,cylinder_random,prospective_20260930_cylinder_random_06,6,461b118d3fc1c203ae34,True,True,True,True,True,True
paired120,no_extra,cylinder_random,prospective_20260930_cylinder_random_07,6,0c4ee3183d0144e7f5d8,False,False,False,False,False,False
paired120,no_extra,cylinder_random,prospective_20260930_cylinder_random_08,6,03248d7612f2cf78e2e2,True,True,True,True,True,True
paired120,no_extra,cylinder_random,prospective_20260930_cylinder_random_09,6,a2f5b210824589b7b270,True,True,True,True,True,True
paired120,no_extra,cylinder_random,prospective_20260930_cylinder_random_10,6,bdbce6a7265adcc80b80,True,True,True,True,True,True
paired120,no_extra,cylinder_random,prospective_20260930_cylinder_random_11,6,39937118f4984b5d306d,True,True,True,True,True,True
paired120,no_extra,cylinder_random,prospective_20260930_cylinder_random_12,6,50663fc1e159536504cf,True,True,True,True,True,True
paired120,no_extra,cylinder_random,prospective_20260930_cylinder_random_13,6,7e16f6883d6dcf64cb38,True,True,True,True,True,True
paired120,no_extra,cylinder_random,prospective_20260930_cylinder_random_14,6,e3a85a3f411681a1cc2a,True,True,True,True,True,True
paired120,no_extra,cylinder_random,prospective_20260930_cylinder_random_15,6,bdf19a09c2aa436c6247,False,False,False,False,False,False
paired120,no_extra,cylinder_random,prospective_20260930_cylinder_random_16,6,d71b65d41450d6660da6,False,False,False,False,False,False
paired120,no_extra,cylinder_random,prospective_20260930_cylinder_random_17,6,0295f12aeb5af4d66b46,True,True,True,True,True,True
paired120,no_extra,cylinder_random,prospective_20260930_cylinder_random_18,6,88d219e2e0a59232fca5,False,False,False,False,False,False
paired120,no_extra,cylinder_random,prospective_20260930_cylinder_random_19,6,21bf06578ff3f3fdf8dd,True,True,True,True,True,True
paired120,no_extra,flat_box_random,prospective_20260930_flat_box_random_00,6,6b4c979c7ab41ea42d3a,False,False,False,False,False,False
paired120,no_extra,flat_box_random,prospective_20260930_flat_box_random_01,6,1b796054eb8f4a7a92c0,False,False,False,False,False,False
paired120,no_extra,flat_box_random,prospective_20260930_flat_box_random_02,6,8ddd3fae0e4666f45f7b,False,False,False,False,False,False
paired120,no_extra,flat_box_random,prospective_20260930_flat_box_random_03,6,05bbcaa09ddb596f62c3,False,False,False,False,False,False
paired120,no_extra,flat_box_random,prospective_20260930_flat_box_random_04,6,38a95f242b611ac7f819,False,False,False,False,False,False
paired120,no_extra,flat_box_random,prospective_20260930_flat_box_random_05,6,b923b731eabd8c254cb6,False,False,False,False,False,False
paired120,no_extra,flat_box_random,prospective_20260930_flat_box_random_06,6,2bde346411d15de38317,False,False,False,False,False,False
paired120,no_extra,flat_box_random,prospective_20260930_flat_box_random_07,6,6eea6b3ac91903f6adcf,False,False,False,False,False,False
paired120,no_extra,flat_box_random,prospective_20260930_flat_box_random_08,6,df1e862a86d3cfbfdefc,False,False,False,False,False,False
paired120,no_extra,flat_box_random,prospective_20260930_flat_box_random_09,6,a41a14db471a66a4d2a1,False,False,False,False,False,False
paired120,no_extra,flat_box_random,prospective_20260930_flat_box_random_10,6,4df073ed2bcce16e8ab9,False,False,False,False,False,False
paired120,no_extra,flat_box_random,prospective_20260930_flat_box_random_11,6,b8f87e2e6cc2fae9ea53,False,False,False,False,False,False
paired120,no_extra,flat_box_random,prospective_20260930_flat_box_random_12,6,031c06149dbb407e610c,True,True,True,True,False,False
paired120,no_extra,flat_box_random,prospective_20260930_flat_box_random_13,6,3bc7956f584dc5fada0e,False,False,False,False,False,False
paired120,no_extra,flat_box_random,prospective_20260930_flat_box_random_14,6,40b868980674ca0b68d5,False,False,False,False,False,False
paired120,no_extra,flat_box_random,prospective_20260930_flat_box_random_15,6,7341443241585a730513,False,False,False,False,False,False
paired120,no_extra,flat_box_random,prospective_20260930_flat_box_random_16,6,ca41a2dff0af7777778e,False,False,False,False,False,False
paired120,no_extra,flat_box_random,prospective_20260930_flat_box_random_17,6,e00680f71272d21d6389,False,False,False,False,False,False
paired120,no_extra,flat_box_random,prospective_20260930_flat_box_random_18,6,9ff3112ed6447ffefefb,False,False,False,False,False,False
paired120,no_extra,flat_box_random,prospective_20260930_flat_box_random_19,6,11da8e4cac6f276f71eb,True,True,False,False,False,False
paired120,no_extra,sphere_random,prospective_20260930_sphere_random_00,6,daf397ce0dc209ce0053,False,False,False,False,False,False
paired120,no_extra,sphere_random,prospective_20260930_sphere_random_01,6,9c6539b89ad75cb5c672,False,False,False,False,False,False
paired120,no_extra,sphere_random,prospective_20260930_sphere_random_02,6,81d88524a889115a90c8,False,False,False,False,False,False
paired120,no_extra,sphere_random,prospective_20260930_sphere_random_03,6,ac25c9d35fe5588513cc,False,False,False,False,False,False
paired120,no_extra,sphere_random,prospective_20260930_sphere_random_04,6,b2c13a9781659a99af76,False,False,False,False,False,False
paired120,no_extra,sphere_random,prospective_20260930_sphere_random_05,6,dbba9541f6c9b69b878d,False,False,False,False,False,False
paired120,no_extra,sphere_random,prospective_20260930_sphere_random_06,6,a4b06bd4ba7c43b1f8c9,False,False,False,False,False,False
paired120,no_extra,sphere_random,prospective_20260930_sphere_random_07,6,5b987f4497e7a275b1a1,False,False,False,False,False,False
paired120,no_extra,sphere_random,prospective_20260930_sphere_random_08,6,094484f586611e4a76d7,False,False,False,False,False,False
paired120,no_extra,sphere_random,prospective_20260930_sphere_random_09,6,80b541162be75184a8ff,False,False,False,False,False,False
paired120,no_extra,sphere_random,prospective_20260930_sphere_random_10,6,8461c81487224e853215,False,False,False,False,False,False
paired120,no_extra,sphere_random,prospective_20260930_sphere_random_11,6,b5c1931cab0e8560c2a8,False,False,False,False,False,False
paired120,no_extra,sphere_random,prospective_20260930_sphere_random_12,6,dbfd1ef3e8650288ec4b,False,False,False,False,False,False
paired120,no_extra,sphere_random,prospective_20260930_sphere_random_13,6,0673091ffb8e0cb1d7d0,False,False,False,False,False,False
paired120,no_extra,sphere_random,prospective_20260930_sphere_random_14,6,b735704ae6773ded729b,False,False,False,False,False,False
paired120,no_extra,sphere_random,prospective_20260930_sphere_random_15,6,a850af657fbda59b3c73,False,False,False,False,False,False
paired120,no_extra,sphere_random,prospective_20260930_sphere_random_16,6,76bfe92aadc806172229,False,False,False,False,False,False
paired120,no_extra,sphere_random,prospective_20260930_sphere_random_17,6,b202adb9f072646dc233,False,False,False,False,False,False
paired120,no_extra,sphere_random,prospective_20260930_sphere_random_18,6,aff8efc703c8e2dccaf1,False,False,False,False,False,False
paired120,no_extra,sphere_random,prospective_20260930_sphere_random_19,6,5da40b2f34f4aaec50fc,False,False,False,False,False,False
paired120,repair,bar_random,prospective_20260930_bar_random_00,1,681d919fc2b8bba7e41f,True,True,True,True,False,False
paired120,repair,bar_random,prospective_20260930_bar_random_00,3,681d919fc2b8bba7e41f,True,True,True,True,False,False
paired120,repair,bar_random,prospective_20260930_bar_random_00,6,681d919fc2b8bba7e41f,True,True,True,True,False,False
paired120,repair,bar_random,prospective_20260930_bar_random_01,1,196ffb15f4a8ef9ba70d,False,False,False,False,False,False
paired120,repair,bar_random,prospective_20260930_bar_random_01,3,196ffb15f4a8ef9ba70d,False,False,False,False,False,False
paired120,repair,bar_random,prospective_20260930_bar_random_01,6,b223c9093d42a82336b9,False,False,False,False,False,False
paired120,repair,bar_random,prospective_20260930_bar_random_02,1,391f6b1122f5dccdc596,False,False,False,False,False,False
paired120,repair,bar_random,prospective_20260930_bar_random_02,3,391f6b1122f5dccdc596,False,False,False,False,False,False
paired120,repair,bar_random,prospective_20260930_bar_random_02,6,dc930c0bfc4f4dc4b5d9,False,False,False,False,False,False
paired120,repair,bar_random,prospective_20260930_bar_random_03,1,1436b3c4b95a544b582b,False,False,False,False,False,False
paired120,repair,bar_random,prospective_20260930_bar_random_03,3,b86f79d00501ebbb1bb2,False,False,False,False,False,False
paired120,repair,bar_random,prospective_20260930_bar_random_03,6,b86f79d00501ebbb1bb2,False,False,False,False,False,False
paired120,repair,bar_random,prospective_20260930_bar_random_04,1,2db7ee5c04cf9413ea6a,False,False,False,False,False,False
paired120,repair,bar_random,prospective_20260930_bar_random_04,3,14746771eb1f40fa74d9,False,False,False,False,False,False
paired120,repair,bar_random,prospective_20260930_bar_random_04,6,47f11f9bd7ec9e751f56,False,False,False,False,False,False
paired120,repair,bar_random,prospective_20260930_bar_random_05,1,0aae5c5df2e1f8dc261a,False,False,False,False,False,False
paired120,repair,bar_random,prospective_20260930_bar_random_05,3,0aae5c5df2e1f8dc261a,False,False,False,False,False,False
paired120,repair,bar_random,prospective_20260930_bar_random_05,6,8b4bbef2085d143abf98,True,True,True,True,False,False
paired120,repair,bar_random,prospective_20260930_bar_random_06,1,763a85e8e9a4cd4549af,False,False,False,False,False,False
paired120,repair,bar_random,prospective_20260930_bar_random_06,3,a0167f468865a47b4b47,False,False,False,False,False,False
paired120,repair,bar_random,prospective_20260930_bar_random_06,6,c658a47be838b93127a7,False,False,False,False,False,False
paired120,repair,bar_random,prospective_20260930_bar_random_07,1,b95f1978cee4d3b7b8c0,False,False,False,False,False,False
paired120,repair,bar_random,prospective_20260930_bar_random_07,3,6a259766dafe93ed6aaf,False,False,False,False,False,False
paired120,repair,bar_random,prospective_20260930_bar_random_07,6,6a259766dafe93ed6aaf,False,False,False,False,False,False
paired120,repair,bar_random,prospective_20260930_bar_random_08,1,4bff80e35e6403fdd2e8,False,False,False,False,False,False
paired120,repair,bar_random,prospective_20260930_bar_random_08,3,93c07259688db645adaa,False,False,False,False,False,False
paired120,repair,bar_random,prospective_20260930_bar_random_08,6,93c07259688db645adaa,False,False,False,False,False,False
paired120,repair,bar_random,prospective_20260930_bar_random_09,1,406a5b438bfb0c72c080,False,False,False,False,False,False
paired120,repair,bar_random,prospective_20260930_bar_random_09,3,5fd21fdea1ece2fe8cf8,False,False,False,False,False,False
paired120,repair,bar_random,prospective_20260930_bar_random_09,6,5fd21fdea1ece2fe8cf8,False,False,False,False,False,False
paired120,repair,bar_random,prospective_20260930_bar_random_10,1,6b3a2e55f10e8aaa7643,True,True,True,True,False,False
paired120,repair,bar_random,prospective_20260930_bar_random_10,3,6b3a2e55f10e8aaa7643,True,True,True,True,False,False
paired120,repair,bar_random,prospective_20260930_bar_random_10,6,6b3a2e55f10e8aaa7643,True,True,True,True,False,False
paired120,repair,bar_random,prospective_20260930_bar_random_11,1,9c1742a81af18cb0ac3e,False,False,False,False,False,False
paired120,repair,bar_random,prospective_20260930_bar_random_11,3,9c1742a81af18cb0ac3e,False,False,False,False,False,False
paired120,repair,bar_random,prospective_20260930_bar_random_11,6,a0936774536aafb7a6f3,False,False,False,False,False,False
paired120,repair,bar_random,prospective_20260930_bar_random_12,1,2363721573e71dd5cde2,False,False,False,False,False,False
paired120,repair,bar_random,prospective_20260930_bar_random_12,3,661456375fa7d9cb9e4d,False,False,False,False,False,False
paired120,repair,bar_random,prospective_20260930_bar_random_12,6,661456375fa7d9cb9e4d,False,False,False,False,False,False
paired120,repair,bar_random,prospective_20260930_bar_random_13,1,3f19c623532ac5f7d982,True,True,True,True,False,False
paired120,repair,bar_random,prospective_20260930_bar_random_13,3,537bf48026705b444707,True,True,True,True,False,False
paired120,repair,bar_random,prospective_20260930_bar_random_13,6,9b2b12d3aeff19019858,True,True,True,True,False,False
paired120,repair,bar_random,prospective_20260930_bar_random_14,1,977d787c2cb209410891,False,False,False,False,False,False
paired120,repair,bar_random,prospective_20260930_bar_random_14,3,178fd4b27e568ecb3998,True,True,True,True,False,False
paired120,repair,bar_random,prospective_20260930_bar_random_14,6,d0c62dda8175301bf85c,True,True,True,True,False,False
paired120,repair,bar_random,prospective_20260930_bar_random_15,1,0959da8b1ebeeb03274c,False,False,False,False,False,False
paired120,repair,bar_random,prospective_20260930_bar_random_15,3,cd35592f7ac70f770f50,False,False,False,False,False,False
paired120,repair,bar_random,prospective_20260930_bar_random_15,6,cd35592f7ac70f770f50,False,False,False,False,False,False
paired120,repair,bar_random,prospective_20260930_bar_random_16,1,9dce1e835ad99f07bab8,False,False,False,False,False,False
paired120,repair,bar_random,prospective_20260930_bar_random_16,3,a05154d421c05ab77aec,False,False,False,False,False,False
paired120,repair,bar_random,prospective_20260930_bar_random_16,6,a05154d421c05ab77aec,False,False,False,False,False,False
paired120,repair,bar_random,prospective_20260930_bar_random_17,1,0e3db6d10c6ae9e2d3ba,False,False,False,False,False,False
paired120,repair,bar_random,prospective_20260930_bar_random_17,3,b075121438acb1822017,False,False,False,False,False,False
paired120,repair,bar_random,prospective_20260930_bar_random_17,6,b075121438acb1822017,False,False,False,False,False,False
paired120,repair,bar_random,prospective_20260930_bar_random_18,1,8968a5f38ce2ef142d55,False,False,False,False,False,False
paired120,repair,bar_random,prospective_20260930_bar_random_18,3,4bc2d839f5e5fae792ef,False,False,False,False,False,False
paired120,repair,bar_random,prospective_20260930_bar_random_18,6,8c516dbb1683c6f3d7ca,False,False,False,False,False,False
paired120,repair,bar_random,prospective_20260930_bar_random_19,1,df51c82bc5eaded97285,True,True,True,True,False,False
paired120,repair,bar_random,prospective_20260930_bar_random_19,3,df51c82bc5eaded97285,True,True,True,True,False,False
paired120,repair,bar_random,prospective_20260930_bar_random_19,6,df51c82bc5eaded97285,True,True,True,True,False,False
paired120,repair,capsule_random,prospective_20260930_capsule_random_00,1,489db00e2800158c5156,False,False,False,False,False,False
paired120,repair,capsule_random,prospective_20260930_capsule_random_00,3,54ded1812680ef8a5ecd,False,False,False,False,False,False
paired120,repair,capsule_random,prospective_20260930_capsule_random_00,6,2c08bcaf24f9bf5f7739,False,False,False,False,False,False
paired120,repair,capsule_random,prospective_20260930_capsule_random_01,1,a39f0d8830b8563abe92,False,False,False,False,False,False
paired120,repair,capsule_random,prospective_20260930_capsule_random_01,3,e531994f2d6c7c666e0b,False,False,False,False,False,False
paired120,repair,capsule_random,prospective_20260930_capsule_random_01,6,d6a30f843cbf8416478b,False,False,False,False,False,False
paired120,repair,capsule_random,prospective_20260930_capsule_random_02,1,1cf63ccba6a52bafa349,False,False,False,False,False,False
paired120,repair,capsule_random,prospective_20260930_capsule_random_02,3,118102c93c493da60445,False,False,False,False,False,False
paired120,repair,capsule_random,prospective_20260930_capsule_random_02,6,7bad8be181c52510d0b5,False,False,False,False,False,False
paired120,repair,capsule_random,prospective_20260930_capsule_random_03,1,751b6e9ea484b963e4a6,False,False,False,False,False,False
paired120,repair,capsule_random,prospective_20260930_capsule_random_03,3,751b6e9ea484b963e4a6,False,False,False,False,False,False
paired120,repair,capsule_random,prospective_20260930_capsule_random_03,6,751b6e9ea484b963e4a6,False,False,False,False,False,False
paired120,repair,capsule_random,prospective_20260930_capsule_random_04,1,971bfe7eeb46bc1b9da0,False,False,False,False,False,False
paired120,repair,capsule_random,prospective_20260930_capsule_random_04,3,019c2455f506046de2e4,False,False,False,False,False,False
paired120,repair,capsule_random,prospective_20260930_capsule_random_04,6,01b05f1b41accbd7b186,False,False,False,False,False,False
paired120,repair,capsule_random,prospective_20260930_capsule_random_05,1,7388813ba34ebe307e00,False,False,False,False,False,False
paired120,repair,capsule_random,prospective_20260930_capsule_random_05,3,7388813ba34ebe307e00,False,False,False,False,False,False
paired120,repair,capsule_random,prospective_20260930_capsule_random_05,6,7388813ba34ebe307e00,False,False,False,False,False,False
paired120,repair,capsule_random,prospective_20260930_capsule_random_06,1,b011007083bcd904ff82,False,False,False,False,False,False
paired120,repair,capsule_random,prospective_20260930_capsule_random_06,3,7b9d9e852b678e64bb5a,False,False,False,False,False,False
paired120,repair,capsule_random,prospective_20260930_capsule_random_06,6,dc840539df1be85d7ee8,False,False,False,False,False,False
paired120,repair,capsule_random,prospective_20260930_capsule_random_07,1,8499b49b92fcfb16b851,False,False,False,False,False,False
paired120,repair,capsule_random,prospective_20260930_capsule_random_07,3,c295f993f0ba68532375,False,False,False,False,False,False
paired120,repair,capsule_random,prospective_20260930_capsule_random_07,6,93bffddec3ae564f3c08,False,False,False,False,False,False
paired120,repair,capsule_random,prospective_20260930_capsule_random_08,1,2413793644f9ea9b6a59,False,False,False,False,False,False
paired120,repair,capsule_random,prospective_20260930_capsule_random_08,3,2413793644f9ea9b6a59,False,False,False,False,False,False
paired120,repair,capsule_random,prospective_20260930_capsule_random_08,6,cea256b2c2f5793da902,False,False,False,False,False,False
paired120,repair,capsule_random,prospective_20260930_capsule_random_09,1,423e1aa3eebc1b3205fd,False,False,False,False,False,False
paired120,repair,capsule_random,prospective_20260930_capsule_random_09,3,423e1aa3eebc1b3205fd,False,False,False,False,False,False
paired120,repair,capsule_random,prospective_20260930_capsule_random_09,6,634ea43882e35453397d,False,False,False,False,False,False
paired120,repair,capsule_random,prospective_20260930_capsule_random_10,1,a25034ddd57ba6d05b3e,False,False,False,False,False,False
paired120,repair,capsule_random,prospective_20260930_capsule_random_10,3,a25034ddd57ba6d05b3e,False,False,False,False,False,False
paired120,repair,capsule_random,prospective_20260930_capsule_random_10,6,a25034ddd57ba6d05b3e,False,False,False,False,False,False
paired120,repair,capsule_random,prospective_20260930_capsule_random_11,1,86b7f5dd0288d6b91ca2,False,False,False,False,False,False
paired120,repair,capsule_random,prospective_20260930_capsule_random_11,3,86b7f5dd0288d6b91ca2,False,False,False,False,False,False
paired120,repair,capsule_random,prospective_20260930_capsule_random_11,6,86b7f5dd0288d6b91ca2,False,False,False,False,False,False
paired120,repair,capsule_random,prospective_20260930_capsule_random_12,1,dfc580f386fd3684fce9,False,False,False,False,False,False
paired120,repair,capsule_random,prospective_20260930_capsule_random_12,3,ada9a6ef2e94366717d3,False,False,False,False,False,False
paired120,repair,capsule_random,prospective_20260930_capsule_random_12,6,2f20a74df3f92fd4e5f7,False,False,False,False,False,False
paired120,repair,capsule_random,prospective_20260930_capsule_random_13,1,ed26caa0fe4973bc61b2,False,False,False,False,False,False
paired120,repair,capsule_random,prospective_20260930_capsule_random_13,3,ed26caa0fe4973bc61b2,False,False,False,False,False,False
paired120,repair,capsule_random,prospective_20260930_capsule_random_13,6,ed26caa0fe4973bc61b2,False,False,False,False,False,False
paired120,repair,capsule_random,prospective_20260930_capsule_random_14,1,ec5cd990e575ddc6dd54,False,False,False,False,False,False
paired120,repair,capsule_random,prospective_20260930_capsule_random_14,3,f914cdc2934ec960f49f,False,False,False,False,False,False
paired120,repair,capsule_random,prospective_20260930_capsule_random_14,6,8829df0b9bffc0a83fe1,False,False,False,False,False,False
paired120,repair,capsule_random,prospective_20260930_capsule_random_15,1,e7273bef642947f604d2,False,False,False,False,False,False
paired120,repair,capsule_random,prospective_20260930_capsule_random_15,3,e7273bef642947f604d2,False,False,False,False,False,False
paired120,repair,capsule_random,prospective_20260930_capsule_random_15,6,fd00aa556240972bf398,False,False,False,False,False,False
paired120,repair,capsule_random,prospective_20260930_capsule_random_16,1,aaf18bb84ab5c44b72cc,False,False,False,False,False,False
paired120,repair,capsule_random,prospective_20260930_capsule_random_16,3,c51f05ed3dd532dd347e,False,False,False,False,False,False
paired120,repair,capsule_random,prospective_20260930_capsule_random_16,6,c51f05ed3dd532dd347e,False,False,False,False,False,False
paired120,repair,capsule_random,prospective_20260930_capsule_random_17,1,e855ac4602f08f1ec445,False,False,False,False,False,False
paired120,repair,capsule_random,prospective_20260930_capsule_random_17,3,e855ac4602f08f1ec445,False,False,False,False,False,False
paired120,repair,capsule_random,prospective_20260930_capsule_random_17,6,15a2baf4c3c9993c986f,False,False,False,False,False,False
paired120,repair,capsule_random,prospective_20260930_capsule_random_18,1,7053be49b41604b8698e,False,False,False,False,False,False
paired120,repair,capsule_random,prospective_20260930_capsule_random_18,3,708856ae863bc31cbf48,False,False,False,False,False,False
paired120,repair,capsule_random,prospective_20260930_capsule_random_18,6,a8340c1309b8814dff3d,False,False,False,False,False,False
paired120,repair,capsule_random,prospective_20260930_capsule_random_19,1,2616e2c38f7a29b96764,False,False,False,False,False,False
paired120,repair,capsule_random,prospective_20260930_capsule_random_19,3,d4cdfa9f59ad478014d6,False,False,False,False,False,False
paired120,repair,capsule_random,prospective_20260930_capsule_random_19,6,f591460e2decd2e886da,False,False,False,False,False,False
paired120,repair,cube_random,prospective_20260930_cube_random_00,1,d836d1f5896f4d3dc404,False,False,False,False,False,False
paired120,repair,cube_random,prospective_20260930_cube_random_00,3,db88eb83a87e83fd628b,True,True,True,True,False,False
paired120,repair,cube_random,prospective_20260930_cube_random_00,6,db88eb83a87e83fd628b,True,True,True,True,False,False
paired120,repair,cube_random,prospective_20260930_cube_random_01,1,f4aeca7c7a1dfae16994,False,False,False,False,False,False
paired120,repair,cube_random,prospective_20260930_cube_random_01,3,f4aeca7c7a1dfae16994,False,False,False,False,False,False
paired120,repair,cube_random,prospective_20260930_cube_random_01,6,f4aeca7c7a1dfae16994,False,False,False,False,False,False
paired120,repair,cube_random,prospective_20260930_cube_random_02,1,515b55573b9bc1350d20,False,False,False,False,False,False
paired120,repair,cube_random,prospective_20260930_cube_random_02,3,8378ddbd26c61ea44a82,True,True,True,True,False,False
paired120,repair,cube_random,prospective_20260930_cube_random_02,6,8378ddbd26c61ea44a82,True,True,True,True,False,False
paired120,repair,cube_random,prospective_20260930_cube_random_03,1,0b598a2d2ab4aedf3a3f,False,False,False,False,False,False
paired120,repair,cube_random,prospective_20260930_cube_random_03,3,77ad43ce5371e8a1a2a4,True,True,True,True,False,False
paired120,repair,cube_random,prospective_20260930_cube_random_03,6,77ad43ce5371e8a1a2a4,True,True,True,True,False,False
paired120,repair,cube_random,prospective_20260930_cube_random_04,1,d1701b688f02c426e8dc,True,True,True,True,False,False
paired120,repair,cube_random,prospective_20260930_cube_random_04,3,d1701b688f02c426e8dc,True,True,True,True,False,False
paired120,repair,cube_random,prospective_20260930_cube_random_04,6,d1701b688f02c426e8dc,True,True,True,True,False,False
paired120,repair,cube_random,prospective_20260930_cube_random_05,1,6aa90cd2f426a25ec67a,False,False,False,False,False,False
paired120,repair,cube_random,prospective_20260930_cube_random_05,3,36ab479aa8d3ec8163f0,True,True,True,True,False,False
paired120,repair,cube_random,prospective_20260930_cube_random_05,6,36ab479aa8d3ec8163f0,True,True,True,True,False,False
paired120,repair,cube_random,prospective_20260930_cube_random_06,1,913603f32b5b9c21f9c7,False,False,False,False,False,False
paired120,repair,cube_random,prospective_20260930_cube_random_06,3,528aa10a8f7236ae6fa2,True,True,True,True,False,False
paired120,repair,cube_random,prospective_20260930_cube_random_06,6,528aa10a8f7236ae6fa2,True,True,True,True,False,False
paired120,repair,cube_random,prospective_20260930_cube_random_07,1,548c74002d06eea68bd4,False,False,False,False,False,False
paired120,repair,cube_random,prospective_20260930_cube_random_07,3,e3010356fe6d830d5234,False,False,False,False,False,False
paired120,repair,cube_random,prospective_20260930_cube_random_07,6,540824b61860fa2ed694,False,False,False,False,False,False
paired120,repair,cube_random,prospective_20260930_cube_random_08,1,3b0a587ad22cad7cefb6,False,False,False,False,False,False
paired120,repair,cube_random,prospective_20260930_cube_random_08,3,5dc1d6ed074f1b894f20,True,True,True,True,False,False
paired120,repair,cube_random,prospective_20260930_cube_random_08,6,5dc1d6ed074f1b894f20,True,True,True,True,False,False
paired120,repair,cube_random,prospective_20260930_cube_random_09,1,a599049f329f322d6a59,True,True,True,True,False,False
paired120,repair,cube_random,prospective_20260930_cube_random_09,3,a599049f329f322d6a59,True,True,True,True,False,False
paired120,repair,cube_random,prospective_20260930_cube_random_09,6,a599049f329f322d6a59,True,True,True,True,False,False
paired120,repair,cube_random,prospective_20260930_cube_random_10,1,7ecba6e147dfab5f01d2,True,True,True,True,False,False
paired120,repair,cube_random,prospective_20260930_cube_random_10,3,7ecba6e147dfab5f01d2,True,True,True,True,False,False
paired120,repair,cube_random,prospective_20260930_cube_random_10,6,7ecba6e147dfab5f01d2,True,True,True,True,False,False
paired120,repair,cube_random,prospective_20260930_cube_random_11,1,fe265b57754de4b88b2b,True,True,True,True,False,False
paired120,repair,cube_random,prospective_20260930_cube_random_11,3,9ba017725ffd09f6cbe7,True,True,True,True,False,False
paired120,repair,cube_random,prospective_20260930_cube_random_11,6,9ba017725ffd09f6cbe7,True,True,True,True,False,False
paired120,repair,cube_random,prospective_20260930_cube_random_12,1,a67b022c0f10701957b0,True,True,True,True,False,False
paired120,repair,cube_random,prospective_20260930_cube_random_12,3,a67b022c0f10701957b0,True,True,True,True,False,False
paired120,repair,cube_random,prospective_20260930_cube_random_12,6,d584d67bfdfb715b0333,True,True,True,True,False,False
paired120,repair,cube_random,prospective_20260930_cube_random_13,1,9eace32a2229884ba9b6,False,False,False,False,False,False
paired120,repair,cube_random,prospective_20260930_cube_random_13,3,23357a8be72c2fba3a39,True,True,True,True,False,False
paired120,repair,cube_random,prospective_20260930_cube_random_13,6,23357a8be72c2fba3a39,True,True,True,True,False,False
paired120,repair,cube_random,prospective_20260930_cube_random_14,1,e308579ff12465f6965a,False,False,False,False,False,False
paired120,repair,cube_random,prospective_20260930_cube_random_14,3,a974c273b4159e01146f,False,False,False,False,False,False
paired120,repair,cube_random,prospective_20260930_cube_random_14,6,a974c273b4159e01146f,False,False,False,False,False,False
paired120,repair,cube_random,prospective_20260930_cube_random_15,1,62a59acd8f8862d75f6a,False,False,False,False,False,False
paired120,repair,cube_random,prospective_20260930_cube_random_15,3,9ed17e381e0df8897af8,True,True,True,True,False,False
paired120,repair,cube_random,prospective_20260930_cube_random_15,6,9ed17e381e0df8897af8,True,True,True,True,False,False
paired120,repair,cube_random,prospective_20260930_cube_random_16,1,bec6b21be743aa8115c6,True,True,True,True,False,False
paired120,repair,cube_random,prospective_20260930_cube_random_16,3,523f5915b51b8aecfa12,True,True,True,True,False,False
paired120,repair,cube_random,prospective_20260930_cube_random_16,6,523f5915b51b8aecfa12,True,True,True,True,False,False
paired120,repair,cube_random,prospective_20260930_cube_random_17,1,2fe17156f35710ec6248,True,True,True,True,False,False
paired120,repair,cube_random,prospective_20260930_cube_random_17,3,4fb127e8d3d4579c4399,True,True,True,True,False,False
paired120,repair,cube_random,prospective_20260930_cube_random_17,6,4fb127e8d3d4579c4399,True,True,True,True,False,False
paired120,repair,cube_random,prospective_20260930_cube_random_18,1,c923ec317435cbf19ba7,False,False,False,False,False,False
paired120,repair,cube_random,prospective_20260930_cube_random_18,3,feec7cc9dcfd3c843247,True,True,True,True,False,False
paired120,repair,cube_random,prospective_20260930_cube_random_18,6,feec7cc9dcfd3c843247,True,True,True,True,False,False
paired120,repair,cube_random,prospective_20260930_cube_random_19,1,767696f311fb398e8714,False,False,False,False,False,False
paired120,repair,cube_random,prospective_20260930_cube_random_19,3,8839d4fb7e259a8eb0b3,True,True,True,True,False,False
paired120,repair,cube_random,prospective_20260930_cube_random_19,6,8839d4fb7e259a8eb0b3,True,True,True,True,False,False
paired120,repair,cylinder_random,prospective_20260930_cylinder_random_00,1,70ed26224704682fd019,False,False,False,False,False,False
paired120,repair,cylinder_random,prospective_20260930_cylinder_random_00,3,094085296b6b841a4e76,True,True,True,True,True,True
paired120,repair,cylinder_random,prospective_20260930_cylinder_random_00,6,094085296b6b841a4e76,True,True,True,True,True,True
paired120,repair,cylinder_random,prospective_20260930_cylinder_random_01,1,b7ddd0203255a61cfb0c,False,False,False,False,False,False
paired120,repair,cylinder_random,prospective_20260930_cylinder_random_01,3,ffa601f42be9d7e47e9b,False,False,False,False,False,False
paired120,repair,cylinder_random,prospective_20260930_cylinder_random_01,6,ffa601f42be9d7e47e9b,False,False,False,False,False,False
paired120,repair,cylinder_random,prospective_20260930_cylinder_random_02,1,d4e76b5a281ba42af4b9,False,False,False,False,False,False
paired120,repair,cylinder_random,prospective_20260930_cylinder_random_02,3,b090e7982faded9ea844,False,False,False,False,False,False
paired120,repair,cylinder_random,prospective_20260930_cylinder_random_02,6,87341d23f8fa6bcc89f4,False,False,False,False,False,False
paired120,repair,cylinder_random,prospective_20260930_cylinder_random_03,1,7f47b54853cb9a026cac,False,False,False,False,False,False
paired120,repair,cylinder_random,prospective_20260930_cylinder_random_03,3,05c9b6fca7ed91c87c2e,False,False,False,False,False,False
paired120,repair,cylinder_random,prospective_20260930_cylinder_random_03,6,5487f85679a22366e02e,True,True,True,True,True,True
paired120,repair,cylinder_random,prospective_20260930_cylinder_random_04,1,1854ef74d35fc29a9f24,False,False,False,False,False,False
paired120,repair,cylinder_random,prospective_20260930_cylinder_random_04,3,1854ef74d35fc29a9f24,False,False,False,False,False,False
paired120,repair,cylinder_random,prospective_20260930_cylinder_random_04,6,fb3a1cdd92fd7489e334,False,False,False,False,False,False
paired120,repair,cylinder_random,prospective_20260930_cylinder_random_05,1,b8fa68ad06c7086fb97f,True,True,True,True,True,True
paired120,repair,cylinder_random,prospective_20260930_cylinder_random_05,3,b8fa68ad06c7086fb97f,True,True,True,True,True,True
paired120,repair,cylinder_random,prospective_20260930_cylinder_random_05,6,b8fa68ad06c7086fb97f,True,True,True,True,True,True
paired120,repair,cylinder_random,prospective_20260930_cylinder_random_06,1,2f23e5d59128df2c58fd,False,False,False,False,False,False
paired120,repair,cylinder_random,prospective_20260930_cylinder_random_06,3,461b118d3fc1c203ae34,True,True,True,True,True,True
paired120,repair,cylinder_random,prospective_20260930_cylinder_random_06,6,461b118d3fc1c203ae34,True,True,True,True,True,True
paired120,repair,cylinder_random,prospective_20260930_cylinder_random_07,1,504558fe70f4aa735d1c,False,False,False,False,False,False
paired120,repair,cylinder_random,prospective_20260930_cylinder_random_07,3,0c4ee3183d0144e7f5d8,False,False,False,False,False,False
paired120,repair,cylinder_random,prospective_20260930_cylinder_random_07,6,0c4ee3183d0144e7f5d8,False,False,False,False,False,False
paired120,repair,cylinder_random,prospective_20260930_cylinder_random_08,1,87907c8240b8395348b2,False,False,False,False,False,False
paired120,repair,cylinder_random,prospective_20260930_cylinder_random_08,3,03248d7612f2cf78e2e2,True,True,True,True,True,True
paired120,repair,cylinder_random,prospective_20260930_cylinder_random_08,6,03248d7612f2cf78e2e2,True,True,True,True,True,True
paired120,repair,cylinder_random,prospective_20260930_cylinder_random_09,1,e3b8c2c416ca58181b56,True,True,True,True,True,True
paired120,repair,cylinder_random,prospective_20260930_cylinder_random_09,3,a2f5b210824589b7b270,True,True,True,True,True,True
paired120,repair,cylinder_random,prospective_20260930_cylinder_random_09,6,a2f5b210824589b7b270,True,True,True,True,True,True
paired120,repair,cylinder_random,prospective_20260930_cylinder_random_10,1,27573234e0bd73bb77e2,False,False,False,False,False,False
paired120,repair,cylinder_random,prospective_20260930_cylinder_random_10,3,bdbce6a7265adcc80b80,True,True,True,True,True,True
paired120,repair,cylinder_random,prospective_20260930_cylinder_random_10,6,bdbce6a7265adcc80b80,True,True,True,True,True,True
paired120,repair,cylinder_random,prospective_20260930_cylinder_random_11,1,a720f98271518fd446d3,False,False,False,False,False,False
paired120,repair,cylinder_random,prospective_20260930_cylinder_random_11,3,a720f98271518fd446d3,False,False,False,False,False,False
paired120,repair,cylinder_random,prospective_20260930_cylinder_random_11,6,39937118f4984b5d306d,True,True,True,True,True,True
paired120,repair,cylinder_random,prospective_20260930_cylinder_random_12,1,50663fc1e159536504cf,True,True,True,True,True,True
paired120,repair,cylinder_random,prospective_20260930_cylinder_random_12,3,50663fc1e159536504cf,True,True,True,True,True,True
paired120,repair,cylinder_random,prospective_20260930_cylinder_random_12,6,50663fc1e159536504cf,True,True,True,True,True,True
paired120,repair,cylinder_random,prospective_20260930_cylinder_random_13,1,7e16f6883d6dcf64cb38,True,True,True,True,True,True
paired120,repair,cylinder_random,prospective_20260930_cylinder_random_13,3,7e16f6883d6dcf64cb38,True,True,True,True,True,True
paired120,repair,cylinder_random,prospective_20260930_cylinder_random_13,6,7e16f6883d6dcf64cb38,True,True,True,True,True,True
paired120,repair,cylinder_random,prospective_20260930_cylinder_random_14,1,271525854543c7681027,False,False,False,False,False,False
paired120,repair,cylinder_random,prospective_20260930_cylinder_random_14,3,e3a85a3f411681a1cc2a,True,True,True,True,True,True
paired120,repair,cylinder_random,prospective_20260930_cylinder_random_14,6,e3a85a3f411681a1cc2a,True,True,True,True,True,True
paired120,repair,cylinder_random,prospective_20260930_cylinder_random_15,1,f98924dd147d2c471e2d,False,False,False,False,False,False
paired120,repair,cylinder_random,prospective_20260930_cylinder_random_15,3,cd81956e7bfdd498a525,False,False,False,False,False,False
paired120,repair,cylinder_random,prospective_20260930_cylinder_random_15,6,bdf19a09c2aa436c6247,False,False,False,False,False,False
paired120,repair,cylinder_random,prospective_20260930_cylinder_random_16,1,2a0a6c4960a1c4b7d077,False,False,False,False,False,False
paired120,repair,cylinder_random,prospective_20260930_cylinder_random_16,3,d71b65d41450d6660da6,False,False,False,False,False,False
paired120,repair,cylinder_random,prospective_20260930_cylinder_random_16,6,d71b65d41450d6660da6,False,False,False,False,False,False
paired120,repair,cylinder_random,prospective_20260930_cylinder_random_17,1,2671ad53dbc16448c20c,False,False,False,False,False,False
paired120,repair,cylinder_random,prospective_20260930_cylinder_random_17,3,96f23cbd2d4beec974c3,False,False,False,False,False,False
paired120,repair,cylinder_random,prospective_20260930_cylinder_random_17,6,0295f12aeb5af4d66b46,True,True,True,True,True,True
paired120,repair,cylinder_random,prospective_20260930_cylinder_random_18,1,efd11e193257d0f4613e,False,False,False,False,False,False
paired120,repair,cylinder_random,prospective_20260930_cylinder_random_18,3,bba9b0241d98058a0ccb,False,False,False,False,False,False
paired120,repair,cylinder_random,prospective_20260930_cylinder_random_18,6,88d219e2e0a59232fca5,False,False,False,False,False,False
paired120,repair,cylinder_random,prospective_20260930_cylinder_random_19,1,06e8da8baf833e33cb79,False,False,False,False,False,False
paired120,repair,cylinder_random,prospective_20260930_cylinder_random_19,3,e9c041991c08b6a40f06,False,False,False,False,False,False
paired120,repair,cylinder_random,prospective_20260930_cylinder_random_19,6,21bf06578ff3f3fdf8dd,True,True,True,True,True,True
paired120,repair,flat_box_random,prospective_20260930_flat_box_random_00,1,ee93836e496f9ea03973,False,False,False,False,False,False
paired120,repair,flat_box_random,prospective_20260930_flat_box_random_00,3,6b4c979c7ab41ea42d3a,False,False,False,False,False,False
paired120,repair,flat_box_random,prospective_20260930_flat_box_random_00,6,6b4c979c7ab41ea42d3a,False,False,False,False,False,False
paired120,repair,flat_box_random,prospective_20260930_flat_box_random_01,1,1b796054eb8f4a7a92c0,False,False,False,False,False,False
paired120,repair,flat_box_random,prospective_20260930_flat_box_random_01,3,1b796054eb8f4a7a92c0,False,False,False,False,False,False
paired120,repair,flat_box_random,prospective_20260930_flat_box_random_01,6,1b796054eb8f4a7a92c0,False,False,False,False,False,False
paired120,repair,flat_box_random,prospective_20260930_flat_box_random_02,1,be842433747025cdf3c3,False,False,False,False,False,False
paired120,repair,flat_box_random,prospective_20260930_flat_box_random_02,3,be842433747025cdf3c3,False,False,False,False,False,False
paired120,repair,flat_box_random,prospective_20260930_flat_box_random_02,6,8ddd3fae0e4666f45f7b,False,False,False,False,False,False
paired120,repair,flat_box_random,prospective_20260930_flat_box_random_03,1,a6483304fbc8e68b27cb,False,False,False,False,False,False
paired120,repair,flat_box_random,prospective_20260930_flat_box_random_03,3,05bbcaa09ddb596f62c3,False,False,False,False,False,False
paired120,repair,flat_box_random,prospective_20260930_flat_box_random_03,6,05bbcaa09ddb596f62c3,False,False,False,False,False,False
paired120,repair,flat_box_random,prospective_20260930_flat_box_random_04,1,2ff255693069a1b24da0,False,False,False,False,False,False
paired120,repair,flat_box_random,prospective_20260930_flat_box_random_04,3,38a95f242b611ac7f819,False,False,False,False,False,False
paired120,repair,flat_box_random,prospective_20260930_flat_box_random_04,6,38a95f242b611ac7f819,False,False,False,False,False,False
paired120,repair,flat_box_random,prospective_20260930_flat_box_random_05,1,5b2b9bbc6861c92e5085,False,False,False,False,False,False
paired120,repair,flat_box_random,prospective_20260930_flat_box_random_05,3,b923b731eabd8c254cb6,False,False,False,False,False,False
paired120,repair,flat_box_random,prospective_20260930_flat_box_random_05,6,b923b731eabd8c254cb6,False,False,False,False,False,False
paired120,repair,flat_box_random,prospective_20260930_flat_box_random_06,1,2baa983f4bd0e73b10d1,False,False,False,False,False,False
paired120,repair,flat_box_random,prospective_20260930_flat_box_random_06,3,2bde346411d15de38317,False,False,False,False,False,False
paired120,repair,flat_box_random,prospective_20260930_flat_box_random_06,6,2bde346411d15de38317,False,False,False,False,False,False
paired120,repair,flat_box_random,prospective_20260930_flat_box_random_07,1,6eea6b3ac91903f6adcf,False,False,False,False,False,False
paired120,repair,flat_box_random,prospective_20260930_flat_box_random_07,3,6eea6b3ac91903f6adcf,False,False,False,False,False,False
paired120,repair,flat_box_random,prospective_20260930_flat_box_random_07,6,6eea6b3ac91903f6adcf,False,False,False,False,False,False
paired120,repair,flat_box_random,prospective_20260930_flat_box_random_08,1,9114de9904682d8a2de3,False,False,False,False,False,False
paired120,repair,flat_box_random,prospective_20260930_flat_box_random_08,3,df1e862a86d3cfbfdefc,False,False,False,False,False,False
paired120,repair,flat_box_random,prospective_20260930_flat_box_random_08,6,df1e862a86d3cfbfdefc,False,False,False,False,False,False
paired120,repair,flat_box_random,prospective_20260930_flat_box_random_09,1,e3c6a88cc21f3ac06d7b,False,False,False,False,False,False
paired120,repair,flat_box_random,prospective_20260930_flat_box_random_09,3,a41a14db471a66a4d2a1,False,False,False,False,False,False
paired120,repair,flat_box_random,prospective_20260930_flat_box_random_09,6,a41a14db471a66a4d2a1,False,False,False,False,False,False
paired120,repair,flat_box_random,prospective_20260930_flat_box_random_10,1,4df073ed2bcce16e8ab9,False,False,False,False,False,False
paired120,repair,flat_box_random,prospective_20260930_flat_box_random_10,3,4df073ed2bcce16e8ab9,False,False,False,False,False,False
paired120,repair,flat_box_random,prospective_20260930_flat_box_random_10,6,4df073ed2bcce16e8ab9,False,False,False,False,False,False
paired120,repair,flat_box_random,prospective_20260930_flat_box_random_11,1,b8f87e2e6cc2fae9ea53,False,False,False,False,False,False
paired120,repair,flat_box_random,prospective_20260930_flat_box_random_11,3,b8f87e2e6cc2fae9ea53,False,False,False,False,False,False
paired120,repair,flat_box_random,prospective_20260930_flat_box_random_11,6,b8f87e2e6cc2fae9ea53,False,False,False,False,False,False
paired120,repair,flat_box_random,prospective_20260930_flat_box_random_12,1,3c1b09666efe049c8010,False,False,False,False,False,False
paired120,repair,flat_box_random,prospective_20260930_flat_box_random_12,3,61579d1929f2501a8d0f,True,True,True,True,False,False
paired120,repair,flat_box_random,prospective_20260930_flat_box_random_12,6,031c06149dbb407e610c,True,True,True,True,False,False
paired120,repair,flat_box_random,prospective_20260930_flat_box_random_13,1,4b8e6077629eefe268d7,False,False,False,False,False,False
paired120,repair,flat_box_random,prospective_20260930_flat_box_random_13,3,3bc7956f584dc5fada0e,False,False,False,False,False,False
paired120,repair,flat_box_random,prospective_20260930_flat_box_random_13,6,3bc7956f584dc5fada0e,False,False,False,False,False,False
paired120,repair,flat_box_random,prospective_20260930_flat_box_random_14,1,40b868980674ca0b68d5,False,False,False,False,False,False
paired120,repair,flat_box_random,prospective_20260930_flat_box_random_14,3,40b868980674ca0b68d5,False,False,False,False,False,False
paired120,repair,flat_box_random,prospective_20260930_flat_box_random_14,6,40b868980674ca0b68d5,False,False,False,False,False,False
paired120,repair,flat_box_random,prospective_20260930_flat_box_random_15,1,7bbfcacdd27e7f95e41d,False,False,False,False,False,False
paired120,repair,flat_box_random,prospective_20260930_flat_box_random_15,3,7341443241585a730513,False,False,False,False,False,False
paired120,repair,flat_box_random,prospective_20260930_flat_box_random_15,6,7341443241585a730513,False,False,False,False,False,False
paired120,repair,flat_box_random,prospective_20260930_flat_box_random_16,1,c651bbc16daf421a2e0a,False,False,False,False,False,False
paired120,repair,flat_box_random,prospective_20260930_flat_box_random_16,3,ca41a2dff0af7777778e,False,False,False,False,False,False
paired120,repair,flat_box_random,prospective_20260930_flat_box_random_16,6,ca41a2dff0af7777778e,False,False,False,False,False,False
paired120,repair,flat_box_random,prospective_20260930_flat_box_random_17,1,508e6ada6f1c9268a939,False,False,False,False,False,False
paired120,repair,flat_box_random,prospective_20260930_flat_box_random_17,3,e00680f71272d21d6389,False,False,False,False,False,False
paired120,repair,flat_box_random,prospective_20260930_flat_box_random_17,6,e00680f71272d21d6389,False,False,False,False,False,False
paired120,repair,flat_box_random,prospective_20260930_flat_box_random_18,1,9ff3112ed6447ffefefb,False,False,False,False,False,False
paired120,repair,flat_box_random,prospective_20260930_flat_box_random_18,3,9ff3112ed6447ffefefb,False,False,False,False,False,False
paired120,repair,flat_box_random,prospective_20260930_flat_box_random_18,6,9ff3112ed6447ffefefb,False,False,False,False,False,False
paired120,repair,flat_box_random,prospective_20260930_flat_box_random_19,1,4b8b158c8283adbcaa50,False,False,False,False,False,False
paired120,repair,flat_box_random,prospective_20260930_flat_box_random_19,3,11da8e4cac6f276f71eb,True,True,False,False,False,False
paired120,repair,flat_box_random,prospective_20260930_flat_box_random_19,6,11da8e4cac6f276f71eb,True,True,False,False,False,False
paired120,repair,sphere_random,prospective_20260930_sphere_random_00,1,6ed3db54527253a5541a,True,True,True,True,True,True
paired120,repair,sphere_random,prospective_20260930_sphere_random_00,3,6ed3db54527253a5541a,True,True,True,True,True,True
paired120,repair,sphere_random,prospective_20260930_sphere_random_00,6,006ce6780390deed3e9c,True,True,True,True,True,True
paired120,repair,sphere_random,prospective_20260930_sphere_random_01,1,ea533fc51c6cba71e653,False,False,False,False,False,False
paired120,repair,sphere_random,prospective_20260930_sphere_random_01,3,ea533fc51c6cba71e653,False,False,False,False,False,False
paired120,repair,sphere_random,prospective_20260930_sphere_random_01,6,ea533fc51c6cba71e653,False,False,False,False,False,False
paired120,repair,sphere_random,prospective_20260930_sphere_random_02,1,3cb3d50b0c154ff05700,False,False,False,False,False,False
paired120,repair,sphere_random,prospective_20260930_sphere_random_02,3,3a73cf8932a6ff738eb2,True,True,True,True,True,True
paired120,repair,sphere_random,prospective_20260930_sphere_random_02,6,e8f52c028296fb42c216,True,True,True,True,True,True
paired120,repair,sphere_random,prospective_20260930_sphere_random_03,1,7e13f111ef10b6c4a8fd,False,False,False,False,False,False
paired120,repair,sphere_random,prospective_20260930_sphere_random_03,3,2728669be5978cf58892,False,False,False,False,False,False
paired120,repair,sphere_random,prospective_20260930_sphere_random_03,6,2728669be5978cf58892,False,False,False,False,False,False
paired120,repair,sphere_random,prospective_20260930_sphere_random_04,1,57705385ec1eb43b01c9,False,False,False,False,False,False
paired120,repair,sphere_random,prospective_20260930_sphere_random_04,3,b10e635705f62c971b6e,False,False,False,False,False,False
paired120,repair,sphere_random,prospective_20260930_sphere_random_04,6,a263e2f661ab30d5d54e,False,False,False,False,False,False
paired120,repair,sphere_random,prospective_20260930_sphere_random_05,1,6e81303319daf3e3c235,False,False,False,False,False,False
paired120,repair,sphere_random,prospective_20260930_sphere_random_05,3,6e81303319daf3e3c235,False,False,False,False,False,False
paired120,repair,sphere_random,prospective_20260930_sphere_random_05,6,e27ed9251855f2e7a2f8,False,False,False,False,False,False
paired120,repair,sphere_random,prospective_20260930_sphere_random_06,1,a4b06bd4ba7c43b1f8c9,False,False,False,False,False,False
paired120,repair,sphere_random,prospective_20260930_sphere_random_06,3,a4b06bd4ba7c43b1f8c9,False,False,False,False,False,False
paired120,repair,sphere_random,prospective_20260930_sphere_random_06,6,a4b06bd4ba7c43b1f8c9,False,False,False,False,False,False
paired120,repair,sphere_random,prospective_20260930_sphere_random_07,1,6c14e5ca5bb0cb8e847b,False,False,False,False,False,False
paired120,repair,sphere_random,prospective_20260930_sphere_random_07,3,831e0c9b0507ff8b63df,False,False,False,False,False,False
paired120,repair,sphere_random,prospective_20260930_sphere_random_07,6,55e1cfe0f9d116321a32,False,False,False,False,False,False
paired120,repair,sphere_random,prospective_20260930_sphere_random_08,1,4993d64c1d4bb12b2bd2,True,True,True,True,True,True
paired120,repair,sphere_random,prospective_20260930_sphere_random_08,3,4993d64c1d4bb12b2bd2,True,True,True,True,True,True
paired120,repair,sphere_random,prospective_20260930_sphere_random_08,6,4993d64c1d4bb12b2bd2,True,True,True,True,True,True
paired120,repair,sphere_random,prospective_20260930_sphere_random_09,1,c24d0291b7515bac66ab,False,False,False,False,False,False
paired120,repair,sphere_random,prospective_20260930_sphere_random_09,3,edaac8c391b90a6cad55,False,False,False,False,False,False
paired120,repair,sphere_random,prospective_20260930_sphere_random_09,6,b53582bf96f97a6d3a0d,False,False,False,False,False,False
paired120,repair,sphere_random,prospective_20260930_sphere_random_10,1,fb80937b3bdf0d9f18ff,False,False,False,False,False,False
paired120,repair,sphere_random,prospective_20260930_sphere_random_10,3,fb80937b3bdf0d9f18ff,False,False,False,False,False,False
paired120,repair,sphere_random,prospective_20260930_sphere_random_10,6,fb80937b3bdf0d9f18ff,False,False,False,False,False,False
paired120,repair,sphere_random,prospective_20260930_sphere_random_11,1,b5c1931cab0e8560c2a8,False,False,False,False,False,False
paired120,repair,sphere_random,prospective_20260930_sphere_random_11,3,b5c1931cab0e8560c2a8,False,False,False,False,False,False
paired120,repair,sphere_random,prospective_20260930_sphere_random_11,6,b5c1931cab0e8560c2a8,False,False,False,False,False,False
paired120,repair,sphere_random,prospective_20260930_sphere_random_12,1,a0e9846ae70c777437a5,False,False,False,False,False,False
paired120,repair,sphere_random,prospective_20260930_sphere_random_12,3,352a4073b36b2319a96f,True,True,True,True,True,True
paired120,repair,sphere_random,prospective_20260930_sphere_random_12,6,816e0b69e58eaa998797,True,True,True,True,True,True
paired120,repair,sphere_random,prospective_20260930_sphere_random_13,1,0673091ffb8e0cb1d7d0,False,False,False,False,False,False
paired120,repair,sphere_random,prospective_20260930_sphere_random_13,3,00a84a59c5b524899cc9,False,False,False,False,False,False
paired120,repair,sphere_random,prospective_20260930_sphere_random_13,6,00a84a59c5b524899cc9,False,False,False,False,False,False
paired120,repair,sphere_random,prospective_20260930_sphere_random_14,1,771cdb479e91c18f32c3,False,False,False,False,False,False
paired120,repair,sphere_random,prospective_20260930_sphere_random_14,3,771cdb479e91c18f32c3,False,False,False,False,False,False
paired120,repair,sphere_random,prospective_20260930_sphere_random_14,6,771cdb479e91c18f32c3,False,False,False,False,False,False
paired120,repair,sphere_random,prospective_20260930_sphere_random_15,1,783e9dd002e7d03d8423,False,False,False,False,False,False
paired120,repair,sphere_random,prospective_20260930_sphere_random_15,3,398ab265042490e9fb34,True,True,True,True,True,True
paired120,repair,sphere_random,prospective_20260930_sphere_random_15,6,398ab265042490e9fb34,True,True,True,True,True,True
paired120,repair,sphere_random,prospective_20260930_sphere_random_16,1,463a81068a6dc991c402,False,False,False,False,False,False
paired120,repair,sphere_random,prospective_20260930_sphere_random_16,3,c6b2aaf47c422d9410d1,False,False,False,False,False,False
paired120,repair,sphere_random,prospective_20260930_sphere_random_16,6,ba27a234e5b95f722f01,False,False,False,False,False,False
paired120,repair,sphere_random,prospective_20260930_sphere_random_17,1,b202adb9f072646dc233,False,False,False,False,False,False
paired120,repair,sphere_random,prospective_20260930_sphere_random_17,3,b202adb9f072646dc233,False,False,False,False,False,False
paired120,repair,sphere_random,prospective_20260930_sphere_random_17,6,b202adb9f072646dc233,False,False,False,False,False,False
paired120,repair,sphere_random,prospective_20260930_sphere_random_18,1,0862c3c79fb9e1f1cf7e,False,False,False,False,False,False
paired120,repair,sphere_random,prospective_20260930_sphere_random_18,3,0862c3c79fb9e1f1cf7e,False,False,False,False,False,False
paired120,repair,sphere_random,prospective_20260930_sphere_random_18,6,0862c3c79fb9e1f1cf7e,False,False,False,False,False,False
paired120,repair,sphere_random,prospective_20260930_sphere_random_19,1,b02231fe920ba67cccff,False,False,False,False,False,False
paired120,repair,sphere_random,prospective_20260930_sphere_random_19,3,47ff169686184e5a092a,False,False,False,False,False,False
paired120,repair,sphere_random,prospective_20260930_sphere_random_19,6,5da40b2f34f4aaec50fc,False,False,False,False,False,False
